ISO-10303-21;
HEADER;
FILE_DESCRIPTION(('Open CASCADE Model'),'2;1');
FILE_NAME('Open CASCADE Shape Model','2026-09-23T13:03:34',('Author'),(
    'Open CASCADE'),'Open CASCADE STEP processor 7.6','Open CASCADE 7.6'
  ,'Unknown');
FILE_SCHEMA(('AUTOMOTIVE_DESIGN { 1 0 10303 214 1 1 1 1 }'));
ENDSEC;
DATA;
#1 = APPLICATION_PROTOCOL_DEFINITION('international standard',
  'automotive_design',2000,#2);
#2 = APPLICATION_CONTEXT(
  'core data for automotive mechanical design processes');
#3 = SHAPE_DEFINITION_REPRESENTATION(#4,#10);
#4 = PRODUCT_DEFINITION_SHAPE('','',#5);
#5 = PRODUCT_DEFINITION('design','',#6,#9);
#6 = PRODUCT_DEFINITION_FORMATION('','',#7);
#7 = PRODUCT('SOLID','SOLID','',(#8));
#8 = PRODUCT_CONTEXT('',#2,'mechanical');
#9 = PRODUCT_DEFINITION_CONTEXT('part definition',#2,'design');
#10 = ADVANCED_BREP_SHAPE_REPRESENTATION('',(#11,#15),#8703);
#11 = AXIS2_PLACEMENT_3D('',#12,#13,#14);
#12 = CARTESIAN_POINT('',(0.,0.,0.));
#13 = DIRECTION('',(0.,0.,1.));
#14 = DIRECTION('',(1.,0.,-0.));
#15 = MANIFOLD_SOLID_BREP('',#16);
#16 = CLOSED_SHELL('',(#17,#81,#145,#177,#209,#241,#273,#1678,#1772,
    #1864,#1900,#1968,#2044,#2063,#2082,#2101,#2120,#2148,#2176,#2192,
    #2208,#2220,#2236,#2252,#2264,#2296,#2324,#2352,#2380,#2404,#2422,
    #2440,#2514,#2588,#2606,#2622,#2640,#2656,#2672,#2688,#2706,#2722,
    #2736,#2764,#2786,#2808,#2830,#2852,#2868,#2882,#2916,#2938,#2966,
    #2994,#3022,#3050,#3078,#3106,#3128,#3156,#3184,#3212,#3240,#3262,
    #3284,#3312,#3334,#3356,#3378,#3400,#3422,#3444,#3466,#3488,#3510,
    #3532,#3548,#3568,#3692,#3712,#3732,#3752,#3772,#3792,#3808,#3820,
    #3848,#3870,#3892,#3920,#3948,#3976,#3998,#4013,#4125,#4145,#4161,
    #4177,#4193,#4209,#4225,#4241,#4253,#4281,#4303,#4331,#4353,#4381,
    #4397,#4411,#4439,#4461,#4483,#4505,#4527,#4549,#4571,#4593,#4615,
    #4637,#4659,#4675,#4695,#4887,#4911,#4927,#4947,#4967,#4983,#5003,
    #5023,#5043,#5063,#5079,#5095,#5111,#5127,#5143,#5177,#5205,#5233,
    #5261,#5289,#5317,#5339,#5355,#5371,#5405,#5427,#5455,#5483,#5511,
    #5539,#5567,#5595,#5623,#5651,#5679,#5707,#5729,#5757,#5785,#5813,
    #5841,#5869,#5897,#5925,#5947,#5976,#6004,#6026,#6054,#6076,#6098,
    #6120,#6142,#6164,#6186,#6214,#6242,#6264,#6292,#6320,#6336,#6359,
    #6387,#6409,#6431,#6453,#6475,#6497,#6519,#6541,#6563,#6585,#6607,
    #6623,#6643,#6767,#6787,#6807,#6827,#6847,#6867,#6883,#6895,#6923,
    #6945,#6967,#6995,#7023,#7051,#7073,#7088,#7200,#7220,#7236,#7252,
    #7268,#7284,#7300,#7316,#7328,#7356,#7378,#7406,#7428,#7456,#7472,
    #7486,#7806,#7830,#7850,#7870,#7890,#7910,#7930,#7950,#7970,#7990,
    #8010,#8030,#8050,#8066,#8082,#8098,#8114,#8134,#8154,#8174,#8194,
    #8214,#8234,#8254,#8270,#8290,#8310,#8326,#8346,#8366,#8386,#8402,
    #8422,#8438,#8481,#8509,#8519,#8539,#8553,#8567,#8589,#8605,#8621,
    #8639,#8657,#8673,#8689));
#17 = ADVANCED_FACE('',(#18),#76,.F.);
#18 = FACE_BOUND('',#19,.T.);
#19 = EDGE_LOOP('',(#20,#29,#36,#43,#50,#57,#64,#71));
#20 = ORIENTED_EDGE('',*,*,#21,.F.);
#21 = EDGE_CURVE('',#22,#24,#26,.T.);
#22 = VERTEX_POINT('',#23);
#23 = CARTESIAN_POINT('',(-3.35,-0.741867717948,1.553228107757));
#24 = VERTEX_POINT('',#25);
#25 = CARTESIAN_POINT('',(-3.35,-0.741867717948,1.355034911066));
#26 = B_SPLINE_CURVE_WITH_KNOTS('',1,(#27,#28),.UNSPECIFIED.,.F.,.F.,(2,
    2),(-1.253228007757,-1.055034811066),.PIECEWISE_BEZIER_KNOTS.);
#27 = CARTESIAN_POINT('',(-3.35,-0.741867717948,1.553228107757));
#28 = CARTESIAN_POINT('',(-3.35,-0.741867717948,1.355034911066));
#29 = ORIENTED_EDGE('',*,*,#30,.T.);
#30 = EDGE_CURVE('',#22,#31,#33,.T.);
#31 = VERTEX_POINT('',#32);
#32 = CARTESIAN_POINT('',(-3.35,-1.5005,1.553228107757));
#33 = B_SPLINE_CURVE_WITH_KNOTS('',1,(#34,#35),.UNSPECIFIED.,.F.,.F.,(2,
    2),(2.241367717948,3.),.PIECEWISE_BEZIER_KNOTS.);
#34 = CARTESIAN_POINT('',(-3.35,-0.741867717948,1.553228107757));
#35 = CARTESIAN_POINT('',(-3.35,-1.5005,1.553228107757));
#36 = ORIENTED_EDGE('',*,*,#37,.T.);
#37 = EDGE_CURVE('',#31,#38,#40,.T.);
#38 = VERTEX_POINT('',#39);
#39 = CARTESIAN_POINT('',(-3.35,-1.5005,0.3000001));
#40 = B_SPLINE_CURVE_WITH_KNOTS('',1,(#41,#42),.UNSPECIFIED.,.F.,.F.,(2,
    2),(-1.253228007757,-5.551115123126E-17),.PIECEWISE_BEZIER_KNOTS.);
#41 = CARTESIAN_POINT('',(-3.35,-1.5005,1.553228107757));
#42 = CARTESIAN_POINT('',(-3.35,-1.5005,0.3000001));
#43 = ORIENTED_EDGE('',*,*,#44,.F.);
#44 = EDGE_CURVE('',#45,#38,#47,.T.);
#45 = VERTEX_POINT('',#46);
#46 = CARTESIAN_POINT('',(-3.35,1.4995,0.3000001));
#47 = B_SPLINE_CURVE_WITH_KNOTS('',1,(#48,#49),.UNSPECIFIED.,.F.,.F.,(2,
    2),(-0.,3.),.PIECEWISE_BEZIER_KNOTS.);
#48 = CARTESIAN_POINT('',(-3.35,1.4995,0.3000001));
#49 = CARTESIAN_POINT('',(-3.35,-1.5005,0.3000001));
#50 = ORIENTED_EDGE('',*,*,#51,.F.);
#51 = EDGE_CURVE('',#52,#45,#54,.T.);
#52 = VERTEX_POINT('',#53);
#53 = CARTESIAN_POINT('',(-3.35,1.4995,1.553228107757));
#54 = B_SPLINE_CURVE_WITH_KNOTS('',1,(#55,#56),.UNSPECIFIED.,.F.,.F.,(2,
    2),(-1.253228007757,-5.551115123126E-17),.PIECEWISE_BEZIER_KNOTS.);
#55 = CARTESIAN_POINT('',(-3.35,1.4995,1.553228107757));
#56 = CARTESIAN_POINT('',(-3.35,1.4995,0.3000001));
#57 = ORIENTED_EDGE('',*,*,#58,.T.);
#58 = EDGE_CURVE('',#52,#59,#61,.T.);
#59 = VERTEX_POINT('',#60);
#60 = CARTESIAN_POINT('',(-3.35,0.740867717948,1.553228107757));
#61 = B_SPLINE_CURVE_WITH_KNOTS('',1,(#62,#63),.UNSPECIFIED.,.F.,.F.,(2,
    2),(-0.,0.758632282052),.PIECEWISE_BEZIER_KNOTS.);
#62 = CARTESIAN_POINT('',(-3.35,1.4995,1.553228107757));
#63 = CARTESIAN_POINT('',(-3.35,0.740867717948,1.553228107757));
#64 = ORIENTED_EDGE('',*,*,#65,.F.);
#65 = EDGE_CURVE('',#66,#59,#68,.T.);
#66 = VERTEX_POINT('',#67);
#67 = CARTESIAN_POINT('',(-3.35,0.740867717948,1.355034911066));
#68 = B_SPLINE_CURVE_WITH_KNOTS('',1,(#69,#70),.UNSPECIFIED.,.F.,.F.,(2,
    2),(1.055034811066,1.253228007757),.PIECEWISE_BEZIER_KNOTS.);
#69 = CARTESIAN_POINT('',(-3.35,0.740867717948,1.355034911066));
#70 = CARTESIAN_POINT('',(-3.35,0.740867717948,1.553228107757));
#71 = ORIENTED_EDGE('',*,*,#72,.F.);
#72 = EDGE_CURVE('',#24,#66,#73,.T.);
#73 = B_SPLINE_CURVE_WITH_KNOTS('',1,(#74,#75),.UNSPECIFIED.,.F.,.F.,(2,
    2),(-2.241367717948,-0.758632282052),.PIECEWISE_BEZIER_KNOTS.);
#74 = CARTESIAN_POINT('',(-3.35,-0.741867717948,1.355034911066));
#75 = CARTESIAN_POINT('',(-3.35,0.740867717948,1.355034911066));
#76 = B_SPLINE_SURFACE_WITH_KNOTS('',1,1,(
    (#77,#78)
    ,(#79,#80
    )),.UNSPECIFIED.,.F.,.F.,.F.,(2,2),(2,2),(5.551115123126E-17,
    1.253228007757),(-3.,0.),.PIECEWISE_BEZIER_KNOTS.);
#77 = CARTESIAN_POINT('',(-3.35,-1.5005,0.3000001));
#78 = CARTESIAN_POINT('',(-3.35,1.4995,0.3000001));
#79 = CARTESIAN_POINT('',(-3.35,-1.5005,1.553228107757));
#80 = CARTESIAN_POINT('',(-3.35,1.4995,1.553228107757));
#81 = ADVANCED_FACE('',(#82),#140,.T.);
#82 = FACE_BOUND('',#83,.T.);
#83 = EDGE_LOOP('',(#84,#93,#100,#107,#114,#121,#128,#135));
#84 = ORIENTED_EDGE('',*,*,#85,.F.);
#85 = EDGE_CURVE('',#86,#88,#90,.T.);
#86 = VERTEX_POINT('',#87);
#87 = CARTESIAN_POINT('',(-3.5,-0.741867717948,1.553228107757));
#88 = VERTEX_POINT('',#89);
#89 = CARTESIAN_POINT('',(-3.5,-1.5005,1.553228107757));
#90 = B_SPLINE_CURVE_WITH_KNOTS('',1,(#91,#92),.UNSPECIFIED.,.F.,.F.,(2,
    2),(2.241367717948,3.),.PIECEWISE_BEZIER_KNOTS.);
#91 = CARTESIAN_POINT('',(-3.5,-0.741867717948,1.553228107757));
#92 = CARTESIAN_POINT('',(-3.5,-1.5005,1.553228107757));
#93 = ORIENTED_EDGE('',*,*,#94,.F.);
#94 = EDGE_CURVE('',#95,#86,#97,.T.);
#95 = VERTEX_POINT('',#96);
#96 = CARTESIAN_POINT('',(-3.5,-0.741867717948,1.355034911066));
#97 = B_SPLINE_CURVE_WITH_KNOTS('',1,(#98,#99),.UNSPECIFIED.,.F.,.F.,(2,
    2),(-0.796386393381,-0.598193196691),.PIECEWISE_BEZIER_KNOTS.);
#98 = CARTESIAN_POINT('',(-3.5,-0.741867717948,1.355034911066));
#99 = CARTESIAN_POINT('',(-3.5,-0.741867717948,1.553228107757));
#100 = ORIENTED_EDGE('',*,*,#101,.F.);
#101 = EDGE_CURVE('',#102,#95,#104,.T.);
#102 = VERTEX_POINT('',#103);
#103 = CARTESIAN_POINT('',(-3.5,0.740867717948,1.355034911066));
#104 = B_SPLINE_CURVE_WITH_KNOTS('',1,(#105,#106),.UNSPECIFIED.,.F.,.F.,
  (2,2),(-1.482735435897,-0.),.PIECEWISE_BEZIER_KNOTS.);
#105 = CARTESIAN_POINT('',(-3.5,0.740867717948,1.355034911066));
#106 = CARTESIAN_POINT('',(-3.5,-0.741867717948,1.355034911066));
#107 = ORIENTED_EDGE('',*,*,#108,.F.);
#108 = EDGE_CURVE('',#109,#102,#111,.T.);
#109 = VERTEX_POINT('',#110);
#110 = CARTESIAN_POINT('',(-3.5,0.740867717948,1.553228107757));
#111 = B_SPLINE_CURVE_WITH_KNOTS('',1,(#112,#113),.UNSPECIFIED.,.F.,.F.,
  (2,2),(0.598193196691,0.796386393381),.PIECEWISE_BEZIER_KNOTS.);
#112 = CARTESIAN_POINT('',(-3.5,0.740867717948,1.553228107757));
#113 = CARTESIAN_POINT('',(-3.5,0.740867717948,1.355034911066));
#114 = ORIENTED_EDGE('',*,*,#115,.F.);
#115 = EDGE_CURVE('',#116,#109,#118,.T.);
#116 = VERTEX_POINT('',#117);
#117 = CARTESIAN_POINT('',(-3.5,1.4995,1.553228107757));
#118 = B_SPLINE_CURVE_WITH_KNOTS('',1,(#119,#120),.UNSPECIFIED.,.F.,.F.,
  (2,2),(-0.,0.758632282052),.PIECEWISE_BEZIER_KNOTS.);
#119 = CARTESIAN_POINT('',(-3.5,1.4995,1.553228107757));
#120 = CARTESIAN_POINT('',(-3.5,0.740867717948,1.553228107757));
#121 = ORIENTED_EDGE('',*,*,#122,.T.);
#122 = EDGE_CURVE('',#116,#123,#125,.T.);
#123 = VERTEX_POINT('',#124);
#124 = CARTESIAN_POINT('',(-3.5,1.4995,0.3000001));
#125 = B_SPLINE_CURVE_WITH_KNOTS('',1,(#126,#127),.UNSPECIFIED.,.F.,.F.,
  (2,2),(-1.253228007757,1.110223024625E-16),.PIECEWISE_BEZIER_KNOTS.);
#126 = CARTESIAN_POINT('',(-3.5,1.4995,1.553228107757));
#127 = CARTESIAN_POINT('',(-3.5,1.4995,0.3000001));
#128 = ORIENTED_EDGE('',*,*,#129,.T.);
#129 = EDGE_CURVE('',#123,#130,#132,.T.);
#130 = VERTEX_POINT('',#131);
#131 = CARTESIAN_POINT('',(-3.5,-1.5005,0.3000001));
#132 = B_SPLINE_CURVE_WITH_KNOTS('',1,(#133,#134),.UNSPECIFIED.,.F.,.F.,
  (2,2),(-0.,3.),.PIECEWISE_BEZIER_KNOTS.);
#133 = CARTESIAN_POINT('',(-3.5,1.4995,0.3000001));
#134 = CARTESIAN_POINT('',(-3.5,-1.5005,0.3000001));
#135 = ORIENTED_EDGE('',*,*,#136,.F.);
#136 = EDGE_CURVE('',#88,#130,#137,.T.);
#137 = B_SPLINE_CURVE_WITH_KNOTS('',1,(#138,#139),.UNSPECIFIED.,.F.,.F.,
  (2,2),(-1.253228007757,1.110223024625E-16),.PIECEWISE_BEZIER_KNOTS.);
#138 = CARTESIAN_POINT('',(-3.5,-1.5005,1.553228107757));
#139 = CARTESIAN_POINT('',(-3.5,-1.5005,0.3000001));
#140 = B_SPLINE_SURFACE_WITH_KNOTS('',1,1,(
    (#141,#142)
    ,(#143,#144
    )),.UNSPECIFIED.,.F.,.F.,.F.,(2,2),(2,2),(-1.110223024625E-16,
    1.253228007757),(-3.,0.),.PIECEWISE_BEZIER_KNOTS.);
#141 = CARTESIAN_POINT('',(-3.5,-1.5005,0.3000001));
#142 = CARTESIAN_POINT('',(-3.5,1.4995,0.3000001));
#143 = CARTESIAN_POINT('',(-3.5,-1.5005,1.553228107757));
#144 = CARTESIAN_POINT('',(-3.5,1.4995,1.553228107757));
#145 = ADVANCED_FACE('',(#146),#170,.F.);
#146 = FACE_BOUND('',#147,.F.);
#147 = EDGE_LOOP('',(#148,#149,#157,#164));
#148 = ORIENTED_EDGE('',*,*,#30,.T.);
#149 = ORIENTED_EDGE('',*,*,#150,.F.);
#150 = EDGE_CURVE('',#151,#31,#153,.T.);
#151 = VERTEX_POINT('',#152);
#152 = CARTESIAN_POINT('',(-3.3,-1.5005,1.603228107757));
#153 = ( BOUNDED_CURVE() B_SPLINE_CURVE(2,(#154,#155,#156),
.UNSPECIFIED.,.F.,.F.) B_SPLINE_CURVE_WITH_KNOTS((3,3),(1.570796326795,
3.14159265359),.PIECEWISE_BEZIER_KNOTS.) CURVE() 
GEOMETRIC_REPRESENTATION_ITEM() RATIONAL_B_SPLINE_CURVE((1.,
0.707106781187,1.)) REPRESENTATION_ITEM('') );
#154 = CARTESIAN_POINT('',(-3.3,-1.5005,1.603228107757));
#155 = CARTESIAN_POINT('',(-3.35,-1.5005,1.603228107757));
#156 = CARTESIAN_POINT('',(-3.35,-1.5005,1.553228107757));
#157 = ORIENTED_EDGE('',*,*,#158,.F.);
#158 = EDGE_CURVE('',#159,#151,#161,.T.);
#159 = VERTEX_POINT('',#160);
#160 = CARTESIAN_POINT('',(-3.3,-0.741867717948,1.603228107757));
#161 = B_SPLINE_CURVE_WITH_KNOTS('',1,(#162,#163),.UNSPECIFIED.,.F.,.F.,
  (2,2),(2.241367717948,3.),.PIECEWISE_BEZIER_KNOTS.);
#162 = CARTESIAN_POINT('',(-3.3,-0.741867717948,1.603228107757));
#163 = CARTESIAN_POINT('',(-3.3,-1.5005,1.603228107757));
#164 = ORIENTED_EDGE('',*,*,#165,.T.);
#165 = EDGE_CURVE('',#159,#22,#166,.T.);
#166 = ( BOUNDED_CURVE() B_SPLINE_CURVE(2,(#167,#168,#169),
.UNSPECIFIED.,.F.,.F.) B_SPLINE_CURVE_WITH_KNOTS((3,3),(4.712388980385,
6.28318530718),.PIECEWISE_BEZIER_KNOTS.) CURVE() 
GEOMETRIC_REPRESENTATION_ITEM() RATIONAL_B_SPLINE_CURVE((1.,
0.707106781187,1.)) REPRESENTATION_ITEM('') );
#167 = CARTESIAN_POINT('',(-3.3,-0.741867717948,1.603228107757));
#168 = CARTESIAN_POINT('',(-3.35,-0.741867717948,1.603228107757));
#169 = CARTESIAN_POINT('',(-3.35,-0.741867717948,1.553228107757));
#170 = ( BOUNDED_SURFACE() B_SPLINE_SURFACE(2,1,(
    (#171,#172)
    ,(#173,#174)
,(#175,#176
    )),.UNSPECIFIED.,.F.,.F.,.F.) B_SPLINE_SURFACE_WITH_KNOTS((3,3),(2,2
    ),(3.14159265359,4.712388980385),(2.241367717948,3.),
.PIECEWISE_BEZIER_KNOTS.) GEOMETRIC_REPRESENTATION_ITEM() 
RATIONAL_B_SPLINE_SURFACE((
    (1.,1.)
    ,(0.707106781187,0.707106781187)
,(1.,1.))) REPRESENTATION_ITEM('') SURFACE() );
#171 = CARTESIAN_POINT('',(-3.3,-0.741867717948,1.603228107757));
#172 = CARTESIAN_POINT('',(-3.3,-1.5005,1.603228107757));
#173 = CARTESIAN_POINT('',(-3.35,-0.741867717948,1.603228107757));
#174 = CARTESIAN_POINT('',(-3.35,-1.5005,1.603228107757));
#175 = CARTESIAN_POINT('',(-3.35,-0.741867717948,1.553228107757));
#176 = CARTESIAN_POINT('',(-3.35,-1.5005,1.553228107757));
#177 = ADVANCED_FACE('',(#178),#202,.F.);
#178 = FACE_BOUND('',#179,.F.);
#179 = EDGE_LOOP('',(#180,#189,#195,#196));
#180 = ORIENTED_EDGE('',*,*,#181,.F.);
#181 = EDGE_CURVE('',#182,#184,#186,.T.);
#182 = VERTEX_POINT('',#183);
#183 = CARTESIAN_POINT('',(-3.3,1.4995,1.603228107757));
#184 = VERTEX_POINT('',#185);
#185 = CARTESIAN_POINT('',(-3.3,0.740867717948,1.603228107757));
#186 = B_SPLINE_CURVE_WITH_KNOTS('',1,(#187,#188),.UNSPECIFIED.,.F.,.F.,
  (2,2),(-0.,0.758632282052),.PIECEWISE_BEZIER_KNOTS.);
#187 = CARTESIAN_POINT('',(-3.3,1.4995,1.603228107757));
#188 = CARTESIAN_POINT('',(-3.3,0.740867717948,1.603228107757));
#189 = ORIENTED_EDGE('',*,*,#190,.T.);
#190 = EDGE_CURVE('',#182,#52,#191,.T.);
#191 = ( BOUNDED_CURVE() B_SPLINE_CURVE(2,(#192,#193,#194),
.UNSPECIFIED.,.F.,.F.) B_SPLINE_CURVE_WITH_KNOTS((3,3),(1.570796326795,
3.14159265359),.PIECEWISE_BEZIER_KNOTS.) CURVE() 
GEOMETRIC_REPRESENTATION_ITEM() RATIONAL_B_SPLINE_CURVE((1.,
0.707106781187,1.)) REPRESENTATION_ITEM('') );
#192 = CARTESIAN_POINT('',(-3.3,1.4995,1.603228107757));
#193 = CARTESIAN_POINT('',(-3.35,1.4995,1.603228107757));
#194 = CARTESIAN_POINT('',(-3.35,1.4995,1.553228107757));
#195 = ORIENTED_EDGE('',*,*,#58,.T.);
#196 = ORIENTED_EDGE('',*,*,#197,.T.);
#197 = EDGE_CURVE('',#59,#184,#198,.T.);
#198 = ( BOUNDED_CURVE() B_SPLINE_CURVE(2,(#199,#200,#201),
.UNSPECIFIED.,.F.,.F.) B_SPLINE_CURVE_WITH_KNOTS((3,3),(3.14159265359,
4.712388980385),.PIECEWISE_BEZIER_KNOTS.) CURVE() 
GEOMETRIC_REPRESENTATION_ITEM() RATIONAL_B_SPLINE_CURVE((1.,
0.707106781187,1.)) REPRESENTATION_ITEM('') );
#199 = CARTESIAN_POINT('',(-3.35,0.740867717948,1.553228107757));
#200 = CARTESIAN_POINT('',(-3.35,0.740867717948,1.603228107757));
#201 = CARTESIAN_POINT('',(-3.3,0.740867717948,1.603228107757));
#202 = ( BOUNDED_SURFACE() B_SPLINE_SURFACE(2,1,(
    (#203,#204)
    ,(#205,#206)
,(#207,#208
    )),.UNSPECIFIED.,.F.,.F.,.F.) B_SPLINE_SURFACE_WITH_KNOTS((3,3),(2,2
    ),(3.14159265359,4.712388980385),(0.,0.758632282052),
.PIECEWISE_BEZIER_KNOTS.) GEOMETRIC_REPRESENTATION_ITEM() 
RATIONAL_B_SPLINE_SURFACE((
    (1.,1.)
    ,(0.707106781187,0.707106781187)
,(1.,1.))) REPRESENTATION_ITEM('') SURFACE() );
#203 = CARTESIAN_POINT('',(-3.3,1.4995,1.603228107757));
#204 = CARTESIAN_POINT('',(-3.3,0.740867717948,1.603228107757));
#205 = CARTESIAN_POINT('',(-3.35,1.4995,1.603228107757));
#206 = CARTESIAN_POINT('',(-3.35,0.740867717948,1.603228107757));
#207 = CARTESIAN_POINT('',(-3.35,1.4995,1.553228107757));
#208 = CARTESIAN_POINT('',(-3.35,0.740867717948,1.553228107757));
#209 = ADVANCED_FACE('',(#210),#234,.T.);
#210 = FACE_BOUND('',#211,.T.);
#211 = EDGE_LOOP('',(#212,#221,#227,#228));
#212 = ORIENTED_EDGE('',*,*,#213,.F.);
#213 = EDGE_CURVE('',#214,#216,#218,.T.);
#214 = VERTEX_POINT('',#215);
#215 = CARTESIAN_POINT('',(-3.3,-0.741867717948,1.753228107757));
#216 = VERTEX_POINT('',#217);
#217 = CARTESIAN_POINT('',(-3.3,-1.5005,1.753228107757));
#218 = B_SPLINE_CURVE_WITH_KNOTS('',1,(#219,#220),.UNSPECIFIED.,.F.,.F.,
  (2,2),(2.241367717948,3.),.PIECEWISE_BEZIER_KNOTS.);
#219 = CARTESIAN_POINT('',(-3.3,-0.741867717948,1.753228107757));
#220 = CARTESIAN_POINT('',(-3.3,-1.5005,1.753228107757));
#221 = ORIENTED_EDGE('',*,*,#222,.T.);
#222 = EDGE_CURVE('',#214,#86,#223,.T.);
#223 = ( BOUNDED_CURVE() B_SPLINE_CURVE(2,(#224,#225,#226),
.UNSPECIFIED.,.F.,.F.) B_SPLINE_CURVE_WITH_KNOTS((3,3),(4.712388980385,
6.28318530718),.PIECEWISE_BEZIER_KNOTS.) CURVE() 
GEOMETRIC_REPRESENTATION_ITEM() RATIONAL_B_SPLINE_CURVE((1.,
0.707106781187,1.)) REPRESENTATION_ITEM('') );
#224 = CARTESIAN_POINT('',(-3.3,-0.741867717948,1.753228107757));
#225 = CARTESIAN_POINT('',(-3.5,-0.741867717948,1.753228107757));
#226 = CARTESIAN_POINT('',(-3.5,-0.741867717948,1.553228107757));
#227 = ORIENTED_EDGE('',*,*,#85,.T.);
#228 = ORIENTED_EDGE('',*,*,#229,.F.);
#229 = EDGE_CURVE('',#216,#88,#230,.T.);
#230 = ( BOUNDED_CURVE() B_SPLINE_CURVE(2,(#231,#232,#233),
.UNSPECIFIED.,.F.,.F.) B_SPLINE_CURVE_WITH_KNOTS((3,3),(0.,
1.570796326795),.PIECEWISE_BEZIER_KNOTS.) CURVE() 
GEOMETRIC_REPRESENTATION_ITEM() RATIONAL_B_SPLINE_CURVE((1.,
0.707106781187,1.)) REPRESENTATION_ITEM('') );
#231 = CARTESIAN_POINT('',(-3.3,-1.5005,1.753228107757));
#232 = CARTESIAN_POINT('',(-3.5,-1.5005,1.753228107757));
#233 = CARTESIAN_POINT('',(-3.5,-1.5005,1.553228107757));
#234 = ( BOUNDED_SURFACE() B_SPLINE_SURFACE(2,1,(
    (#235,#236)
    ,(#237,#238)
,(#239,#240
    )),.UNSPECIFIED.,.F.,.F.,.F.) B_SPLINE_SURFACE_WITH_KNOTS((3,3),(2,2
    ),(3.14159265359,4.712388980385),(2.241367717948,3.),
.PIECEWISE_BEZIER_KNOTS.) GEOMETRIC_REPRESENTATION_ITEM() 
RATIONAL_B_SPLINE_SURFACE((
    (1.,1.)
    ,(0.707106781187,0.707106781187)
,(1.,1.))) REPRESENTATION_ITEM('') SURFACE() );
#235 = CARTESIAN_POINT('',(-3.3,-0.741867717948,1.753228107757));
#236 = CARTESIAN_POINT('',(-3.3,-1.5005,1.753228107757));
#237 = CARTESIAN_POINT('',(-3.5,-0.741867717948,1.753228107757));
#238 = CARTESIAN_POINT('',(-3.5,-1.5005,1.753228107757));
#239 = CARTESIAN_POINT('',(-3.5,-0.741867717948,1.553228107757));
#240 = CARTESIAN_POINT('',(-3.5,-1.5005,1.553228107757));
#241 = ADVANCED_FACE('',(#242),#266,.T.);
#242 = FACE_BOUND('',#243,.T.);
#243 = EDGE_LOOP('',(#244,#245,#253,#260));
#244 = ORIENTED_EDGE('',*,*,#115,.T.);
#245 = ORIENTED_EDGE('',*,*,#246,.T.);
#246 = EDGE_CURVE('',#109,#247,#249,.T.);
#247 = VERTEX_POINT('',#248);
#248 = CARTESIAN_POINT('',(-3.3,0.740867717948,1.753228107757));
#249 = ( BOUNDED_CURVE() B_SPLINE_CURVE(2,(#250,#251,#252),
.UNSPECIFIED.,.F.,.F.) B_SPLINE_CURVE_WITH_KNOTS((3,3),(3.14159265359,
4.712388980385),.PIECEWISE_BEZIER_KNOTS.) CURVE() 
GEOMETRIC_REPRESENTATION_ITEM() RATIONAL_B_SPLINE_CURVE((1.,
0.707106781187,1.)) REPRESENTATION_ITEM('') );
#250 = CARTESIAN_POINT('',(-3.5,0.740867717948,1.553228107757));
#251 = CARTESIAN_POINT('',(-3.5,0.740867717948,1.753228107757));
#252 = CARTESIAN_POINT('',(-3.3,0.740867717948,1.753228107757));
#253 = ORIENTED_EDGE('',*,*,#254,.F.);
#254 = EDGE_CURVE('',#255,#247,#257,.T.);
#255 = VERTEX_POINT('',#256);
#256 = CARTESIAN_POINT('',(-3.3,1.4995,1.753228107757));
#257 = B_SPLINE_CURVE_WITH_KNOTS('',1,(#258,#259),.UNSPECIFIED.,.F.,.F.,
  (2,2),(-0.,0.758632282052),.PIECEWISE_BEZIER_KNOTS.);
#258 = CARTESIAN_POINT('',(-3.3,1.4995,1.753228107757));
#259 = CARTESIAN_POINT('',(-3.3,0.740867717948,1.753228107757));
#260 = ORIENTED_EDGE('',*,*,#261,.T.);
#261 = EDGE_CURVE('',#255,#116,#262,.T.);
#262 = ( BOUNDED_CURVE() B_SPLINE_CURVE(2,(#263,#264,#265),
.UNSPECIFIED.,.F.,.F.) B_SPLINE_CURVE_WITH_KNOTS((3,3),(0.,
1.570796326795),.PIECEWISE_BEZIER_KNOTS.) CURVE() 
GEOMETRIC_REPRESENTATION_ITEM() RATIONAL_B_SPLINE_CURVE((1.,
0.707106781187,1.)) REPRESENTATION_ITEM('') );
#263 = CARTESIAN_POINT('',(-3.3,1.4995,1.753228107757));
#264 = CARTESIAN_POINT('',(-3.5,1.4995,1.753228107757));
#265 = CARTESIAN_POINT('',(-3.5,1.4995,1.553228107757));
#266 = ( BOUNDED_SURFACE() B_SPLINE_SURFACE(2,1,(
    (#267,#268)
    ,(#269,#270)
,(#271,#272
    )),.UNSPECIFIED.,.F.,.F.,.F.) B_SPLINE_SURFACE_WITH_KNOTS((3,3),(2,2
    ),(3.14159265359,4.712388980385),(0.,0.758632282052),
.PIECEWISE_BEZIER_KNOTS.) GEOMETRIC_REPRESENTATION_ITEM() 
RATIONAL_B_SPLINE_SURFACE((
    (1.,1.)
    ,(0.707106781187,0.707106781187)
,(1.,1.))) REPRESENTATION_ITEM('') SURFACE() );
#267 = CARTESIAN_POINT('',(-3.3,1.4995,1.753228107757));
#268 = CARTESIAN_POINT('',(-3.3,0.740867717948,1.753228107757));
#269 = CARTESIAN_POINT('',(-3.5,1.4995,1.753228107757));
#270 = CARTESIAN_POINT('',(-3.5,0.740867717948,1.753228107757));
#271 = CARTESIAN_POINT('',(-3.5,1.4995,1.553228107757));
#272 = CARTESIAN_POINT('',(-3.5,0.740867717948,1.553228107757));
#273 = ADVANCED_FACE('',(#274,#391,#507,#593,#717,#747,#791,#877,#936,
    #994,#1181,#1267,#1326,#1384),#1673,.F.);
#274 = FACE_BOUND('',#275,.T.);
#275 = EDGE_LOOP('',(#276,#285,#292,#301,#310,#317,#326,#335,#342,#349,
    #356,#363,#370,#377,#386));
#276 = ORIENTED_EDGE('',*,*,#277,.F.);
#277 = EDGE_CURVE('',#278,#280,#282,.T.);
#278 = VERTEX_POINT('',#279);
#279 = CARTESIAN_POINT('',(-0.392966910269,3.2995,1.420180329932));
#280 = VERTEX_POINT('',#281);
#281 = CARTESIAN_POINT('',(-0.369133195029,3.2995,1.420349367146));
#282 = B_SPLINE_CURVE_WITH_KNOTS('',1,(#283,#284),.UNSPECIFIED.,.F.,.F.,
  (2,2),(-2.383431466798E-02,1.141690702228E-16),
  .PIECEWISE_BEZIER_KNOTS.);
#283 = CARTESIAN_POINT('',(-0.392966910269,3.2995,1.420180329932));
#284 = CARTESIAN_POINT('',(-0.369133195029,3.2995,1.420349367146));
#285 = ORIENTED_EDGE('',*,*,#286,.F.);
#286 = EDGE_CURVE('',#287,#278,#289,.T.);
#287 = VERTEX_POINT('',#288);
#288 = CARTESIAN_POINT('',(-0.332406330336,3.2995,1.269717949962));
#289 = B_SPLINE_CURVE_WITH_KNOTS('',1,(#290,#291),.UNSPECIFIED.,.F.,.F.,
  (2,2),(-0.162192822369,0.),.PIECEWISE_BEZIER_KNOTS.);
#290 = CARTESIAN_POINT('',(-0.332406330336,3.2995,1.269717949962));
#291 = CARTESIAN_POINT('',(-0.392966910269,3.2995,1.420180329932));
#292 = ORIENTED_EDGE('',*,*,#293,.F.);
#293 = EDGE_CURVE('',#294,#287,#296,.T.);
#294 = VERTEX_POINT('',#295);
#295 = CARTESIAN_POINT('',(-0.285332839462,3.2995,1.228106116649));
#296 = B_SPLINE_CURVE_WITH_KNOTS('',3,(#297,#298,#299,#300),
  .UNSPECIFIED.,.F.,.F.,(4,4),(1.,2.),.PIECEWISE_BEZIER_KNOTS.);
#297 = CARTESIAN_POINT('',(-0.285332839462,3.2995,1.228106116649));
#298 = CARTESIAN_POINT('',(-0.305460130481,3.2995,1.227963366718));
#299 = CARTESIAN_POINT('',(-0.321135655186,3.2995,1.241834088739));
#300 = CARTESIAN_POINT('',(-0.332406330336,3.2995,1.269717949962));
#301 = ORIENTED_EDGE('',*,*,#302,.F.);
#302 = EDGE_CURVE('',#303,#294,#305,.T.);
#303 = VERTEX_POINT('',#304);
#304 = CARTESIAN_POINT('',(-0.270520452597,3.2995,1.230087936274));
#305 = B_SPLINE_CURVE_WITH_KNOTS('',3,(#306,#307,#308,#309),
  .UNSPECIFIED.,.F.,.F.,(4,4),(2.,3.),.PIECEWISE_BEZIER_KNOTS.);
#306 = CARTESIAN_POINT('',(-0.270520452597,3.2995,1.230087936274));
#307 = CARTESIAN_POINT('',(-0.274593559405,3.2995,1.228839151168));
#308 = CARTESIAN_POINT('',(-0.279562077701,3.2995,1.228147044951));
#309 = CARTESIAN_POINT('',(-0.285332839462,3.2995,1.228106116649));
#310 = ORIENTED_EDGE('',*,*,#311,.F.);
#311 = EDGE_CURVE('',#312,#303,#314,.T.);
#312 = VERTEX_POINT('',#313);
#313 = CARTESIAN_POINT('',(-0.270665531781,3.2995,1.250543644631));
#314 = B_SPLINE_CURVE_WITH_KNOTS('',1,(#315,#316),.UNSPECIFIED.,.F.,.F.,
  (2,2),(-2.045622282649E-02,2.220390205445E-16),
  .PIECEWISE_BEZIER_KNOTS.);
#315 = CARTESIAN_POINT('',(-0.270665531781,3.2995,1.250543644631));
#316 = CARTESIAN_POINT('',(-0.270520452597,3.2995,1.230087936274));
#317 = ORIENTED_EDGE('',*,*,#318,.F.);
#318 = EDGE_CURVE('',#319,#312,#321,.T.);
#319 = VERTEX_POINT('',#320);
#320 = CARTESIAN_POINT('',(-0.283689757672,3.2995,1.247823801325));
#321 = B_SPLINE_CURVE_WITH_KNOTS('',3,(#322,#323,#324,#325),
  .UNSPECIFIED.,.F.,.F.,(4,4),(4.,5.),.PIECEWISE_BEZIER_KNOTS.);
#322 = CARTESIAN_POINT('',(-0.283689757672,3.2995,1.247823801325));
#323 = CARTESIAN_POINT('',(-0.279467249067,3.2995,1.247853748863));
#324 = CARTESIAN_POINT('',(-0.275156896444,3.2995,1.248728863623));
#325 = CARTESIAN_POINT('',(-0.270665531781,3.2995,1.250543644631));
#326 = ORIENTED_EDGE('',*,*,#327,.F.);
#327 = EDGE_CURVE('',#328,#319,#330,.T.);
#328 = VERTEX_POINT('',#329);
#329 = CARTESIAN_POINT('',(-0.307373076005,3.2995,1.266141964953));
#330 = B_SPLINE_CURVE_WITH_KNOTS('',3,(#331,#332,#333,#334),
  .UNSPECIFIED.,.F.,.F.,(4,4),(5.,6.),.PIECEWISE_BEZIER_KNOTS.);
#331 = CARTESIAN_POINT('',(-0.307373076005,3.2995,1.266141964953));
#332 = CARTESIAN_POINT('',(-0.30207746928,3.2995,1.253792875007));
#333 = CARTESIAN_POINT('',(-0.294199112424,3.2995,1.24774926523));
#334 = CARTESIAN_POINT('',(-0.283689757672,3.2995,1.247823801325));
#335 = ORIENTED_EDGE('',*,*,#336,.F.);
#336 = EDGE_CURVE('',#337,#328,#339,.T.);
#337 = VERTEX_POINT('',#338);
#338 = CARTESIAN_POINT('',(-0.31762921711,3.2995,1.289904138853));
#339 = B_SPLINE_CURVE_WITH_KNOTS('',1,(#340,#341),.UNSPECIFIED.,.F.,.F.,
  (2,2),(-2.588106139308E-02,-2.199794634862E-17),
  .PIECEWISE_BEZIER_KNOTS.);
#340 = CARTESIAN_POINT('',(-0.31762921711,3.2995,1.289904138853));
#341 = CARTESIAN_POINT('',(-0.307373076005,3.2995,1.266141964953));
#342 = ORIENTED_EDGE('',*,*,#343,.F.);
#343 = EDGE_CURVE('',#344,#337,#346,.T.);
#344 = VERTEX_POINT('',#345);
#345 = CARTESIAN_POINT('',(-0.267136153823,3.2995,1.421072766563));
#346 = B_SPLINE_CURVE_WITH_KNOTS('',1,(#347,#348),.UNSPECIFIED.,.F.,.F.,
  (2,2),(-0.140551621604,1.214445381089E-17),.PIECEWISE_BEZIER_KNOTS.);
#347 = CARTESIAN_POINT('',(-0.267136153823,3.2995,1.421072766563));
#348 = CARTESIAN_POINT('',(-0.31762921711,3.2995,1.289904138853));
#349 = ORIENTED_EDGE('',*,*,#350,.F.);
#350 = EDGE_CURVE('',#351,#344,#353,.T.);
#351 = VERTEX_POINT('',#352);
#352 = CARTESIAN_POINT('',(-0.292846539555,3.2995,1.420890419332));
#353 = B_SPLINE_CURVE_WITH_KNOTS('',1,(#354,#355),.UNSPECIFIED.,.F.,.F.,
  (2,2),(-2.571103235943E-02,4.440780410889E-16),
  .PIECEWISE_BEZIER_KNOTS.);
#354 = CARTESIAN_POINT('',(-0.292846539555,3.2995,1.420890419332));
#355 = CARTESIAN_POINT('',(-0.267136153823,3.2995,1.421072766563));
#356 = ORIENTED_EDGE('',*,*,#357,.F.);
#357 = EDGE_CURVE('',#358,#351,#360,.T.);
#358 = VERTEX_POINT('',#359);
#359 = CARTESIAN_POINT('',(-0.326397000136,3.2995,1.322122310727));
#360 = B_SPLINE_CURVE_WITH_KNOTS('',1,(#361,#362),.UNSPECIFIED.,.F.,.F.,
  (2,2),(-0.104310942295,0.),.PIECEWISE_BEZIER_KNOTS.);
#361 = CARTESIAN_POINT('',(-0.326397000136,3.2995,1.322122310727));
#362 = CARTESIAN_POINT('',(-0.292846539555,3.2995,1.420890419332));
#363 = ORIENTED_EDGE('',*,*,#364,.F.);
#364 = EDGE_CURVE('',#365,#358,#367,.T.);
#365 = VERTEX_POINT('',#366);
#366 = CARTESIAN_POINT('',(-0.329135473277,3.2995,1.311311490376));
#367 = B_SPLINE_CURVE_WITH_KNOTS('',1,(#368,#369),.UNSPECIFIED.,.F.,.F.,
  (2,2),(-1.115226756314E-02,4.089279488344E-17),
  .PIECEWISE_BEZIER_KNOTS.);
#368 = CARTESIAN_POINT('',(-0.329135473277,3.2995,1.311311490376));
#369 = CARTESIAN_POINT('',(-0.326397000136,3.2995,1.322122310727));
#370 = ORIENTED_EDGE('',*,*,#371,.F.);
#371 = EDGE_CURVE('',#372,#365,#374,.T.);
#372 = VERTEX_POINT('',#373);
#373 = CARTESIAN_POINT('',(-0.329745391186,3.2995,1.311307164621));
#374 = B_SPLINE_CURVE_WITH_KNOTS('',1,(#375,#376),.UNSPECIFIED.,.F.,.F.,
  (2,2),(-6.099332487041E-04,-2.775487756806E-16),
  .PIECEWISE_BEZIER_KNOTS.);
#375 = CARTESIAN_POINT('',(-0.329745391186,3.2995,1.311307164621));
#376 = CARTESIAN_POINT('',(-0.329135473277,3.2995,1.311311490376));
#377 = ORIENTED_EDGE('',*,*,#378,.F.);
#378 = EDGE_CURVE('',#379,#372,#381,.T.);
#379 = VERTEX_POINT('',#380);
#380 = CARTESIAN_POINT('',(-0.332635598518,3.2995,1.321890387872));
#381 = B_SPLINE_CURVE_WITH_KNOTS('',3,(#382,#383,#384,#385),
  .UNSPECIFIED.,.F.,.F.,(4,4),(12.,13.),.PIECEWISE_BEZIER_KNOTS.);
#382 = CARTESIAN_POINT('',(-0.332635598518,3.2995,1.321890387872));
#383 = CARTESIAN_POINT('',(-0.331195486109,3.2995,1.317302527681));
#384 = CARTESIAN_POINT('',(-0.33023186183,3.2995,1.313743508756));
#385 = CARTESIAN_POINT('',(-0.329745391186,3.2995,1.311307164621));
#386 = ORIENTED_EDGE('',*,*,#387,.F.);
#387 = EDGE_CURVE('',#280,#379,#388,.T.);
#388 = B_SPLINE_CURVE_WITH_KNOTS('',1,(#389,#390),.UNSPECIFIED.,.F.,.F.,
  (2,2),(-0.105005929122,2.082004829351E-16),.PIECEWISE_BEZIER_KNOTS.);
#389 = CARTESIAN_POINT('',(-0.369133195029,3.2995,1.420349367146));
#390 = CARTESIAN_POINT('',(-0.332635598518,3.2995,1.321890387872));
#391 = FACE_BOUND('',#392,.T.);
#392 = EDGE_LOOP('',(#393,#404,#413,#420,#427,#434,#441,#450,#459,#468,
    #477,#484,#493,#502));
#393 = ORIENTED_EDGE('',*,*,#394,.F.);
#394 = EDGE_CURVE('',#395,#397,#399,.T.);
#395 = VERTEX_POINT('',#396);
#396 = CARTESIAN_POINT('',(-8.812308497432E-02,3.2995,1.425345214959));
#397 = VERTEX_POINT('',#398);
#398 = CARTESIAN_POINT('',(-4.290264454693E-02,3.2995,1.413466962671));
#399 = B_SPLINE_CURVE_WITH_KNOTS('',3,(#400,#401,#402,#403),
  .UNSPECIFIED.,.F.,.F.,(4,4),(0.,1.),.PIECEWISE_BEZIER_KNOTS.);
#400 = CARTESIAN_POINT('',(-8.812308497432E-02,3.2995,1.425345214959));
#401 = CARTESIAN_POINT('',(-7.104538350301E-02,3.2995,1.425466336113));
#402 = CARTESIAN_POINT('',(-5.59564862732E-02,3.2995,1.421538307441));
#403 = CARTESIAN_POINT('',(-4.290264454693E-02,3.2995,1.413466962671));
#404 = ORIENTED_EDGE('',*,*,#405,.F.);
#405 = EDGE_CURVE('',#406,#395,#408,.T.);
#406 = VERTEX_POINT('',#407);
#407 = CARTESIAN_POINT('',(-0.135156299434,3.2995,1.375277369011));
#408 = B_SPLINE_CURVE_WITH_KNOTS('',3,(#409,#410,#411,#412),
  .UNSPECIFIED.,.F.,.F.,(4,4),(1.,2.),.PIECEWISE_BEZIER_KNOTS.);
#409 = CARTESIAN_POINT('',(-0.135156299434,3.2995,1.375277369011));
#410 = CARTESIAN_POINT('',(-0.135391886732,3.2995,1.408494436709));
#411 = CARTESIAN_POINT('',(-0.119698065991,3.2995,1.425121273925));
#412 = CARTESIAN_POINT('',(-8.812308497432E-02,3.2995,1.425345214959));
#413 = ORIENTED_EDGE('',*,*,#414,.F.);
#414 = EDGE_CURVE('',#415,#406,#417,.T.);
#415 = VERTEX_POINT('',#416);
#416 = CARTESIAN_POINT('',(-0.134558014175,3.2995,1.290921030426));
#417 = B_SPLINE_CURVE_WITH_KNOTS('',1,(#418,#419),.UNSPECIFIED.,.F.,.F.,
  (2,2),(-8.435846018521E-02,0.),.PIECEWISE_BEZIER_KNOTS.);
#418 = CARTESIAN_POINT('',(-0.134558014175,3.2995,1.290921030426));
#419 = CARTESIAN_POINT('',(-0.135156299434,3.2995,1.375277369011));
#420 = ORIENTED_EDGE('',*,*,#421,.F.);
#421 = EDGE_CURVE('',#422,#415,#424,.T.);
#422 = VERTEX_POINT('',#423);
#423 = CARTESIAN_POINT('',(-0.111568800656,3.2995,1.291084078132));
#424 = B_SPLINE_CURVE_WITH_KNOTS('',1,(#425,#426),.UNSPECIFIED.,.F.,.F.,
  (2,2),(-2.298979170823E-02,1.094447302969E-16),
  .PIECEWISE_BEZIER_KNOTS.);
#425 = CARTESIAN_POINT('',(-0.111568800656,3.2995,1.291084078132));
#426 = CARTESIAN_POINT('',(-0.134558014175,3.2995,1.290921030426));
#427 = ORIENTED_EDGE('',*,*,#428,.F.);
#428 = EDGE_CURVE('',#429,#422,#431,.T.);
#429 = VERTEX_POINT('',#430);
#430 = CARTESIAN_POINT('',(-0.111712548838,3.2995,1.311352119438));
#431 = B_SPLINE_CURVE_WITH_KNOTS('',1,(#432,#433),.UNSPECIFIED.,.F.,.F.,
  (2,2),(-2.026855105641E-02,0.),.PIECEWISE_BEZIER_KNOTS.);
#432 = CARTESIAN_POINT('',(-0.111712548838,3.2995,1.311352119438));
#433 = CARTESIAN_POINT('',(-0.111568800656,3.2995,1.291084078132));
#434 = ORIENTED_EDGE('',*,*,#435,.F.);
#435 = EDGE_CURVE('',#436,#429,#438,.T.);
#436 = VERTEX_POINT('',#437);
#437 = CARTESIAN_POINT('',(-0.111102630929,3.2995,1.311356445194));
#438 = B_SPLINE_CURVE_WITH_KNOTS('',1,(#439,#440),.UNSPECIFIED.,.F.,.F.,
  (2,2),(-6.099332493288E-04,-5.118904550338E-16),
  .PIECEWISE_BEZIER_KNOTS.);
#439 = CARTESIAN_POINT('',(-0.111102630929,3.2995,1.311356445194));
#440 = CARTESIAN_POINT('',(-0.111712548838,3.2995,1.311352119438));
#441 = ORIENTED_EDGE('',*,*,#442,.F.);
#442 = EDGE_CURVE('',#443,#436,#445,.T.);
#443 = VERTEX_POINT('',#444);
#444 = CARTESIAN_POINT('',(-7.077617270363E-02,3.2995,1.288276731938));
#445 = B_SPLINE_CURVE_WITH_KNOTS('',3,(#446,#447,#448,#449),
  .UNSPECIFIED.,.F.,.F.,(4,4),(6.,7.),.PIECEWISE_BEZIER_KNOTS.);
#446 = CARTESIAN_POINT('',(-7.077617270363E-02,3.2995,1.288276731938));
#447 = CARTESIAN_POINT('',(-8.846379208456E-02,3.2995,1.288151285029));
#448 = CARTESIAN_POINT('',(-0.101937222668,3.2995,1.295844300947));
#449 = CARTESIAN_POINT('',(-0.111102630929,3.2995,1.311356445194));
#450 = ORIENTED_EDGE('',*,*,#451,.F.);
#451 = EDGE_CURVE('',#452,#443,#454,.T.);
#452 = VERTEX_POINT('',#453);
#453 = CARTESIAN_POINT('',(-4.054114936109E-02,3.2995,1.298813376412));
#454 = B_SPLINE_CURVE_WITH_KNOTS('',3,(#455,#456,#457,#458),
  .UNSPECIFIED.,.F.,.F.,(4,4),(7.,8.),.PIECEWISE_BEZIER_KNOTS.);
#455 = CARTESIAN_POINT('',(-4.054114936109E-02,3.2995,1.298813376412));
#456 = CARTESIAN_POINT('',(-4.799924976453E-02,3.2995,1.291910289052));
#457 = CARTESIAN_POINT('',(-5.806173012477E-02,3.2995,1.288366907302));
#458 = CARTESIAN_POINT('',(-7.077617270363E-02,3.2995,1.288276731938));
#459 = ORIENTED_EDGE('',*,*,#460,.F.);
#460 = EDGE_CURVE('',#461,#452,#463,.T.);
#461 = VERTEX_POINT('',#462);
#462 = CARTESIAN_POINT('',(-2.94787801632E-02,3.2995,1.326761793311));
#463 = B_SPLINE_CURVE_WITH_KNOTS('',3,(#464,#465,#466,#467),
  .UNSPECIFIED.,.F.,.F.,(4,4),(8.,9.),.PIECEWISE_BEZIER_KNOTS.);
#464 = CARTESIAN_POINT('',(-2.94787801632E-02,3.2995,1.326761793311));
#465 = CARTESIAN_POINT('',(-2.939559255774E-02,3.2995,1.31503260274));
#466 = CARTESIAN_POINT('',(-3.308304895704E-02,3.2995,1.305716463773));
#467 = CARTESIAN_POINT('',(-4.054114936109E-02,3.2995,1.298813376412));
#468 = ORIENTED_EDGE('',*,*,#469,.F.);
#469 = EDGE_CURVE('',#470,#461,#472,.T.);
#470 = VERTEX_POINT('',#471);
#471 = CARTESIAN_POINT('',(-7.327408718506E-02,3.2995,1.369241420873));
#472 = B_SPLINE_CURVE_WITH_KNOTS('',3,(#473,#474,#475,#476),
  .UNSPECIFIED.,.F.,.F.,(4,4),(9.,10.),.PIECEWISE_BEZIER_KNOTS.);
#473 = CARTESIAN_POINT('',(-7.327408718506E-02,3.2995,1.369241420873));
#474 = CARTESIAN_POINT('',(-4.425091155777E-02,3.2995,1.365412219077));
#475 = CARTESIAN_POINT('',(-2.96524758834E-02,3.2995,1.351252343223));
#476 = CARTESIAN_POINT('',(-2.94787801632E-02,3.2995,1.326761793311));
#477 = ORIENTED_EDGE('',*,*,#478,.F.);
#478 = EDGE_CURVE('',#479,#470,#481,.T.);
#479 = VERTEX_POINT('',#480);
#480 = CARTESIAN_POINT('',(-0.112159765405,3.2995,1.374408247949));
#481 = B_SPLINE_CURVE_WITH_KNOTS('',1,(#482,#483),.UNSPECIFIED.,.F.,.F.,
  (2,2),(-3.92274403024E-02,-6.705164141999E-17),
  .PIECEWISE_BEZIER_KNOTS.);
#482 = CARTESIAN_POINT('',(-0.112159765405,3.2995,1.374408247949));
#483 = CARTESIAN_POINT('',(-7.327408718506E-02,3.2995,1.369241420873));
#484 = ORIENTED_EDGE('',*,*,#485,.F.);
#485 = EDGE_CURVE('',#486,#479,#488,.T.);
#486 = VERTEX_POINT('',#487);
#487 = CARTESIAN_POINT('',(-8.583247924132E-02,3.2995,1.40668765009));
#488 = B_SPLINE_CURVE_WITH_KNOTS('',3,(#489,#490,#491,#492),
  .UNSPECIFIED.,.F.,.F.,(4,4),(11.,12.),.PIECEWISE_BEZIER_KNOTS.);
#489 = CARTESIAN_POINT('',(-8.583247924132E-02,3.2995,1.40668765009));
#490 = CARTESIAN_POINT('',(-0.103520098622,3.2995,1.406562203181));
#491 = CARTESIAN_POINT('',(-0.112311499598,3.2995,1.39580229155));
#492 = CARTESIAN_POINT('',(-0.112159765405,3.2995,1.374408247949));
#493 = ORIENTED_EDGE('',*,*,#494,.F.);
#494 = EDGE_CURVE('',#495,#486,#497,.T.);
#495 = VERTEX_POINT('',#496);
#496 = CARTESIAN_POINT('',(-4.274425534613E-02,3.2995,1.391134583823));
#497 = B_SPLINE_CURVE_WITH_KNOTS('',3,(#498,#499,#500,#501),
  .UNSPECIFIED.,.F.,.F.,(4,4),(12.,13.),.PIECEWISE_BEZIER_KNOTS.);
#498 = CARTESIAN_POINT('',(-4.274425534613E-02,3.2995,1.391134583823));
#499 = CARTESIAN_POINT('',(-5.576781783127E-02,3.2995,1.401552099459));
#500 = CARTESIAN_POINT('',(-7.011536387595E-02,3.2995,1.406799121481));
#501 = CARTESIAN_POINT('',(-8.583247924132E-02,3.2995,1.40668765009));
#502 = ORIENTED_EDGE('',*,*,#503,.F.);
#503 = EDGE_CURVE('',#397,#495,#504,.T.);
#504 = B_SPLINE_CURVE_WITH_KNOTS('',1,(#505,#506),.UNSPECIFIED.,.F.,.F.,
  (2,2),(-2.233294051732E-02,2.952712453688E-19),
  .PIECEWISE_BEZIER_KNOTS.);
#505 = CARTESIAN_POINT('',(-4.290264454693E-02,3.2995,1.413466962671));
#506 = CARTESIAN_POINT('',(-4.274425534613E-02,3.2995,1.391134583823));
#507 = FACE_BOUND('',#508,.T.);
#508 = EDGE_LOOP('',(#509,#518,#525,#532,#539,#546,#553,#560,#567,#574,
    #581,#588));
#509 = ORIENTED_EDGE('',*,*,#510,.F.);
#510 = EDGE_CURVE('',#511,#513,#515,.T.);
#511 = VERTEX_POINT('',#512);
#512 = CARTESIAN_POINT('',(-7.225921336521E-03,3.2995,1.29182411507));
#513 = VERTEX_POINT('',#514);
#514 = CARTESIAN_POINT('',(-7.374328024661E-03,3.2995,1.312748991049));
#515 = B_SPLINE_CURVE_WITH_KNOTS('',1,(#516,#517),.UNSPECIFIED.,.F.,.F.,
  (2,2),(-2.092540224858E-02,-2.189632784052E-16),
  .PIECEWISE_BEZIER_KNOTS.);
#516 = CARTESIAN_POINT('',(-7.225921336521E-03,3.2995,1.29182411507));
#517 = CARTESIAN_POINT('',(-7.374328024661E-03,3.2995,1.312748991049));
#518 = ORIENTED_EDGE('',*,*,#519,.F.);
#519 = EDGE_CURVE('',#520,#511,#522,.T.);
#520 = VERTEX_POINT('',#521);
#521 = CARTESIAN_POINT('',(9.148694650915E-02,3.2995,1.292524221958));
#522 = B_SPLINE_CURVE_WITH_KNOTS('',1,(#523,#524),.UNSPECIFIED.,.F.,.F.,
  (2,2),(-9.87153505184E-02,-0.),.PIECEWISE_BEZIER_KNOTS.);
#523 = CARTESIAN_POINT('',(9.148694650915E-02,3.2995,1.292524221958));
#524 = CARTESIAN_POINT('',(-7.225921336521E-03,3.2995,1.29182411507));
#525 = ORIENTED_EDGE('',*,*,#526,.F.);
#526 = EDGE_CURVE('',#527,#520,#529,.T.);
#527 = VERTEX_POINT('',#528);
#528 = CARTESIAN_POINT('',(9.018522685892E-02,3.2995,1.476062596013));
#529 = B_SPLINE_CURVE_WITH_KNOTS('',1,(#530,#531),.UNSPECIFIED.,.F.,.F.,
  (2,2),(-0.183542990127,-2.220390205445E-16),.PIECEWISE_BEZIER_KNOTS.);
#530 = CARTESIAN_POINT('',(9.018522685892E-02,3.2995,1.476062596013));
#531 = CARTESIAN_POINT('',(9.148694650915E-02,3.2995,1.292524221958));
#532 = ORIENTED_EDGE('',*,*,#533,.F.);
#533 = EDGE_CURVE('',#534,#527,#536,.T.);
#534 = VERTEX_POINT('',#535);
#535 = CARTESIAN_POINT('',(-4.352049143232E-03,3.2995,1.475392103913));
#536 = B_SPLINE_CURVE_WITH_KNOTS('',1,(#537,#538),.UNSPECIFIED.,.F.,.F.,
  (2,2),(-9.453965365688E-02,-1.403491678156E-16),
  .PIECEWISE_BEZIER_KNOTS.);
#537 = CARTESIAN_POINT('',(-4.352049143232E-03,3.2995,1.475392103913));
#538 = CARTESIAN_POINT('',(9.018522685892E-02,3.2995,1.476062596013));
#539 = ORIENTED_EDGE('',*,*,#540,.F.);
#540 = EDGE_CURVE('',#541,#534,#543,.T.);
#541 = VERTEX_POINT('',#542);
#542 = CARTESIAN_POINT('',(-4.202311453407E-03,3.2995,1.454279560885));
#543 = B_SPLINE_CURVE_WITH_KNOTS('',1,(#544,#545),.UNSPECIFIED.,.F.,.F.,
  (2,2),(-2.111307401741E-02,-1.537871069632E-18),
  .PIECEWISE_BEZIER_KNOTS.);
#544 = CARTESIAN_POINT('',(-4.202311453406E-03,3.2995,1.454279560885));
#545 = CARTESIAN_POINT('',(-4.352049143232E-03,3.2995,1.475392103913));
#546 = ORIENTED_EDGE('',*,*,#547,.F.);
#547 = EDGE_CURVE('',#548,#541,#550,.T.);
#548 = VERTEX_POINT('',#549);
#549 = CARTESIAN_POINT('',(6.664199959541E-02,3.2995,1.454782014022));
#550 = B_SPLINE_CURVE_WITH_KNOTS('',1,(#551,#552),.UNSPECIFIED.,.F.,.F.,
  (2,2),(-7.08460928149E-02,5.393497516081E-17),
  .PIECEWISE_BEZIER_KNOTS.);
#551 = CARTESIAN_POINT('',(6.664199959541E-02,3.2995,1.454782014022));
#552 = CARTESIAN_POINT('',(-4.202311453407E-03,3.2995,1.454279560885));
#553 = ORIENTED_EDGE('',*,*,#554,.F.);
#554 = EDGE_CURVE('',#555,#548,#557,.T.);
#555 = VERTEX_POINT('',#556);
#556 = CARTESIAN_POINT('',(6.705860312356E-02,3.2995,1.396042227642));
#557 = B_SPLINE_CURVE_WITH_KNOTS('',1,(#558,#559),.UNSPECIFIED.,.F.,.F.,
  (2,2),(-5.874126371208E-02,0.),.PIECEWISE_BEZIER_KNOTS.);
#558 = CARTESIAN_POINT('',(6.705860312356E-02,3.2995,1.396042227642));
#559 = CARTESIAN_POINT('',(6.664199959541E-02,3.2995,1.454782014022));
#560 = ORIENTED_EDGE('',*,*,#561,.F.);
#561 = EDGE_CURVE('',#562,#555,#564,.T.);
#562 = VERTEX_POINT('',#563);
#563 = CARTESIAN_POINT('',(1.422052687965E-03,3.2995,1.395576709802));
#564 = B_SPLINE_CURVE_WITH_KNOTS('',1,(#565,#566),.UNSPECIFIED.,.F.,.F.,
  (2,2),(-6.563820122416E-02,8.483941267947E-17),
  .PIECEWISE_BEZIER_KNOTS.);
#565 = CARTESIAN_POINT('',(1.422052687965E-03,3.2995,1.395576709802));
#566 = CARTESIAN_POINT('',(6.705860312356E-02,3.2995,1.396042227642));
#567 = ORIENTED_EDGE('',*,*,#568,.F.);
#568 = EDGE_CURVE('',#569,#562,#571,.T.);
#569 = VERTEX_POINT('',#570);
#570 = CARTESIAN_POINT('',(1.571124876948E-03,3.2995,1.374558000299));
#571 = B_SPLINE_CURVE_WITH_KNOTS('',1,(#572,#573),.UNSPECIFIED.,.F.,.F.,
  (2,2),(-2.101923813299E-02,2.205011494748E-16),
  .PIECEWISE_BEZIER_KNOTS.);
#572 = CARTESIAN_POINT('',(1.571124876947E-03,3.2995,1.374558000299));
#573 = CARTESIAN_POINT('',(1.422052687965E-03,3.2995,1.395576709802));
#574 = ORIENTED_EDGE('',*,*,#575,.F.);
#575 = EDGE_CURVE('',#576,#569,#578,.T.);
#576 = VERTEX_POINT('',#577);
#577 = CARTESIAN_POINT('',(6.720767531254E-02,3.2995,1.375023518139));
#578 = B_SPLINE_CURVE_WITH_KNOTS('',1,(#579,#580),.UNSPECIFIED.,.F.,.F.,
  (2,2),(-6.563820122416E-02,-6.335918144833E-16),
  .PIECEWISE_BEZIER_KNOTS.);
#579 = CARTESIAN_POINT('',(6.720767531254E-02,3.2995,1.375023518139));
#580 = CARTESIAN_POINT('',(1.571124876948E-03,3.2995,1.374558000299));
#581 = ORIENTED_EDGE('',*,*,#582,.F.);
#582 = EDGE_CURVE('',#583,#576,#585,.T.);
#583 = VERTEX_POINT('',#584);
#584 = CARTESIAN_POINT('',(6.764557486768E-02,3.2995,1.313281058974));
#585 = B_SPLINE_CURVE_WITH_KNOTS('',1,(#586,#587),.UNSPECIFIED.,.F.,.F.,
  (2,2),(-6.174401201589E-02,1.574779975302E-18),
  .PIECEWISE_BEZIER_KNOTS.);
#586 = CARTESIAN_POINT('',(6.764557486768E-02,3.2995,1.313281058974));
#587 = CARTESIAN_POINT('',(6.720767531254E-02,3.2995,1.375023518139));
#588 = ORIENTED_EDGE('',*,*,#589,.F.);
#589 = EDGE_CURVE('',#513,#583,#590,.T.);
#590 = B_SPLINE_CURVE_WITH_KNOTS('',1,(#591,#592),.UNSPECIFIED.,.F.,.F.,
  (2,2),(-7.502178967642E-02,-6.383621840653E-16),
  .PIECEWISE_BEZIER_KNOTS.);
#591 = CARTESIAN_POINT('',(-7.374328024661E-03,3.2995,1.312748991049));
#592 = CARTESIAN_POINT('',(6.764557486768E-02,3.2995,1.313281058974));
#593 = FACE_BOUND('',#594,.T.);
#594 = EDGE_LOOP('',(#595,#606,#615,#624,#633,#642,#651,#658,#667,#676,
    #685,#694,#703,#712));
#595 = ORIENTED_EDGE('',*,*,#596,.F.);
#596 = EDGE_CURVE('',#597,#599,#601,.T.);
#597 = VERTEX_POINT('',#598);
#598 = CARTESIAN_POINT('',(-0.101460446815,3.2995,1.579239180915));
#599 = VERTEX_POINT('',#600);
#600 = CARTESIAN_POINT('',(-0.152347167465,3.2995,1.589575834009));
#601 = B_SPLINE_CURVE_WITH_KNOTS('',3,(#602,#603,#604,#605),
  .UNSPECIFIED.,.F.,.F.,(4,4),(0.,1.),.PIECEWISE_BEZIER_KNOTS.);
#602 = CARTESIAN_POINT('',(-0.101460446815,3.2995,1.579239180915));
#603 = CARTESIAN_POINT('',(-0.121822321646,3.2995,1.579094767232));
#604 = CARTESIAN_POINT('',(-0.138784561863,3.2995,1.582540318263));
#605 = CARTESIAN_POINT('',(-0.152347167465,3.2995,1.589575834009));
#606 = ORIENTED_EDGE('',*,*,#607,.F.);
#607 = EDGE_CURVE('',#608,#597,#610,.T.);
#608 = VERTEX_POINT('',#609);
#609 = CARTESIAN_POINT('',(-3.85820070302E-02,3.2995,1.604739948542));
#610 = B_SPLINE_CURVE_WITH_KNOTS('',3,(#611,#612,#613,#614),
  .UNSPECIFIED.,.F.,.F.,(4,4),(1.,2.),.PIECEWISE_BEZIER_KNOTS.);
#611 = CARTESIAN_POINT('',(-3.85820070302E-02,3.2995,1.604739948542));
#612 = CARTESIAN_POINT('',(-5.41806632454E-02,3.2995,1.587926109778));
#613 = CARTESIAN_POINT('',(-7.514014317336E-02,3.2995,1.579425853902));
#614 = CARTESIAN_POINT('',(-0.101460446815,3.2995,1.579239180915));
#615 = ORIENTED_EDGE('',*,*,#616,.F.);
#616 = EDGE_CURVE('',#617,#608,#619,.T.);
#617 = VERTEX_POINT('',#618);
#618 = CARTESIAN_POINT('',(-1.550030146004E-02,3.2995,1.671247291123));
#619 = B_SPLINE_CURVE_WITH_KNOTS('',3,(#620,#621,#622,#623),
  .UNSPECIFIED.,.F.,.F.,(4,4),(2.,3.),.PIECEWISE_BEZIER_KNOTS.);
#620 = CARTESIAN_POINT('',(-1.550030146004E-02,3.2995,1.671247291123));
#621 = CARTESIAN_POINT('',(-1.530530971285E-02,3.2995,1.643754068424));
#622 = CARTESIAN_POINT('',(-2.298335081499E-02,3.2995,1.621553787306));
#623 = CARTESIAN_POINT('',(-3.85820070302E-02,3.2995,1.604739948542));
#624 = ORIENTED_EDGE('',*,*,#625,.F.);
#625 = EDGE_CURVE('',#626,#617,#628,.T.);
#626 = VERTEX_POINT('',#627);
#627 = CARTESIAN_POINT('',(-4.251405279152E-02,3.2995,1.742372765806));
#628 = B_SPLINE_CURVE_WITH_KNOTS('',3,(#629,#630,#631,#632),
  .UNSPECIFIED.,.F.,.F.,(4,4),(3.,4.),.PIECEWISE_BEZIER_KNOTS.);
#629 = CARTESIAN_POINT('',(-4.251405279152E-02,3.2995,1.742372765806));
#630 = CARTESIAN_POINT('',(-2.46986572486E-02,3.2995,1.724482175998));
#631 = CARTESIAN_POINT('',(-1.57099342258E-02,3.2995,1.700804851362));
#632 = CARTESIAN_POINT('',(-1.550030146004E-02,3.2995,1.671247291123));
#633 = ORIENTED_EDGE('',*,*,#634,.F.);
#634 = EDGE_CURVE('',#635,#626,#637,.T.);
#635 = VERTEX_POINT('',#636);
#636 = CARTESIAN_POINT('',(-0.110125104437,3.2995,1.768918658526));
#637 = B_SPLINE_CURVE_WITH_KNOTS('',3,(#638,#639,#640,#641),
  .UNSPECIFIED.,.F.,.F.,(4,4),(4.,5.),.PIECEWISE_BEZIER_KNOTS.);
#638 = CARTESIAN_POINT('',(-0.110125104437,3.2995,1.768918658526));
#639 = CARTESIAN_POINT('',(-8.286646555014E-02,3.2995,1.769111986521));
#640 = CARTESIAN_POINT('',(-6.032944833507E-02,3.2995,1.760263355615));
#641 = CARTESIAN_POINT('',(-4.251405279152E-02,3.2995,1.742372765806));
#642 = ORIENTED_EDGE('',*,*,#643,.F.);
#643 = EDGE_CURVE('',#644,#635,#646,.T.);
#644 = VERTEX_POINT('',#645);
#645 = CARTESIAN_POINT('',(-0.153563703007,3.2995,1.761103516919));
#646 = B_SPLINE_CURVE_WITH_KNOTS('',3,(#647,#648,#649,#650),
  .UNSPECIFIED.,.F.,.F.,(4,4),(5.,6.),.PIECEWISE_BEZIER_KNOTS.);
#647 = CARTESIAN_POINT('',(-0.153563703007,3.2995,1.761103516919));
#648 = CARTESIAN_POINT('',(-0.142151284554,3.2995,1.766157884825));
#649 = CARTESIAN_POINT('',(-0.127671973531,3.2995,1.768794209868));
#650 = CARTESIAN_POINT('',(-0.110125104437,3.2995,1.768918658526));
#651 = ORIENTED_EDGE('',*,*,#652,.F.);
#652 = EDGE_CURVE('',#653,#644,#655,.T.);
#653 = VERTEX_POINT('',#654);
#654 = CARTESIAN_POINT('',(-0.153388010784,3.2995,1.736331466434));
#655 = B_SPLINE_CURVE_WITH_KNOTS('',1,(#656,#657),.UNSPECIFIED.,.F.,.F.,
  (2,2),(-2.477267351339E-02,-2.220390205445E-16),
  .PIECEWISE_BEZIER_KNOTS.);
#656 = CARTESIAN_POINT('',(-0.153388010784,3.2995,1.736331466434));
#657 = CARTESIAN_POINT('',(-0.153563703007,3.2995,1.761103516919));
#658 = ORIENTED_EDGE('',*,*,#659,.F.);
#659 = EDGE_CURVE('',#660,#653,#662,.T.);
#660 = VERTEX_POINT('',#661);
#661 = CARTESIAN_POINT('',(-0.110207954056,3.2995,1.747522951172));
#662 = B_SPLINE_CURVE_WITH_KNOTS('',3,(#663,#664,#665,#666),
  .UNSPECIFIED.,.F.,.F.,(4,4),(7.,8.),.PIECEWISE_BEZIER_KNOTS.);
#663 = CARTESIAN_POINT('',(-0.110207954056,3.2995,1.747522951172));
#664 = CARTESIAN_POINT('',(-0.125925069421,3.2995,1.74741147978));
#665 = CARTESIAN_POINT('',(-0.140303226411,3.2995,1.743743651468));
#666 = CARTESIAN_POINT('',(-0.153388010784,3.2995,1.736331466434));
#667 = ORIENTED_EDGE('',*,*,#668,.F.);
#668 = EDGE_CURVE('',#669,#660,#671,.T.);
#669 = VERTEX_POINT('',#670);
#670 = CARTESIAN_POINT('',(-6.00502717784E-02,3.2995,1.727515788291));
#671 = B_SPLINE_CURVE_WITH_KNOTS('',3,(#672,#673,#674,#675),
  .UNSPECIFIED.,.F.,.F.,(4,4),(8.,9.),.PIECEWISE_BEZIER_KNOTS.);
#672 = CARTESIAN_POINT('',(-6.00502717784E-02,3.2995,1.727515788291));
#673 = CARTESIAN_POINT('',(-7.304887902852E-02,3.2995,1.741030142987));
#674 = CARTESIAN_POINT('',(-8.975224570049E-02,3.2995,1.747668030356));
#675 = CARTESIAN_POINT('',(-0.110207954056,3.2995,1.747522951172));
#676 = ORIENTED_EDGE('',*,*,#677,.F.);
#677 = EDGE_CURVE('',#678,#669,#680,.T.);
#678 = VERTEX_POINT('',#679);
#679 = CARTESIAN_POINT('',(-4.037616798367E-02,3.2995,1.672478436268));
#680 = B_SPLINE_CURVE_WITH_KNOTS('',3,(#681,#682,#683,#684),
  .UNSPECIFIED.,.F.,.F.,(4,4),(9.,10.),.PIECEWISE_BEZIER_KNOTS.);
#681 = CARTESIAN_POINT('',(-4.037616798367E-02,3.2995,1.672478436268));
#682 = CARTESIAN_POINT('',(-4.053988119121E-02,3.2995,1.695561483312));
#683 = CARTESIAN_POINT('',(-4.709791578903E-02,3.2995,1.713907267319));
#684 = CARTESIAN_POINT('',(-6.00502717784E-02,3.2995,1.727515788291));
#685 = ORIENTED_EDGE('',*,*,#686,.F.);
#686 = EDGE_CURVE('',#687,#678,#689,.T.);
#687 = VERTEX_POINT('',#688);
#688 = CARTESIAN_POINT('',(-5.802085522944E-02,3.2995,1.619991553397));
#689 = B_SPLINE_CURVE_WITH_KNOTS('',3,(#690,#691,#692,#693),
  .UNSPECIFIED.,.F.,.F.,(4,4),(10.,11.),.PIECEWISE_BEZIER_KNOTS.);
#690 = CARTESIAN_POINT('',(-5.802085522944E-02,3.2995,1.619991553397));
#691 = CARTESIAN_POINT('',(-4.610200320109E-02,3.2995,1.633025763896));
#692 = CARTESIAN_POINT('',(-4.022044078625E-02,3.2995,1.650521391519));
#693 = CARTESIAN_POINT('',(-4.037616798367E-02,3.2995,1.672478436268));
#694 = ORIENTED_EDGE('',*,*,#695,.F.);
#695 = EDGE_CURVE('',#696,#687,#698,.T.);
#696 = VERTEX_POINT('',#697);
#697 = CARTESIAN_POINT('',(-0.105035108151,3.2995,1.600327433162));
#698 = B_SPLINE_CURVE_WITH_KNOTS('',3,(#699,#700,#701,#702),
  .UNSPECIFIED.,.F.,.F.,(4,4),(11.,12.),.PIECEWISE_BEZIER_KNOTS.);
#699 = CARTESIAN_POINT('',(-0.105035108151,3.2995,1.600327433162));
#700 = CARTESIAN_POINT('',(-8.56115685658E-02,3.2995,1.600465191836));
#701 = CARTESIAN_POINT('',(-6.994037275864E-02,3.2995,1.607051176423));
#702 = CARTESIAN_POINT('',(-5.802085522944E-02,3.2995,1.619991553397));
#703 = ORIENTED_EDGE('',*,*,#704,.F.);
#704 = EDGE_CURVE('',#705,#696,#707,.T.);
#705 = VERTEX_POINT('',#706);
#706 = CARTESIAN_POINT('',(-0.152508218669,3.2995,1.612283546955));
#707 = B_SPLINE_CURVE_WITH_KNOTS('',3,(#708,#709,#710,#711),
  .UNSPECIFIED.,.F.,.F.,(4,4),(12.,13.),.PIECEWISE_BEZIER_KNOTS.);
#708 = CARTESIAN_POINT('',(-0.152508218669,3.2995,1.612283546955));
#709 = CARTESIAN_POINT('',(-0.139032126082,3.2995,1.604215196938));
#710 = CARTESIAN_POINT('',(-0.123191895155,3.2995,1.600198658748));
#711 = CARTESIAN_POINT('',(-0.105035108151,3.2995,1.600327433162));
#712 = ORIENTED_EDGE('',*,*,#713,.F.);
#713 = EDGE_CURVE('',#599,#705,#714,.T.);
#714 = B_SPLINE_CURVE_WITH_KNOTS('',1,(#715,#716),.UNSPECIFIED.,.F.,.F.,
  (2,2),(-2.270828405498E-02,0.),.PIECEWISE_BEZIER_KNOTS.);
#715 = CARTESIAN_POINT('',(-0.152347167465,3.2995,1.589575834009));
#716 = CARTESIAN_POINT('',(-0.152508218669,3.2995,1.612283546955));
#717 = FACE_BOUND('',#718,.T.);
#718 = EDGE_LOOP('',(#719,#728,#735,#742));
#719 = ORIENTED_EDGE('',*,*,#720,.T.);
#720 = EDGE_CURVE('',#721,#723,#725,.T.);
#721 = VERTEX_POINT('',#722);
#722 = CARTESIAN_POINT('',(-2.9,3.2995,0.1000001));
#723 = VERTEX_POINT('',#724);
#724 = CARTESIAN_POINT('',(-2.9,3.2995,2.9500001));
#725 = B_SPLINE_CURVE_WITH_KNOTS('',1,(#726,#727),.UNSPECIFIED.,.F.,.F.,
  (2,2),(-3.,-0.15),.PIECEWISE_BEZIER_KNOTS.);
#726 = CARTESIAN_POINT('',(-2.9,3.2995,0.1000001));
#727 = CARTESIAN_POINT('',(-2.9,3.2995,2.9500001));
#728 = ORIENTED_EDGE('',*,*,#729,.T.);
#729 = EDGE_CURVE('',#723,#730,#732,.T.);
#730 = VERTEX_POINT('',#731);
#731 = CARTESIAN_POINT('',(2.9,3.2995,2.9500001));
#732 = B_SPLINE_CURVE_WITH_KNOTS('',1,(#733,#734),.UNSPECIFIED.,.F.,.F.,
  (2,2),(-5.8,0.),.PIECEWISE_BEZIER_KNOTS.);
#733 = CARTESIAN_POINT('',(-2.9,3.2995,2.9500001));
#734 = CARTESIAN_POINT('',(2.9,3.2995,2.9500001));
#735 = ORIENTED_EDGE('',*,*,#736,.T.);
#736 = EDGE_CURVE('',#730,#737,#739,.T.);
#737 = VERTEX_POINT('',#738);
#738 = CARTESIAN_POINT('',(2.9,3.2995,0.1000001));
#739 = B_SPLINE_CURVE_WITH_KNOTS('',1,(#740,#741),.UNSPECIFIED.,.F.,.F.,
  (2,2),(0.15,3.),.PIECEWISE_BEZIER_KNOTS.);
#740 = CARTESIAN_POINT('',(2.9,3.2995,2.9500001));
#741 = CARTESIAN_POINT('',(2.9,3.2995,0.1000001));
#742 = ORIENTED_EDGE('',*,*,#743,.T.);
#743 = EDGE_CURVE('',#737,#721,#744,.T.);
#744 = B_SPLINE_CURVE_WITH_KNOTS('',1,(#745,#746),.UNSPECIFIED.,.F.,.F.,
  (2,2),(-6.2,-0.4),.PIECEWISE_BEZIER_KNOTS.);
#745 = CARTESIAN_POINT('',(2.9,3.2995,0.1000001));
#746 = CARTESIAN_POINT('',(-2.9,3.2995,0.1000001));
#747 = FACE_BOUND('',#748,.T.);
#748 = EDGE_LOOP('',(#749,#758,#765,#772,#779,#786));
#749 = ORIENTED_EDGE('',*,*,#750,.F.);
#750 = EDGE_CURVE('',#751,#753,#755,.T.);
#751 = VERTEX_POINT('',#752);
#752 = CARTESIAN_POINT('',(-7.367383201122E-03,3.2995,1.583003184572));
#753 = VERTEX_POINT('',#754);
#754 = CARTESIAN_POINT('',(-7.515789889261E-03,3.2995,1.603928060551));
#755 = B_SPLINE_CURVE_WITH_KNOTS('',1,(#756,#757),.UNSPECIFIED.,.F.,.F.,
  (2,2),(-2.092540224857E-02,-2.220390205445E-16),
  .PIECEWISE_BEZIER_KNOTS.);
#756 = CARTESIAN_POINT('',(-7.367383201122E-03,3.2995,1.583003184572));
#757 = CARTESIAN_POINT('',(-7.515789889261E-03,3.2995,1.603928060551));
#758 = ORIENTED_EDGE('',*,*,#759,.F.);
#759 = EDGE_CURVE('',#760,#751,#762,.T.);
#760 = VERTEX_POINT('',#761);
#761 = CARTESIAN_POINT('',(8.942189739122E-02,3.2995,1.583689648692));
#762 = B_SPLINE_CURVE_WITH_KNOTS('',1,(#763,#764),.UNSPECIFIED.,.F.,.F.,
  (2,2),(-9.679171488599E-02,-0.),.PIECEWISE_BEZIER_KNOTS.);
#763 = CARTESIAN_POINT('',(8.942189739122E-02,3.2995,1.583689648692));
#764 = CARTESIAN_POINT('',(-7.367383201122E-03,3.2995,1.583003184572));
#765 = ORIENTED_EDGE('',*,*,#766,.F.);
#766 = EDGE_CURVE('',#767,#760,#769,.T.);
#767 = VERTEX_POINT('',#768);
#768 = CARTESIAN_POINT('',(8.812017774098E-02,3.2995,1.767228022747));
#769 = B_SPLINE_CURVE_WITH_KNOTS('',1,(#770,#771),.UNSPECIFIED.,.F.,.F.,
  (2,2),(-0.183542990127,-1.574779975303E-18),.PIECEWISE_BEZIER_KNOTS.);
#770 = CARTESIAN_POINT('',(8.812017774098E-02,3.2995,1.767228022747));
#771 = CARTESIAN_POINT('',(8.942189739122E-02,3.2995,1.583689648692));
#772 = ORIENTED_EDGE('',*,*,#773,.F.);
#773 = EDGE_CURVE('',#774,#767,#776,.T.);
#774 = VERTEX_POINT('',#775);
#775 = CARTESIAN_POINT('',(6.442721278766E-02,3.2995,1.767059983784));
#776 = B_SPLINE_CURVE_WITH_KNOTS('',1,(#777,#778),.UNSPECIFIED.,.F.,.F.,
  (2,2),(-2.369356084198E-02,-3.762656271441E-16),
  .PIECEWISE_BEZIER_KNOTS.);
#777 = CARTESIAN_POINT('',(6.442721278766E-02,3.2995,1.767059983784));
#778 = CARTESIAN_POINT('',(8.812017774098E-02,3.2995,1.767228022747));
#779 = ORIENTED_EDGE('',*,*,#780,.F.);
#780 = EDGE_CURVE('',#781,#774,#783,.T.);
#781 = VERTEX_POINT('',#782);
#782 = CARTESIAN_POINT('',(6.558052574975E-02,3.2995,1.604446485708));
#783 = B_SPLINE_CURVE_WITH_KNOTS('',1,(#784,#785),.UNSPECIFIED.,.F.,.F.,
  (2,2),(-0.162617587878,-2.236138005198E-16),.PIECEWISE_BEZIER_KNOTS.);
#784 = CARTESIAN_POINT('',(6.558052574975E-02,3.2995,1.604446485708));
#785 = CARTESIAN_POINT('',(6.442721278766E-02,3.2995,1.767059983784));
#786 = ORIENTED_EDGE('',*,*,#787,.F.);
#787 = EDGE_CURVE('',#753,#781,#788,.T.);
#788 = B_SPLINE_CURVE_WITH_KNOTS('',1,(#789,#790),.UNSPECIFIED.,.F.,.F.,
  (2,2),(-7.309815404401E-02,-3.037288732733E-16),
  .PIECEWISE_BEZIER_KNOTS.);
#789 = CARTESIAN_POINT('',(-7.515789889261E-03,3.2995,1.603928060551));
#790 = CARTESIAN_POINT('',(6.558052574975E-02,3.2995,1.604446485708));
#791 = FACE_BOUND('',#792,.T.);
#792 = EDGE_LOOP('',(#793,#802,#809,#816,#823,#830,#837,#844,#851,#858,
    #865,#872));
#793 = ORIENTED_EDGE('',*,*,#794,.F.);
#794 = EDGE_CURVE('',#795,#797,#799,.T.);
#795 = VERTEX_POINT('',#796);
#796 = CARTESIAN_POINT('',(-0.28774195461,3.2995,1.581014668051));
#797 = VERTEX_POINT('',#798);
#798 = CARTESIAN_POINT('',(-0.287890361298,3.2995,1.60193954403));
#799 = B_SPLINE_CURVE_WITH_KNOTS('',1,(#800,#801),.UNSPECIFIED.,.F.,.F.,
  (2,2),(-2.092540224857E-02,-2.236138005198E-16),
  .PIECEWISE_BEZIER_KNOTS.);
#800 = CARTESIAN_POINT('',(-0.28774195461,3.2995,1.581014668051));
#801 = CARTESIAN_POINT('',(-0.287890361298,3.2995,1.60193954403));
#802 = ORIENTED_EDGE('',*,*,#803,.F.);
#803 = EDGE_CURVE('',#804,#795,#806,.T.);
#804 = VERTEX_POINT('',#805);
#805 = CARTESIAN_POINT('',(-0.189029086765,3.2995,1.581714774939));
#806 = B_SPLINE_CURVE_WITH_KNOTS('',1,(#807,#808),.UNSPECIFIED.,.F.,.F.,
  (2,2),(-9.871535051777E-02,-0.),.PIECEWISE_BEZIER_KNOTS.);
#807 = CARTESIAN_POINT('',(-0.189029086765,3.2995,1.581714774939));
#808 = CARTESIAN_POINT('',(-0.28774195461,3.2995,1.581014668051));
#809 = ORIENTED_EDGE('',*,*,#810,.F.);
#810 = EDGE_CURVE('',#811,#804,#813,.T.);
#811 = VERTEX_POINT('',#812);
#812 = CARTESIAN_POINT('',(-0.190330806415,3.2995,1.765253148994));
#813 = B_SPLINE_CURVE_WITH_KNOTS('',1,(#814,#815),.UNSPECIFIED.,.F.,.F.,
  (2,2),(-0.183542990127,2.220390205445E-16),.PIECEWISE_BEZIER_KNOTS.);
#814 = CARTESIAN_POINT('',(-0.190330806415,3.2995,1.765253148994));
#815 = CARTESIAN_POINT('',(-0.189029086765,3.2995,1.581714774939));
#816 = ORIENTED_EDGE('',*,*,#817,.F.);
#817 = EDGE_CURVE('',#818,#811,#820,.T.);
#818 = VERTEX_POINT('',#819);
#819 = CARTESIAN_POINT('',(-0.284868082417,3.2995,1.764582656894));
#820 = B_SPLINE_CURVE_WITH_KNOTS('',1,(#821,#822),.UNSPECIFIED.,.F.,.F.,
  (2,2),(-9.453965365688E-02,1.64954485433E-16),
  .PIECEWISE_BEZIER_KNOTS.);
#821 = CARTESIAN_POINT('',(-0.284868082417,3.2995,1.764582656894));
#822 = CARTESIAN_POINT('',(-0.190330806415,3.2995,1.765253148994));
#823 = ORIENTED_EDGE('',*,*,#824,.F.);
#824 = EDGE_CURVE('',#825,#818,#827,.T.);
#825 = VERTEX_POINT('',#826);
#826 = CARTESIAN_POINT('',(-0.284718344727,3.2995,1.743470113866));
#827 = B_SPLINE_CURVE_WITH_KNOTS('',1,(#828,#829),.UNSPECIFIED.,.F.,.F.,
  (2,2),(-2.111307401741E-02,-1.5747799753E-18),
  .PIECEWISE_BEZIER_KNOTS.);
#828 = CARTESIAN_POINT('',(-0.284718344727,3.2995,1.743470113866));
#829 = CARTESIAN_POINT('',(-0.284868082417,3.2995,1.764582656894));
#830 = ORIENTED_EDGE('',*,*,#831,.F.);
#831 = EDGE_CURVE('',#832,#825,#834,.T.);
#832 = VERTEX_POINT('',#833);
#833 = CARTESIAN_POINT('',(-0.213874033679,3.2995,1.743972567003));
#834 = B_SPLINE_CURVE_WITH_KNOTS('',1,(#835,#836),.UNSPECIFIED.,.F.,.F.,
  (2,2),(-7.08460928149E-02,5.393497516081E-17),
  .PIECEWISE_BEZIER_KNOTS.);
#835 = CARTESIAN_POINT('',(-0.213874033679,3.2995,1.743972567003));
#836 = CARTESIAN_POINT('',(-0.284718344727,3.2995,1.743470113866));
#837 = ORIENTED_EDGE('',*,*,#838,.F.);
#838 = EDGE_CURVE('',#839,#832,#841,.T.);
#839 = VERTEX_POINT('',#840);
#840 = CARTESIAN_POINT('',(-0.21345743015,3.2995,1.685232780623));
#841 = B_SPLINE_CURVE_WITH_KNOTS('',1,(#842,#843),.UNSPECIFIED.,.F.,.F.,
  (2,2),(-5.874126371207E-02,0.),.PIECEWISE_BEZIER_KNOTS.);
#842 = CARTESIAN_POINT('',(-0.21345743015,3.2995,1.685232780623));
#843 = CARTESIAN_POINT('',(-0.213874033679,3.2995,1.743972567003));
#844 = ORIENTED_EDGE('',*,*,#845,.F.);
#845 = EDGE_CURVE('',#846,#839,#848,.T.);
#846 = VERTEX_POINT('',#847);
#847 = CARTESIAN_POINT('',(-0.279093980585,3.2995,1.684767262783));
#848 = B_SPLINE_CURVE_WITH_KNOTS('',1,(#849,#850),.UNSPECIFIED.,.F.,.F.,
  (2,2),(-6.563820122354E-02,-1.927093630011E-16),
  .PIECEWISE_BEZIER_KNOTS.);
#849 = CARTESIAN_POINT('',(-0.279093980585,3.2995,1.684767262783));
#850 = CARTESIAN_POINT('',(-0.21345743015,3.2995,1.685232780623));
#851 = ORIENTED_EDGE('',*,*,#852,.F.);
#852 = EDGE_CURVE('',#853,#846,#855,.T.);
#853 = VERTEX_POINT('',#854);
#854 = CARTESIAN_POINT('',(-0.278944908396,3.2995,1.66374855328));
#855 = B_SPLINE_CURVE_WITH_KNOTS('',1,(#856,#857),.UNSPECIFIED.,.F.,.F.,
  (2,2),(-2.101923813299E-02,-2.236138005198E-16),
  .PIECEWISE_BEZIER_KNOTS.);
#856 = CARTESIAN_POINT('',(-0.278944908396,3.2995,1.66374855328));
#857 = CARTESIAN_POINT('',(-0.279093980585,3.2995,1.684767262783));
#858 = ORIENTED_EDGE('',*,*,#859,.F.);
#859 = EDGE_CURVE('',#860,#853,#862,.T.);
#860 = VERTEX_POINT('',#861);
#861 = CARTESIAN_POINT('',(-0.213308357961,3.2995,1.66421407112));
#862 = B_SPLINE_CURVE_WITH_KNOTS('',1,(#863,#864),.UNSPECIFIED.,.F.,.F.,
  (2,2),(-6.563820122355E-02,-2.791235556559E-16),
  .PIECEWISE_BEZIER_KNOTS.);
#863 = CARTESIAN_POINT('',(-0.213308357961,3.2995,1.66421407112));
#864 = CARTESIAN_POINT('',(-0.278944908396,3.2995,1.66374855328));
#865 = ORIENTED_EDGE('',*,*,#866,.F.);
#866 = EDGE_CURVE('',#867,#860,#869,.T.);
#867 = VERTEX_POINT('',#868);
#868 = CARTESIAN_POINT('',(-0.212870458406,3.2995,1.602471611954));
#869 = B_SPLINE_CURVE_WITH_KNOTS('',1,(#870,#871),.UNSPECIFIED.,.F.,.F.,
  (2,2),(-6.174401201589E-02,-2.220390205445E-16),
  .PIECEWISE_BEZIER_KNOTS.);
#870 = CARTESIAN_POINT('',(-0.212870458406,3.2995,1.602471611954));
#871 = CARTESIAN_POINT('',(-0.213308357961,3.2995,1.66421407112));
#872 = ORIENTED_EDGE('',*,*,#873,.F.);
#873 = EDGE_CURVE('',#797,#867,#874,.T.);
#874 = B_SPLINE_CURVE_WITH_KNOTS('',1,(#875,#876),.UNSPECIFIED.,.F.,.F.,
  (2,2),(-7.50217896758E-02,1.403491678156E-16),
  .PIECEWISE_BEZIER_KNOTS.);
#875 = CARTESIAN_POINT('',(-0.287890361298,3.2995,1.60193954403));
#876 = CARTESIAN_POINT('',(-0.212870458406,3.2995,1.602471611954));
#877 = FACE_BOUND('',#878,.T.);
#878 = EDGE_LOOP('',(#879,#888,#895,#902,#911,#920,#929));
#879 = ORIENTED_EDGE('',*,*,#880,.F.);
#880 = EDGE_CURVE('',#881,#883,#885,.T.);
#881 = VERTEX_POINT('',#882);
#882 = CARTESIAN_POINT('',(-0.322413441938,3.2995,1.580768765489));
#883 = VERTEX_POINT('',#884);
#884 = CARTESIAN_POINT('',(-0.372895878156,3.2995,1.580410726036));
#885 = B_SPLINE_CURVE_WITH_KNOTS('',1,(#886,#887),.UNSPECIFIED.,.F.,.F.,
  (2,2),(-5.048370587345E-02,5.550975513611E-17),
  .PIECEWISE_BEZIER_KNOTS.);
#886 = CARTESIAN_POINT('',(-0.322413441938,3.2995,1.580768765489));
#887 = CARTESIAN_POINT('',(-0.372895878156,3.2995,1.580410726036));
#888 = ORIENTED_EDGE('',*,*,#889,.F.);
#889 = EDGE_CURVE('',#890,#881,#892,.T.);
#890 = VERTEX_POINT('',#891);
#891 = CARTESIAN_POINT('',(-0.323715161589,3.2995,1.764307139544));
#892 = B_SPLINE_CURVE_WITH_KNOTS('',1,(#893,#894),.UNSPECIFIED.,.F.,.F.,
  (2,2),(-0.183542990127,0.),.PIECEWISE_BEZIER_KNOTS.);
#893 = CARTESIAN_POINT('',(-0.323715161589,3.2995,1.764307139544));
#894 = CARTESIAN_POINT('',(-0.322413441938,3.2995,1.580768765489));
#895 = ORIENTED_EDGE('',*,*,#896,.F.);
#896 = EDGE_CURVE('',#897,#890,#899,.T.);
#897 = VERTEX_POINT('',#898);
#898 = CARTESIAN_POINT('',(-0.376074268298,3.2995,1.763935790073));
#899 = B_SPLINE_CURVE_WITH_KNOTS('',1,(#900,#901),.UNSPECIFIED.,.F.,.F.,
  (2,2),(-5.236042356427E-02,-5.708453511142E-17),
  .PIECEWISE_BEZIER_KNOTS.);
#900 = CARTESIAN_POINT('',(-0.376074268298,3.2995,1.763935790073));
#901 = CARTESIAN_POINT('',(-0.323715161589,3.2995,1.764307139544));
#902 = ORIENTED_EDGE('',*,*,#903,.F.);
#903 = EDGE_CURVE('',#904,#897,#906,.T.);
#904 = VERTEX_POINT('',#905);
#905 = CARTESIAN_POINT('',(-0.445291794997,3.2995,1.739140769337));
#906 = B_SPLINE_CURVE_WITH_KNOTS('',3,(#907,#908,#909,#910),
  .UNSPECIFIED.,.F.,.F.,(4,4),(2.,3.),.PIECEWISE_BEZIER_KNOTS.);
#907 = CARTESIAN_POINT('',(-0.445291794997,3.2995,1.739140769337));
#908 = CARTESIAN_POINT('',(-0.426968639065,3.2995,1.755504740003));
#909 = CARTESIAN_POINT('',(-0.403895908332,3.2995,1.763738469073));
#910 = CARTESIAN_POINT('',(-0.376074268298,3.2995,1.763935790073));
#911 = ORIENTED_EDGE('',*,*,#912,.F.);
#912 = EDGE_CURVE('',#913,#904,#915,.T.);
#913 = VERTEX_POINT('',#914);
#914 = CARTESIAN_POINT('',(-0.472510827159,3.2995,1.673823980538));
#915 = B_SPLINE_CURVE_WITH_KNOTS('',3,(#916,#917,#918,#919),
  .UNSPECIFIED.,.F.,.F.,(4,4),(3.,4.),.PIECEWISE_BEZIER_KNOTS.);
#916 = CARTESIAN_POINT('',(-0.472510827159,3.2995,1.673823980538));
#917 = CARTESIAN_POINT('',(-0.472703822404,3.2995,1.701035702662));
#918 = CARTESIAN_POINT('',(-0.463614950929,3.2995,1.72277679867));
#919 = CARTESIAN_POINT('',(-0.445291794997,3.2995,1.739140769337));
#920 = ORIENTED_EDGE('',*,*,#921,.F.);
#921 = EDGE_CURVE('',#922,#913,#924,.T.);
#922 = VERTEX_POINT('',#923);
#923 = CARTESIAN_POINT('',(-0.444344787297,3.2995,1.605615663876));
#924 = B_SPLINE_CURVE_WITH_KNOTS('',3,(#925,#926,#927,#928),
  .UNSPECIFIED.,.F.,.F.,(4,4),(4.,5.),.PIECEWISE_BEZIER_KNOTS.);
#925 = CARTESIAN_POINT('',(-0.444344787297,3.2995,1.605615663876));
#926 = CARTESIAN_POINT('',(-0.462904861529,3.2995,1.622656427956));
#927 = CARTESIAN_POINT('',(-0.472309180403,3.2995,1.645392422594));
#928 = CARTESIAN_POINT('',(-0.472510827159,3.2995,1.673823980538));
#929 = ORIENTED_EDGE('',*,*,#930,.F.);
#930 = EDGE_CURVE('',#883,#922,#931,.T.);
#931 = B_SPLINE_CURVE_WITH_KNOTS('',3,(#932,#933,#934,#935),
  .UNSPECIFIED.,.F.,.F.,(4,4),(5.,6.),.PIECEWISE_BEZIER_KNOTS.);
#932 = CARTESIAN_POINT('',(-0.372895878156,3.2995,1.580410726036));
#933 = CARTESIAN_POINT('',(-0.401937354009,3.2995,1.580204753524));
#934 = CARTESIAN_POINT('',(-0.425784713064,3.2995,1.588574899797));
#935 = CARTESIAN_POINT('',(-0.444344787297,3.2995,1.605615663876));
#936 = FACE_BOUND('',#937,.T.);
#937 = EDGE_LOOP('',(#938,#947,#954,#961,#968,#975,#982,#989));
#938 = ORIENTED_EDGE('',*,*,#939,.F.);
#939 = EDGE_CURVE('',#940,#942,#944,.T.);
#940 = VERTEX_POINT('',#941);
#941 = CARTESIAN_POINT('',(-0.647171270468,3.2995,1.578465467069));
#942 = VERTEX_POINT('',#943);
#943 = CARTESIAN_POINT('',(-0.578567014315,3.2995,1.762499639253));
#944 = B_SPLINE_CURVE_WITH_KNOTS('',1,(#945,#946),.UNSPECIFIED.,.F.,.F.,
  (2,2),(-0.196405500161,-2.08058302958E-16),.PIECEWISE_BEZIER_KNOTS.);
#945 = CARTESIAN_POINT('',(-0.647171270468,3.2995,1.578465467069));
#946 = CARTESIAN_POINT('',(-0.578567014315,3.2995,1.762499639253));
#947 = ORIENTED_EDGE('',*,*,#948,.F.);
#948 = EDGE_CURVE('',#949,#940,#951,.T.);
#949 = VERTEX_POINT('',#950);
#950 = CARTESIAN_POINT('',(-0.620991717114,3.2995,1.578651141805));
#951 = B_SPLINE_CURVE_WITH_KNOTS('',1,(#952,#953),.UNSPECIFIED.,.F.,.F.,
  (2,2),(-2.618021178213E-02,-0.),.PIECEWISE_BEZIER_KNOTS.);
#952 = CARTESIAN_POINT('',(-0.620991717114,3.2995,1.578651141805));
#953 = CARTESIAN_POINT('',(-0.647171270468,3.2995,1.578465467069));
#954 = ORIENTED_EDGE('',*,*,#955,.F.);
#955 = EDGE_CURVE('',#956,#949,#958,.T.);
#956 = VERTEX_POINT('',#957);
#957 = CARTESIAN_POINT('',(-0.602627971914,3.2995,1.628984844867));
#958 = B_SPLINE_CURVE_WITH_KNOTS('',1,(#959,#960),.UNSPECIFIED.,.F.,.F.,
  (2,2),(-5.357899590096E-02,7.610390003183E-17),
  .PIECEWISE_BEZIER_KNOTS.);
#959 = CARTESIAN_POINT('',(-0.602627971914,3.2995,1.628984844867));
#960 = CARTESIAN_POINT('',(-0.620991717114,3.2995,1.578651141805));
#961 = ORIENTED_EDGE('',*,*,#962,.F.);
#962 = EDGE_CURVE('',#963,#956,#965,.T.);
#963 = VERTEX_POINT('',#964);
#964 = CARTESIAN_POINT('',(-0.526200566153,3.2995,1.629526895305));
#965 = B_SPLINE_CURVE_WITH_KNOTS('',1,(#966,#967),.UNSPECIFIED.,.F.,.F.,
  (2,2),(-7.642932794454E-02,-7.771365719056E-16),
  .PIECEWISE_BEZIER_KNOTS.);
#966 = CARTESIAN_POINT('',(-0.526200566153,3.2995,1.629526895305));
#967 = CARTESIAN_POINT('',(-0.602627971914,3.2995,1.628984844867));
#968 = ORIENTED_EDGE('',*,*,#969,.F.);
#969 = EDGE_CURVE('',#970,#963,#972,.T.);
#970 = VERTEX_POINT('',#971);
#971 = CARTESIAN_POINT('',(-0.508203820583,3.2995,1.579451073819));
#972 = B_SPLINE_CURVE_WITH_KNOTS('',1,(#973,#974),.UNSPECIFIED.,.F.,.F.,
  (2,2),(-5.32115659286E-02,0.),.PIECEWISE_BEZIER_KNOTS.);
#973 = CARTESIAN_POINT('',(-0.508203820583,3.2995,1.579451073819));
#974 = CARTESIAN_POINT('',(-0.526200566153,3.2995,1.629526895305));
#975 = ORIENTED_EDGE('',*,*,#976,.F.);
#976 = EDGE_CURVE('',#977,#970,#979,.T.);
#977 = VERTEX_POINT('',#978);
#978 = CARTESIAN_POINT('',(-0.482024267229,3.2995,1.579636748554));
#979 = B_SPLINE_CURVE_WITH_KNOTS('',1,(#980,#981),.UNSPECIFIED.,.F.,.F.,
  (2,2),(-2.618021178088E-02,1.574779975295E-18),
  .PIECEWISE_BEZIER_KNOTS.);
#980 = CARTESIAN_POINT('',(-0.482024267229,3.2995,1.579636748554));
#981 = CARTESIAN_POINT('',(-0.508203820583,3.2995,1.579451073819));
#982 = ORIENTED_EDGE('',*,*,#983,.F.);
#983 = EDGE_CURVE('',#984,#977,#986,.T.);
#984 = VERTEX_POINT('',#985);
#985 = CARTESIAN_POINT('',(-0.553231962682,3.2995,1.762679324481));
#986 = B_SPLINE_CURVE_WITH_KNOTS('',1,(#987,#988),.UNSPECIFIED.,.F.,.F.,
  (2,2),(-0.196405500161,-2.874405299963E-16),.PIECEWISE_BEZIER_KNOTS.);
#987 = CARTESIAN_POINT('',(-0.553231962682,3.2995,1.762679324481));
#988 = CARTESIAN_POINT('',(-0.482024267229,3.2995,1.579636748554));
#989 = ORIENTED_EDGE('',*,*,#990,.F.);
#990 = EDGE_CURVE('',#942,#984,#991,.T.);
#991 = B_SPLINE_CURVE_WITH_KNOTS('',1,(#992,#993),.UNSPECIFIED.,.F.,.F.,
  (2,2),(-2.533568882114E-02,6.661170616334E-16),
  .PIECEWISE_BEZIER_KNOTS.);
#992 = CARTESIAN_POINT('',(-0.578567014315,3.2995,1.762499639253));
#993 = CARTESIAN_POINT('',(-0.553231962682,3.2995,1.762679324481));
#994 = FACE_BOUND('',#995,.T.);
#995 = EDGE_LOOP('',(#996,#1007,#1016,#1025,#1034,#1043,#1052,#1061,
    #1070,#1079,#1086,#1095,#1104,#1113,#1122,#1131,#1140,#1149,#1158,
    #1167,#1176));
#996 = ORIENTED_EDGE('',*,*,#997,.F.);
#997 = EDGE_CURVE('',#998,#1000,#1002,.T.);
#998 = VERTEX_POINT('',#999);
#999 = CARTESIAN_POINT('',(-0.203636793374,3.2995,1.306102085908));
#1000 = VERTEX_POINT('',#1001);
#1001 = CARTESIAN_POINT('',(-0.165911725587,3.2995,1.319037808564));
#1002 = B_SPLINE_CURVE_WITH_KNOTS('',3,(#1003,#1004,#1005,#1006),
  .UNSPECIFIED.,.F.,.F.,(4,4),(0.,1.),.PIECEWISE_BEZIER_KNOTS.);
#1003 = CARTESIAN_POINT('',(-0.203636793374,3.2995,1.306102085908));
#1004 = CARTESIAN_POINT('',(-0.190124765836,3.2995,1.30619791803));
#1005 = CARTESIAN_POINT('',(-0.177581021082,3.2995,1.310509603748));
#1006 = CARTESIAN_POINT('',(-0.165911725587,3.2995,1.319037808564));
#1007 = ORIENTED_EDGE('',*,*,#1008,.F.);
#1008 = EDGE_CURVE('',#1009,#998,#1011,.T.);
#1009 = VERTEX_POINT('',#1010);
#1010 = CARTESIAN_POINT('',(-0.230880461633,3.2995,1.323644292307));
#1011 = B_SPLINE_CURVE_WITH_KNOTS('',3,(#1012,#1013,#1014,#1015),
  .UNSPECIFIED.,.F.,.F.,(4,4),(1.,2.),.PIECEWISE_BEZIER_KNOTS.);
#1012 = CARTESIAN_POINT('',(-0.230880461633,3.2995,1.323644292307));
#1013 = CARTESIAN_POINT('',(-0.230796608527,3.2995,1.311821268212));
#1014 = CARTESIAN_POINT('',(-0.221699746853,3.2995,1.305973976996));
#1015 = CARTESIAN_POINT('',(-0.203636793374,3.2995,1.306102085908));
#1016 = ORIENTED_EDGE('',*,*,#1017,.F.);
#1017 = EDGE_CURVE('',#1018,#1009,#1020,.T.);
#1018 = VERTEX_POINT('',#1019);
#1019 = CARTESIAN_POINT('',(-0.225057461198,3.2995,1.336166077628));
#1020 = B_SPLINE_CURVE_WITH_KNOTS('',3,(#1021,#1022,#1023,#1024),
  .UNSPECIFIED.,.F.,.F.,(4,4),(2.,3.),.PIECEWISE_BEZIER_KNOTS.);
#1021 = CARTESIAN_POINT('',(-0.225057461198,3.2995,1.336166077628));
#1022 = CARTESIAN_POINT('',(-0.2289751767,3.2995,1.332853953232));
#1023 = CARTESIAN_POINT('',(-0.230916398679,3.2995,1.328711302635));
#1024 = CARTESIAN_POINT('',(-0.230880461633,3.2995,1.323644292307));
#1025 = ORIENTED_EDGE('',*,*,#1026,.F.);
#1026 = EDGE_CURVE('',#1027,#1018,#1029,.T.);
#1027 = VERTEX_POINT('',#1028);
#1028 = CARTESIAN_POINT('',(-0.201072349752,3.2995,1.348065969165));
#1029 = B_SPLINE_CURVE_WITH_KNOTS('',3,(#1030,#1031,#1032,#1033),
  .UNSPECIFIED.,.F.,.F.,(4,4),(3.,4.),.PIECEWISE_BEZIER_KNOTS.);
#1030 = CARTESIAN_POINT('',(-0.201072349752,3.2995,1.348065969165));
#1031 = CARTESIAN_POINT('',(-0.213144930381,3.2995,1.343476110377));
#1032 = CARTESIAN_POINT('',(-0.221139745695,3.2995,1.339478202023));
#1033 = CARTESIAN_POINT('',(-0.225057461198,3.2995,1.336166077628));
#1034 = ORIENTED_EDGE('',*,*,#1035,.F.);
#1035 = EDGE_CURVE('',#1036,#1027,#1038,.T.);
#1036 = VERTEX_POINT('',#1037);
#1037 = CARTESIAN_POINT('',(-0.17290465975,3.2995,1.365625819715));
#1038 = B_SPLINE_CURVE_WITH_KNOTS('',3,(#1039,#1040,#1041,#1042),
  .UNSPECIFIED.,.F.,.F.,(4,4),(4.,5.),.PIECEWISE_BEZIER_KNOTS.);
#1039 = CARTESIAN_POINT('',(-0.17290465975,3.2995,1.365625819715));
#1040 = CARTESIAN_POINT('',(-0.177180406329,3.2995,1.359871361678));
#1041 = CARTESIAN_POINT('',(-0.186616331258,3.2995,1.353986467569));
#1042 = CARTESIAN_POINT('',(-0.201072349752,3.2995,1.348065969165));
#1043 = ORIENTED_EDGE('',*,*,#1044,.F.);
#1044 = EDGE_CURVE('',#1045,#1036,#1047,.T.);
#1045 = VERTEX_POINT('',#1046);
#1046 = CARTESIAN_POINT('',(-0.166530305479,3.2995,1.386409280953));
#1047 = B_SPLINE_CURVE_WITH_KNOTS('',3,(#1048,#1049,#1050,#1051),
  .UNSPECIFIED.,.F.,.F.,(4,4),(5.,6.),.PIECEWISE_BEZIER_KNOTS.);
#1048 = CARTESIAN_POINT('',(-0.166530305479,3.2995,1.386409280953));
#1049 = CARTESIAN_POINT('',(-0.166473072407,3.2995,1.37833959784));
#1050 = CARTESIAN_POINT('',(-0.168581996409,3.2995,1.371380610503));
#1051 = CARTESIAN_POINT('',(-0.17290465975,3.2995,1.365625819715));
#1052 = ORIENTED_EDGE('',*,*,#1053,.F.);
#1053 = EDGE_CURVE('',#1054,#1045,#1056,.T.);
#1054 = VERTEX_POINT('',#1055);
#1055 = CARTESIAN_POINT('',(-0.181460488088,3.2995,1.414267187642));
#1056 = B_SPLINE_CURVE_WITH_KNOTS('',3,(#1057,#1058,#1059,#1060),
  .UNSPECIFIED.,.F.,.F.,(4,4),(6.,7.),.PIECEWISE_BEZIER_KNOTS.);
#1057 = CARTESIAN_POINT('',(-0.181460488088,3.2995,1.414267187642));
#1058 = CARTESIAN_POINT('',(-0.171604972207,3.2995,1.407299218138));
#1059 = CARTESIAN_POINT('',(-0.166612827584,3.2995,1.398044637999));
#1060 = CARTESIAN_POINT('',(-0.166530305479,3.2995,1.386409280953));
#1061 = ORIENTED_EDGE('',*,*,#1062,.F.);
#1062 = EDGE_CURVE('',#1063,#1054,#1065,.T.);
#1063 = VERTEX_POINT('',#1064);
#1064 = CARTESIAN_POINT('',(-0.217847932689,3.2995,1.424425160043));
#1065 = B_SPLINE_CURVE_WITH_KNOTS('',3,(#1066,#1067,#1068,#1069),
  .UNSPECIFIED.,.F.,.F.,(4,4),(7.,8.),.PIECEWISE_BEZIER_KNOTS.);
#1066 = CARTESIAN_POINT('',(-0.217847932689,3.2995,1.424425160043));
#1067 = CARTESIAN_POINT('',(-0.203491403431,3.2995,1.424526981672));
#1068 = CARTESIAN_POINT('',(-0.19136225523,3.2995,1.421140990872));
#1069 = CARTESIAN_POINT('',(-0.181460488088,3.2995,1.414267187642));
#1070 = ORIENTED_EDGE('',*,*,#1071,.F.);
#1071 = EDGE_CURVE('',#1072,#1063,#1074,.T.);
#1072 = VERTEX_POINT('',#1073);
#1073 = CARTESIAN_POINT('',(-0.248865568269,3.2995,1.418387200739));
#1074 = B_SPLINE_CURVE_WITH_KNOTS('',3,(#1075,#1076,#1077,#1078),
  .UNSPECIFIED.,.F.,.F.,(4,4),(8.,9.),.PIECEWISE_BEZIER_KNOTS.);
#1075 = CARTESIAN_POINT('',(-0.248865568269,3.2995,1.418387200739));
#1076 = CARTESIAN_POINT('',(-0.239322499799,3.2995,1.422396089858));
#1077 = CARTESIAN_POINT('',(-0.229014122113,3.2995,1.424345965442));
#1078 = CARTESIAN_POINT('',(-0.217847932689,3.2995,1.424425160043));
#1079 = ORIENTED_EDGE('',*,*,#1080,.F.);
#1080 = EDGE_CURVE('',#1081,#1072,#1083,.T.);
#1081 = VERTEX_POINT('',#1082);
#1082 = CARTESIAN_POINT('',(-0.248707179069,3.2995,1.396054821893));
#1083 = B_SPLINE_CURVE_WITH_KNOTS('',1,(#1084,#1085),.UNSPECIFIED.,.F.,
  .F.,(2,2),(-2.233294051606E-02,-2.212516305568E-16),
  .PIECEWISE_BEZIER_KNOTS.);
#1084 = CARTESIAN_POINT('',(-0.248707179069,3.2995,1.396054821893));
#1085 = CARTESIAN_POINT('',(-0.248865568269,3.2995,1.418387200739));
#1086 = ORIENTED_EDGE('',*,*,#1087,.F.);
#1087 = EDGE_CURVE('',#1088,#1081,#1090,.T.);
#1088 = VERTEX_POINT('',#1089);
#1089 = CARTESIAN_POINT('',(-0.215463493432,3.2995,1.405768260674));
#1090 = B_SPLINE_CURVE_WITH_KNOTS('',3,(#1091,#1092,#1093,#1094),
  .UNSPECIFIED.,.F.,.F.,(4,4),(10.,11.),.PIECEWISE_BEZIER_KNOTS.);
#1091 = CARTESIAN_POINT('',(-0.215463493432,3.2995,1.405768260674));
#1092 = CARTESIAN_POINT('',(-0.227896435437,3.2995,1.405680081812));
#1093 = CARTESIAN_POINT('',(-0.238946164308,3.2995,1.402411212877));
#1094 = CARTESIAN_POINT('',(-0.248707179069,3.2995,1.396054821893));
#1095 = ORIENTED_EDGE('',*,*,#1096,.F.);
#1096 = EDGE_CURVE('',#1097,#1088,#1099,.T.);
#1097 = VERTEX_POINT('',#1098);
#1098 = CARTESIAN_POINT('',(-0.197319017146,3.2995,1.401017359059));
#1099 = B_SPLINE_CURVE_WITH_KNOTS('',3,(#1100,#1101,#1102,#1103),
  .UNSPECIFIED.,.F.,.F.,(4,4),(11.,12.),.PIECEWISE_BEZIER_KNOTS.);
#1100 = CARTESIAN_POINT('',(-0.197319017146,3.2995,1.401017359059));
#1101 = CARTESIAN_POINT('',(-0.201987069142,3.2995,1.404268590127));
#1102 = CARTESIAN_POINT('',(-0.208050644991,3.2995,1.405820835241));
#1103 = CARTESIAN_POINT('',(-0.215463493432,3.2995,1.405768260674));
#1104 = ORIENTED_EDGE('',*,*,#1105,.F.);
#1105 = EDGE_CURVE('',#1106,#1097,#1108,.T.);
#1106 = VERTEX_POINT('',#1107);
#1107 = CARTESIAN_POINT('',(-0.190237911451,3.2995,1.388305579531));
#1108 = B_SPLINE_CURVE_WITH_KNOTS('',3,(#1109,#1110,#1111,#1112),
  .UNSPECIFIED.,.F.,.F.,(4,4),(12.,13.),.PIECEWISE_BEZIER_KNOTS.);
#1109 = CARTESIAN_POINT('',(-0.190237911451,3.2995,1.388305579531));
#1110 = CARTESIAN_POINT('',(-0.190275179498,3.2995,1.393560256906));
#1111 = CARTESIAN_POINT('',(-0.192651630652,3.2995,1.397859961515));
#1112 = CARTESIAN_POINT('',(-0.197319017146,3.2995,1.401017359059));
#1113 = ORIENTED_EDGE('',*,*,#1114,.F.);
#1114 = EDGE_CURVE('',#1115,#1106,#1117,.T.);
#1115 = VERTEX_POINT('',#1116);
#1116 = CARTESIAN_POINT('',(-0.195171489906,3.2995,1.376071617042));
#1117 = B_SPLINE_CURVE_WITH_KNOTS('',3,(#1118,#1119,#1120,#1121),
  .UNSPECIFIED.,.F.,.F.,(4,4),(13.,14.),.PIECEWISE_BEZIER_KNOTS.);
#1118 = CARTESIAN_POINT('',(-0.195171489906,3.2995,1.376071617042));
#1119 = CARTESIAN_POINT('',(-0.19186103031,3.2995,1.379004081583));
#1120 = CARTESIAN_POINT('',(-0.190200643404,3.2995,1.383050902155));
#1121 = CARTESIAN_POINT('',(-0.190237911451,3.2995,1.388305579531));
#1122 = ORIENTED_EDGE('',*,*,#1123,.F.);
#1123 = EDGE_CURVE('',#1124,#1115,#1126,.T.);
#1124 = VERTEX_POINT('',#1125);
#1125 = CARTESIAN_POINT('',(-0.217424008652,3.2995,1.364653204892));
#1126 = B_SPLINE_CURVE_WITH_KNOTS('',3,(#1127,#1128,#1129,#1130),
  .UNSPECIFIED.,.F.,.F.,(4,4),(14.,15.),.PIECEWISE_BEZIER_KNOTS.);
#1127 = CARTESIAN_POINT('',(-0.217424008652,3.2995,1.364653204892));
#1128 = CARTESIAN_POINT('',(-0.205914429171,3.2995,1.369239070675));
#1129 = CARTESIAN_POINT('',(-0.198528200764,3.2995,1.373044986225));
#1130 = CARTESIAN_POINT('',(-0.195171489906,3.2995,1.376071617042));
#1131 = ORIENTED_EDGE('',*,*,#1132,.F.);
#1132 = EDGE_CURVE('',#1133,#1124,#1135,.T.);
#1133 = VERTEX_POINT('',#1134);
#1134 = CARTESIAN_POINT('',(-0.246954946763,3.2995,1.347459038679));
#1135 = B_SPLINE_CURVE_WITH_KNOTS('',3,(#1136,#1137,#1138,#1139),
  .UNSPECIFIED.,.F.,.F.,(4,4),(15.,16.),.PIECEWISE_BEZIER_KNOTS.);
#1136 = CARTESIAN_POINT('',(-0.246954946763,3.2995,1.347459038679));
#1137 = CARTESIAN_POINT('',(-0.241835363964,3.2995,1.353313319749));
#1138 = CARTESIAN_POINT('',(-0.232023439436,3.2995,1.359107042336));
#1139 = CARTESIAN_POINT('',(-0.217424008652,3.2995,1.364653204892));
#1140 = ORIENTED_EDGE('',*,*,#1141,.F.);
#1141 = EDGE_CURVE('',#1142,#1133,#1144,.T.);
#1142 = VERTEX_POINT('',#1143);
#1143 = CARTESIAN_POINT('',(-0.254495565082,3.2995,1.325728923435));
#1144 = B_SPLINE_CURVE_WITH_KNOTS('',3,(#1145,#1146,#1147,#1148),
  .UNSPECIFIED.,.F.,.F.,(4,4),(16.,17.),.PIECEWISE_BEZIER_KNOTS.);
#1145 = CARTESIAN_POINT('',(-0.254495565082,3.2995,1.325728923435));
#1146 = CARTESIAN_POINT('',(-0.25455679116,3.2995,1.334361607695));
#1147 = CARTESIAN_POINT('',(-0.252027612799,3.2995,1.341605090361));
#1148 = CARTESIAN_POINT('',(-0.246954946763,3.2995,1.347459038679));
#1149 = ORIENTED_EDGE('',*,*,#1150,.F.);
#1150 = EDGE_CURVE('',#1151,#1142,#1153,.T.);
#1151 = VERTEX_POINT('',#1152);
#1152 = CARTESIAN_POINT('',(-0.239515803708,3.2995,1.297496015398));
#1153 = B_SPLINE_CURVE_WITH_KNOTS('',3,(#1154,#1155,#1156,#1157),
  .UNSPECIFIED.,.F.,.F.,(4,4),(17.,18.),.PIECEWISE_BEZIER_KNOTS.);
#1154 = CARTESIAN_POINT('',(-0.239515803708,3.2995,1.297496015398));
#1155 = CARTESIAN_POINT('',(-0.249416905349,3.2995,1.304275985104));
#1156 = CARTESIAN_POINT('',(-0.254410380974,3.2995,1.31371823229));
#1157 = CARTESIAN_POINT('',(-0.254495565082,3.2995,1.325728923435));
#1158 = ORIENTED_EDGE('',*,*,#1159,.F.);
#1159 = EDGE_CURVE('',#1160,#1151,#1162,.T.);
#1160 = VERTEX_POINT('',#1161);
#1161 = CARTESIAN_POINT('',(-0.201251688616,3.2995,1.287351353015));
#1162 = B_SPLINE_CURVE_WITH_KNOTS('',3,(#1163,#1164,#1165,#1166),
  .UNSPECIFIED.,.F.,.F.,(4,4),(18.,19.),.PIECEWISE_BEZIER_KNOTS.);
#1163 = CARTESIAN_POINT('',(-0.201251688616,3.2995,1.287351353015));
#1164 = CARTESIAN_POINT('',(-0.216874970456,3.2995,1.287240547124));
#1165 = CARTESIAN_POINT('',(-0.229660953328,3.2995,1.290621879418));
#1166 = CARTESIAN_POINT('',(-0.239515803708,3.2995,1.297496015398));
#1167 = ORIENTED_EDGE('',*,*,#1168,.F.);
#1168 = EDGE_CURVE('',#1169,#1160,#1171,.T.);
#1169 = VERTEX_POINT('',#1170);
#1170 = CARTESIAN_POINT('',(-0.165743353873,3.2995,1.295297926849));
#1171 = B_SPLINE_CURVE_WITH_KNOTS('',3,(#1172,#1173,#1174,#1175),
  .UNSPECIFIED.,.F.,.F.,(4,4),(19.,20.),.PIECEWISE_BEZIER_KNOTS.);
#1172 = CARTESIAN_POINT('',(-0.165743353873,3.2995,1.295297926849));
#1173 = CARTESIAN_POINT('',(-0.175841437481,3.2995,1.290159042431));
#1174 = CARTESIAN_POINT('',(-0.187645827553,3.2995,1.287447850637));
#1175 = CARTESIAN_POINT('',(-0.201251688616,3.2995,1.287351353015));
#1176 = ORIENTED_EDGE('',*,*,#1177,.F.);
#1177 = EDGE_CURVE('',#1000,#1169,#1178,.T.);
#1178 = B_SPLINE_CURVE_WITH_KNOTS('',1,(#1179,#1180),.UNSPECIFIED.,.F.,
  .F.,(2,2),(-2.374047878356E-02,-3.936949938257E-19),
  .PIECEWISE_BEZIER_KNOTS.);
#1179 = CARTESIAN_POINT('',(-0.165911725587,3.2995,1.319037808564));
#1180 = CARTESIAN_POINT('',(-0.165743353873,3.2995,1.295297926849));
#1181 = FACE_BOUND('',#1182,.T.);
#1182 = EDGE_LOOP('',(#1183,#1192,#1199,#1206,#1213,#1220,#1227,#1234,
    #1241,#1248,#1255,#1262));
#1183 = ORIENTED_EDGE('',*,*,#1184,.F.);
#1184 = EDGE_CURVE('',#1185,#1187,#1189,.T.);
#1185 = VERTEX_POINT('',#1186);
#1186 = CARTESIAN_POINT('',(-0.515522123922,3.2995,1.288219097));
#1187 = VERTEX_POINT('',#1188);
#1188 = CARTESIAN_POINT('',(-0.51567053061,3.2995,1.309143972979));
#1189 = B_SPLINE_CURVE_WITH_KNOTS('',1,(#1190,#1191),.UNSPECIFIED.,.F.,
  .F.,(2,2),(-2.092540224858E-02,0.),.PIECEWISE_BEZIER_KNOTS.);
#1190 = CARTESIAN_POINT('',(-0.515522123922,3.2995,1.288219097));
#1191 = CARTESIAN_POINT('',(-0.51567053061,3.2995,1.309143972979));
#1192 = ORIENTED_EDGE('',*,*,#1193,.F.);
#1193 = EDGE_CURVE('',#1194,#1185,#1196,.T.);
#1194 = VERTEX_POINT('',#1195);
#1195 = CARTESIAN_POINT('',(-0.416809256076,3.2995,1.288919203888));
#1196 = B_SPLINE_CURVE_WITH_KNOTS('',1,(#1197,#1198),.UNSPECIFIED.,.F.,
  .F.,(2,2),(-9.87153505184E-02,0.),.PIECEWISE_BEZIER_KNOTS.);
#1197 = CARTESIAN_POINT('',(-0.416809256076,3.2995,1.288919203888));
#1198 = CARTESIAN_POINT('',(-0.515522123922,3.2995,1.288219097));
#1199 = ORIENTED_EDGE('',*,*,#1200,.F.);
#1200 = EDGE_CURVE('',#1201,#1194,#1203,.T.);
#1201 = VERTEX_POINT('',#1202);
#1202 = CARTESIAN_POINT('',(-0.418110975727,3.2995,1.472457577943));
#1203 = B_SPLINE_CURVE_WITH_KNOTS('',1,(#1204,#1205),.UNSPECIFIED.,.F.,
  .F.,(2,2),(-0.183542990127,-1.574779975303E-18),
  .PIECEWISE_BEZIER_KNOTS.);
#1204 = CARTESIAN_POINT('',(-0.418110975727,3.2995,1.472457577943));
#1205 = CARTESIAN_POINT('',(-0.416809256076,3.2995,1.288919203888));
#1206 = ORIENTED_EDGE('',*,*,#1207,.F.);
#1207 = EDGE_CURVE('',#1208,#1201,#1210,.T.);
#1208 = VERTEX_POINT('',#1209);
#1209 = CARTESIAN_POINT('',(-0.512648251729,3.2995,1.471787085843));
#1210 = B_SPLINE_CURVE_WITH_KNOTS('',1,(#1211,#1212),.UNSPECIFIED.,.F.,
  .F.,(2,2),(-9.453965365687E-02,-3.34633310792E-16),
  .PIECEWISE_BEZIER_KNOTS.);
#1211 = CARTESIAN_POINT('',(-0.512648251729,3.2995,1.471787085843));
#1212 = CARTESIAN_POINT('',(-0.418110975727,3.2995,1.472457577943));
#1213 = ORIENTED_EDGE('',*,*,#1214,.F.);
#1214 = EDGE_CURVE('',#1215,#1208,#1217,.T.);
#1215 = VERTEX_POINT('',#1216);
#1216 = CARTESIAN_POINT('',(-0.512498514039,3.2995,1.450674542815));
#1217 = B_SPLINE_CURVE_WITH_KNOTS('',1,(#1218,#1219),.UNSPECIFIED.,.F.,
  .F.,(2,2),(-2.111307401741E-02,-2.220390205445E-16),
  .PIECEWISE_BEZIER_KNOTS.);
#1218 = CARTESIAN_POINT('',(-0.512498514039,3.2995,1.450674542815));
#1219 = CARTESIAN_POINT('',(-0.512648251729,3.2995,1.471787085843));
#1220 = ORIENTED_EDGE('',*,*,#1221,.F.);
#1221 = EDGE_CURVE('',#1222,#1215,#1224,.T.);
#1222 = VERTEX_POINT('',#1223);
#1223 = CARTESIAN_POINT('',(-0.441654202991,3.2995,1.451176995952));
#1224 = B_SPLINE_CURVE_WITH_KNOTS('',1,(#1225,#1226),.UNSPECIFIED.,.F.,
  .F.,(2,2),(-7.084609281427E-02,3.330585308167E-16),
  .PIECEWISE_BEZIER_KNOTS.);
#1225 = CARTESIAN_POINT('',(-0.441654202991,3.2995,1.451176995952));
#1226 = CARTESIAN_POINT('',(-0.512498514039,3.2995,1.450674542815));
#1227 = ORIENTED_EDGE('',*,*,#1228,.F.);
#1228 = EDGE_CURVE('',#1229,#1222,#1231,.T.);
#1229 = VERTEX_POINT('',#1230);
#1230 = CARTESIAN_POINT('',(-0.441237599463,3.2995,1.392437209572));
#1231 = B_SPLINE_CURVE_WITH_KNOTS('',1,(#1232,#1233),.UNSPECIFIED.,.F.,
  .F.,(2,2),(-5.874126371208E-02,-2.204642405692E-16),
  .PIECEWISE_BEZIER_KNOTS.);
#1232 = CARTESIAN_POINT('',(-0.441237599463,3.2995,1.392437209572));
#1233 = CARTESIAN_POINT('',(-0.441654202991,3.2995,1.451176995952));
#1234 = ORIENTED_EDGE('',*,*,#1235,.F.);
#1235 = EDGE_CURVE('',#1236,#1229,#1238,.T.);
#1236 = VERTEX_POINT('',#1237);
#1237 = CARTESIAN_POINT('',(-0.506874149897,3.2995,1.391971691732));
#1238 = B_SPLINE_CURVE_WITH_KNOTS('',1,(#1239,#1240),.UNSPECIFIED.,.F.,
  .F.,(2,2),(-6.563820122292E-02,5.708453511142E-17),
  .PIECEWISE_BEZIER_KNOTS.);
#1239 = CARTESIAN_POINT('',(-0.506874149897,3.2995,1.391971691732));
#1240 = CARTESIAN_POINT('',(-0.441237599463,3.2995,1.392437209572));
#1241 = ORIENTED_EDGE('',*,*,#1242,.F.);
#1242 = EDGE_CURVE('',#1243,#1236,#1245,.T.);
#1243 = VERTEX_POINT('',#1244);
#1244 = CARTESIAN_POINT('',(-0.506725077708,3.2995,1.370952982229));
#1245 = B_SPLINE_CURVE_WITH_KNOTS('',1,(#1246,#1247),.UNSPECIFIED.,.F.,
  .F.,(2,2),(-2.101923813299E-02,-2.220390205445E-16),
  .PIECEWISE_BEZIER_KNOTS.);
#1246 = CARTESIAN_POINT('',(-0.506725077708,3.2995,1.370952982229));
#1247 = CARTESIAN_POINT('',(-0.506874149897,3.2995,1.391971691732));
#1248 = ORIENTED_EDGE('',*,*,#1249,.F.);
#1249 = EDGE_CURVE('',#1250,#1243,#1252,.T.);
#1250 = VERTEX_POINT('',#1251);
#1251 = CARTESIAN_POINT('',(-0.441088527274,3.2995,1.371418500069));
#1252 = B_SPLINE_CURVE_WITH_KNOTS('',1,(#1253,#1254),.UNSPECIFIED.,.F.,
  .F.,(2,2),(-6.563820122292E-02,-4.440780410889E-16),
  .PIECEWISE_BEZIER_KNOTS.);
#1253 = CARTESIAN_POINT('',(-0.441088527274,3.2995,1.371418500069));
#1254 = CARTESIAN_POINT('',(-0.506725077708,3.2995,1.370952982229));
#1255 = ORIENTED_EDGE('',*,*,#1256,.F.);
#1256 = EDGE_CURVE('',#1257,#1250,#1259,.T.);
#1257 = VERTEX_POINT('',#1258);
#1258 = CARTESIAN_POINT('',(-0.440650627719,3.2995,1.309676040903));
#1259 = B_SPLINE_CURVE_WITH_KNOTS('',1,(#1260,#1261),.UNSPECIFIED.,.F.,
  .F.,(2,2),(-6.174401201589E-02,-2.204642405692E-16),
  .PIECEWISE_BEZIER_KNOTS.);
#1260 = CARTESIAN_POINT('',(-0.440650627719,3.2995,1.309676040903));
#1261 = CARTESIAN_POINT('',(-0.441088527274,3.2995,1.371418500069));
#1262 = ORIENTED_EDGE('',*,*,#1263,.F.);
#1263 = EDGE_CURVE('',#1187,#1257,#1264,.T.);
#1264 = B_SPLINE_CURVE_WITH_KNOTS('',1,(#1265,#1266),.UNSPECIFIED.,.F.,
  .F.,(2,2),(-7.50217896758E-02,2.220390205445E-16),
  .PIECEWISE_BEZIER_KNOTS.);
#1265 = CARTESIAN_POINT('',(-0.51567053061,3.2995,1.309143972979));
#1266 = CARTESIAN_POINT('',(-0.440650627719,3.2995,1.309676040903));
#1267 = FACE_BOUND('',#1268,.T.);
#1268 = EDGE_LOOP('',(#1269,#1278,#1285,#1292,#1301,#1310,#1319));
#1269 = ORIENTED_EDGE('',*,*,#1270,.F.);
#1270 = EDGE_CURVE('',#1271,#1273,#1275,.T.);
#1271 = VERTEX_POINT('',#1272);
#1272 = CARTESIAN_POINT('',(-0.550193611251,3.2995,1.287973194439));
#1273 = VERTEX_POINT('',#1274);
#1274 = CARTESIAN_POINT('',(-0.600676047468,3.2995,1.287615154985));
#1275 = B_SPLINE_CURVE_WITH_KNOTS('',1,(#1276,#1277),.UNSPECIFIED.,.F.,
  .F.,(2,2),(-5.048370587345E-02,0.),.PIECEWISE_BEZIER_KNOTS.);
#1276 = CARTESIAN_POINT('',(-0.550193611251,3.2995,1.287973194439));
#1277 = CARTESIAN_POINT('',(-0.600676047468,3.2995,1.287615154985));
#1278 = ORIENTED_EDGE('',*,*,#1279,.F.);
#1279 = EDGE_CURVE('',#1280,#1271,#1282,.T.);
#1280 = VERTEX_POINT('',#1281);
#1281 = CARTESIAN_POINT('',(-0.551495330901,3.2995,1.471511568493));
#1282 = B_SPLINE_CURVE_WITH_KNOTS('',1,(#1283,#1284),.UNSPECIFIED.,.F.,
  .F.,(2,2),(-0.183542990127,0.),.PIECEWISE_BEZIER_KNOTS.);
#1283 = CARTESIAN_POINT('',(-0.551495330901,3.2995,1.471511568493));
#1284 = CARTESIAN_POINT('',(-0.550193611251,3.2995,1.287973194439));
#1285 = ORIENTED_EDGE('',*,*,#1286,.F.);
#1286 = EDGE_CURVE('',#1287,#1280,#1289,.T.);
#1287 = VERTEX_POINT('',#1288);
#1288 = CARTESIAN_POINT('',(-0.603854437609,3.2995,1.471140219023));
#1289 = B_SPLINE_CURVE_WITH_KNOTS('',1,(#1290,#1291),.UNSPECIFIED.,.F.,
  .F.,(2,2),(-5.236042356302E-02,-3.34633310792E-16),
  .PIECEWISE_BEZIER_KNOTS.);
#1290 = CARTESIAN_POINT('',(-0.603854437609,3.2995,1.471140219023));
#1291 = CARTESIAN_POINT('',(-0.551495330901,3.2995,1.471511568493));
#1292 = ORIENTED_EDGE('',*,*,#1293,.F.);
#1293 = EDGE_CURVE('',#1294,#1287,#1296,.T.);
#1294 = VERTEX_POINT('',#1295);
#1295 = CARTESIAN_POINT('',(-0.673071964308,3.2995,1.446345198286));
#1296 = B_SPLINE_CURVE_WITH_KNOTS('',3,(#1297,#1298,#1299,#1300),
  .UNSPECIFIED.,.F.,.F.,(4,4),(2.,3.),.PIECEWISE_BEZIER_KNOTS.);
#1297 = CARTESIAN_POINT('',(-0.673071964308,3.2995,1.446345198286));
#1298 = CARTESIAN_POINT('',(-0.654748808377,3.2995,1.462709168951));
#1299 = CARTESIAN_POINT('',(-0.631676077643,3.2995,1.470942898022));
#1300 = CARTESIAN_POINT('',(-0.603854437609,3.2995,1.471140219023));
#1301 = ORIENTED_EDGE('',*,*,#1302,.F.);
#1302 = EDGE_CURVE('',#1303,#1294,#1305,.T.);
#1303 = VERTEX_POINT('',#1304);
#1304 = CARTESIAN_POINT('',(-0.700290996471,3.2995,1.381028409486));
#1305 = B_SPLINE_CURVE_WITH_KNOTS('',3,(#1306,#1307,#1308,#1309),
  .UNSPECIFIED.,.F.,.F.,(4,4),(3.,4.),.PIECEWISE_BEZIER_KNOTS.);
#1306 = CARTESIAN_POINT('',(-0.700290996471,3.2995,1.381028409486));
#1307 = CARTESIAN_POINT('',(-0.700483991716,3.2995,1.408240131611));
#1308 = CARTESIAN_POINT('',(-0.69139512024,3.2995,1.429981227619));
#1309 = CARTESIAN_POINT('',(-0.673071964308,3.2995,1.446345198286));
#1310 = ORIENTED_EDGE('',*,*,#1311,.F.);
#1311 = EDGE_CURVE('',#1312,#1303,#1314,.T.);
#1312 = VERTEX_POINT('',#1313);
#1313 = CARTESIAN_POINT('',(-0.672124956608,3.2995,1.312820092825));
#1314 = B_SPLINE_CURVE_WITH_KNOTS('',3,(#1315,#1316,#1317,#1318),
  .UNSPECIFIED.,.F.,.F.,(4,4),(4.,5.),.PIECEWISE_BEZIER_KNOTS.);
#1315 = CARTESIAN_POINT('',(-0.672124956608,3.2995,1.312820092825));
#1316 = CARTESIAN_POINT('',(-0.69068503084,3.2995,1.329860856906));
#1317 = CARTESIAN_POINT('',(-0.700089349716,3.2995,1.352596851542));
#1318 = CARTESIAN_POINT('',(-0.700290996471,3.2995,1.381028409486));
#1319 = ORIENTED_EDGE('',*,*,#1320,.F.);
#1320 = EDGE_CURVE('',#1273,#1312,#1321,.T.);
#1321 = B_SPLINE_CURVE_WITH_KNOTS('',3,(#1322,#1323,#1324,#1325),
  .UNSPECIFIED.,.F.,.F.,(4,4),(5.,6.),.PIECEWISE_BEZIER_KNOTS.);
#1322 = CARTESIAN_POINT('',(-0.600676047468,3.2995,1.287615154985));
#1323 = CARTESIAN_POINT('',(-0.629717523321,3.2995,1.287409182474));
#1324 = CARTESIAN_POINT('',(-0.653564882377,3.2995,1.295779328744));
#1325 = CARTESIAN_POINT('',(-0.672124956608,3.2995,1.312820092825));
#1326 = FACE_BOUND('',#1327,.T.);
#1327 = EDGE_LOOP('',(#1328,#1337,#1344,#1351,#1358,#1365,#1372,#1379));
#1328 = ORIENTED_EDGE('',*,*,#1329,.F.);
#1329 = EDGE_CURVE('',#1330,#1332,#1334,.T.);
#1330 = VERTEX_POINT('',#1331);
#1331 = CARTESIAN_POINT('',(-0.874951439779,3.2995,1.285669896019));
#1332 = VERTEX_POINT('',#1333);
#1333 = CARTESIAN_POINT('',(-0.806347183627,3.2995,1.469704068202));
#1334 = B_SPLINE_CURVE_WITH_KNOTS('',1,(#1335,#1336),.UNSPECIFIED.,.F.,
  .F.,(2,2),(-0.196405500161,-2.080583029585E-16),
  .PIECEWISE_BEZIER_KNOTS.);
#1335 = CARTESIAN_POINT('',(-0.874951439779,3.2995,1.285669896019));
#1336 = CARTESIAN_POINT('',(-0.806347183627,3.2995,1.469704068202));
#1337 = ORIENTED_EDGE('',*,*,#1338,.F.);
#1338 = EDGE_CURVE('',#1339,#1330,#1341,.T.);
#1339 = VERTEX_POINT('',#1340);
#1340 = CARTESIAN_POINT('',(-0.848771886426,3.2995,1.285855570754));
#1341 = B_SPLINE_CURVE_WITH_KNOTS('',1,(#1342,#1343),.UNSPECIFIED.,.F.,
  .F.,(2,2),(-2.618021178088E-02,-0.),.PIECEWISE_BEZIER_KNOTS.);
#1342 = CARTESIAN_POINT('',(-0.848771886426,3.2995,1.285855570754));
#1343 = CARTESIAN_POINT('',(-0.874951439779,3.2995,1.285669896019));
#1344 = ORIENTED_EDGE('',*,*,#1345,.F.);
#1345 = EDGE_CURVE('',#1346,#1339,#1348,.T.);
#1346 = VERTEX_POINT('',#1347);
#1347 = CARTESIAN_POINT('',(-0.830408141225,3.2995,1.336189273815));
#1348 = B_SPLINE_CURVE_WITH_KNOTS('',1,(#1349,#1350),.UNSPECIFIED.,.F.,
  .F.,(2,2),(-5.357899590022E-02,0.),.PIECEWISE_BEZIER_KNOTS.);
#1349 = CARTESIAN_POINT('',(-0.830408141225,3.2995,1.336189273815));
#1350 = CARTESIAN_POINT('',(-0.848771886426,3.2995,1.285855570754));
#1351 = ORIENTED_EDGE('',*,*,#1352,.F.);
#1352 = EDGE_CURVE('',#1353,#1346,#1355,.T.);
#1353 = VERTEX_POINT('',#1354);
#1354 = CARTESIAN_POINT('',(-0.753980735464,3.2995,1.336731324252));
#1355 = B_SPLINE_CURVE_WITH_KNOTS('',1,(#1356,#1357),.UNSPECIFIED.,.F.,
  .F.,(2,2),(-7.642932794454E-02,1.125942902475E-16),
  .PIECEWISE_BEZIER_KNOTS.);
#1356 = CARTESIAN_POINT('',(-0.753980735464,3.2995,1.336731324252));
#1357 = CARTESIAN_POINT('',(-0.830408141225,3.2995,1.336189273815));
#1358 = ORIENTED_EDGE('',*,*,#1359,.F.);
#1359 = EDGE_CURVE('',#1360,#1353,#1362,.T.);
#1360 = VERTEX_POINT('',#1361);
#1361 = CARTESIAN_POINT('',(-0.735983989894,3.2995,1.286655502768));
#1362 = B_SPLINE_CURVE_WITH_KNOTS('',1,(#1363,#1364),.UNSPECIFIED.,.F.,
  .F.,(2,2),(-5.321156592742E-02,-2.089595711759E-16),
  .PIECEWISE_BEZIER_KNOTS.);
#1363 = CARTESIAN_POINT('',(-0.735983989894,3.2995,1.286655502768));
#1364 = CARTESIAN_POINT('',(-0.753980735464,3.2995,1.336731324252));
#1365 = ORIENTED_EDGE('',*,*,#1366,.F.);
#1366 = EDGE_CURVE('',#1367,#1360,#1369,.T.);
#1367 = VERTEX_POINT('',#1368);
#1368 = CARTESIAN_POINT('',(-0.709804436539,3.2995,1.286841177503));
#1369 = B_SPLINE_CURVE_WITH_KNOTS('',1,(#1370,#1371),.UNSPECIFIED.,.F.,
  .F.,(2,2),(-2.618021178214E-02,2.236138005198E-16),
  .PIECEWISE_BEZIER_KNOTS.);
#1370 = CARTESIAN_POINT('',(-0.709804436539,3.2995,1.286841177503));
#1371 = CARTESIAN_POINT('',(-0.735983989894,3.2995,1.286655502768));
#1372 = ORIENTED_EDGE('',*,*,#1373,.F.);
#1373 = EDGE_CURVE('',#1374,#1367,#1376,.T.);
#1374 = VERTEX_POINT('',#1375);
#1375 = CARTESIAN_POINT('',(-0.781012131993,3.2995,1.46988375343));
#1376 = B_SPLINE_CURVE_WITH_KNOTS('',1,(#1377,#1378),.UNSPECIFIED.,.F.,
  .F.,(2,2),(-0.196405500161,2.069372620556E-16),
  .PIECEWISE_BEZIER_KNOTS.);
#1377 = CARTESIAN_POINT('',(-0.781012131993,3.2995,1.46988375343));
#1378 = CARTESIAN_POINT('',(-0.709804436539,3.2995,1.286841177503));
#1379 = ORIENTED_EDGE('',*,*,#1380,.F.);
#1380 = EDGE_CURVE('',#1332,#1374,#1381,.T.);
#1381 = B_SPLINE_CURVE_WITH_KNOTS('',1,(#1382,#1383),.UNSPECIFIED.,.F.,
  .F.,(2,2),(-2.533568882239E-02,1.574779975302E-18),
  .PIECEWISE_BEZIER_KNOTS.);
#1382 = CARTESIAN_POINT('',(-0.806347183627,3.2995,1.469704068202));
#1383 = CARTESIAN_POINT('',(-0.781012131993,3.2995,1.46988375343));
#1384 = FACE_BOUND('',#1385,.T.);
#1385 = EDGE_LOOP('',(#1386,#1397,#1406,#1415,#1422,#1431,#1440,#1449,
    #1456,#1465,#1474,#1483,#1492,#1501,#1510,#1519,#1528,#1537,#1546,
    #1553,#1560,#1567,#1576,#1585,#1594,#1603,#1612,#1621,#1630,#1639,
    #1648,#1657,#1666));
#1386 = ORIENTED_EDGE('',*,*,#1387,.F.);
#1387 = EDGE_CURVE('',#1388,#1390,#1392,.T.);
#1388 = VERTEX_POINT('',#1389);
#1389 = CARTESIAN_POINT('',(0.240510116355,3.2995,1.47564523365));
#1390 = VERTEX_POINT('',#1391);
#1391 = CARTESIAN_POINT('',(0.368486637343,3.2995,1.647508460896));
#1392 = B_SPLINE_CURVE_WITH_KNOTS('',3,(#1393,#1394,#1395,#1396),
  .UNSPECIFIED.,.F.,.F.,(4,4),(35.,36.),.PIECEWISE_BEZIER_KNOTS.);
#1393 = CARTESIAN_POINT('',(0.240510116355,3.2995,1.47564523365));
#1394 = CARTESIAN_POINT('',(0.24125973025,3.2995,1.553950782942));
#1395 = CARTESIAN_POINT('',(0.294271741867,3.2995,1.623492027564));
#1396 = CARTESIAN_POINT('',(0.368486637343,3.2995,1.647508460896));
#1397 = ORIENTED_EDGE('',*,*,#1398,.F.);
#1398 = EDGE_CURVE('',#1399,#1388,#1401,.T.);
#1399 = VERTEX_POINT('',#1400);
#1400 = CARTESIAN_POINT('',(0.289672105742,3.2995,1.352018460661));
#1401 = B_SPLINE_CURVE_WITH_KNOTS('',3,(#1402,#1403,#1404,#1405),
  .UNSPECIFIED.,.F.,.F.,(4,4),(34.,35.),.PIECEWISE_BEZIER_KNOTS.);
#1402 = CARTESIAN_POINT('',(0.289672105742,3.2995,1.352018460661));
#1403 = CARTESIAN_POINT('',(0.25811291589,3.2995,1.385724734147));
#1404 = CARTESIAN_POINT('',(0.24083404463,3.2995,1.429972366247));
#1405 = CARTESIAN_POINT('',(0.240510116355,3.2995,1.47564523365));
#1406 = ORIENTED_EDGE('',*,*,#1407,.F.);
#1407 = EDGE_CURVE('',#1408,#1399,#1410,.T.);
#1408 = VERTEX_POINT('',#1409);
#1409 = CARTESIAN_POINT('',(0.408838020289,3.2995,1.294138415945));
#1410 = B_SPLINE_CURVE_WITH_KNOTS('',3,(#1411,#1412,#1413,#1414),
  .UNSPECIFIED.,.F.,.F.,(4,4),(33.,34.),.PIECEWISE_BEZIER_KNOTS.);
#1411 = CARTESIAN_POINT('',(0.408838020289,3.2995,1.294138415945));
#1412 = CARTESIAN_POINT('',(0.363137387677,3.2995,1.29772929492));
#1413 = CARTESIAN_POINT('',(0.321231245814,3.2995,1.318312186821));
#1414 = CARTESIAN_POINT('',(0.289672105742,3.2995,1.352018460661));
#1415 = ORIENTED_EDGE('',*,*,#1416,.F.);
#1416 = EDGE_CURVE('',#1417,#1408,#1419,.T.);
#1417 = VERTEX_POINT('',#1418);
#1418 = CARTESIAN_POINT('',(0.485829395473,3.2995,1.294684466255));
#1419 = B_SPLINE_CURVE_WITH_KNOTS('',1,(#1420,#1421),.UNSPECIFIED.,.F.,
  .F.,(2,2),(-7.307840584146E-02,3.914905709612E-03),
  .PIECEWISE_BEZIER_KNOTS.);
#1420 = CARTESIAN_POINT('',(0.485829395473,3.2995,1.294684466255));
#1421 = CARTESIAN_POINT('',(0.408838020289,3.2995,1.294138415945));
#1422 = ORIENTED_EDGE('',*,*,#1423,.F.);
#1423 = EDGE_CURVE('',#1424,#1417,#1426,.T.);
#1424 = VERTEX_POINT('',#1425);
#1425 = CARTESIAN_POINT('',(0.523385740615,3.2995,1.335405955327));
#1426 = B_SPLINE_CURVE_WITH_KNOTS('',3,(#1427,#1428,#1429,#1430),
  .UNSPECIFIED.,.F.,.F.,(4,4),(28.,29.),.PIECEWISE_BEZIER_KNOTS.);
#1427 = CARTESIAN_POINT('',(0.523385740615,3.2995,1.335405955327));
#1428 = CARTESIAN_POINT('',(0.523533821971,3.2995,1.31452695014));
#1429 = CARTESIAN_POINT('',(0.506699195487,3.2995,1.29613746712));
#1430 = CARTESIAN_POINT('',(0.485829395473,3.2995,1.294684466255));
#1431 = ORIENTED_EDGE('',*,*,#1432,.F.);
#1432 = EDGE_CURVE('',#1433,#1424,#1435,.T.);
#1433 = VERTEX_POINT('',#1434);
#1434 = CARTESIAN_POINT('',(0.482645741639,3.2995,1.375572138784));
#1435 = B_SPLINE_CURVE_WITH_KNOTS('',3,(#1436,#1437,#1438,#1439),
  .UNSPECIFIED.,.F.,.F.,(4,4),(27.,28.),.PIECEWISE_BEZIER_KNOTS.);
#1436 = CARTESIAN_POINT('',(0.482645741639,3.2995,1.375572138784));
#1437 = CARTESIAN_POINT('',(0.504829715762,3.2995,1.375729475445));
#1438 = CARTESIAN_POINT('',(0.523228404307,3.2995,1.357589879671));
#1439 = CARTESIAN_POINT('',(0.523385740615,3.2995,1.335405955327));
#1440 = ORIENTED_EDGE('',*,*,#1441,.F.);
#1441 = EDGE_CURVE('',#1442,#1433,#1444,.T.);
#1442 = VERTEX_POINT('',#1443);
#1443 = CARTESIAN_POINT('',(0.474825382091,3.2995,1.374211689207));
#1444 = B_SPLINE_CURVE_WITH_KNOTS('',3,(#1445,#1446,#1447,#1448),
  .UNSPECIFIED.,.F.,.F.,(4,4),(26.,27.),.PIECEWISE_BEZIER_KNOTS.);
#1445 = CARTESIAN_POINT('',(0.474825382091,3.2995,1.374211689207));
#1446 = CARTESIAN_POINT('',(0.477435270184,3.2995,1.374230199465));
#1447 = CARTESIAN_POINT('',(0.480035903325,3.2995,1.375553628879));
#1448 = CARTESIAN_POINT('',(0.482645741639,3.2995,1.375572138784));
#1449 = ORIENTED_EDGE('',*,*,#1450,.F.);
#1450 = EDGE_CURVE('',#1451,#1442,#1453,.T.);
#1451 = VERTEX_POINT('',#1452);
#1452 = CARTESIAN_POINT('',(0.416103124001,3.2995,1.373795209996));
#1453 = B_SPLINE_CURVE_WITH_KNOTS('',1,(#1454,#1455),.UNSPECIFIED.,.F.,
  .F.,(2,2),(0.,5.872373498076E-02),.PIECEWISE_BEZIER_KNOTS.);
#1454 = CARTESIAN_POINT('',(0.416103124001,3.2995,1.373795209996));
#1455 = CARTESIAN_POINT('',(0.474825382091,3.2995,1.374211689207));
#1456 = ORIENTED_EDGE('',*,*,#1457,.F.);
#1457 = EDGE_CURVE('',#1458,#1451,#1460,.T.);
#1458 = VERTEX_POINT('',#1459);
#1459 = CARTESIAN_POINT('',(0.321425603873,3.2995,1.474914080587));
#1460 = B_SPLINE_CURVE_WITH_KNOTS('',3,(#1461,#1462,#1463,#1464),
  .UNSPECIFIED.,.F.,.F.,(4,4),(24.,25.),.PIECEWISE_BEZIER_KNOTS.);
#1461 = CARTESIAN_POINT('',(0.321425603873,3.2995,1.474914080587));
#1462 = CARTESIAN_POINT('',(0.321805062746,3.2995,1.421411573793));
#1463 = CARTESIAN_POINT('',(0.362572827109,3.2995,1.377330558198));
#1464 = CARTESIAN_POINT('',(0.416103124001,3.2995,1.373795209996));
#1465 = ORIENTED_EDGE('',*,*,#1466,.F.);
#1466 = EDGE_CURVE('',#1467,#1458,#1469,.T.);
#1467 = VERTEX_POINT('',#1468);
#1468 = CARTESIAN_POINT('',(0.422488944044,3.2995,1.577421215215));
#1469 = B_SPLINE_CURVE_WITH_KNOTS('',3,(#1470,#1471,#1472,#1473),
  .UNSPECIFIED.,.F.,.F.,(4,4),(23.,24.),.PIECEWISE_BEZIER_KNOTS.);
#1470 = CARTESIAN_POINT('',(0.422488944044,3.2995,1.577421215215));
#1471 = CARTESIAN_POINT('',(0.366376574047,3.2995,1.577023246261));
#1472 = CARTESIAN_POINT('',(0.32102763492,3.2995,1.531026450583));
#1473 = CARTESIAN_POINT('',(0.321425603873,3.2995,1.474914080587));
#1474 = ORIENTED_EDGE('',*,*,#1475,.F.);
#1475 = EDGE_CURVE('',#1476,#1467,#1478,.T.);
#1476 = VERTEX_POINT('',#1477);
#1477 = CARTESIAN_POINT('',(0.432928446637,3.2995,1.577495255893));
#1478 = B_SPLINE_CURVE_WITH_KNOTS('',3,(#1479,#1480,#1481,#1482),
  .UNSPECIFIED.,.F.,.F.,(4,4),(22.,23.),.PIECEWISE_BEZIER_KNOTS.);
#1479 = CARTESIAN_POINT('',(0.432928446637,3.2995,1.577495255893));
#1480 = CARTESIAN_POINT('',(0.429013639388,3.2995,1.577467490683));
#1481 = CARTESIAN_POINT('',(0.426403751294,3.2995,1.577448980425));
#1482 = CARTESIAN_POINT('',(0.422488944044,3.2995,1.577421215215));
#1483 = ORIENTED_EDGE('',*,*,#1484,.F.);
#1484 = EDGE_CURVE('',#1485,#1476,#1487,.T.);
#1485 = VERTEX_POINT('',#1486);
#1486 = CARTESIAN_POINT('',(0.614463029552,3.2995,1.741908352577));
#1487 = B_SPLINE_CURVE_WITH_KNOTS('',3,(#1488,#1489,#1490,#1491),
  .UNSPECIFIED.,.F.,.F.,(4,4),(21.,22.),.PIECEWISE_BEZIER_KNOTS.);
#1488 = CARTESIAN_POINT('',(0.614463029552,3.2995,1.741908352577));
#1489 = CARTESIAN_POINT('',(0.520507406652,3.2995,1.741241985768));
#1490 = CARTESIAN_POINT('',(0.44272009268,3.2995,1.668915031377));
#1491 = CARTESIAN_POINT('',(0.432928446637,3.2995,1.577495255893));
#1492 = ORIENTED_EDGE('',*,*,#1493,.F.);
#1493 = EDGE_CURVE('',#1494,#1485,#1496,.T.);
#1494 = VERTEX_POINT('',#1495);
#1495 = CARTESIAN_POINT('',(0.790213323375,3.2995,1.617874454004));
#1496 = B_SPLINE_CURVE_WITH_KNOTS('',3,(#1497,#1498,#1499,#1500),
  .UNSPECIFIED.,.F.,.F.,(4,4),(20.,21.),.PIECEWISE_BEZIER_KNOTS.);
#1497 = CARTESIAN_POINT('',(0.790213323375,3.2995,1.617874454004));
#1498 = CARTESIAN_POINT('',(0.764901226191,3.2995,1.690775125593));
#1499 = CARTESIAN_POINT('',(0.696674180922,3.2995,1.742491423402));
#1500 = CARTESIAN_POINT('',(0.614463029552,3.2995,1.741908352577));
#1501 = ORIENTED_EDGE('',*,*,#1502,.F.);
#1502 = EDGE_CURVE('',#1503,#1494,#1505,.T.);
#1503 = VERTEX_POINT('',#1504);
#1504 = CARTESIAN_POINT('',(0.859236257654,3.2995,1.637939059924));
#1505 = B_SPLINE_CURVE_WITH_KNOTS('',3,(#1506,#1507,#1508,#1509),
  .UNSPECIFIED.,.F.,.F.,(4,4),(19.,20.),.PIECEWISE_BEZIER_KNOTS.);
#1506 = CARTESIAN_POINT('',(0.859236257654,3.2995,1.637939059924));
#1507 = CARTESIAN_POINT('',(0.834442420327,3.2995,1.637763213182));
#1508 = CARTESIAN_POINT('',(0.809704113597,3.2995,1.629757727049));
#1509 = CARTESIAN_POINT('',(0.790213323375,3.2995,1.617874454004));
#1510 = ORIENTED_EDGE('',*,*,#1511,.F.);
#1511 = EDGE_CURVE('',#1512,#1503,#1514,.T.);
#1512 = VERTEX_POINT('',#1513);
#1513 = CARTESIAN_POINT('',(0.990655673878,3.2995,1.508370662417));
#1514 = B_SPLINE_CURVE_WITH_KNOTS('',3,(#1515,#1516,#1517,#1518),
  .UNSPECIFIED.,.F.,.F.,(4,4),(18.,19.),.PIECEWISE_BEZIER_KNOTS.);
#1515 = CARTESIAN_POINT('',(0.990655673878,3.2995,1.508370662417));
#1516 = CARTESIAN_POINT('',(0.990146643731,3.2995,1.580142311194));
#1517 = CARTESIAN_POINT('',(0.93100790643,3.2995,1.638448090071));
#1518 = CARTESIAN_POINT('',(0.859236257654,3.2995,1.637939059924));
#1519 = ORIENTED_EDGE('',*,*,#1520,.F.);
#1520 = EDGE_CURVE('',#1521,#1512,#1523,.T.);
#1521 = VERTEX_POINT('',#1522);
#1522 = CARTESIAN_POINT('',(0.913210798439,3.2995,1.38776095253));
#1523 = B_SPLINE_CURVE_WITH_KNOTS('',3,(#1524,#1525,#1526,#1527),
  .UNSPECIFIED.,.F.,.F.,(4,4),(17.,18.),.PIECEWISE_BEZIER_KNOTS.);
#1524 = CARTESIAN_POINT('',(0.913210798439,3.2995,1.38776095253));
#1525 = CARTESIAN_POINT('',(0.958735584309,3.2995,1.408963910881));
#1526 = CARTESIAN_POINT('',(0.99103513275,3.2995,1.454868155623));
#1527 = CARTESIAN_POINT('',(0.990655673878,3.2995,1.508370662417));
#1528 = ORIENTED_EDGE('',*,*,#1529,.F.);
#1529 = EDGE_CURVE('',#1530,#1521,#1532,.T.);
#1530 = VERTEX_POINT('',#1531);
#1531 = CARTESIAN_POINT('',(0.789935694751,3.2995,1.473016957277));
#1532 = B_SPLINE_CURVE_WITH_KNOTS('',3,(#1533,#1534,#1535,#1536),
  .UNSPECIFIED.,.F.,.F.,(4,4),(16.,17.),.PIECEWISE_BEZIER_KNOTS.);
#1533 = CARTESIAN_POINT('',(0.789935694751,3.2995,1.473016957277));
#1534 = CARTESIAN_POINT('',(0.846048089637,3.2995,1.473414926407));
#1535 = CARTESIAN_POINT('',(0.894589962793,3.2995,1.437219080798));
#1536 = CARTESIAN_POINT('',(0.913210798439,3.2995,1.38776095253));
#1537 = ORIENTED_EDGE('',*,*,#1538,.F.);
#1538 = EDGE_CURVE('',#1539,#1530,#1541,.T.);
#1539 = VERTEX_POINT('',#1540);
#1540 = CARTESIAN_POINT('',(0.692379937748,3.2995,1.427954901902));
#1541 = B_SPLINE_CURVE_WITH_KNOTS('',3,(#1542,#1543,#1544,#1545),
  .UNSPECIFIED.,.F.,.F.,(4,4),(15.,16.),.PIECEWISE_BEZIER_KNOTS.);
#1542 = CARTESIAN_POINT('',(0.692379937748,3.2995,1.427954901902));
#1543 = CARTESIAN_POINT('',(0.715674474028,3.2995,1.455525218936));
#1544 = CARTESIAN_POINT('',(0.750787522691,3.2995,1.47273930447));
#1545 = CARTESIAN_POINT('',(0.789935694751,3.2995,1.473016957277));
#1546 = ORIENTED_EDGE('',*,*,#1547,.F.);
#1547 = EDGE_CURVE('',#1548,#1539,#1550,.T.);
#1548 = VERTEX_POINT('',#1549);
#1549 = CARTESIAN_POINT('',(0.516870250975,3.2995,1.518060454203));
#1550 = B_SPLINE_CURVE_WITH_KNOTS('',1,(#1551,#1552),.UNSPECIFIED.,.F.,
  .F.,(2,2),(-2.028245466482E-16,0.197288268041),
  .PIECEWISE_BEZIER_KNOTS.);
#1551 = CARTESIAN_POINT('',(0.516870250975,3.2995,1.518060454203));
#1552 = CARTESIAN_POINT('',(0.692379937748,3.2995,1.427954901902));
#1553 = ORIENTED_EDGE('',*,*,#1554,.F.);
#1554 = EDGE_CURVE('',#1555,#1548,#1557,.T.);
#1555 = VERTEX_POINT('',#1556);
#1556 = CARTESIAN_POINT('',(0.476907679823,3.2995,1.448611760871));
#1557 = B_SPLINE_CURVE_WITH_KNOTS('',1,(#1558,#1559),.UNSPECIFIED.,.F.,
  .F.,(2,2),(-3.322332204421E-16,8.01257018601E-02),
  .PIECEWISE_BEZIER_KNOTS.);
#1558 = CARTESIAN_POINT('',(0.476907679823,3.2995,1.448611760871));
#1559 = CARTESIAN_POINT('',(0.516870250975,3.2995,1.518060454203));
#1560 = ORIENTED_EDGE('',*,*,#1561,.F.);
#1561 = EDGE_CURVE('',#1562,#1555,#1564,.T.);
#1562 = VERTEX_POINT('',#1563);
#1563 = CARTESIAN_POINT('',(0.660284026326,3.2995,1.35334198787));
#1564 = B_SPLINE_CURVE_WITH_KNOTS('',1,(#1565,#1566),.UNSPECIFIED.,.F.,
  .F.,(2,2),(2.994076846715E-16,0.206647560121),
  .PIECEWISE_BEZIER_KNOTS.);
#1565 = CARTESIAN_POINT('',(0.660284026326,3.2995,1.35334198787));
#1566 = CARTESIAN_POINT('',(0.476907679823,3.2995,1.448611760871));
#1567 = ORIENTED_EDGE('',*,*,#1568,.F.);
#1568 = EDGE_CURVE('',#1569,#1562,#1571,.T.);
#1569 = VERTEX_POINT('',#1570);
#1570 = CARTESIAN_POINT('',(0.660376577261,3.2995,1.340292597182));
#1571 = B_SPLINE_CURVE_WITH_KNOTS('',3,(#1572,#1573,#1574,#1575),
  .UNSPECIFIED.,.F.,.F.,(4,4),(11.,12.),.PIECEWISE_BEZIER_KNOTS.);
#1572 = CARTESIAN_POINT('',(0.660376577261,3.2995,1.340292597182));
#1573 = CARTESIAN_POINT('',(0.660348812051,3.2995,1.344207404433));
#1574 = CARTESIAN_POINT('',(0.660321046841,3.2995,1.348122211683));
#1575 = CARTESIAN_POINT('',(0.660284026326,3.2995,1.35334198787));
#1576 = ORIENTED_EDGE('',*,*,#1577,.F.);
#1577 = EDGE_CURVE('',#1578,#1569,#1580,.T.);
#1578 = VERTEX_POINT('',#1579);
#1579 = CARTESIAN_POINT('',(0.791795993486,3.2995,1.210724199675));
#1580 = B_SPLINE_CURVE_WITH_KNOTS('',3,(#1581,#1582,#1583,#1584),
  .UNSPECIFIED.,.F.,.F.,(4,4),(10.,11.),.PIECEWISE_BEZIER_KNOTS.);
#1581 = CARTESIAN_POINT('',(0.791795993486,3.2995,1.210724199675));
#1582 = CARTESIAN_POINT('',(0.72002434471,3.2995,1.210215169528));
#1583 = CARTESIAN_POINT('',(0.660885607409,3.2995,1.268520948406));
#1584 = CARTESIAN_POINT('',(0.660376577261,3.2995,1.340292597182));
#1585 = ORIENTED_EDGE('',*,*,#1586,.F.);
#1586 = EDGE_CURVE('',#1587,#1578,#1589,.T.);
#1587 = VERTEX_POINT('',#1588);
#1588 = CARTESIAN_POINT('',(0.915135871161,3.2995,1.300339280367));
#1589 = B_SPLINE_CURVE_WITH_KNOTS('',3,(#1590,#1591,#1592,#1593),
  .UNSPECIFIED.,.F.,.F.,(4,4),(9.,10.),.PIECEWISE_BEZIER_KNOTS.);
#1590 = CARTESIAN_POINT('',(0.915135871161,3.2995,1.300339280367));
#1591 = CARTESIAN_POINT('',(0.898541864523,3.2995,1.248021401385));
#1592 = CARTESIAN_POINT('',(0.849213332419,3.2995,1.211131423934));
#1593 = CARTESIAN_POINT('',(0.791795993486,3.2995,1.210724199675));
#1594 = ORIENTED_EDGE('',*,*,#1595,.F.);
#1595 = EDGE_CURVE('',#1596,#1587,#1598,.T.);
#1596 = VERTEX_POINT('',#1597);
#1597 = CARTESIAN_POINT('',(1.019086752232,3.2995,1.363716753193));
#1598 = B_SPLINE_CURVE_WITH_KNOTS('',3,(#1599,#1600,#1601,#1602),
  .UNSPECIFIED.,.F.,.F.,(4,4),(8.,9.),.PIECEWISE_BEZIER_KNOTS.);
#1599 = CARTESIAN_POINT('',(1.019086752232,3.2995,1.363716753193));
#1600 = CARTESIAN_POINT('',(0.990600217598,3.2995,1.332194583592));
#1601 = CARTESIAN_POINT('',(0.955514934144,3.2995,1.311065690809));
#1602 = CARTESIAN_POINT('',(0.915135871161,3.2995,1.300339280367));
#1603 = ORIENTED_EDGE('',*,*,#1604,.F.);
#1604 = EDGE_CURVE('',#1605,#1596,#1607,.T.);
#1605 = VERTEX_POINT('',#1606);
#1606 = CARTESIAN_POINT('',(1.072885385638,3.2995,1.506343795723));
#1607 = B_SPLINE_CURVE_WITH_KNOTS('',3,(#1608,#1609,#1610,#1611),
  .UNSPECIFIED.,.F.,.F.,(4,4),(7.,8.),.PIECEWISE_BEZIER_KNOTS.);
#1608 = CARTESIAN_POINT('',(1.072885385638,3.2995,1.506343795723));
#1609 = CARTESIAN_POINT('',(1.073255589381,3.2995,1.454146232976));
#1610 = CARTESIAN_POINT('',(1.054042452143,3.2995,1.403114762983));
#1611 = CARTESIAN_POINT('',(1.019086752232,3.2995,1.363716753193));
#1612 = ORIENTED_EDGE('',*,*,#1613,.F.);
#1613 = EDGE_CURVE('',#1614,#1605,#1616,.T.);
#1614 = VERTEX_POINT('',#1615);
#1615 = CARTESIAN_POINT('',(1.01049813402,3.2995,1.654671842481));
#1616 = B_SPLINE_CURVE_WITH_KNOTS('',3,(#1617,#1618,#1619,#1620),
  .UNSPECIFIED.,.F.,.F.,(4,4),(6.,7.),.PIECEWISE_BEZIER_KNOTS.);
#1617 = CARTESIAN_POINT('',(1.01049813402,3.2995,1.654671842481));
#1618 = CARTESIAN_POINT('',(1.049923993023,3.2995,1.615801335917));
#1619 = CARTESIAN_POINT('',(1.072487416685,3.2995,1.562456165718));
#1620 = CARTESIAN_POINT('',(1.072885385638,3.2995,1.506343795723));
#1621 = ORIENTED_EDGE('',*,*,#1622,.F.);
#1622 = EDGE_CURVE('',#1623,#1614,#1625,.T.);
#1623 = VERTEX_POINT('',#1624);
#1624 = CARTESIAN_POINT('',(0.859985896615,3.2995,1.716244584504));
#1625 = B_SPLINE_CURVE_WITH_KNOTS('',3,(#1626,#1627,#1628,#1629),
  .UNSPECIFIED.,.F.,.F.,(4,4),(5.,6.),.PIECEWISE_BEZIER_KNOTS.);
#1626 = CARTESIAN_POINT('',(0.859985896615,3.2995,1.716244584504));
#1627 = CARTESIAN_POINT('',(0.916098279056,3.2995,1.716642553545));
#1628 = CARTESIAN_POINT('',(0.969758109978,3.2995,1.694838050652));
#1629 = CARTESIAN_POINT('',(1.01049813402,3.2995,1.654671842481));
#1630 = ORIENTED_EDGE('',*,*,#1631,.F.);
#1631 = EDGE_CURVE('',#1632,#1623,#1634,.T.);
#1632 = VERTEX_POINT('',#1633);
#1633 = CARTESIAN_POINT('',(0.829990818161,3.2995,1.713421841774));
#1634 = B_SPLINE_CURVE_WITH_KNOTS('',3,(#1635,#1636,#1637,#1638),
  .UNSPECIFIED.,.F.,.F.,(4,4),(4.,5.),.PIECEWISE_BEZIER_KNOTS.);
#1635 = CARTESIAN_POINT('',(0.829990818161,3.2995,1.713421841774));
#1636 = CARTESIAN_POINT('',(0.840421065626,3.2995,1.714800826498));
#1637 = CARTESIAN_POINT('',(0.849546394022,3.2995,1.716170543826));
#1638 = CARTESIAN_POINT('',(0.859985896615,3.2995,1.716244584504));
#1639 = ORIENTED_EDGE('',*,*,#1640,.F.);
#1640 = EDGE_CURVE('',#1641,#1632,#1643,.T.);
#1641 = VERTEX_POINT('',#1642);
#1642 = CARTESIAN_POINT('',(0.772166279992,3.2995,1.770431937956));
#1643 = B_SPLINE_CURVE_WITH_KNOTS('',3,(#1644,#1645,#1646,#1647),
  .UNSPECIFIED.,.F.,.F.,(4,4),(3.,4.),.PIECEWISE_BEZIER_KNOTS.);
#1644 = CARTESIAN_POINT('',(0.772166279992,3.2995,1.770431937956));
#1645 = CARTESIAN_POINT('',(0.794461315264,3.2995,1.754930002061));
#1646 = CARTESIAN_POINT('',(0.812869283651,3.2995,1.735485487306));
#1647 = CARTESIAN_POINT('',(0.829990818161,3.2995,1.713421841774));
#1648 = ORIENTED_EDGE('',*,*,#1649,.F.);
#1649 = EDGE_CURVE('',#1650,#1641,#1652,.T.);
#1650 = VERTEX_POINT('',#1651);
#1651 = CARTESIAN_POINT('',(0.615212643094,3.2995,1.820213951649));
#1652 = B_SPLINE_CURVE_WITH_KNOTS('',3,(#1653,#1654,#1655,#1656),
  .UNSPECIFIED.,.F.,.F.,(4,4),(2.,3.),.PIECEWISE_BEZIER_KNOTS.);
#1653 = CARTESIAN_POINT('',(0.615212643094,3.2995,1.820213951649));
#1654 = CARTESIAN_POINT('',(0.672629957137,3.2995,1.820621175731));
#1655 = CARTESIAN_POINT('',(0.726262035238,3.2995,1.802731487954));
#1656 = CARTESIAN_POINT('',(0.772166279992,3.2995,1.770431937956));
#1657 = ORIENTED_EDGE('',*,*,#1658,.F.);
#1658 = EDGE_CURVE('',#1659,#1650,#1661,.T.);
#1659 = VERTEX_POINT('',#1660);
#1660 = CARTESIAN_POINT('',(0.43822221456,3.2995,1.751098423759));
#1661 = B_SPLINE_CURVE_WITH_KNOTS('',3,(#1662,#1663,#1664,#1665),
  .UNSPECIFIED.,.F.,.F.,(4,4),(1.,2.),.PIECEWISE_BEZIER_KNOTS.);
#1662 = CARTESIAN_POINT('',(0.43822221456,3.2995,1.751098423759));
#1663 = CARTESIAN_POINT('',(0.487504471097,3.2995,1.794513110555));
#1664 = CARTESIAN_POINT('',(0.549965689661,3.2995,1.81975119697));
#1665 = CARTESIAN_POINT('',(0.615212643094,3.2995,1.820213951649));
#1666 = ORIENTED_EDGE('',*,*,#1667,.F.);
#1667 = EDGE_CURVE('',#1390,#1659,#1668,.T.);
#1668 = B_SPLINE_CURVE_WITH_KNOTS('',3,(#1669,#1670,#1671,#1672),
  .UNSPECIFIED.,.F.,.F.,(4,4),(0.,1.),.PIECEWISE_BEZIER_KNOTS.);
#1669 = CARTESIAN_POINT('',(0.368486637343,3.2995,1.647508460896));
#1670 = CARTESIAN_POINT('',(0.382563294379,3.2995,1.686758438843));
#1671 = CARTESIAN_POINT('',(0.407107269086,3.2995,1.722167638128));
#1672 = CARTESIAN_POINT('',(0.43822221456,3.2995,1.751098423759));
#1673 = B_SPLINE_SURFACE_WITH_KNOTS('',1,1,(
    (#1674,#1675)
    ,(#1676,#1677
    )),.UNSPECIFIED.,.F.,.F.,.F.,(2,2),(2,2),(0.15,3.),(0.4,6.2),
  .PIECEWISE_BEZIER_KNOTS.);
#1674 = CARTESIAN_POINT('',(-2.9,3.2995,2.9500001));
#1675 = CARTESIAN_POINT('',(2.9,3.2995,2.9500001));
#1676 = CARTESIAN_POINT('',(-2.9,3.2995,0.1000001));
#1677 = CARTESIAN_POINT('',(2.9,3.2995,0.1000001));
#1678 = ADVANCED_FACE('',(#1679,#1737),#1767,.F.);
#1679 = FACE_BOUND('',#1680,.T.);
#1680 = EDGE_LOOP('',(#1681,#1690,#1697,#1704,#1711,#1718,#1725,#1732));
#1681 = ORIENTED_EDGE('',*,*,#1682,.T.);
#1682 = EDGE_CURVE('',#1683,#1685,#1687,.T.);
#1683 = VERTEX_POINT('',#1684);
#1684 = CARTESIAN_POINT('',(3.3,2.8995,0.1000001));
#1685 = VERTEX_POINT('',#1686);
#1686 = CARTESIAN_POINT('',(3.3,2.8995,2.9500001));
#1687 = B_SPLINE_CURVE_WITH_KNOTS('',1,(#1688,#1689),.UNSPECIFIED.,.F.,
  .F.,(2,2),(-3.,-0.15),.PIECEWISE_BEZIER_KNOTS.);
#1688 = CARTESIAN_POINT('',(3.3,2.8995,0.1000001));
#1689 = CARTESIAN_POINT('',(3.3,2.8995,2.9500001));
#1690 = ORIENTED_EDGE('',*,*,#1691,.T.);
#1691 = EDGE_CURVE('',#1685,#1692,#1694,.T.);
#1692 = VERTEX_POINT('',#1693);
#1693 = CARTESIAN_POINT('',(3.3,-2.9005,2.9500001));
#1694 = B_SPLINE_CURVE_WITH_KNOTS('',1,(#1695,#1696),.UNSPECIFIED.,.F.,
  .F.,(2,2),(-5.8,0.),.PIECEWISE_BEZIER_KNOTS.);
#1695 = CARTESIAN_POINT('',(3.3,2.8995,2.9500001));
#1696 = CARTESIAN_POINT('',(3.3,-2.9005,2.9500001));
#1697 = ORIENTED_EDGE('',*,*,#1698,.T.);
#1698 = EDGE_CURVE('',#1692,#1699,#1701,.T.);
#1699 = VERTEX_POINT('',#1700);
#1700 = CARTESIAN_POINT('',(3.3,-2.9005,0.1000001));
#1701 = B_SPLINE_CURVE_WITH_KNOTS('',1,(#1702,#1703),.UNSPECIFIED.,.F.,
  .F.,(2,2),(0.15,3.),.PIECEWISE_BEZIER_KNOTS.);
#1702 = CARTESIAN_POINT('',(3.3,-2.9005,2.9500001));
#1703 = CARTESIAN_POINT('',(3.3,-2.9005,0.1000001));
#1704 = ORIENTED_EDGE('',*,*,#1705,.T.);
#1705 = EDGE_CURVE('',#1699,#1706,#1708,.T.);
#1706 = VERTEX_POINT('',#1707);
#1707 = CARTESIAN_POINT('',(3.3,-1.8505,0.1000001));
#1708 = B_SPLINE_CURVE_WITH_KNOTS('',1,(#1709,#1710),.UNSPECIFIED.,.F.,
  .F.,(2,2),(-6.2,-5.15),.PIECEWISE_BEZIER_KNOTS.);
#1709 = CARTESIAN_POINT('',(3.3,-2.9005,0.1000001));
#1710 = CARTESIAN_POINT('',(3.3,-1.8505,0.1000001));
#1711 = ORIENTED_EDGE('',*,*,#1712,.T.);
#1712 = EDGE_CURVE('',#1706,#1713,#1715,.T.);
#1713 = VERTEX_POINT('',#1714);
#1714 = CARTESIAN_POINT('',(3.3,-1.7505,0.2000001));
#1715 = B_SPLINE_CURVE_WITH_KNOTS('',1,(#1716,#1717),.UNSPECIFIED.,.F.,
  .F.,(2,2),(-6.280369834735E-16,0.141421356237),
  .PIECEWISE_BEZIER_KNOTS.);
#1716 = CARTESIAN_POINT('',(3.3,-1.8505,0.1000001));
#1717 = CARTESIAN_POINT('',(3.3,-1.7505,0.2000001));
#1718 = ORIENTED_EDGE('',*,*,#1719,.F.);
#1719 = EDGE_CURVE('',#1720,#1713,#1722,.T.);
#1720 = VERTEX_POINT('',#1721);
#1721 = CARTESIAN_POINT('',(3.3,1.7495,0.2000001));
#1722 = B_SPLINE_CURVE_WITH_KNOTS('',1,(#1723,#1724),.UNSPECIFIED.,.F.,
  .F.,(2,2),(1.55,5.05),.PIECEWISE_BEZIER_KNOTS.);
#1723 = CARTESIAN_POINT('',(3.3,1.7495,0.2000001));
#1724 = CARTESIAN_POINT('',(3.3,-1.7505,0.2000001));
#1725 = ORIENTED_EDGE('',*,*,#1726,.T.);
#1726 = EDGE_CURVE('',#1720,#1727,#1729,.T.);
#1727 = VERTEX_POINT('',#1728);
#1728 = CARTESIAN_POINT('',(3.3,1.8495,0.1000001));
#1729 = B_SPLINE_CURVE_WITH_KNOTS('',1,(#1730,#1731),.UNSPECIFIED.,.F.,
  .F.,(2,2),(2.551400245361E-16,0.141421356237),
  .PIECEWISE_BEZIER_KNOTS.);
#1730 = CARTESIAN_POINT('',(3.3,1.7495,0.2000001));
#1731 = CARTESIAN_POINT('',(3.3,1.8495,0.1000001));
#1732 = ORIENTED_EDGE('',*,*,#1733,.T.);
#1733 = EDGE_CURVE('',#1727,#1683,#1734,.T.);
#1734 = B_SPLINE_CURVE_WITH_KNOTS('',1,(#1735,#1736),.UNSPECIFIED.,.F.,
  .F.,(2,2),(-1.45,-0.4),.PIECEWISE_BEZIER_KNOTS.);
#1735 = CARTESIAN_POINT('',(3.3,1.8495,0.1000001));
#1736 = CARTESIAN_POINT('',(3.3,2.8995,0.1000001));
#1737 = FACE_BOUND('',#1738,.T.);
#1738 = EDGE_LOOP('',(#1739,#1748,#1755,#1762));
#1739 = ORIENTED_EDGE('',*,*,#1740,.F.);
#1740 = EDGE_CURVE('',#1741,#1743,#1745,.T.);
#1741 = VERTEX_POINT('',#1742);
#1742 = CARTESIAN_POINT('',(3.3,1.4995,1.603228107757));
#1743 = VERTEX_POINT('',#1744);
#1744 = CARTESIAN_POINT('',(3.3,1.4995,1.753228107757));
#1745 = B_SPLINE_CURVE_WITH_KNOTS('',1,(#1746,#1747),.UNSPECIFIED.,.F.,
  .F.,(2,2),(-1.496771992243,-1.346771992243),.PIECEWISE_BEZIER_KNOTS.);
#1746 = CARTESIAN_POINT('',(3.3,1.4995,1.603228107757));
#1747 = CARTESIAN_POINT('',(3.3,1.4995,1.753228107757));
#1748 = ORIENTED_EDGE('',*,*,#1749,.T.);
#1749 = EDGE_CURVE('',#1741,#1750,#1752,.T.);
#1750 = VERTEX_POINT('',#1751);
#1751 = CARTESIAN_POINT('',(3.3,-1.5005,1.603228107757));
#1752 = B_SPLINE_CURVE_WITH_KNOTS('',1,(#1753,#1754),.UNSPECIFIED.,.F.,
  .F.,(2,2),(-0.,3.),.PIECEWISE_BEZIER_KNOTS.);
#1753 = CARTESIAN_POINT('',(3.3,1.4995,1.603228107757));
#1754 = CARTESIAN_POINT('',(3.3,-1.5005,1.603228107757));
#1755 = ORIENTED_EDGE('',*,*,#1756,.T.);
#1756 = EDGE_CURVE('',#1750,#1757,#1759,.T.);
#1757 = VERTEX_POINT('',#1758);
#1758 = CARTESIAN_POINT('',(3.3,-1.5005,1.753228107757));
#1759 = B_SPLINE_CURVE_WITH_KNOTS('',1,(#1760,#1761),.UNSPECIFIED.,.F.,
  .F.,(2,2),(-1.496771992243,-1.346771992243),.PIECEWISE_BEZIER_KNOTS.);
#1760 = CARTESIAN_POINT('',(3.3,-1.5005,1.603228107757));
#1761 = CARTESIAN_POINT('',(3.3,-1.5005,1.753228107757));
#1762 = ORIENTED_EDGE('',*,*,#1763,.F.);
#1763 = EDGE_CURVE('',#1743,#1757,#1764,.T.);
#1764 = B_SPLINE_CURVE_WITH_KNOTS('',1,(#1765,#1766),.UNSPECIFIED.,.F.,
  .F.,(2,2),(-0.,3.),.PIECEWISE_BEZIER_KNOTS.);
#1765 = CARTESIAN_POINT('',(3.3,1.4995,1.753228107757));
#1766 = CARTESIAN_POINT('',(3.3,-1.5005,1.753228107757));
#1767 = B_SPLINE_SURFACE_WITH_KNOTS('',1,1,(
    (#1768,#1769)
    ,(#1770,#1771
    )),.UNSPECIFIED.,.F.,.F.,.F.,(2,2),(2,2),(0.4,6.2),(-3.,-0.15),
  .PIECEWISE_BEZIER_KNOTS.);
#1768 = CARTESIAN_POINT('',(3.3,2.8995,0.1000001));
#1769 = CARTESIAN_POINT('',(3.3,2.8995,2.9500001));
#1770 = CARTESIAN_POINT('',(3.3,-2.9005,0.1000001));
#1771 = CARTESIAN_POINT('',(3.3,-2.9005,2.9500001));
#1772 = ADVANCED_FACE('',(#1773,#1787,#1801),#1859,.F.);
#1773 = FACE_BOUND('',#1774,.T.);
#1774 = EDGE_LOOP('',(#1775,#1776,#1781,#1782));
#1775 = ORIENTED_EDGE('',*,*,#158,.F.);
#1776 = ORIENTED_EDGE('',*,*,#1777,.T.);
#1777 = EDGE_CURVE('',#159,#214,#1778,.T.);
#1778 = B_SPLINE_CURVE_WITH_KNOTS('',1,(#1779,#1780),.UNSPECIFIED.,.F.,
  .F.,(2,2),(-0.548193196691,-0.398193196691),.PIECEWISE_BEZIER_KNOTS.);
#1779 = CARTESIAN_POINT('',(-3.3,-0.741867717948,1.603228107757));
#1780 = CARTESIAN_POINT('',(-3.3,-0.741867717948,1.753228107757));
#1781 = ORIENTED_EDGE('',*,*,#213,.T.);
#1782 = ORIENTED_EDGE('',*,*,#1783,.T.);
#1783 = EDGE_CURVE('',#216,#151,#1784,.T.);
#1784 = B_SPLINE_CURVE_WITH_KNOTS('',1,(#1785,#1786),.UNSPECIFIED.,.F.,
  .F.,(2,2),(1.346771992243,1.496771992243),.PIECEWISE_BEZIER_KNOTS.);
#1785 = CARTESIAN_POINT('',(-3.3,-1.5005,1.753228107757));
#1786 = CARTESIAN_POINT('',(-3.3,-1.5005,1.603228107757));
#1787 = FACE_BOUND('',#1788,.T.);
#1788 = EDGE_LOOP('',(#1789,#1790,#1795,#1796));
#1789 = ORIENTED_EDGE('',*,*,#254,.T.);
#1790 = ORIENTED_EDGE('',*,*,#1791,.T.);
#1791 = EDGE_CURVE('',#247,#184,#1792,.T.);
#1792 = B_SPLINE_CURVE_WITH_KNOTS('',1,(#1793,#1794),.UNSPECIFIED.,.F.,
  .F.,(2,2),(0.398193196691,0.548193196691),.PIECEWISE_BEZIER_KNOTS.);
#1793 = CARTESIAN_POINT('',(-3.3,0.740867717948,1.753228107757));
#1794 = CARTESIAN_POINT('',(-3.3,0.740867717948,1.603228107757));
#1795 = ORIENTED_EDGE('',*,*,#181,.F.);
#1796 = ORIENTED_EDGE('',*,*,#1797,.F.);
#1797 = EDGE_CURVE('',#255,#182,#1798,.T.);
#1798 = B_SPLINE_CURVE_WITH_KNOTS('',1,(#1799,#1800),.UNSPECIFIED.,.F.,
  .F.,(2,2),(1.346771992243,1.496771992243),.PIECEWISE_BEZIER_KNOTS.);
#1799 = CARTESIAN_POINT('',(-3.3,1.4995,1.753228107757));
#1800 = CARTESIAN_POINT('',(-3.3,1.4995,1.603228107757));
#1801 = FACE_BOUND('',#1802,.T.);
#1802 = EDGE_LOOP('',(#1803,#1812,#1819,#1826,#1833,#1840,#1847,#1854));
#1803 = ORIENTED_EDGE('',*,*,#1804,.T.);
#1804 = EDGE_CURVE('',#1805,#1807,#1809,.T.);
#1805 = VERTEX_POINT('',#1806);
#1806 = CARTESIAN_POINT('',(-3.3,-2.9005,0.1000001));
#1807 = VERTEX_POINT('',#1808);
#1808 = CARTESIAN_POINT('',(-3.3,-2.9005,2.9500001));
#1809 = B_SPLINE_CURVE_WITH_KNOTS('',1,(#1810,#1811),.UNSPECIFIED.,.F.,
  .F.,(2,2),(-3.,-0.15),.PIECEWISE_BEZIER_KNOTS.);
#1810 = CARTESIAN_POINT('',(-3.3,-2.9005,0.1000001));
#1811 = CARTESIAN_POINT('',(-3.3,-2.9005,2.9500001));
#1812 = ORIENTED_EDGE('',*,*,#1813,.T.);
#1813 = EDGE_CURVE('',#1807,#1814,#1816,.T.);
#1814 = VERTEX_POINT('',#1815);
#1815 = CARTESIAN_POINT('',(-3.3,2.8995,2.9500001));
#1816 = B_SPLINE_CURVE_WITH_KNOTS('',1,(#1817,#1818),.UNSPECIFIED.,.F.,
  .F.,(2,2),(-5.8,0.),.PIECEWISE_BEZIER_KNOTS.);
#1817 = CARTESIAN_POINT('',(-3.3,-2.9005,2.9500001));
#1818 = CARTESIAN_POINT('',(-3.3,2.8995,2.9500001));
#1819 = ORIENTED_EDGE('',*,*,#1820,.T.);
#1820 = EDGE_CURVE('',#1814,#1821,#1823,.T.);
#1821 = VERTEX_POINT('',#1822);
#1822 = CARTESIAN_POINT('',(-3.3,2.8995,0.1000001));
#1823 = B_SPLINE_CURVE_WITH_KNOTS('',1,(#1824,#1825),.UNSPECIFIED.,.F.,
  .F.,(2,2),(0.15,3.),.PIECEWISE_BEZIER_KNOTS.);
#1824 = CARTESIAN_POINT('',(-3.3,2.8995,2.9500001));
#1825 = CARTESIAN_POINT('',(-3.3,2.8995,0.1000001));
#1826 = ORIENTED_EDGE('',*,*,#1827,.T.);
#1827 = EDGE_CURVE('',#1821,#1828,#1830,.T.);
#1828 = VERTEX_POINT('',#1829);
#1829 = CARTESIAN_POINT('',(-3.3,1.8495,0.1000001));
#1830 = B_SPLINE_CURVE_WITH_KNOTS('',1,(#1831,#1832),.UNSPECIFIED.,.F.,
  .F.,(2,2),(0.4,1.45),.PIECEWISE_BEZIER_KNOTS.);
#1831 = CARTESIAN_POINT('',(-3.3,2.8995,0.1000001));
#1832 = CARTESIAN_POINT('',(-3.3,1.8495,0.1000001));
#1833 = ORIENTED_EDGE('',*,*,#1834,.T.);
#1834 = EDGE_CURVE('',#1828,#1835,#1837,.T.);
#1835 = VERTEX_POINT('',#1836);
#1836 = CARTESIAN_POINT('',(-3.3,1.7495,0.2000001));
#1837 = B_SPLINE_CURVE_WITH_KNOTS('',1,(#1838,#1839),.UNSPECIFIED.,.F.,
  .F.,(2,2),(-3.140184917368E-16,0.141421356237),
  .PIECEWISE_BEZIER_KNOTS.);
#1838 = CARTESIAN_POINT('',(-3.3,1.8495,0.1000001));
#1839 = CARTESIAN_POINT('',(-3.3,1.7495,0.2000001));
#1840 = ORIENTED_EDGE('',*,*,#1841,.T.);
#1841 = EDGE_CURVE('',#1835,#1842,#1844,.T.);
#1842 = VERTEX_POINT('',#1843);
#1843 = CARTESIAN_POINT('',(-3.3,-1.7505,0.2000001));
#1844 = B_SPLINE_CURVE_WITH_KNOTS('',1,(#1845,#1846),.UNSPECIFIED.,.F.,
  .F.,(2,2),(1.55,5.05),.PIECEWISE_BEZIER_KNOTS.);
#1845 = CARTESIAN_POINT('',(-3.3,1.7495,0.2000001));
#1846 = CARTESIAN_POINT('',(-3.3,-1.7505,0.2000001));
#1847 = ORIENTED_EDGE('',*,*,#1848,.T.);
#1848 = EDGE_CURVE('',#1842,#1849,#1851,.T.);
#1849 = VERTEX_POINT('',#1850);
#1850 = CARTESIAN_POINT('',(-3.3,-1.8505,0.1000001));
#1851 = B_SPLINE_CURVE_WITH_KNOTS('',1,(#1852,#1853),.UNSPECIFIED.,.F.,
  .F.,(2,2),(2.551400245361E-16,0.141421356237),
  .PIECEWISE_BEZIER_KNOTS.);
#1852 = CARTESIAN_POINT('',(-3.3,-1.7505,0.2000001));
#1853 = CARTESIAN_POINT('',(-3.3,-1.8505,0.1000001));
#1854 = ORIENTED_EDGE('',*,*,#1855,.T.);
#1855 = EDGE_CURVE('',#1849,#1805,#1856,.T.);
#1856 = B_SPLINE_CURVE_WITH_KNOTS('',1,(#1857,#1858),.UNSPECIFIED.,.F.,
  .F.,(2,2),(5.15,6.2),.PIECEWISE_BEZIER_KNOTS.);
#1857 = CARTESIAN_POINT('',(-3.3,-1.8505,0.1000001));
#1858 = CARTESIAN_POINT('',(-3.3,-2.9005,0.1000001));
#1859 = B_SPLINE_SURFACE_WITH_KNOTS('',1,1,(
    (#1860,#1861)
    ,(#1862,#1863
    )),.UNSPECIFIED.,.F.,.F.,.F.,(2,2),(2,2),(-6.2,-0.4),(-3.,-0.15),
  .PIECEWISE_BEZIER_KNOTS.);
#1860 = CARTESIAN_POINT('',(-3.3,-2.9005,0.1000001));
#1861 = CARTESIAN_POINT('',(-3.3,-2.9005,2.9500001));
#1862 = CARTESIAN_POINT('',(-3.3,2.8995,0.1000001));
#1863 = CARTESIAN_POINT('',(-3.3,2.8995,2.9500001));
#1864 = ADVANCED_FACE('',(#1865),#1895,.F.);
#1865 = FACE_BOUND('',#1866,.T.);
#1866 = EDGE_LOOP('',(#1867,#1876,#1883,#1890));
#1867 = ORIENTED_EDGE('',*,*,#1868,.T.);
#1868 = EDGE_CURVE('',#1869,#1871,#1873,.T.);
#1869 = VERTEX_POINT('',#1870);
#1870 = CARTESIAN_POINT('',(2.9,-3.3005,0.1000001));
#1871 = VERTEX_POINT('',#1872);
#1872 = CARTESIAN_POINT('',(2.9,-3.3005,2.9500001));
#1873 = B_SPLINE_CURVE_WITH_KNOTS('',1,(#1874,#1875),.UNSPECIFIED.,.F.,
  .F.,(2,2),(-3.,-0.15),.PIECEWISE_BEZIER_KNOTS.);
#1874 = CARTESIAN_POINT('',(2.9,-3.3005,0.1000001));
#1875 = CARTESIAN_POINT('',(2.9,-3.3005,2.9500001));
#1876 = ORIENTED_EDGE('',*,*,#1877,.T.);
#1877 = EDGE_CURVE('',#1871,#1878,#1880,.T.);
#1878 = VERTEX_POINT('',#1879);
#1879 = CARTESIAN_POINT('',(-2.9,-3.3005,2.9500001));
#1880 = B_SPLINE_CURVE_WITH_KNOTS('',1,(#1881,#1882),.UNSPECIFIED.,.F.,
  .F.,(2,2),(-5.8,0.),.PIECEWISE_BEZIER_KNOTS.);
#1881 = CARTESIAN_POINT('',(2.9,-3.3005,2.9500001));
#1882 = CARTESIAN_POINT('',(-2.9,-3.3005,2.9500001));
#1883 = ORIENTED_EDGE('',*,*,#1884,.T.);
#1884 = EDGE_CURVE('',#1878,#1885,#1887,.T.);
#1885 = VERTEX_POINT('',#1886);
#1886 = CARTESIAN_POINT('',(-2.9,-3.3005,0.1000001));
#1887 = B_SPLINE_CURVE_WITH_KNOTS('',1,(#1888,#1889),.UNSPECIFIED.,.F.,
  .F.,(2,2),(0.15,3.),.PIECEWISE_BEZIER_KNOTS.);
#1888 = CARTESIAN_POINT('',(-2.9,-3.3005,2.9500001));
#1889 = CARTESIAN_POINT('',(-2.9,-3.3005,0.1000001));
#1890 = ORIENTED_EDGE('',*,*,#1891,.T.);
#1891 = EDGE_CURVE('',#1885,#1869,#1892,.T.);
#1892 = B_SPLINE_CURVE_WITH_KNOTS('',1,(#1893,#1894),.UNSPECIFIED.,.F.,
  .F.,(2,2),(0.4,6.2),.PIECEWISE_BEZIER_KNOTS.);
#1893 = CARTESIAN_POINT('',(-2.9,-3.3005,0.1000001));
#1894 = CARTESIAN_POINT('',(2.9,-3.3005,0.1000001));
#1895 = B_SPLINE_SURFACE_WITH_KNOTS('',1,1,(
    (#1896,#1897)
    ,(#1898,#1899
    )),.UNSPECIFIED.,.F.,.F.,.F.,(2,2),(2,2),(-3.,-0.15),(0.4,6.2),
  .PIECEWISE_BEZIER_KNOTS.);
#1896 = CARTESIAN_POINT('',(-2.9,-3.3005,0.1000001));
#1897 = CARTESIAN_POINT('',(2.9,-3.3005,0.1000001));
#1898 = CARTESIAN_POINT('',(-2.9,-3.3005,2.9500001));
#1899 = CARTESIAN_POINT('',(2.9,-3.3005,2.9500001));
#1900 = ADVANCED_FACE('',(#1901),#1963,.T.);
#1901 = FACE_BOUND('',#1902,.T.);
#1902 = EDGE_LOOP('',(#1903,#1912,#1920,#1927,#1935,#1942,#1950,#1957));
#1903 = ORIENTED_EDGE('',*,*,#1904,.T.);
#1904 = EDGE_CURVE('',#1905,#1907,#1909,.T.);
#1905 = VERTEX_POINT('',#1906);
#1906 = CARTESIAN_POINT('',(-3.15,2.8995,3.1000001));
#1907 = VERTEX_POINT('',#1908);
#1908 = CARTESIAN_POINT('',(-3.15,-2.9005,3.1000001));
#1909 = B_SPLINE_CURVE_WITH_KNOTS('',1,(#1910,#1911),.UNSPECIFIED.,.F.,
  .F.,(2,2),(-5.8,0.),.PIECEWISE_BEZIER_KNOTS.);
#1910 = CARTESIAN_POINT('',(-3.15,2.8995,3.1000001));
#1911 = CARTESIAN_POINT('',(-3.15,-2.9005,3.1000001));
#1912 = ORIENTED_EDGE('',*,*,#1913,.T.);
#1913 = EDGE_CURVE('',#1907,#1914,#1916,.T.);
#1914 = VERTEX_POINT('',#1915);
#1915 = CARTESIAN_POINT('',(-2.9,-3.1505,3.1000001));
#1916 = ( BOUNDED_CURVE() B_SPLINE_CURVE(2,(#1917,#1918,#1919),
.UNSPECIFIED.,.F.,.F.) B_SPLINE_CURVE_WITH_KNOTS((3,3),(3.14159265359,
4.712388980385),.PIECEWISE_BEZIER_KNOTS.) CURVE() 
GEOMETRIC_REPRESENTATION_ITEM() RATIONAL_B_SPLINE_CURVE((1.,
0.707106781187,1.)) REPRESENTATION_ITEM('') );
#1917 = CARTESIAN_POINT('',(-3.15,-2.9005,3.1000001));
#1918 = CARTESIAN_POINT('',(-3.15,-3.1505,3.1000001));
#1919 = CARTESIAN_POINT('',(-2.9,-3.1505,3.1000001));
#1920 = ORIENTED_EDGE('',*,*,#1921,.T.);
#1921 = EDGE_CURVE('',#1914,#1922,#1924,.T.);
#1922 = VERTEX_POINT('',#1923);
#1923 = CARTESIAN_POINT('',(2.9,-3.1505,3.1000001));
#1924 = B_SPLINE_CURVE_WITH_KNOTS('',1,(#1925,#1926),.UNSPECIFIED.,.F.,
  .F.,(2,2),(-5.8,0.),.PIECEWISE_BEZIER_KNOTS.);
#1925 = CARTESIAN_POINT('',(-2.9,-3.1505,3.1000001));
#1926 = CARTESIAN_POINT('',(2.9,-3.1505,3.1000001));
#1927 = ORIENTED_EDGE('',*,*,#1928,.T.);
#1928 = EDGE_CURVE('',#1922,#1929,#1931,.T.);
#1929 = VERTEX_POINT('',#1930);
#1930 = CARTESIAN_POINT('',(3.15,-2.9005,3.1000001));
#1931 = ( BOUNDED_CURVE() B_SPLINE_CURVE(2,(#1932,#1933,#1934),
.UNSPECIFIED.,.F.,.F.) B_SPLINE_CURVE_WITH_KNOTS((3,3),(4.712388980385,
6.28318530718),.PIECEWISE_BEZIER_KNOTS.) CURVE() 
GEOMETRIC_REPRESENTATION_ITEM() RATIONAL_B_SPLINE_CURVE((1.,
0.707106781187,1.)) REPRESENTATION_ITEM('') );
#1932 = CARTESIAN_POINT('',(2.9,-3.1505,3.1000001));
#1933 = CARTESIAN_POINT('',(3.15,-3.1505,3.1000001));
#1934 = CARTESIAN_POINT('',(3.15,-2.9005,3.1000001));
#1935 = ORIENTED_EDGE('',*,*,#1936,.T.);
#1936 = EDGE_CURVE('',#1929,#1937,#1939,.T.);
#1937 = VERTEX_POINT('',#1938);
#1938 = CARTESIAN_POINT('',(3.15,2.8995,3.1000001));
#1939 = B_SPLINE_CURVE_WITH_KNOTS('',1,(#1940,#1941),.UNSPECIFIED.,.F.,
  .F.,(2,2),(-5.8,0.),.PIECEWISE_BEZIER_KNOTS.);
#1940 = CARTESIAN_POINT('',(3.15,-2.9005,3.1000001));
#1941 = CARTESIAN_POINT('',(3.15,2.8995,3.1000001));
#1942 = ORIENTED_EDGE('',*,*,#1943,.T.);
#1943 = EDGE_CURVE('',#1937,#1944,#1946,.T.);
#1944 = VERTEX_POINT('',#1945);
#1945 = CARTESIAN_POINT('',(2.9,3.1495,3.1000001));
#1946 = ( BOUNDED_CURVE() B_SPLINE_CURVE(2,(#1947,#1948,#1949),
.UNSPECIFIED.,.F.,.F.) B_SPLINE_CURVE_WITH_KNOTS((3,3),(0.,
1.570796326795),.PIECEWISE_BEZIER_KNOTS.) CURVE() 
GEOMETRIC_REPRESENTATION_ITEM() RATIONAL_B_SPLINE_CURVE((1.,
0.707106781187,1.)) REPRESENTATION_ITEM('') );
#1947 = CARTESIAN_POINT('',(3.15,2.8995,3.1000001));
#1948 = CARTESIAN_POINT('',(3.15,3.1495,3.1000001));
#1949 = CARTESIAN_POINT('',(2.9,3.1495,3.1000001));
#1950 = ORIENTED_EDGE('',*,*,#1951,.T.);
#1951 = EDGE_CURVE('',#1944,#1952,#1954,.T.);
#1952 = VERTEX_POINT('',#1953);
#1953 = CARTESIAN_POINT('',(-2.9,3.1495,3.1000001));
#1954 = B_SPLINE_CURVE_WITH_KNOTS('',1,(#1955,#1956),.UNSPECIFIED.,.F.,
  .F.,(2,2),(-5.8,0.),.PIECEWISE_BEZIER_KNOTS.);
#1955 = CARTESIAN_POINT('',(2.9,3.1495,3.1000001));
#1956 = CARTESIAN_POINT('',(-2.9,3.1495,3.1000001));
#1957 = ORIENTED_EDGE('',*,*,#1958,.T.);
#1958 = EDGE_CURVE('',#1952,#1905,#1959,.T.);
#1959 = ( BOUNDED_CURVE() B_SPLINE_CURVE(2,(#1960,#1961,#1962),
.UNSPECIFIED.,.F.,.F.) B_SPLINE_CURVE_WITH_KNOTS((3,3),(1.570796326795,
3.14159265359),.PIECEWISE_BEZIER_KNOTS.) CURVE() 
GEOMETRIC_REPRESENTATION_ITEM() RATIONAL_B_SPLINE_CURVE((1.,
0.707106781187,1.)) REPRESENTATION_ITEM('') );
#1960 = CARTESIAN_POINT('',(-2.9,3.1495,3.1000001));
#1961 = CARTESIAN_POINT('',(-3.15,3.1495,3.1000001));
#1962 = CARTESIAN_POINT('',(-3.15,2.8995,3.1000001));
#1963 = B_SPLINE_SURFACE_WITH_KNOTS('',1,1,(
    (#1964,#1965)
    ,(#1966,#1967
    )),.UNSPECIFIED.,.F.,.F.,.F.,(2,2),(2,2),(-3.15,3.15),(-3.15,3.15),
  .PIECEWISE_BEZIER_KNOTS.);
#1964 = CARTESIAN_POINT('',(-3.15,-3.1505,3.1000001));
#1965 = CARTESIAN_POINT('',(-3.15,3.1495,3.1000001));
#1966 = CARTESIAN_POINT('',(3.15,-3.1505,3.1000001));
#1967 = CARTESIAN_POINT('',(3.15,3.1495,3.1000001));
#1968 = ADVANCED_FACE('',(#1969),#2039,.F.);
#1969 = FACE_BOUND('',#1970,.T.);
#1970 = EDGE_LOOP('',(#1971,#1972,#1979,#1986,#1991,#1992,#1998,#1999,
    #2005,#2006,#2013,#2020,#2025,#2026,#2032,#2033));
#1971 = ORIENTED_EDGE('',*,*,#1855,.F.);
#1972 = ORIENTED_EDGE('',*,*,#1973,.T.);
#1973 = EDGE_CURVE('',#1849,#1974,#1976,.T.);
#1974 = VERTEX_POINT('',#1975);
#1975 = CARTESIAN_POINT('',(-1.2,-1.8505,0.1000001));
#1976 = B_SPLINE_CURVE_WITH_KNOTS('',1,(#1977,#1978),.UNSPECIFIED.,.F.,
  .F.,(2,2),(-3.3,-1.2),.PIECEWISE_BEZIER_KNOTS.);
#1977 = CARTESIAN_POINT('',(-3.3,-1.8505,0.1000001));
#1978 = CARTESIAN_POINT('',(-1.2,-1.8505,0.1000001));
#1979 = ORIENTED_EDGE('',*,*,#1980,.T.);
#1980 = EDGE_CURVE('',#1974,#1981,#1983,.T.);
#1981 = VERTEX_POINT('',#1982);
#1982 = CARTESIAN_POINT('',(-1.2,1.8495,0.1000001));
#1983 = B_SPLINE_CURVE_WITH_KNOTS('',1,(#1984,#1985),.UNSPECIFIED.,.F.,
  .F.,(2,2),(-1.85,1.85),.PIECEWISE_BEZIER_KNOTS.);
#1984 = CARTESIAN_POINT('',(-1.2,-1.8505,0.1000001));
#1985 = CARTESIAN_POINT('',(-1.2,1.8495,0.1000001));
#1986 = ORIENTED_EDGE('',*,*,#1987,.T.);
#1987 = EDGE_CURVE('',#1981,#1828,#1988,.T.);
#1988 = B_SPLINE_CURVE_WITH_KNOTS('',1,(#1989,#1990),.UNSPECIFIED.,.F.,
  .F.,(2,2),(1.2,3.3),.PIECEWISE_BEZIER_KNOTS.);
#1989 = CARTESIAN_POINT('',(-1.2,1.8495,0.1000001));
#1990 = CARTESIAN_POINT('',(-3.3,1.8495,0.1000001));
#1991 = ORIENTED_EDGE('',*,*,#1827,.F.);
#1992 = ORIENTED_EDGE('',*,*,#1993,.T.);
#1993 = EDGE_CURVE('',#1821,#721,#1994,.T.);
#1994 = ( BOUNDED_CURVE() B_SPLINE_CURVE(2,(#1995,#1996,#1997),
.UNSPECIFIED.,.F.,.F.) B_SPLINE_CURVE_WITH_KNOTS((3,3),(3.14159265359,
4.712388980385),.PIECEWISE_BEZIER_KNOTS.) CURVE() 
GEOMETRIC_REPRESENTATION_ITEM() RATIONAL_B_SPLINE_CURVE((1.,
0.707106781187,1.)) REPRESENTATION_ITEM('') );
#1995 = CARTESIAN_POINT('',(-3.3,2.8995,0.1000001));
#1996 = CARTESIAN_POINT('',(-3.3,3.2995,0.1000001));
#1997 = CARTESIAN_POINT('',(-2.9,3.2995,0.1000001));
#1998 = ORIENTED_EDGE('',*,*,#743,.F.);
#1999 = ORIENTED_EDGE('',*,*,#2000,.T.);
#2000 = EDGE_CURVE('',#737,#1683,#2001,.T.);
#2001 = ( BOUNDED_CURVE() B_SPLINE_CURVE(2,(#2002,#2003,#2004),
.UNSPECIFIED.,.F.,.F.) B_SPLINE_CURVE_WITH_KNOTS((3,3),(4.712388980385,
6.28318530718),.PIECEWISE_BEZIER_KNOTS.) CURVE() 
GEOMETRIC_REPRESENTATION_ITEM() RATIONAL_B_SPLINE_CURVE((1.,
0.707106781187,1.)) REPRESENTATION_ITEM('') );
#2002 = CARTESIAN_POINT('',(2.9,3.2995,0.1000001));
#2003 = CARTESIAN_POINT('',(3.3,3.2995,0.1000001));
#2004 = CARTESIAN_POINT('',(3.3,2.8995,0.1000001));
#2005 = ORIENTED_EDGE('',*,*,#1733,.F.);
#2006 = ORIENTED_EDGE('',*,*,#2007,.T.);
#2007 = EDGE_CURVE('',#1727,#2008,#2010,.T.);
#2008 = VERTEX_POINT('',#2009);
#2009 = CARTESIAN_POINT('',(1.2,1.8495,0.1000001));
#2010 = B_SPLINE_CURVE_WITH_KNOTS('',1,(#2011,#2012),.UNSPECIFIED.,.F.,
  .F.,(2,2),(-3.3,-1.2),.PIECEWISE_BEZIER_KNOTS.);
#2011 = CARTESIAN_POINT('',(3.3,1.8495,0.1000001));
#2012 = CARTESIAN_POINT('',(1.2,1.8495,0.1000001));
#2013 = ORIENTED_EDGE('',*,*,#2014,.T.);
#2014 = EDGE_CURVE('',#2008,#2015,#2017,.T.);
#2015 = VERTEX_POINT('',#2016);
#2016 = CARTESIAN_POINT('',(1.2,-1.8505,0.1000001));
#2017 = B_SPLINE_CURVE_WITH_KNOTS('',1,(#2018,#2019),.UNSPECIFIED.,.F.,
  .F.,(2,2),(-1.85,1.85),.PIECEWISE_BEZIER_KNOTS.);
#2018 = CARTESIAN_POINT('',(1.2,1.8495,0.1000001));
#2019 = CARTESIAN_POINT('',(1.2,-1.8505,0.1000001));
#2020 = ORIENTED_EDGE('',*,*,#2021,.T.);
#2021 = EDGE_CURVE('',#2015,#1706,#2022,.T.);
#2022 = B_SPLINE_CURVE_WITH_KNOTS('',1,(#2023,#2024),.UNSPECIFIED.,.F.,
  .F.,(2,2),(1.2,3.3),.PIECEWISE_BEZIER_KNOTS.);
#2023 = CARTESIAN_POINT('',(1.2,-1.8505,0.1000001));
#2024 = CARTESIAN_POINT('',(3.3,-1.8505,0.1000001));
#2025 = ORIENTED_EDGE('',*,*,#1705,.F.);
#2026 = ORIENTED_EDGE('',*,*,#2027,.T.);
#2027 = EDGE_CURVE('',#1699,#1869,#2028,.T.);
#2028 = ( BOUNDED_CURVE() B_SPLINE_CURVE(2,(#2029,#2030,#2031),
.UNSPECIFIED.,.F.,.F.) B_SPLINE_CURVE_WITH_KNOTS((3,3),(0.,
1.570796326795),.PIECEWISE_BEZIER_KNOTS.) CURVE() 
GEOMETRIC_REPRESENTATION_ITEM() RATIONAL_B_SPLINE_CURVE((1.,
0.707106781187,1.)) REPRESENTATION_ITEM('') );
#2029 = CARTESIAN_POINT('',(3.3,-2.9005,0.1000001));
#2030 = CARTESIAN_POINT('',(3.3,-3.3005,0.1000001));
#2031 = CARTESIAN_POINT('',(2.9,-3.3005,0.1000001));
#2032 = ORIENTED_EDGE('',*,*,#1891,.F.);
#2033 = ORIENTED_EDGE('',*,*,#2034,.T.);
#2034 = EDGE_CURVE('',#1885,#1805,#2035,.T.);
#2035 = ( BOUNDED_CURVE() B_SPLINE_CURVE(2,(#2036,#2037,#2038),
.UNSPECIFIED.,.F.,.F.) B_SPLINE_CURVE_WITH_KNOTS((3,3),(1.570796326795,
3.14159265359),.PIECEWISE_BEZIER_KNOTS.) CURVE() 
GEOMETRIC_REPRESENTATION_ITEM() RATIONAL_B_SPLINE_CURVE((1.,
0.707106781187,1.)) REPRESENTATION_ITEM('') );
#2036 = CARTESIAN_POINT('',(-2.9,-3.3005,0.1000001));
#2037 = CARTESIAN_POINT('',(-3.3,-3.3005,0.1000001));
#2038 = CARTESIAN_POINT('',(-3.3,-2.9005,0.1000001));
#2039 = B_SPLINE_SURFACE_WITH_KNOTS('',1,1,(
    (#2040,#2041)
    ,(#2042,#2043
    )),.UNSPECIFIED.,.F.,.F.,.F.,(2,2),(2,2),(-3.3,3.3),(-3.3,3.3),
  .PIECEWISE_BEZIER_KNOTS.);
#2040 = CARTESIAN_POINT('',(-3.3,-3.3005,0.1000001));
#2041 = CARTESIAN_POINT('',(-3.3,3.2995,0.1000001));
#2042 = CARTESIAN_POINT('',(3.3,-3.3005,0.1000001));
#2043 = CARTESIAN_POINT('',(3.3,3.2995,0.1000001));
#2044 = ADVANCED_FACE('',(#2045),#2056,.T.);
#2045 = FACE_BOUND('',#2046,.T.);
#2046 = EDGE_LOOP('',(#2047,#2048,#2054,#2055));
#2047 = ORIENTED_EDGE('',*,*,#1698,.F.);
#2048 = ORIENTED_EDGE('',*,*,#2049,.T.);
#2049 = EDGE_CURVE('',#1692,#1871,#2050,.T.);
#2050 = ( BOUNDED_CURVE() B_SPLINE_CURVE(2,(#2051,#2052,#2053),
.UNSPECIFIED.,.F.,.F.) B_SPLINE_CURVE_WITH_KNOTS((3,3),(0.,
1.570796326795),.PIECEWISE_BEZIER_KNOTS.) CURVE() 
GEOMETRIC_REPRESENTATION_ITEM() RATIONAL_B_SPLINE_CURVE((1.,
0.707106781187,1.)) REPRESENTATION_ITEM('') );
#2051 = CARTESIAN_POINT('',(3.3,-2.9005,2.9500001));
#2052 = CARTESIAN_POINT('',(3.3,-3.3005,2.9500001));
#2053 = CARTESIAN_POINT('',(2.9,-3.3005,2.9500001));
#2054 = ORIENTED_EDGE('',*,*,#1868,.F.);
#2055 = ORIENTED_EDGE('',*,*,#2027,.F.);
#2056 = ( BOUNDED_SURFACE() B_SPLINE_SURFACE(2,1,(
    (#2057,#2058)
    ,(#2059,#2060)
    ,(#2061,#2062
)),.UNSPECIFIED.,.F.,.F.,.F.) B_SPLINE_SURFACE_WITH_KNOTS((3,3),(2,2),(
    3.14159265359,4.712388980385),(0.15,3.),.PIECEWISE_BEZIER_KNOTS.) 
GEOMETRIC_REPRESENTATION_ITEM() RATIONAL_B_SPLINE_SURFACE((
    (1.,1.)
    ,(0.707106781187,0.707106781187)
,(1.,1.))) REPRESENTATION_ITEM('') SURFACE() );
#2057 = CARTESIAN_POINT('',(3.3,-2.9005,2.9500001));
#2058 = CARTESIAN_POINT('',(3.3,-2.9005,0.1000001));
#2059 = CARTESIAN_POINT('',(3.3,-3.3005,2.9500001));
#2060 = CARTESIAN_POINT('',(3.3,-3.3005,0.1000001));
#2061 = CARTESIAN_POINT('',(2.9,-3.3005,2.9500001));
#2062 = CARTESIAN_POINT('',(2.9,-3.3005,0.1000001));
#2063 = ADVANCED_FACE('',(#2064),#2075,.T.);
#2064 = FACE_BOUND('',#2065,.T.);
#2065 = EDGE_LOOP('',(#2066,#2067,#2073,#2074));
#2066 = ORIENTED_EDGE('',*,*,#1884,.F.);
#2067 = ORIENTED_EDGE('',*,*,#2068,.T.);
#2068 = EDGE_CURVE('',#1878,#1807,#2069,.T.);
#2069 = ( BOUNDED_CURVE() B_SPLINE_CURVE(2,(#2070,#2071,#2072),
.UNSPECIFIED.,.F.,.F.) B_SPLINE_CURVE_WITH_KNOTS((3,3),(1.570796326795,
3.14159265359),.PIECEWISE_BEZIER_KNOTS.) CURVE() 
GEOMETRIC_REPRESENTATION_ITEM() RATIONAL_B_SPLINE_CURVE((1.,
0.707106781187,1.)) REPRESENTATION_ITEM('') );
#2070 = CARTESIAN_POINT('',(-2.9,-3.3005,2.9500001));
#2071 = CARTESIAN_POINT('',(-3.3,-3.3005,2.9500001));
#2072 = CARTESIAN_POINT('',(-3.3,-2.9005,2.9500001));
#2073 = ORIENTED_EDGE('',*,*,#1804,.F.);
#2074 = ORIENTED_EDGE('',*,*,#2034,.F.);
#2075 = ( BOUNDED_SURFACE() B_SPLINE_SURFACE(2,1,(
    (#2076,#2077)
    ,(#2078,#2079)
    ,(#2080,#2081
)),.UNSPECIFIED.,.F.,.F.,.F.) B_SPLINE_SURFACE_WITH_KNOTS((3,3),(2,2),(
    4.712388980385,6.28318530718),(0.15,3.),.PIECEWISE_BEZIER_KNOTS.) 
GEOMETRIC_REPRESENTATION_ITEM() RATIONAL_B_SPLINE_SURFACE((
    (1.,1.)
    ,(0.707106781187,0.707106781187)
,(1.,1.))) REPRESENTATION_ITEM('') SURFACE() );
#2076 = CARTESIAN_POINT('',(-2.9,-3.3005,2.9500001));
#2077 = CARTESIAN_POINT('',(-2.9,-3.3005,0.1000001));
#2078 = CARTESIAN_POINT('',(-3.3,-3.3005,2.9500001));
#2079 = CARTESIAN_POINT('',(-3.3,-3.3005,0.1000001));
#2080 = CARTESIAN_POINT('',(-3.3,-2.9005,2.9500001));
#2081 = CARTESIAN_POINT('',(-3.3,-2.9005,0.1000001));
#2082 = ADVANCED_FACE('',(#2083),#2094,.T.);
#2083 = FACE_BOUND('',#2084,.T.);
#2084 = EDGE_LOOP('',(#2085,#2086,#2092,#2093));
#2085 = ORIENTED_EDGE('',*,*,#1820,.F.);
#2086 = ORIENTED_EDGE('',*,*,#2087,.T.);
#2087 = EDGE_CURVE('',#1814,#723,#2088,.T.);
#2088 = ( BOUNDED_CURVE() B_SPLINE_CURVE(2,(#2089,#2090,#2091),
.UNSPECIFIED.,.F.,.F.) B_SPLINE_CURVE_WITH_KNOTS((3,3),(3.14159265359,
4.712388980385),.PIECEWISE_BEZIER_KNOTS.) CURVE() 
GEOMETRIC_REPRESENTATION_ITEM() RATIONAL_B_SPLINE_CURVE((1.,
0.707106781187,1.)) REPRESENTATION_ITEM('') );
#2089 = CARTESIAN_POINT('',(-3.3,2.8995,2.9500001));
#2090 = CARTESIAN_POINT('',(-3.3,3.2995,2.9500001));
#2091 = CARTESIAN_POINT('',(-2.9,3.2995,2.9500001));
#2092 = ORIENTED_EDGE('',*,*,#720,.F.);
#2093 = ORIENTED_EDGE('',*,*,#1993,.F.);
#2094 = ( BOUNDED_SURFACE() B_SPLINE_SURFACE(2,1,(
    (#2095,#2096)
    ,(#2097,#2098)
    ,(#2099,#2100
)),.UNSPECIFIED.,.F.,.F.,.F.) B_SPLINE_SURFACE_WITH_KNOTS((3,3),(2,2),(
    0.,1.570796326795),(0.15,3.),.PIECEWISE_BEZIER_KNOTS.) 
GEOMETRIC_REPRESENTATION_ITEM() RATIONAL_B_SPLINE_SURFACE((
    (1.,1.)
    ,(0.707106781187,0.707106781187)
,(1.,1.))) REPRESENTATION_ITEM('') SURFACE() );
#2095 = CARTESIAN_POINT('',(-3.3,2.8995,2.9500001));
#2096 = CARTESIAN_POINT('',(-3.3,2.8995,0.1000001));
#2097 = CARTESIAN_POINT('',(-3.3,3.2995,2.9500001));
#2098 = CARTESIAN_POINT('',(-3.3,3.2995,0.1000001));
#2099 = CARTESIAN_POINT('',(-2.9,3.2995,2.9500001));
#2100 = CARTESIAN_POINT('',(-2.9,3.2995,0.1000001));
#2101 = ADVANCED_FACE('',(#2102),#2113,.T.);
#2102 = FACE_BOUND('',#2103,.T.);
#2103 = EDGE_LOOP('',(#2104,#2105,#2111,#2112));
#2104 = ORIENTED_EDGE('',*,*,#736,.F.);
#2105 = ORIENTED_EDGE('',*,*,#2106,.T.);
#2106 = EDGE_CURVE('',#730,#1685,#2107,.T.);
#2107 = ( BOUNDED_CURVE() B_SPLINE_CURVE(2,(#2108,#2109,#2110),
.UNSPECIFIED.,.F.,.F.) B_SPLINE_CURVE_WITH_KNOTS((3,3),(4.712388980385,
6.28318530718),.PIECEWISE_BEZIER_KNOTS.) CURVE() 
GEOMETRIC_REPRESENTATION_ITEM() RATIONAL_B_SPLINE_CURVE((1.,
0.707106781187,1.)) REPRESENTATION_ITEM('') );
#2108 = CARTESIAN_POINT('',(2.9,3.2995,2.9500001));
#2109 = CARTESIAN_POINT('',(3.3,3.2995,2.9500001));
#2110 = CARTESIAN_POINT('',(3.3,2.8995,2.9500001));
#2111 = ORIENTED_EDGE('',*,*,#1682,.F.);
#2112 = ORIENTED_EDGE('',*,*,#2000,.F.);
#2113 = ( BOUNDED_SURFACE() B_SPLINE_SURFACE(2,1,(
    (#2114,#2115)
    ,(#2116,#2117)
    ,(#2118,#2119
)),.UNSPECIFIED.,.F.,.F.,.F.) B_SPLINE_SURFACE_WITH_KNOTS((3,3),(2,2),(
    1.570796326795,3.14159265359),(0.15,3.),.PIECEWISE_BEZIER_KNOTS.) 
GEOMETRIC_REPRESENTATION_ITEM() RATIONAL_B_SPLINE_SURFACE((
    (1.,1.)
    ,(0.707106781187,0.707106781187)
,(1.,1.))) REPRESENTATION_ITEM('') SURFACE() );
#2114 = CARTESIAN_POINT('',(2.9,3.2995,2.9500001));
#2115 = CARTESIAN_POINT('',(2.9,3.2995,0.1000001));
#2116 = CARTESIAN_POINT('',(3.3,3.2995,2.9500001));
#2117 = CARTESIAN_POINT('',(3.3,3.2995,0.1000001));
#2118 = CARTESIAN_POINT('',(3.3,2.8995,2.9500001));
#2119 = CARTESIAN_POINT('',(3.3,2.8995,0.1000001));
#2120 = ADVANCED_FACE('',(#2121),#2143,.F.);
#2121 = FACE_BOUND('',#2122,.T.);
#2122 = EDGE_LOOP('',(#2123,#2130,#2137,#2142));
#2123 = ORIENTED_EDGE('',*,*,#2124,.T.);
#2124 = EDGE_CURVE('',#1835,#2125,#2127,.T.);
#2125 = VERTEX_POINT('',#2126);
#2126 = CARTESIAN_POINT('',(-1.3,1.7495,0.2000001));
#2127 = B_SPLINE_CURVE_WITH_KNOTS('',1,(#2128,#2129),.UNSPECIFIED.,.F.,
  .F.,(2,2),(2.,4.),.PIECEWISE_BEZIER_KNOTS.);
#2128 = CARTESIAN_POINT('',(-3.3,1.7495,0.2000001));
#2129 = CARTESIAN_POINT('',(-1.3,1.7495,0.2000001));
#2130 = ORIENTED_EDGE('',*,*,#2131,.T.);
#2131 = EDGE_CURVE('',#2125,#2132,#2134,.T.);
#2132 = VERTEX_POINT('',#2133);
#2133 = CARTESIAN_POINT('',(-1.3,-1.7505,0.2000001));
#2134 = B_SPLINE_CURVE_WITH_KNOTS('',1,(#2135,#2136),.UNSPECIFIED.,.F.,
  .F.,(2,2),(0.,3.5),.PIECEWISE_BEZIER_KNOTS.);
#2135 = CARTESIAN_POINT('',(-1.3,1.7495,0.2000001));
#2136 = CARTESIAN_POINT('',(-1.3,-1.7505,0.2000001));
#2137 = ORIENTED_EDGE('',*,*,#2138,.T.);
#2138 = EDGE_CURVE('',#2132,#1842,#2139,.T.);
#2139 = B_SPLINE_CURVE_WITH_KNOTS('',1,(#2140,#2141),.UNSPECIFIED.,.F.,
  .F.,(2,2),(-4.,-2.),.PIECEWISE_BEZIER_KNOTS.);
#2140 = CARTESIAN_POINT('',(-1.3,-1.7505,0.2000001));
#2141 = CARTESIAN_POINT('',(-3.3,-1.7505,0.2000001));
#2142 = ORIENTED_EDGE('',*,*,#1841,.F.);
#2143 = B_SPLINE_SURFACE_WITH_KNOTS('',1,1,(
    (#2144,#2145)
    ,(#2146,#2147
    )),.UNSPECIFIED.,.F.,.F.,.F.,(2,2),(2,2),(-3.3,-1.3),(-1.75,1.75),
  .PIECEWISE_BEZIER_KNOTS.);
#2144 = CARTESIAN_POINT('',(-3.3,-1.7505,0.2000001));
#2145 = CARTESIAN_POINT('',(-3.3,1.7495,0.2000001));
#2146 = CARTESIAN_POINT('',(-1.3,-1.7505,0.2000001));
#2147 = CARTESIAN_POINT('',(-1.3,1.7495,0.2000001));
#2148 = ADVANCED_FACE('',(#2149),#2171,.T.);
#2149 = FACE_BOUND('',#2150,.T.);
#2150 = EDGE_LOOP('',(#2151,#2152,#2159,#2166));
#2151 = ORIENTED_EDGE('',*,*,#1719,.T.);
#2152 = ORIENTED_EDGE('',*,*,#2153,.T.);
#2153 = EDGE_CURVE('',#1713,#2154,#2156,.T.);
#2154 = VERTEX_POINT('',#2155);
#2155 = CARTESIAN_POINT('',(1.3,-1.7505,0.2000001));
#2156 = B_SPLINE_CURVE_WITH_KNOTS('',1,(#2157,#2158),.UNSPECIFIED.,.F.,
  .F.,(2,2),(2.,4.),.PIECEWISE_BEZIER_KNOTS.);
#2157 = CARTESIAN_POINT('',(3.3,-1.7505,0.2000001));
#2158 = CARTESIAN_POINT('',(1.3,-1.7505,0.2000001));
#2159 = ORIENTED_EDGE('',*,*,#2160,.T.);
#2160 = EDGE_CURVE('',#2154,#2161,#2163,.T.);
#2161 = VERTEX_POINT('',#2162);
#2162 = CARTESIAN_POINT('',(1.3,1.7495,0.2000001));
#2163 = B_SPLINE_CURVE_WITH_KNOTS('',1,(#2164,#2165),.UNSPECIFIED.,.F.,
  .F.,(2,2),(-3.5,0.),.PIECEWISE_BEZIER_KNOTS.);
#2164 = CARTESIAN_POINT('',(1.3,-1.7505,0.2000001));
#2165 = CARTESIAN_POINT('',(1.3,1.7495,0.2000001));
#2166 = ORIENTED_EDGE('',*,*,#2167,.T.);
#2167 = EDGE_CURVE('',#2161,#1720,#2168,.T.);
#2168 = B_SPLINE_CURVE_WITH_KNOTS('',1,(#2169,#2170),.UNSPECIFIED.,.F.,
  .F.,(2,2),(-4.,-2.),.PIECEWISE_BEZIER_KNOTS.);
#2169 = CARTESIAN_POINT('',(1.3,1.7495,0.2000001));
#2170 = CARTESIAN_POINT('',(3.3,1.7495,0.2000001));
#2171 = B_SPLINE_SURFACE_WITH_KNOTS('',1,1,(
    (#2172,#2173)
    ,(#2174,#2175
    )),.UNSPECIFIED.,.F.,.F.,.F.,(2,2),(2,2),(-3.3,-1.3),(-1.75,1.75),
  .PIECEWISE_BEZIER_KNOTS.);
#2172 = CARTESIAN_POINT('',(3.3,-1.7505,0.2000001));
#2173 = CARTESIAN_POINT('',(3.3,1.7495,0.2000001));
#2174 = CARTESIAN_POINT('',(1.3,-1.7505,0.2000001));
#2175 = CARTESIAN_POINT('',(1.3,1.7495,0.2000001));
#2176 = ADVANCED_FACE('',(#2177),#2187,.F.);
#2177 = FACE_BOUND('',#2178,.T.);
#2178 = EDGE_LOOP('',(#2179,#2180,#2181,#2186));
#2179 = ORIENTED_EDGE('',*,*,#1834,.F.);
#2180 = ORIENTED_EDGE('',*,*,#1987,.F.);
#2181 = ORIENTED_EDGE('',*,*,#2182,.F.);
#2182 = EDGE_CURVE('',#2125,#1981,#2183,.T.);
#2183 = B_SPLINE_CURVE_WITH_KNOTS('',1,(#2184,#2185),.UNSPECIFIED.,.F.,
  .F.,(2,2),(-0.866025403784,-0.692820323028),.PIECEWISE_BEZIER_KNOTS.);
#2184 = CARTESIAN_POINT('',(-1.3,1.7495,0.2000001));
#2185 = CARTESIAN_POINT('',(-1.2,1.8495,0.1000001));
#2186 = ORIENTED_EDGE('',*,*,#2124,.F.);
#2187 = B_SPLINE_SURFACE_WITH_KNOTS('',1,1,(
    (#2188,#2189)
    ,(#2190,#2191
    )),.UNSPECIFIED.,.F.,.F.,.F.,(2,2),(2,2),(1.2,3.3),(
    -1.110223024625E-16,0.141421356237),.PIECEWISE_BEZIER_KNOTS.);
#2188 = CARTESIAN_POINT('',(-1.2,1.8495,0.1000001));
#2189 = CARTESIAN_POINT('',(-1.2,1.7495,0.2000001));
#2190 = CARTESIAN_POINT('',(-3.3,1.8495,0.1000001));
#2191 = CARTESIAN_POINT('',(-3.3,1.7495,0.2000001));
#2192 = ADVANCED_FACE('',(#2193),#2203,.F.);
#2193 = FACE_BOUND('',#2194,.T.);
#2194 = EDGE_LOOP('',(#2195,#2196,#2197,#2202));
#2195 = ORIENTED_EDGE('',*,*,#2182,.T.);
#2196 = ORIENTED_EDGE('',*,*,#1980,.F.);
#2197 = ORIENTED_EDGE('',*,*,#2198,.F.);
#2198 = EDGE_CURVE('',#2132,#1974,#2199,.T.);
#2199 = B_SPLINE_CURVE_WITH_KNOTS('',1,(#2200,#2201),.UNSPECIFIED.,.F.,
  .F.,(2,2),(2.309401076759,2.482606157515),.PIECEWISE_BEZIER_KNOTS.);
#2200 = CARTESIAN_POINT('',(-1.3,-1.7505,0.2000001));
#2201 = CARTESIAN_POINT('',(-1.2,-1.8505,0.1000001));
#2202 = ORIENTED_EDGE('',*,*,#2131,.F.);
#2203 = B_SPLINE_SURFACE_WITH_KNOTS('',1,1,(
    (#2204,#2205)
    ,(#2206,#2207
    )),.UNSPECIFIED.,.F.,.F.,.F.,(2,2),(2,2),(-0.1,3.6),(
    -1.110223024625E-16,0.141421356237),.PIECEWISE_BEZIER_KNOTS.);
#2204 = CARTESIAN_POINT('',(-1.3,1.8495,0.2000001));
#2205 = CARTESIAN_POINT('',(-1.2,1.8495,0.1000001));
#2206 = CARTESIAN_POINT('',(-1.3,-1.8505,0.2000001));
#2207 = CARTESIAN_POINT('',(-1.2,-1.8505,0.1000001));
#2208 = ADVANCED_FACE('',(#2209),#2215,.F.);
#2209 = FACE_BOUND('',#2210,.T.);
#2210 = EDGE_LOOP('',(#2211,#2212,#2213,#2214));
#2211 = ORIENTED_EDGE('',*,*,#2198,.T.);
#2212 = ORIENTED_EDGE('',*,*,#1973,.F.);
#2213 = ORIENTED_EDGE('',*,*,#1848,.F.);
#2214 = ORIENTED_EDGE('',*,*,#2138,.F.);
#2215 = B_SPLINE_SURFACE_WITH_KNOTS('',1,1,(
    (#2216,#2217)
    ,(#2218,#2219
    )),.UNSPECIFIED.,.F.,.F.,.F.,(2,2),(2,2),(-4.1,-2.),(
    -4.440892098501E-16,0.141421356237),.PIECEWISE_BEZIER_KNOTS.);
#2216 = CARTESIAN_POINT('',(-1.2,-1.7505,0.2000001));
#2217 = CARTESIAN_POINT('',(-1.2,-1.8505,0.1000001));
#2218 = CARTESIAN_POINT('',(-3.3,-1.7505,0.2000001));
#2219 = CARTESIAN_POINT('',(-3.3,-1.8505,0.1000001));
#2220 = ADVANCED_FACE('',(#2221),#2231,.F.);
#2221 = FACE_BOUND('',#2222,.T.);
#2222 = EDGE_LOOP('',(#2223,#2224,#2225,#2230));
#2223 = ORIENTED_EDGE('',*,*,#1726,.F.);
#2224 = ORIENTED_EDGE('',*,*,#2167,.F.);
#2225 = ORIENTED_EDGE('',*,*,#2226,.F.);
#2226 = EDGE_CURVE('',#2008,#2161,#2227,.T.);
#2227 = B_SPLINE_CURVE_WITH_KNOTS('',1,(#2228,#2229),.UNSPECIFIED.,.F.,
  .F.,(2,2),(-0.173205080757,0.),.PIECEWISE_BEZIER_KNOTS.);
#2228 = CARTESIAN_POINT('',(1.2,1.8495,0.1000001));
#2229 = CARTESIAN_POINT('',(1.3,1.7495,0.2000001));
#2230 = ORIENTED_EDGE('',*,*,#2007,.F.);
#2231 = B_SPLINE_SURFACE_WITH_KNOTS('',1,1,(
    (#2232,#2233)
    ,(#2234,#2235
    )),.UNSPECIFIED.,.F.,.F.,.F.,(2,2),(2,2),(-4.1,-2.),(
    -1.962615573355E-17,0.141421356237),.PIECEWISE_BEZIER_KNOTS.);
#2232 = CARTESIAN_POINT('',(1.2,1.7495,0.2000001));
#2233 = CARTESIAN_POINT('',(1.2,1.8495,0.1000001));
#2234 = CARTESIAN_POINT('',(3.3,1.7495,0.2000001));
#2235 = CARTESIAN_POINT('',(3.3,1.8495,0.1000001));
#2236 = ADVANCED_FACE('',(#2237),#2247,.F.);
#2237 = FACE_BOUND('',#2238,.T.);
#2238 = EDGE_LOOP('',(#2239,#2240,#2241,#2246));
#2239 = ORIENTED_EDGE('',*,*,#2226,.T.);
#2240 = ORIENTED_EDGE('',*,*,#2160,.F.);
#2241 = ORIENTED_EDGE('',*,*,#2242,.F.);
#2242 = EDGE_CURVE('',#2015,#2154,#2243,.T.);
#2243 = B_SPLINE_CURVE_WITH_KNOTS('',1,(#2244,#2245),.UNSPECIFIED.,.F.,
  .F.,(2,2),(0.692820323028,0.866025403784),.PIECEWISE_BEZIER_KNOTS.);
#2244 = CARTESIAN_POINT('',(1.2,-1.8505,0.1000001));
#2245 = CARTESIAN_POINT('',(1.3,-1.7505,0.2000001));
#2246 = ORIENTED_EDGE('',*,*,#2014,.F.);
#2247 = B_SPLINE_SURFACE_WITH_KNOTS('',1,1,(
    (#2248,#2249)
    ,(#2250,#2251
    )),.UNSPECIFIED.,.F.,.F.,.F.,(2,2),(2,2),(-3.6,0.1),(0.,
    0.141421356237),.PIECEWISE_BEZIER_KNOTS.);
#2248 = CARTESIAN_POINT('',(1.3,-1.8505,0.2000001));
#2249 = CARTESIAN_POINT('',(1.2,-1.8505,0.1000001));
#2250 = CARTESIAN_POINT('',(1.3,1.8495,0.2000001));
#2251 = CARTESIAN_POINT('',(1.2,1.8495,0.1000001));
#2252 = ADVANCED_FACE('',(#2253),#2259,.F.);
#2253 = FACE_BOUND('',#2254,.T.);
#2254 = EDGE_LOOP('',(#2255,#2256,#2257,#2258));
#2255 = ORIENTED_EDGE('',*,*,#2242,.T.);
#2256 = ORIENTED_EDGE('',*,*,#2153,.F.);
#2257 = ORIENTED_EDGE('',*,*,#1712,.F.);
#2258 = ORIENTED_EDGE('',*,*,#2021,.F.);
#2259 = B_SPLINE_SURFACE_WITH_KNOTS('',1,1,(
    (#2260,#2261)
    ,(#2262,#2263
    )),.UNSPECIFIED.,.F.,.F.,.F.,(2,2),(2,2),(1.2,3.3),(
    -3.140184917368E-16,0.141421356237),.PIECEWISE_BEZIER_KNOTS.);
#2260 = CARTESIAN_POINT('',(1.2,-1.8505,0.1000001));
#2261 = CARTESIAN_POINT('',(1.2,-1.7505,0.2000001));
#2262 = CARTESIAN_POINT('',(3.3,-1.8505,0.1000001));
#2263 = CARTESIAN_POINT('',(3.3,-1.7505,0.2000001));
#2264 = ADVANCED_FACE('',(#2265),#2289,.F.);
#2265 = FACE_BOUND('',#2266,.F.);
#2266 = EDGE_LOOP('',(#2267,#2268,#2276,#2283));
#2267 = ORIENTED_EDGE('',*,*,#44,.F.);
#2268 = ORIENTED_EDGE('',*,*,#2269,.T.);
#2269 = EDGE_CURVE('',#45,#2270,#2272,.T.);
#2270 = VERTEX_POINT('',#2271);
#2271 = CARTESIAN_POINT('',(-3.2,1.4995,0.1500001));
#2272 = ( BOUNDED_CURVE() B_SPLINE_CURVE(2,(#2273,#2274,#2275),
.UNSPECIFIED.,.F.,.F.) B_SPLINE_CURVE_WITH_KNOTS((3,3),(3.14159265359,
4.712388980385),.PIECEWISE_BEZIER_KNOTS.) CURVE() 
GEOMETRIC_REPRESENTATION_ITEM() RATIONAL_B_SPLINE_CURVE((1.,
0.707106781187,1.)) REPRESENTATION_ITEM('') );
#2273 = CARTESIAN_POINT('',(-3.35,1.4995,0.3000001));
#2274 = CARTESIAN_POINT('',(-3.35,1.4995,0.1500001));
#2275 = CARTESIAN_POINT('',(-3.2,1.4995,0.1500001));
#2276 = ORIENTED_EDGE('',*,*,#2277,.T.);
#2277 = EDGE_CURVE('',#2270,#2278,#2280,.T.);
#2278 = VERTEX_POINT('',#2279);
#2279 = CARTESIAN_POINT('',(-3.2,-1.5005,0.1500001));
#2280 = B_SPLINE_CURVE_WITH_KNOTS('',1,(#2281,#2282),.UNSPECIFIED.,.F.,
  .F.,(2,2),(-0.,3.),.PIECEWISE_BEZIER_KNOTS.);
#2281 = CARTESIAN_POINT('',(-3.2,1.4995,0.1500001));
#2282 = CARTESIAN_POINT('',(-3.2,-1.5005,0.1500001));
#2283 = ORIENTED_EDGE('',*,*,#2284,.F.);
#2284 = EDGE_CURVE('',#38,#2278,#2285,.T.);
#2285 = ( BOUNDED_CURVE() B_SPLINE_CURVE(2,(#2286,#2287,#2288),
.UNSPECIFIED.,.F.,.F.) B_SPLINE_CURVE_WITH_KNOTS((3,3),(3.14159265359,
4.712388980385),.PIECEWISE_BEZIER_KNOTS.) CURVE() 
GEOMETRIC_REPRESENTATION_ITEM() RATIONAL_B_SPLINE_CURVE((1.,
0.707106781187,1.)) REPRESENTATION_ITEM('') );
#2286 = CARTESIAN_POINT('',(-3.35,-1.5005,0.3000001));
#2287 = CARTESIAN_POINT('',(-3.35,-1.5005,0.1500001));
#2288 = CARTESIAN_POINT('',(-3.2,-1.5005,0.1500001));
#2289 = ( BOUNDED_SURFACE() B_SPLINE_SURFACE(2,1,(
    (#2290,#2291)
    ,(#2292,#2293)
    ,(#2294,#2295
)),.UNSPECIFIED.,.F.,.F.,.F.) B_SPLINE_SURFACE_WITH_KNOTS((3,3),(2,2),(
    4.712388980385,6.28318530718),(0.,3.),.PIECEWISE_BEZIER_KNOTS.) 
GEOMETRIC_REPRESENTATION_ITEM() RATIONAL_B_SPLINE_SURFACE((
    (1.,1.)
    ,(0.707106781187,0.707106781187)
,(1.,1.))) REPRESENTATION_ITEM('') SURFACE() );
#2290 = CARTESIAN_POINT('',(-3.35,1.4995,0.3000001));
#2291 = CARTESIAN_POINT('',(-3.35,-1.5005,0.3000001));
#2292 = CARTESIAN_POINT('',(-3.35,1.4995,0.1500001));
#2293 = CARTESIAN_POINT('',(-3.35,-1.5005,0.1500001));
#2294 = CARTESIAN_POINT('',(-3.2,1.4995,0.1500001));
#2295 = CARTESIAN_POINT('',(-3.2,-1.5005,0.1500001));
#2296 = ADVANCED_FACE('',(#2297),#2319,.F.);
#2297 = FACE_BOUND('',#2298,.T.);
#2298 = EDGE_LOOP('',(#2299,#2306,#2313,#2318));
#2299 = ORIENTED_EDGE('',*,*,#2300,.T.);
#2300 = EDGE_CURVE('',#2278,#2301,#2303,.T.);
#2301 = VERTEX_POINT('',#2302);
#2302 = CARTESIAN_POINT('',(-1.9,-1.5005,0.1500001));
#2303 = B_SPLINE_CURVE_WITH_KNOTS('',1,(#2304,#2305),.UNSPECIFIED.,.F.,
  .F.,(2,2),(-1.3,0.),.PIECEWISE_BEZIER_KNOTS.);
#2304 = CARTESIAN_POINT('',(-3.2,-1.5005,0.1500001));
#2305 = CARTESIAN_POINT('',(-1.9,-1.5005,0.1500001));
#2306 = ORIENTED_EDGE('',*,*,#2307,.F.);
#2307 = EDGE_CURVE('',#2308,#2301,#2310,.T.);
#2308 = VERTEX_POINT('',#2309);
#2309 = CARTESIAN_POINT('',(-1.9,1.4995,0.1500001));
#2310 = B_SPLINE_CURVE_WITH_KNOTS('',1,(#2311,#2312),.UNSPECIFIED.,.F.,
  .F.,(2,2),(-0.,3.),.PIECEWISE_BEZIER_KNOTS.);
#2311 = CARTESIAN_POINT('',(-1.9,1.4995,0.1500001));
#2312 = CARTESIAN_POINT('',(-1.9,-1.5005,0.1500001));
#2313 = ORIENTED_EDGE('',*,*,#2314,.F.);
#2314 = EDGE_CURVE('',#2270,#2308,#2315,.T.);
#2315 = B_SPLINE_CURVE_WITH_KNOTS('',1,(#2316,#2317),.UNSPECIFIED.,.F.,
  .F.,(2,2),(-1.3,0.),.PIECEWISE_BEZIER_KNOTS.);
#2316 = CARTESIAN_POINT('',(-3.2,1.4995,0.1500001));
#2317 = CARTESIAN_POINT('',(-1.9,1.4995,0.1500001));
#2318 = ORIENTED_EDGE('',*,*,#2277,.T.);
#2319 = B_SPLINE_SURFACE_WITH_KNOTS('',1,1,(
    (#2320,#2321)
    ,(#2322,#2323
    )),.UNSPECIFIED.,.F.,.F.,.F.,(2,2),(2,2),(0.,1.3),(-3.,0.),
  .PIECEWISE_BEZIER_KNOTS.);
#2320 = CARTESIAN_POINT('',(-1.9,-1.5005,0.1500001));
#2321 = CARTESIAN_POINT('',(-1.9,1.4995,0.1500001));
#2322 = CARTESIAN_POINT('',(-3.2,-1.5005,0.1500001));
#2323 = CARTESIAN_POINT('',(-3.2,1.4995,0.1500001));
#2324 = ADVANCED_FACE('',(#2325),#2347,.T.);
#2325 = FACE_BOUND('',#2326,.T.);
#2326 = EDGE_LOOP('',(#2327,#2334,#2341,#2346));
#2327 = ORIENTED_EDGE('',*,*,#2328,.F.);
#2328 = EDGE_CURVE('',#2329,#2301,#2331,.T.);
#2329 = VERTEX_POINT('',#2330);
#2330 = CARTESIAN_POINT('',(-1.9,-1.5005,1.00000000111E-07));
#2331 = B_SPLINE_CURVE_WITH_KNOTS('',1,(#2332,#2333),.UNSPECIFIED.,.F.,
  .F.,(2,2),(0.,0.15),.PIECEWISE_BEZIER_KNOTS.);
#2332 = CARTESIAN_POINT('',(-1.9,-1.5005,1.00000000111E-07));
#2333 = CARTESIAN_POINT('',(-1.9,-1.5005,0.1500001));
#2334 = ORIENTED_EDGE('',*,*,#2335,.F.);
#2335 = EDGE_CURVE('',#2336,#2329,#2338,.T.);
#2336 = VERTEX_POINT('',#2337);
#2337 = CARTESIAN_POINT('',(-1.9,1.4995,1.00000000111E-07));
#2338 = B_SPLINE_CURVE_WITH_KNOTS('',1,(#2339,#2340),.UNSPECIFIED.,.F.,
  .F.,(2,2),(-0.,3.),.PIECEWISE_BEZIER_KNOTS.);
#2339 = CARTESIAN_POINT('',(-1.9,1.4995,1.00000000111E-07));
#2340 = CARTESIAN_POINT('',(-1.9,-1.5005,1.00000000111E-07));
#2341 = ORIENTED_EDGE('',*,*,#2342,.T.);
#2342 = EDGE_CURVE('',#2336,#2308,#2343,.T.);
#2343 = B_SPLINE_CURVE_WITH_KNOTS('',1,(#2344,#2345),.UNSPECIFIED.,.F.,
  .F.,(2,2),(0.,0.15),.PIECEWISE_BEZIER_KNOTS.);
#2344 = CARTESIAN_POINT('',(-1.9,1.4995,1.00000000111E-07));
#2345 = CARTESIAN_POINT('',(-1.9,1.4995,0.1500001));
#2346 = ORIENTED_EDGE('',*,*,#2307,.T.);
#2347 = B_SPLINE_SURFACE_WITH_KNOTS('',1,1,(
    (#2348,#2349)
    ,(#2350,#2351
    )),.UNSPECIFIED.,.F.,.F.,.F.,(2,2),(2,2),(-0.15,0.),(-3.,0.),
  .PIECEWISE_BEZIER_KNOTS.);
#2348 = CARTESIAN_POINT('',(-1.9,-1.5005,0.1500001));
#2349 = CARTESIAN_POINT('',(-1.9,1.4995,0.1500001));
#2350 = CARTESIAN_POINT('',(-1.9,-1.5005,1.00000000111E-07));
#2351 = CARTESIAN_POINT('',(-1.9,1.4995,1.00000000111E-07));
#2352 = ADVANCED_FACE('',(#2353),#2375,.T.);
#2353 = FACE_BOUND('',#2354,.T.);
#2354 = EDGE_LOOP('',(#2355,#2362,#2369,#2374));
#2355 = ORIENTED_EDGE('',*,*,#2356,.F.);
#2356 = EDGE_CURVE('',#2357,#2329,#2359,.T.);
#2357 = VERTEX_POINT('',#2358);
#2358 = CARTESIAN_POINT('',(-3.2,-1.5005,1.000000002194E-07));
#2359 = B_SPLINE_CURVE_WITH_KNOTS('',1,(#2360,#2361),.UNSPECIFIED.,.F.,
  .F.,(2,2),(-1.3,0.),.PIECEWISE_BEZIER_KNOTS.);
#2360 = CARTESIAN_POINT('',(-3.2,-1.5005,1.000000002194E-07));
#2361 = CARTESIAN_POINT('',(-1.9,-1.5005,1.00000000111E-07));
#2362 = ORIENTED_EDGE('',*,*,#2363,.F.);
#2363 = EDGE_CURVE('',#2364,#2357,#2366,.T.);
#2364 = VERTEX_POINT('',#2365);
#2365 = CARTESIAN_POINT('',(-3.2,1.4995,1.000000002194E-07));
#2366 = B_SPLINE_CURVE_WITH_KNOTS('',1,(#2367,#2368),.UNSPECIFIED.,.F.,
  .F.,(2,2),(-0.,3.),.PIECEWISE_BEZIER_KNOTS.);
#2367 = CARTESIAN_POINT('',(-3.2,1.4995,1.000000002194E-07));
#2368 = CARTESIAN_POINT('',(-3.2,-1.5005,1.000000002194E-07));
#2369 = ORIENTED_EDGE('',*,*,#2370,.T.);
#2370 = EDGE_CURVE('',#2364,#2336,#2371,.T.);
#2371 = B_SPLINE_CURVE_WITH_KNOTS('',1,(#2372,#2373),.UNSPECIFIED.,.F.,
  .F.,(2,2),(-1.3,0.),.PIECEWISE_BEZIER_KNOTS.);
#2372 = CARTESIAN_POINT('',(-3.2,1.4995,1.000000002194E-07));
#2373 = CARTESIAN_POINT('',(-1.9,1.4995,1.00000000111E-07));
#2374 = ORIENTED_EDGE('',*,*,#2335,.T.);
#2375 = B_SPLINE_SURFACE_WITH_KNOTS('',1,1,(
    (#2376,#2377)
    ,(#2378,#2379
    )),.UNSPECIFIED.,.F.,.F.,.F.,(2,2),(2,2),(0.,1.3),(-3.,0.),
  .PIECEWISE_BEZIER_KNOTS.);
#2376 = CARTESIAN_POINT('',(-1.9,-1.5005,1.00000000111E-07));
#2377 = CARTESIAN_POINT('',(-1.9,1.4995,1.00000000111E-07));
#2378 = CARTESIAN_POINT('',(-3.2,-1.5005,1.000000002194E-07));
#2379 = CARTESIAN_POINT('',(-3.2,1.4995,1.000000002194E-07));
#2380 = ADVANCED_FACE('',(#2381),#2397,.T.);
#2381 = FACE_BOUND('',#2382,.T.);
#2382 = EDGE_LOOP('',(#2383,#2389,#2390,#2396));
#2383 = ORIENTED_EDGE('',*,*,#2384,.F.);
#2384 = EDGE_CURVE('',#130,#2357,#2385,.T.);
#2385 = ( BOUNDED_CURVE() B_SPLINE_CURVE(2,(#2386,#2387,#2388),
.UNSPECIFIED.,.F.,.F.) B_SPLINE_CURVE_WITH_KNOTS((3,3),(1.570796326795,
3.14159265359),.PIECEWISE_BEZIER_KNOTS.) CURVE() 
GEOMETRIC_REPRESENTATION_ITEM() RATIONAL_B_SPLINE_CURVE((1.,
0.707106781187,1.)) REPRESENTATION_ITEM('') );
#2386 = CARTESIAN_POINT('',(-3.5,-1.5005,0.3000001));
#2387 = CARTESIAN_POINT('',(-3.5,-1.5005,1.000000000555E-07));
#2388 = CARTESIAN_POINT('',(-3.2,-1.5005,1.E-07));
#2389 = ORIENTED_EDGE('',*,*,#129,.F.);
#2390 = ORIENTED_EDGE('',*,*,#2391,.T.);
#2391 = EDGE_CURVE('',#123,#2364,#2392,.T.);
#2392 = ( BOUNDED_CURVE() B_SPLINE_CURVE(2,(#2393,#2394,#2395),
.UNSPECIFIED.,.F.,.F.) B_SPLINE_CURVE_WITH_KNOTS((3,3),(1.570796326795,
3.14159265359),.PIECEWISE_BEZIER_KNOTS.) CURVE() 
GEOMETRIC_REPRESENTATION_ITEM() RATIONAL_B_SPLINE_CURVE((1.,
0.707106781187,1.)) REPRESENTATION_ITEM('') );
#2393 = CARTESIAN_POINT('',(-3.5,1.4995,0.3000001));
#2394 = CARTESIAN_POINT('',(-3.5,1.4995,1.000000000555E-07));
#2395 = CARTESIAN_POINT('',(-3.2,1.4995,1.E-07));
#2396 = ORIENTED_EDGE('',*,*,#2363,.T.);
#2397 = ( BOUNDED_SURFACE() B_SPLINE_SURFACE(2,1,(
    (#2398,#2399)
    ,(#2400,#2401)
    ,(#2402,#2403
)),.UNSPECIFIED.,.F.,.F.,.F.) B_SPLINE_SURFACE_WITH_KNOTS((3,3),(2,2),(
    4.712388980385,6.28318530718),(0.,3.),.PIECEWISE_BEZIER_KNOTS.) 
GEOMETRIC_REPRESENTATION_ITEM() RATIONAL_B_SPLINE_SURFACE((
    (1.,1.)
    ,(0.707106781187,0.707106781187)
,(1.,1.))) REPRESENTATION_ITEM('') SURFACE() );
#2398 = CARTESIAN_POINT('',(-3.5,1.4995,0.3000001));
#2399 = CARTESIAN_POINT('',(-3.5,-1.5005,0.3000001));
#2400 = CARTESIAN_POINT('',(-3.5,1.4995,1.000000001665E-07));
#2401 = CARTESIAN_POINT('',(-3.5,-1.5005,1.000000001665E-07));
#2402 = CARTESIAN_POINT('',(-3.2,1.4995,1.000000000555E-07));
#2403 = CARTESIAN_POINT('',(-3.2,-1.5005,1.000000000555E-07));
#2404 = ADVANCED_FACE('',(#2405),#2417,.F.);
#2405 = FACE_BOUND('',#2406,.T.);
#2406 = EDGE_LOOP('',(#2407,#2408,#2409,#2410,#2411,#2412,#2413,#2414,
    #2415,#2416));
#2407 = ORIENTED_EDGE('',*,*,#261,.F.);
#2408 = ORIENTED_EDGE('',*,*,#1797,.T.);
#2409 = ORIENTED_EDGE('',*,*,#190,.T.);
#2410 = ORIENTED_EDGE('',*,*,#51,.T.);
#2411 = ORIENTED_EDGE('',*,*,#2269,.T.);
#2412 = ORIENTED_EDGE('',*,*,#2314,.T.);
#2413 = ORIENTED_EDGE('',*,*,#2342,.F.);
#2414 = ORIENTED_EDGE('',*,*,#2370,.F.);
#2415 = ORIENTED_EDGE('',*,*,#2391,.F.);
#2416 = ORIENTED_EDGE('',*,*,#122,.F.);
#2417 = B_SPLINE_SURFACE_WITH_KNOTS('',1,1,(
    (#2418,#2419)
    ,(#2420,#2421
    )),.UNSPECIFIED.,.F.,.F.,.F.,(2,2),(2,2),(-1.3,0.3),(-1.453228007757
    ,0.3),.PIECEWISE_BEZIER_KNOTS.);
#2418 = CARTESIAN_POINT('',(-1.9,1.4995,1.753228107757));
#2419 = CARTESIAN_POINT('',(-1.9,1.4995,1.E-07));
#2420 = CARTESIAN_POINT('',(-3.5,1.4995,1.753228107757));
#2421 = CARTESIAN_POINT('',(-3.5,1.4995,1.E-07));
#2422 = ADVANCED_FACE('',(#2423),#2435,.T.);
#2423 = FACE_BOUND('',#2424,.T.);
#2424 = EDGE_LOOP('',(#2425,#2426,#2427,#2428,#2429,#2430,#2431,#2432,
    #2433,#2434));
#2425 = ORIENTED_EDGE('',*,*,#1783,.F.);
#2426 = ORIENTED_EDGE('',*,*,#229,.T.);
#2427 = ORIENTED_EDGE('',*,*,#136,.T.);
#2428 = ORIENTED_EDGE('',*,*,#2384,.T.);
#2429 = ORIENTED_EDGE('',*,*,#2356,.T.);
#2430 = ORIENTED_EDGE('',*,*,#2328,.T.);
#2431 = ORIENTED_EDGE('',*,*,#2300,.F.);
#2432 = ORIENTED_EDGE('',*,*,#2284,.F.);
#2433 = ORIENTED_EDGE('',*,*,#37,.F.);
#2434 = ORIENTED_EDGE('',*,*,#150,.F.);
#2435 = B_SPLINE_SURFACE_WITH_KNOTS('',1,1,(
    (#2436,#2437)
    ,(#2438,#2439
    )),.UNSPECIFIED.,.F.,.F.,.F.,(2,2),(2,2),(-1.3,0.3),(-1.453228007757
    ,0.3),.PIECEWISE_BEZIER_KNOTS.);
#2436 = CARTESIAN_POINT('',(-1.9,-1.5005,1.753228107757));
#2437 = CARTESIAN_POINT('',(-1.9,-1.5005,1.E-07));
#2438 = CARTESIAN_POINT('',(-3.5,-1.5005,1.753228107757));
#2439 = CARTESIAN_POINT('',(-3.5,-1.5005,1.E-07));
#2440 = ADVANCED_FACE('',(#2441),#2509,.F.);
#2441 = FACE_BOUND('',#2442,.T.);
#2442 = EDGE_LOOP('',(#2443,#2451,#2452,#2460,#2467,#2475,#2482,#2489,
    #2496,#2504));
#2443 = ORIENTED_EDGE('',*,*,#2444,.T.);
#2444 = EDGE_CURVE('',#2445,#1741,#2447,.T.);
#2445 = VERTEX_POINT('',#2446);
#2446 = CARTESIAN_POINT('',(3.35,1.4995,1.553228107757));
#2447 = ( BOUNDED_CURVE() B_SPLINE_CURVE(2,(#2448,#2449,#2450),
.UNSPECIFIED.,.F.,.F.) B_SPLINE_CURVE_WITH_KNOTS((3,3),(0.,
1.570796326795),.PIECEWISE_BEZIER_KNOTS.) CURVE() 
GEOMETRIC_REPRESENTATION_ITEM() RATIONAL_B_SPLINE_CURVE((1.,
0.707106781187,1.)) REPRESENTATION_ITEM('') );
#2448 = CARTESIAN_POINT('',(3.35,1.4995,1.553228107757));
#2449 = CARTESIAN_POINT('',(3.35,1.4995,1.603228107757));
#2450 = CARTESIAN_POINT('',(3.3,1.4995,1.603228107757));
#2451 = ORIENTED_EDGE('',*,*,#1740,.T.);
#2452 = ORIENTED_EDGE('',*,*,#2453,.F.);
#2453 = EDGE_CURVE('',#2454,#1743,#2456,.T.);
#2454 = VERTEX_POINT('',#2455);
#2455 = CARTESIAN_POINT('',(3.5,1.4995,1.553228107757));
#2456 = ( BOUNDED_CURVE() B_SPLINE_CURVE(2,(#2457,#2458,#2459),
.UNSPECIFIED.,.F.,.F.) B_SPLINE_CURVE_WITH_KNOTS((3,3),(1.570796326795,
3.14159265359),.PIECEWISE_BEZIER_KNOTS.) CURVE() 
GEOMETRIC_REPRESENTATION_ITEM() RATIONAL_B_SPLINE_CURVE((1.,
0.707106781187,1.)) REPRESENTATION_ITEM('') );
#2457 = CARTESIAN_POINT('',(3.5,1.4995,1.553228107757));
#2458 = CARTESIAN_POINT('',(3.5,1.4995,1.753228107757));
#2459 = CARTESIAN_POINT('',(3.3,1.4995,1.753228107757));
#2460 = ORIENTED_EDGE('',*,*,#2461,.F.);
#2461 = EDGE_CURVE('',#2462,#2454,#2464,.T.);
#2462 = VERTEX_POINT('',#2463);
#2463 = CARTESIAN_POINT('',(3.5,1.4995,0.3000001));
#2464 = B_SPLINE_CURVE_WITH_KNOTS('',1,(#2465,#2466),.UNSPECIFIED.,.F.,
  .F.,(2,2),(0.,1.253228007757),.PIECEWISE_BEZIER_KNOTS.);
#2465 = CARTESIAN_POINT('',(3.5,1.4995,0.3000001));
#2466 = CARTESIAN_POINT('',(3.5,1.4995,1.553228107757));
#2467 = ORIENTED_EDGE('',*,*,#2468,.F.);
#2468 = EDGE_CURVE('',#2469,#2462,#2471,.T.);
#2469 = VERTEX_POINT('',#2470);
#2470 = CARTESIAN_POINT('',(3.2,1.4995,1.000000000568E-07));
#2471 = ( BOUNDED_CURVE() B_SPLINE_CURVE(2,(#2472,#2473,#2474),
.UNSPECIFIED.,.F.,.F.) B_SPLINE_CURVE_WITH_KNOTS((3,3),(0.,
1.570796326795),.PIECEWISE_BEZIER_KNOTS.) CURVE() 
GEOMETRIC_REPRESENTATION_ITEM() RATIONAL_B_SPLINE_CURVE((1.,
0.707106781187,1.)) REPRESENTATION_ITEM('') );
#2472 = CARTESIAN_POINT('',(3.2,1.4995,1.000000000555E-07));
#2473 = CARTESIAN_POINT('',(3.5,1.4995,1.000000000555E-07));
#2474 = CARTESIAN_POINT('',(3.5,1.4995,0.3000001));
#2475 = ORIENTED_EDGE('',*,*,#2476,.F.);
#2476 = EDGE_CURVE('',#2477,#2469,#2479,.T.);
#2477 = VERTEX_POINT('',#2478);
#2478 = CARTESIAN_POINT('',(1.9,1.4995,1.00000000111E-07));
#2479 = B_SPLINE_CURVE_WITH_KNOTS('',1,(#2480,#2481),.UNSPECIFIED.,.F.,
  .F.,(2,2),(0.,1.3),.PIECEWISE_BEZIER_KNOTS.);
#2480 = CARTESIAN_POINT('',(1.9,1.4995,1.00000000111E-07));
#2481 = CARTESIAN_POINT('',(3.2,1.4995,1.000000002194E-07));
#2482 = ORIENTED_EDGE('',*,*,#2483,.F.);
#2483 = EDGE_CURVE('',#2484,#2477,#2486,.T.);
#2484 = VERTEX_POINT('',#2485);
#2485 = CARTESIAN_POINT('',(1.9,1.4995,0.1500001));
#2486 = B_SPLINE_CURVE_WITH_KNOTS('',1,(#2487,#2488),.UNSPECIFIED.,.F.,
  .F.,(2,2),(0.,0.15),.PIECEWISE_BEZIER_KNOTS.);
#2487 = CARTESIAN_POINT('',(1.9,1.4995,0.1500001));
#2488 = CARTESIAN_POINT('',(1.9,1.4995,1.00000000111E-07));
#2489 = ORIENTED_EDGE('',*,*,#2490,.T.);
#2490 = EDGE_CURVE('',#2484,#2491,#2493,.T.);
#2491 = VERTEX_POINT('',#2492);
#2492 = CARTESIAN_POINT('',(3.2,1.4995,0.1500001));
#2493 = B_SPLINE_CURVE_WITH_KNOTS('',1,(#2494,#2495),.UNSPECIFIED.,.F.,
  .F.,(2,2),(0.,1.3),.PIECEWISE_BEZIER_KNOTS.);
#2494 = CARTESIAN_POINT('',(1.9,1.4995,0.1500001));
#2495 = CARTESIAN_POINT('',(3.2,1.4995,0.1500001));
#2496 = ORIENTED_EDGE('',*,*,#2497,.T.);
#2497 = EDGE_CURVE('',#2491,#2498,#2500,.T.);
#2498 = VERTEX_POINT('',#2499);
#2499 = CARTESIAN_POINT('',(3.35,1.4995,0.3000001));
#2500 = ( BOUNDED_CURVE() B_SPLINE_CURVE(2,(#2501,#2502,#2503),
.UNSPECIFIED.,.F.,.F.) B_SPLINE_CURVE_WITH_KNOTS((3,3),(4.712388980385,
6.28318530718),.PIECEWISE_BEZIER_KNOTS.) CURVE() 
GEOMETRIC_REPRESENTATION_ITEM() RATIONAL_B_SPLINE_CURVE((1.,
0.707106781187,1.)) REPRESENTATION_ITEM('') );
#2501 = CARTESIAN_POINT('',(3.2,1.4995,0.1500001));
#2502 = CARTESIAN_POINT('',(3.35,1.4995,0.1500001));
#2503 = CARTESIAN_POINT('',(3.35,1.4995,0.3000001));
#2504 = ORIENTED_EDGE('',*,*,#2505,.T.);
#2505 = EDGE_CURVE('',#2498,#2445,#2506,.T.);
#2506 = B_SPLINE_CURVE_WITH_KNOTS('',1,(#2507,#2508),.UNSPECIFIED.,.F.,
  .F.,(2,2),(0.,1.253228007757),.PIECEWISE_BEZIER_KNOTS.);
#2507 = CARTESIAN_POINT('',(3.35,1.4995,0.3000001));
#2508 = CARTESIAN_POINT('',(3.35,1.4995,1.553228107757));
#2509 = B_SPLINE_SURFACE_WITH_KNOTS('',1,1,(
    (#2510,#2511)
    ,(#2512,#2513
    )),.UNSPECIFIED.,.F.,.F.,.F.,(2,2),(2,2),(-6.7,-5.1),(
    -1.453228007757,0.3),.PIECEWISE_BEZIER_KNOTS.);
#2510 = CARTESIAN_POINT('',(3.5,1.4995,1.753228107757));
#2511 = CARTESIAN_POINT('',(3.5,1.4995,1.000000000555E-07));
#2512 = CARTESIAN_POINT('',(1.9,1.4995,1.753228107757));
#2513 = CARTESIAN_POINT('',(1.9,1.4995,1.000000000555E-07));
#2514 = ADVANCED_FACE('',(#2515),#2583,.T.);
#2515 = FACE_BOUND('',#2516,.T.);
#2516 = EDGE_LOOP('',(#2517,#2518,#2526,#2533,#2541,#2548,#2555,#2562,
    #2570,#2577));
#2517 = ORIENTED_EDGE('',*,*,#1756,.F.);
#2518 = ORIENTED_EDGE('',*,*,#2519,.F.);
#2519 = EDGE_CURVE('',#2520,#1750,#2522,.T.);
#2520 = VERTEX_POINT('',#2521);
#2521 = CARTESIAN_POINT('',(3.35,-1.5005,1.553228107757));
#2522 = ( BOUNDED_CURVE() B_SPLINE_CURVE(2,(#2523,#2524,#2525),
.UNSPECIFIED.,.F.,.F.) B_SPLINE_CURVE_WITH_KNOTS((3,3),(0.,
1.570796326795),.PIECEWISE_BEZIER_KNOTS.) CURVE() 
GEOMETRIC_REPRESENTATION_ITEM() RATIONAL_B_SPLINE_CURVE((1.,
0.707106781187,1.)) REPRESENTATION_ITEM('') );
#2523 = CARTESIAN_POINT('',(3.35,-1.5005,1.553228107757));
#2524 = CARTESIAN_POINT('',(3.35,-1.5005,1.603228107757));
#2525 = CARTESIAN_POINT('',(3.3,-1.5005,1.603228107757));
#2526 = ORIENTED_EDGE('',*,*,#2527,.F.);
#2527 = EDGE_CURVE('',#2528,#2520,#2530,.T.);
#2528 = VERTEX_POINT('',#2529);
#2529 = CARTESIAN_POINT('',(3.35,-1.5005,0.3000001));
#2530 = B_SPLINE_CURVE_WITH_KNOTS('',1,(#2531,#2532),.UNSPECIFIED.,.F.,
  .F.,(2,2),(0.,1.253228007757),.PIECEWISE_BEZIER_KNOTS.);
#2531 = CARTESIAN_POINT('',(3.35,-1.5005,0.3000001));
#2532 = CARTESIAN_POINT('',(3.35,-1.5005,1.553228107757));
#2533 = ORIENTED_EDGE('',*,*,#2534,.F.);
#2534 = EDGE_CURVE('',#2535,#2528,#2537,.T.);
#2535 = VERTEX_POINT('',#2536);
#2536 = CARTESIAN_POINT('',(3.2,-1.5005,0.1500001));
#2537 = ( BOUNDED_CURVE() B_SPLINE_CURVE(2,(#2538,#2539,#2540),
.UNSPECIFIED.,.F.,.F.) B_SPLINE_CURVE_WITH_KNOTS((3,3),(4.712388980385,
6.28318530718),.PIECEWISE_BEZIER_KNOTS.) CURVE() 
GEOMETRIC_REPRESENTATION_ITEM() RATIONAL_B_SPLINE_CURVE((1.,
0.707106781187,1.)) REPRESENTATION_ITEM('') );
#2538 = CARTESIAN_POINT('',(3.2,-1.5005,0.1500001));
#2539 = CARTESIAN_POINT('',(3.35,-1.5005,0.1500001));
#2540 = CARTESIAN_POINT('',(3.35,-1.5005,0.3000001));
#2541 = ORIENTED_EDGE('',*,*,#2542,.F.);
#2542 = EDGE_CURVE('',#2543,#2535,#2545,.T.);
#2543 = VERTEX_POINT('',#2544);
#2544 = CARTESIAN_POINT('',(1.9,-1.5005,0.1500001));
#2545 = B_SPLINE_CURVE_WITH_KNOTS('',1,(#2546,#2547),.UNSPECIFIED.,.F.,
  .F.,(2,2),(0.,1.3),.PIECEWISE_BEZIER_KNOTS.);
#2546 = CARTESIAN_POINT('',(1.9,-1.5005,0.1500001));
#2547 = CARTESIAN_POINT('',(3.2,-1.5005,0.1500001));
#2548 = ORIENTED_EDGE('',*,*,#2549,.T.);
#2549 = EDGE_CURVE('',#2543,#2550,#2552,.T.);
#2550 = VERTEX_POINT('',#2551);
#2551 = CARTESIAN_POINT('',(1.9,-1.5005,1.00000000111E-07));
#2552 = B_SPLINE_CURVE_WITH_KNOTS('',1,(#2553,#2554),.UNSPECIFIED.,.F.,
  .F.,(2,2),(0.,0.15),.PIECEWISE_BEZIER_KNOTS.);
#2553 = CARTESIAN_POINT('',(1.9,-1.5005,0.1500001));
#2554 = CARTESIAN_POINT('',(1.9,-1.5005,1.00000000111E-07));
#2555 = ORIENTED_EDGE('',*,*,#2556,.T.);
#2556 = EDGE_CURVE('',#2550,#2557,#2559,.T.);
#2557 = VERTEX_POINT('',#2558);
#2558 = CARTESIAN_POINT('',(3.2,-1.5005,1.000000000568E-07));
#2559 = B_SPLINE_CURVE_WITH_KNOTS('',1,(#2560,#2561),.UNSPECIFIED.,.F.,
  .F.,(2,2),(0.,1.3),.PIECEWISE_BEZIER_KNOTS.);
#2560 = CARTESIAN_POINT('',(1.9,-1.5005,1.00000000111E-07));
#2561 = CARTESIAN_POINT('',(3.2,-1.5005,1.000000002194E-07));
#2562 = ORIENTED_EDGE('',*,*,#2563,.T.);
#2563 = EDGE_CURVE('',#2557,#2564,#2566,.T.);
#2564 = VERTEX_POINT('',#2565);
#2565 = CARTESIAN_POINT('',(3.5,-1.5005,0.3000001));
#2566 = ( BOUNDED_CURVE() B_SPLINE_CURVE(2,(#2567,#2568,#2569),
.UNSPECIFIED.,.F.,.F.) B_SPLINE_CURVE_WITH_KNOTS((3,3),(0.,
1.570796326795),.PIECEWISE_BEZIER_KNOTS.) CURVE() 
GEOMETRIC_REPRESENTATION_ITEM() RATIONAL_B_SPLINE_CURVE((1.,
0.707106781187,1.)) REPRESENTATION_ITEM('') );
#2567 = CARTESIAN_POINT('',(3.2,-1.5005,1.000000000555E-07));
#2568 = CARTESIAN_POINT('',(3.5,-1.5005,1.000000000555E-07));
#2569 = CARTESIAN_POINT('',(3.5,-1.5005,0.3000001));
#2570 = ORIENTED_EDGE('',*,*,#2571,.T.);
#2571 = EDGE_CURVE('',#2564,#2572,#2574,.T.);
#2572 = VERTEX_POINT('',#2573);
#2573 = CARTESIAN_POINT('',(3.5,-1.5005,1.553228107757));
#2574 = B_SPLINE_CURVE_WITH_KNOTS('',1,(#2575,#2576),.UNSPECIFIED.,.F.,
  .F.,(2,2),(0.,1.253228007757),.PIECEWISE_BEZIER_KNOTS.);
#2575 = CARTESIAN_POINT('',(3.5,-1.5005,0.3000001));
#2576 = CARTESIAN_POINT('',(3.5,-1.5005,1.553228107757));
#2577 = ORIENTED_EDGE('',*,*,#2578,.T.);
#2578 = EDGE_CURVE('',#2572,#1757,#2579,.T.);
#2579 = ( BOUNDED_CURVE() B_SPLINE_CURVE(2,(#2580,#2581,#2582),
.UNSPECIFIED.,.F.,.F.) B_SPLINE_CURVE_WITH_KNOTS((3,3),(1.570796326795,
3.14159265359),.PIECEWISE_BEZIER_KNOTS.) CURVE() 
GEOMETRIC_REPRESENTATION_ITEM() RATIONAL_B_SPLINE_CURVE((1.,
0.707106781187,1.)) REPRESENTATION_ITEM('') );
#2580 = CARTESIAN_POINT('',(3.5,-1.5005,1.553228107757));
#2581 = CARTESIAN_POINT('',(3.5,-1.5005,1.753228107757));
#2582 = CARTESIAN_POINT('',(3.3,-1.5005,1.753228107757));
#2583 = B_SPLINE_SURFACE_WITH_KNOTS('',1,1,(
    (#2584,#2585)
    ,(#2586,#2587
    )),.UNSPECIFIED.,.F.,.F.,.F.,(2,2),(2,2),(-6.7,-5.1),(
    -1.453228007757,0.3),.PIECEWISE_BEZIER_KNOTS.);
#2584 = CARTESIAN_POINT('',(3.5,-1.5005,1.753228107757));
#2585 = CARTESIAN_POINT('',(3.5,-1.5005,1.000000000555E-07));
#2586 = CARTESIAN_POINT('',(1.9,-1.5005,1.753228107757));
#2587 = CARTESIAN_POINT('',(1.9,-1.5005,1.000000000555E-07));
#2588 = ADVANCED_FACE('',(#2589),#2599,.T.);
#2589 = FACE_BOUND('',#2590,.T.);
#2590 = EDGE_LOOP('',(#2591,#2592,#2597,#2598));
#2591 = ORIENTED_EDGE('',*,*,#2578,.F.);
#2592 = ORIENTED_EDGE('',*,*,#2593,.F.);
#2593 = EDGE_CURVE('',#2454,#2572,#2594,.T.);
#2594 = B_SPLINE_CURVE_WITH_KNOTS('',1,(#2595,#2596),.UNSPECIFIED.,.F.,
  .F.,(2,2),(-0.,3.),.PIECEWISE_BEZIER_KNOTS.);
#2595 = CARTESIAN_POINT('',(3.5,1.4995,1.553228107757));
#2596 = CARTESIAN_POINT('',(3.5,-1.5005,1.553228107757));
#2597 = ORIENTED_EDGE('',*,*,#2453,.T.);
#2598 = ORIENTED_EDGE('',*,*,#1763,.T.);
#2599 = ( BOUNDED_SURFACE() B_SPLINE_SURFACE(2,1,(
    (#2600,#2601)
    ,(#2602,#2603)
    ,(#2604,#2605
)),.UNSPECIFIED.,.F.,.F.,.F.) B_SPLINE_SURFACE_WITH_KNOTS((3,3),(2,2),(
    1.570796326795,3.14159265359),(0.,3.),.PIECEWISE_BEZIER_KNOTS.) 
GEOMETRIC_REPRESENTATION_ITEM() RATIONAL_B_SPLINE_SURFACE((
    (1.,1.)
    ,(0.707106781187,0.707106781187)
,(1.,1.))) REPRESENTATION_ITEM('') SURFACE() );
#2600 = CARTESIAN_POINT('',(3.5,1.4995,1.553228107757));
#2601 = CARTESIAN_POINT('',(3.5,-1.5005,1.553228107757));
#2602 = CARTESIAN_POINT('',(3.5,1.4995,1.753228107757));
#2603 = CARTESIAN_POINT('',(3.5,-1.5005,1.753228107757));
#2604 = CARTESIAN_POINT('',(3.3,1.4995,1.753228107757));
#2605 = CARTESIAN_POINT('',(3.3,-1.5005,1.753228107757));
#2606 = ADVANCED_FACE('',(#2607),#2617,.T.);
#2607 = FACE_BOUND('',#2608,.T.);
#2608 = EDGE_LOOP('',(#2609,#2610,#2615,#2616));
#2609 = ORIENTED_EDGE('',*,*,#2571,.F.);
#2610 = ORIENTED_EDGE('',*,*,#2611,.F.);
#2611 = EDGE_CURVE('',#2462,#2564,#2612,.T.);
#2612 = B_SPLINE_CURVE_WITH_KNOTS('',1,(#2613,#2614),.UNSPECIFIED.,.F.,
  .F.,(2,2),(-0.,3.),.PIECEWISE_BEZIER_KNOTS.);
#2613 = CARTESIAN_POINT('',(3.5,1.4995,0.3000001));
#2614 = CARTESIAN_POINT('',(3.5,-1.5005,0.3000001));
#2615 = ORIENTED_EDGE('',*,*,#2461,.T.);
#2616 = ORIENTED_EDGE('',*,*,#2593,.T.);
#2617 = B_SPLINE_SURFACE_WITH_KNOTS('',1,1,(
    (#2618,#2619)
    ,(#2620,#2621
    )),.UNSPECIFIED.,.F.,.F.,.F.,(2,2),(2,2),(-1.253228007757,0.),(-3.,
    0.),.PIECEWISE_BEZIER_KNOTS.);
#2618 = CARTESIAN_POINT('',(3.5,-1.5005,1.553228107757));
#2619 = CARTESIAN_POINT('',(3.5,1.4995,1.553228107757));
#2620 = CARTESIAN_POINT('',(3.5,-1.5005,0.3000001));
#2621 = CARTESIAN_POINT('',(3.5,1.4995,0.3000001));
#2622 = ADVANCED_FACE('',(#2623),#2633,.T.);
#2623 = FACE_BOUND('',#2624,.T.);
#2624 = EDGE_LOOP('',(#2625,#2626,#2631,#2632));
#2625 = ORIENTED_EDGE('',*,*,#2563,.F.);
#2626 = ORIENTED_EDGE('',*,*,#2627,.F.);
#2627 = EDGE_CURVE('',#2469,#2557,#2628,.T.);
#2628 = B_SPLINE_CURVE_WITH_KNOTS('',1,(#2629,#2630),.UNSPECIFIED.,.F.,
  .F.,(2,2),(-0.,3.),.PIECEWISE_BEZIER_KNOTS.);
#2629 = CARTESIAN_POINT('',(3.2,1.4995,1.000000000568E-07));
#2630 = CARTESIAN_POINT('',(3.2,-1.5005,1.000000000568E-07));
#2631 = ORIENTED_EDGE('',*,*,#2468,.T.);
#2632 = ORIENTED_EDGE('',*,*,#2611,.T.);
#2633 = ( BOUNDED_SURFACE() B_SPLINE_SURFACE(2,1,(
    (#2634,#2635)
    ,(#2636,#2637)
    ,(#2638,#2639
)),.UNSPECIFIED.,.F.,.F.,.F.) B_SPLINE_SURFACE_WITH_KNOTS((3,3),(2,2),(
    0.,1.570796326795),(0.,3.),.PIECEWISE_BEZIER_KNOTS.) 
GEOMETRIC_REPRESENTATION_ITEM() RATIONAL_B_SPLINE_SURFACE((
    (1.,1.)
    ,(0.707106781187,0.707106781187)
,(1.,1.))) REPRESENTATION_ITEM('') SURFACE() );
#2634 = CARTESIAN_POINT('',(3.2,1.4995,1.000000000555E-07));
#2635 = CARTESIAN_POINT('',(3.2,-1.5005,1.000000000555E-07));
#2636 = CARTESIAN_POINT('',(3.5,1.4995,1.000000000555E-07));
#2637 = CARTESIAN_POINT('',(3.5,-1.5005,1.000000000555E-07));
#2638 = CARTESIAN_POINT('',(3.5,1.4995,0.3000001));
#2639 = CARTESIAN_POINT('',(3.5,-1.5005,0.3000001));
#2640 = ADVANCED_FACE('',(#2641),#2651,.T.);
#2641 = FACE_BOUND('',#2642,.T.);
#2642 = EDGE_LOOP('',(#2643,#2644,#2649,#2650));
#2643 = ORIENTED_EDGE('',*,*,#2556,.F.);
#2644 = ORIENTED_EDGE('',*,*,#2645,.F.);
#2645 = EDGE_CURVE('',#2477,#2550,#2646,.T.);
#2646 = B_SPLINE_CURVE_WITH_KNOTS('',1,(#2647,#2648),.UNSPECIFIED.,.F.,
  .F.,(2,2),(-0.,3.),.PIECEWISE_BEZIER_KNOTS.);
#2647 = CARTESIAN_POINT('',(1.9,1.4995,1.00000000111E-07));
#2648 = CARTESIAN_POINT('',(1.9,-1.5005,1.00000000111E-07));
#2649 = ORIENTED_EDGE('',*,*,#2476,.T.);
#2650 = ORIENTED_EDGE('',*,*,#2627,.T.);
#2651 = B_SPLINE_SURFACE_WITH_KNOTS('',1,1,(
    (#2652,#2653)
    ,(#2654,#2655
    )),.UNSPECIFIED.,.F.,.F.,.F.,(2,2),(2,2),(-1.3,0.),(-3.,0.),
  .PIECEWISE_BEZIER_KNOTS.);
#2652 = CARTESIAN_POINT('',(3.2,-1.5005,1.000000002194E-07));
#2653 = CARTESIAN_POINT('',(3.2,1.4995,1.000000002194E-07));
#2654 = CARTESIAN_POINT('',(1.9,-1.5005,1.00000000111E-07));
#2655 = CARTESIAN_POINT('',(1.9,1.4995,1.00000000111E-07));
#2656 = ADVANCED_FACE('',(#2657),#2667,.T.);
#2657 = FACE_BOUND('',#2658,.T.);
#2658 = EDGE_LOOP('',(#2659,#2660,#2665,#2666));
#2659 = ORIENTED_EDGE('',*,*,#2549,.F.);
#2660 = ORIENTED_EDGE('',*,*,#2661,.F.);
#2661 = EDGE_CURVE('',#2484,#2543,#2662,.T.);
#2662 = B_SPLINE_CURVE_WITH_KNOTS('',1,(#2663,#2664),.UNSPECIFIED.,.F.,
  .F.,(2,2),(-0.,3.),.PIECEWISE_BEZIER_KNOTS.);
#2663 = CARTESIAN_POINT('',(1.9,1.4995,0.1500001));
#2664 = CARTESIAN_POINT('',(1.9,-1.5005,0.1500001));
#2665 = ORIENTED_EDGE('',*,*,#2483,.T.);
#2666 = ORIENTED_EDGE('',*,*,#2645,.T.);
#2667 = B_SPLINE_SURFACE_WITH_KNOTS('',1,1,(
    (#2668,#2669)
    ,(#2670,#2671
    )),.UNSPECIFIED.,.F.,.F.,.F.,(2,2),(2,2),(-0.15,0.),(-3.,0.),
  .PIECEWISE_BEZIER_KNOTS.);
#2668 = CARTESIAN_POINT('',(1.9,-1.5005,1.00000000111E-07));
#2669 = CARTESIAN_POINT('',(1.9,1.4995,1.00000000111E-07));
#2670 = CARTESIAN_POINT('',(1.9,-1.5005,0.1500001));
#2671 = CARTESIAN_POINT('',(1.9,1.4995,0.1500001));
#2672 = ADVANCED_FACE('',(#2673),#2683,.F.);
#2673 = FACE_BOUND('',#2674,.T.);
#2674 = EDGE_LOOP('',(#2675,#2676,#2681,#2682));
#2675 = ORIENTED_EDGE('',*,*,#2542,.T.);
#2676 = ORIENTED_EDGE('',*,*,#2677,.F.);
#2677 = EDGE_CURVE('',#2491,#2535,#2678,.T.);
#2678 = B_SPLINE_CURVE_WITH_KNOTS('',1,(#2679,#2680),.UNSPECIFIED.,.F.,
  .F.,(2,2),(-0.,3.),.PIECEWISE_BEZIER_KNOTS.);
#2679 = CARTESIAN_POINT('',(3.2,1.4995,0.1500001));
#2680 = CARTESIAN_POINT('',(3.2,-1.5005,0.1500001));
#2681 = ORIENTED_EDGE('',*,*,#2490,.F.);
#2682 = ORIENTED_EDGE('',*,*,#2661,.T.);
#2683 = B_SPLINE_SURFACE_WITH_KNOTS('',1,1,(
    (#2684,#2685)
    ,(#2686,#2687
    )),.UNSPECIFIED.,.F.,.F.,.F.,(2,2),(2,2),(-1.3,0.),(-3.,0.),
  .PIECEWISE_BEZIER_KNOTS.);
#2684 = CARTESIAN_POINT('',(3.2,-1.5005,0.1500001));
#2685 = CARTESIAN_POINT('',(3.2,1.4995,0.1500001));
#2686 = CARTESIAN_POINT('',(1.9,-1.5005,0.1500001));
#2687 = CARTESIAN_POINT('',(1.9,1.4995,0.1500001));
#2688 = ADVANCED_FACE('',(#2689),#2699,.F.);
#2689 = FACE_BOUND('',#2690,.F.);
#2690 = EDGE_LOOP('',(#2691,#2692,#2693,#2698));
#2691 = ORIENTED_EDGE('',*,*,#2677,.F.);
#2692 = ORIENTED_EDGE('',*,*,#2497,.T.);
#2693 = ORIENTED_EDGE('',*,*,#2694,.T.);
#2694 = EDGE_CURVE('',#2498,#2528,#2695,.T.);
#2695 = B_SPLINE_CURVE_WITH_KNOTS('',1,(#2696,#2697),.UNSPECIFIED.,.F.,
  .F.,(2,2),(-0.,3.),.PIECEWISE_BEZIER_KNOTS.);
#2696 = CARTESIAN_POINT('',(3.35,1.4995,0.3000001));
#2697 = CARTESIAN_POINT('',(3.35,-1.5005,0.3000001));
#2698 = ORIENTED_EDGE('',*,*,#2534,.F.);
#2699 = ( BOUNDED_SURFACE() B_SPLINE_SURFACE(2,1,(
    (#2700,#2701)
    ,(#2702,#2703)
    ,(#2704,#2705
)),.UNSPECIFIED.,.F.,.F.,.F.) B_SPLINE_SURFACE_WITH_KNOTS((3,3),(2,2),(
    0.,1.570796326795),(0.,3.),.PIECEWISE_BEZIER_KNOTS.) 
GEOMETRIC_REPRESENTATION_ITEM() RATIONAL_B_SPLINE_SURFACE((
    (1.,1.)
    ,(0.707106781187,0.707106781187)
,(1.,1.))) REPRESENTATION_ITEM('') SURFACE() );
#2700 = CARTESIAN_POINT('',(3.2,1.4995,0.1500001));
#2701 = CARTESIAN_POINT('',(3.2,-1.5005,0.1500001));
#2702 = CARTESIAN_POINT('',(3.35,1.4995,0.1500001));
#2703 = CARTESIAN_POINT('',(3.35,-1.5005,0.1500001));
#2704 = CARTESIAN_POINT('',(3.35,1.4995,0.3000001));
#2705 = CARTESIAN_POINT('',(3.35,-1.5005,0.3000001));
#2706 = ADVANCED_FACE('',(#2707),#2717,.F.);
#2707 = FACE_BOUND('',#2708,.T.);
#2708 = EDGE_LOOP('',(#2709,#2710,#2715,#2716));
#2709 = ORIENTED_EDGE('',*,*,#2527,.T.);
#2710 = ORIENTED_EDGE('',*,*,#2711,.F.);
#2711 = EDGE_CURVE('',#2445,#2520,#2712,.T.);
#2712 = B_SPLINE_CURVE_WITH_KNOTS('',1,(#2713,#2714),.UNSPECIFIED.,.F.,
  .F.,(2,2),(-0.,3.),.PIECEWISE_BEZIER_KNOTS.);
#2713 = CARTESIAN_POINT('',(3.35,1.4995,1.553228107757));
#2714 = CARTESIAN_POINT('',(3.35,-1.5005,1.553228107757));
#2715 = ORIENTED_EDGE('',*,*,#2505,.F.);
#2716 = ORIENTED_EDGE('',*,*,#2694,.T.);
#2717 = B_SPLINE_SURFACE_WITH_KNOTS('',1,1,(
    (#2718,#2719)
    ,(#2720,#2721
    )),.UNSPECIFIED.,.F.,.F.,.F.,(2,2),(2,2),(-1.253228007757,0.),(-3.,
    0.),.PIECEWISE_BEZIER_KNOTS.);
#2718 = CARTESIAN_POINT('',(3.35,-1.5005,1.553228107757));
#2719 = CARTESIAN_POINT('',(3.35,1.4995,1.553228107757));
#2720 = CARTESIAN_POINT('',(3.35,-1.5005,0.3000001));
#2721 = CARTESIAN_POINT('',(3.35,1.4995,0.3000001));
#2722 = ADVANCED_FACE('',(#2723),#2729,.F.);
#2723 = FACE_BOUND('',#2724,.F.);
#2724 = EDGE_LOOP('',(#2725,#2726,#2727,#2728));
#2725 = ORIENTED_EDGE('',*,*,#2711,.F.);
#2726 = ORIENTED_EDGE('',*,*,#2444,.T.);
#2727 = ORIENTED_EDGE('',*,*,#1749,.T.);
#2728 = ORIENTED_EDGE('',*,*,#2519,.F.);
#2729 = ( BOUNDED_SURFACE() B_SPLINE_SURFACE(2,1,(
    (#2730,#2731)
    ,(#2732,#2733)
    ,(#2734,#2735
)),.UNSPECIFIED.,.F.,.F.,.F.) B_SPLINE_SURFACE_WITH_KNOTS((3,3),(2,2),(
    1.570796326795,3.14159265359),(0.,3.),.PIECEWISE_BEZIER_KNOTS.) 
GEOMETRIC_REPRESENTATION_ITEM() RATIONAL_B_SPLINE_SURFACE((
    (1.,1.)
    ,(0.707106781187,0.707106781187)
,(1.,1.))) REPRESENTATION_ITEM('') SURFACE() );
#2730 = CARTESIAN_POINT('',(3.35,1.4995,1.553228107757));
#2731 = CARTESIAN_POINT('',(3.35,-1.5005,1.553228107757));
#2732 = CARTESIAN_POINT('',(3.35,1.4995,1.603228107757));
#2733 = CARTESIAN_POINT('',(3.35,-1.5005,1.603228107757));
#2734 = CARTESIAN_POINT('',(3.3,1.4995,1.603228107757));
#2735 = CARTESIAN_POINT('',(3.3,-1.5005,1.603228107757));
#2736 = ADVANCED_FACE('',(#2737),#2759,.F.);
#2737 = FACE_BOUND('',#2738,.T.);
#2738 = EDGE_LOOP('',(#2739,#2740,#2747,#2754));
#2739 = ORIENTED_EDGE('',*,*,#750,.T.);
#2740 = ORIENTED_EDGE('',*,*,#2741,.F.);
#2741 = EDGE_CURVE('',#2742,#753,#2744,.T.);
#2742 = VERTEX_POINT('',#2743);
#2743 = CARTESIAN_POINT('',(-7.515789889261E-03,3.3005,1.603928060551));
#2744 = B_SPLINE_CURVE_WITH_KNOTS('',1,(#2745,#2746),.UNSPECIFIED.,.F.,
  .F.,(2,2),(-0.,1.E-03),.PIECEWISE_BEZIER_KNOTS.);
#2745 = CARTESIAN_POINT('',(-7.515789889261E-03,3.3005,1.603928060551));
#2746 = CARTESIAN_POINT('',(-7.515789889261E-03,3.2995,1.603928060551));
#2747 = ORIENTED_EDGE('',*,*,#2748,.F.);
#2748 = EDGE_CURVE('',#2749,#2742,#2751,.T.);
#2749 = VERTEX_POINT('',#2750);
#2750 = CARTESIAN_POINT('',(-7.367383201122E-03,3.3005,1.583003184572));
#2751 = B_SPLINE_CURVE_WITH_KNOTS('',1,(#2752,#2753),.UNSPECIFIED.,.F.,
  .F.,(2,2),(-2.092540224857E-02,0.),.PIECEWISE_BEZIER_KNOTS.);
#2752 = CARTESIAN_POINT('',(-7.367383201122E-03,3.3005,1.583003184572));
#2753 = CARTESIAN_POINT('',(-7.515789889261E-03,3.3005,1.603928060551));
#2754 = ORIENTED_EDGE('',*,*,#2755,.T.);
#2755 = EDGE_CURVE('',#2749,#751,#2756,.T.);
#2756 = B_SPLINE_CURVE_WITH_KNOTS('',1,(#2757,#2758),.UNSPECIFIED.,.F.,
  .F.,(2,2),(-0.,1.E-03),.PIECEWISE_BEZIER_KNOTS.);
#2757 = CARTESIAN_POINT('',(-7.367383201122E-03,3.3005,1.583003184572));
#2758 = CARTESIAN_POINT('',(-7.367383201122E-03,3.2995,1.583003184572));
#2759 = B_SPLINE_SURFACE_WITH_KNOTS('',1,1,(
    (#2760,#2761)
    ,(#2762,#2763
    )),.UNSPECIFIED.,.F.,.F.,.F.,(2,2),(2,2),(-9.764260759556E-22,
    2.092540224857E-02),(-1.E-03,5.115751414779E-35),
  .PIECEWISE_BEZIER_KNOTS.);
#2760 = CARTESIAN_POINT('',(-7.515789889261E-03,3.2995,1.603928060551));
#2761 = CARTESIAN_POINT('',(-7.515789889261E-03,3.3005,1.603928060551));
#2762 = CARTESIAN_POINT('',(-7.367383201122E-03,3.2995,1.583003184572));
#2763 = CARTESIAN_POINT('',(-7.367383201122E-03,3.3005,1.583003184572));
#2764 = ADVANCED_FACE('',(#2765),#2781,.F.);
#2765 = FACE_BOUND('',#2766,.T.);
#2766 = EDGE_LOOP('',(#2767,#2768,#2775,#2780));
#2767 = ORIENTED_EDGE('',*,*,#787,.T.);
#2768 = ORIENTED_EDGE('',*,*,#2769,.F.);
#2769 = EDGE_CURVE('',#2770,#781,#2772,.T.);
#2770 = VERTEX_POINT('',#2771);
#2771 = CARTESIAN_POINT('',(6.558052574975E-02,3.3005,1.604446485708));
#2772 = B_SPLINE_CURVE_WITH_KNOTS('',1,(#2773,#2774),.UNSPECIFIED.,.F.,
  .F.,(2,2),(-0.,1.E-03),.PIECEWISE_BEZIER_KNOTS.);
#2773 = CARTESIAN_POINT('',(6.558052574975E-02,3.3005,1.604446485708));
#2774 = CARTESIAN_POINT('',(6.558052574975E-02,3.2995,1.604446485708));
#2775 = ORIENTED_EDGE('',*,*,#2776,.F.);
#2776 = EDGE_CURVE('',#2742,#2770,#2777,.T.);
#2777 = B_SPLINE_CURVE_WITH_KNOTS('',1,(#2778,#2779),.UNSPECIFIED.,.F.,
  .F.,(2,2),(-7.309815404401E-02,0.),.PIECEWISE_BEZIER_KNOTS.);
#2778 = CARTESIAN_POINT('',(-7.515789889261E-03,3.3005,1.603928060551));
#2779 = CARTESIAN_POINT('',(6.558052574975E-02,3.3005,1.604446485708));
#2780 = ORIENTED_EDGE('',*,*,#2741,.T.);
#2781 = B_SPLINE_SURFACE_WITH_KNOTS('',1,1,(
    (#2782,#2783)
    ,(#2784,#2785
    )),.UNSPECIFIED.,.F.,.F.,.F.,(2,2),(2,2),(0.,7.309815404401E-02),(
    -1.E-03,0.),.PIECEWISE_BEZIER_KNOTS.);
#2782 = CARTESIAN_POINT('',(6.558052574975E-02,3.2995,1.604446485708));
#2783 = CARTESIAN_POINT('',(6.558052574975E-02,3.3005,1.604446485708));
#2784 = CARTESIAN_POINT('',(-7.515789889261E-03,3.2995,1.603928060551));
#2785 = CARTESIAN_POINT('',(-7.515789889261E-03,3.3005,1.603928060551));
#2786 = ADVANCED_FACE('',(#2787),#2803,.F.);
#2787 = FACE_BOUND('',#2788,.T.);
#2788 = EDGE_LOOP('',(#2789,#2790,#2797,#2802));
#2789 = ORIENTED_EDGE('',*,*,#780,.T.);
#2790 = ORIENTED_EDGE('',*,*,#2791,.F.);
#2791 = EDGE_CURVE('',#2792,#774,#2794,.T.);
#2792 = VERTEX_POINT('',#2793);
#2793 = CARTESIAN_POINT('',(6.442721278766E-02,3.3005,1.767059983784));
#2794 = B_SPLINE_CURVE_WITH_KNOTS('',1,(#2795,#2796),.UNSPECIFIED.,.F.,
  .F.,(2,2),(-0.,1.E-03),.PIECEWISE_BEZIER_KNOTS.);
#2795 = CARTESIAN_POINT('',(6.442721278766E-02,3.3005,1.767059983784));
#2796 = CARTESIAN_POINT('',(6.442721278766E-02,3.2995,1.767059983784));
#2797 = ORIENTED_EDGE('',*,*,#2798,.F.);
#2798 = EDGE_CURVE('',#2770,#2792,#2799,.T.);
#2799 = B_SPLINE_CURVE_WITH_KNOTS('',1,(#2800,#2801),.UNSPECIFIED.,.F.,
  .F.,(2,2),(-0.162617587878,0.),.PIECEWISE_BEZIER_KNOTS.);
#2800 = CARTESIAN_POINT('',(6.558052574975E-02,3.3005,1.604446485708));
#2801 = CARTESIAN_POINT('',(6.442721278766E-02,3.3005,1.767059983784));
#2802 = ORIENTED_EDGE('',*,*,#2769,.T.);
#2803 = B_SPLINE_SURFACE_WITH_KNOTS('',1,1,(
    (#2804,#2805)
    ,(#2806,#2807
    )),.UNSPECIFIED.,.F.,.F.,.F.,(2,2),(2,2),(-9.764260759569E-22,
    0.162617587878),(-1.E-03,1.011113220803E-33),
  .PIECEWISE_BEZIER_KNOTS.);
#2804 = CARTESIAN_POINT('',(6.442721278766E-02,3.2995,1.767059983784));
#2805 = CARTESIAN_POINT('',(6.442721278766E-02,3.3005,1.767059983784));
#2806 = CARTESIAN_POINT('',(6.558052574975E-02,3.2995,1.604446485708));
#2807 = CARTESIAN_POINT('',(6.558052574975E-02,3.3005,1.604446485708));
#2808 = ADVANCED_FACE('',(#2809),#2825,.F.);
#2809 = FACE_BOUND('',#2810,.T.);
#2810 = EDGE_LOOP('',(#2811,#2812,#2819,#2824));
#2811 = ORIENTED_EDGE('',*,*,#773,.T.);
#2812 = ORIENTED_EDGE('',*,*,#2813,.F.);
#2813 = EDGE_CURVE('',#2814,#767,#2816,.T.);
#2814 = VERTEX_POINT('',#2815);
#2815 = CARTESIAN_POINT('',(8.812017774098E-02,3.3005,1.767228022747));
#2816 = B_SPLINE_CURVE_WITH_KNOTS('',1,(#2817,#2818),.UNSPECIFIED.,.F.,
  .F.,(2,2),(-0.,1.E-03),.PIECEWISE_BEZIER_KNOTS.);
#2817 = CARTESIAN_POINT('',(8.812017774098E-02,3.3005,1.767228022747));
#2818 = CARTESIAN_POINT('',(8.812017774098E-02,3.2995,1.767228022747));
#2819 = ORIENTED_EDGE('',*,*,#2820,.F.);
#2820 = EDGE_CURVE('',#2792,#2814,#2821,.T.);
#2821 = B_SPLINE_CURVE_WITH_KNOTS('',1,(#2822,#2823),.UNSPECIFIED.,.F.,
  .F.,(2,2),(-2.369356084198E-02,0.),.PIECEWISE_BEZIER_KNOTS.);
#2822 = CARTESIAN_POINT('',(6.442721278766E-02,3.3005,1.767059983784));
#2823 = CARTESIAN_POINT('',(8.812017774098E-02,3.3005,1.767228022747));
#2824 = ORIENTED_EDGE('',*,*,#2791,.T.);
#2825 = B_SPLINE_SURFACE_WITH_KNOTS('',1,1,(
    (#2826,#2827)
    ,(#2828,#2829
    )),.UNSPECIFIED.,.F.,.F.,.F.,(2,2),(2,2),(0.,2.369356084198E-02),(
    -1.E-03,0.),.PIECEWISE_BEZIER_KNOTS.);
#2826 = CARTESIAN_POINT('',(8.812017774098E-02,3.2995,1.767228022747));
#2827 = CARTESIAN_POINT('',(8.812017774098E-02,3.3005,1.767228022747));
#2828 = CARTESIAN_POINT('',(6.442721278766E-02,3.2995,1.767059983784));
#2829 = CARTESIAN_POINT('',(6.442721278766E-02,3.3005,1.767059983784));
#2830 = ADVANCED_FACE('',(#2831),#2847,.F.);
#2831 = FACE_BOUND('',#2832,.T.);
#2832 = EDGE_LOOP('',(#2833,#2834,#2841,#2846));
#2833 = ORIENTED_EDGE('',*,*,#766,.T.);
#2834 = ORIENTED_EDGE('',*,*,#2835,.F.);
#2835 = EDGE_CURVE('',#2836,#760,#2838,.T.);
#2836 = VERTEX_POINT('',#2837);
#2837 = CARTESIAN_POINT('',(8.942189739122E-02,3.3005,1.583689648692));
#2838 = B_SPLINE_CURVE_WITH_KNOTS('',1,(#2839,#2840),.UNSPECIFIED.,.F.,
  .F.,(2,2),(-0.,1.E-03),.PIECEWISE_BEZIER_KNOTS.);
#2839 = CARTESIAN_POINT('',(8.942189739122E-02,3.3005,1.583689648692));
#2840 = CARTESIAN_POINT('',(8.942189739122E-02,3.2995,1.583689648692));
#2841 = ORIENTED_EDGE('',*,*,#2842,.F.);
#2842 = EDGE_CURVE('',#2814,#2836,#2843,.T.);
#2843 = B_SPLINE_CURVE_WITH_KNOTS('',1,(#2844,#2845),.UNSPECIFIED.,.F.,
  .F.,(2,2),(-0.183542990127,0.),.PIECEWISE_BEZIER_KNOTS.);
#2844 = CARTESIAN_POINT('',(8.812017774098E-02,3.3005,1.767228022747));
#2845 = CARTESIAN_POINT('',(8.942189739122E-02,3.3005,1.583689648692));
#2846 = ORIENTED_EDGE('',*,*,#2813,.T.);
#2847 = B_SPLINE_SURFACE_WITH_KNOTS('',1,1,(
    (#2848,#2849)
    ,(#2850,#2851
    )),.UNSPECIFIED.,.F.,.F.,.F.,(2,2),(2,2),(0.,0.183542990127),(
    -1.E-03,0.),.PIECEWISE_BEZIER_KNOTS.);
#2848 = CARTESIAN_POINT('',(8.942189739122E-02,3.2995,1.583689648692));
#2849 = CARTESIAN_POINT('',(8.942189739122E-02,3.3005,1.583689648692));
#2850 = CARTESIAN_POINT('',(8.812017774098E-02,3.2995,1.767228022747));
#2851 = CARTESIAN_POINT('',(8.812017774098E-02,3.3005,1.767228022747));
#2852 = ADVANCED_FACE('',(#2853),#2863,.F.);
#2853 = FACE_BOUND('',#2854,.T.);
#2854 = EDGE_LOOP('',(#2855,#2856,#2857,#2862));
#2855 = ORIENTED_EDGE('',*,*,#759,.T.);
#2856 = ORIENTED_EDGE('',*,*,#2755,.F.);
#2857 = ORIENTED_EDGE('',*,*,#2858,.F.);
#2858 = EDGE_CURVE('',#2836,#2749,#2859,.T.);
#2859 = B_SPLINE_CURVE_WITH_KNOTS('',1,(#2860,#2861),.UNSPECIFIED.,.F.,
  .F.,(2,2),(-9.679171488599E-02,-0.),.PIECEWISE_BEZIER_KNOTS.);
#2860 = CARTESIAN_POINT('',(8.942189739122E-02,3.3005,1.583689648692));
#2861 = CARTESIAN_POINT('',(-7.367383201122E-03,3.3005,1.583003184572));
#2862 = ORIENTED_EDGE('',*,*,#2835,.T.);
#2863 = B_SPLINE_SURFACE_WITH_KNOTS('',1,1,(
    (#2864,#2865)
    ,(#2866,#2867
    )),.UNSPECIFIED.,.F.,.F.,.F.,(2,2),(2,2),(-1.376730038099E-19,
    9.679171488599E-02),(-1.E-03,8.350711868242E-35),
  .PIECEWISE_BEZIER_KNOTS.);
#2864 = CARTESIAN_POINT('',(-7.367383201122E-03,3.2995,1.583003184572));
#2865 = CARTESIAN_POINT('',(-7.367383201122E-03,3.3005,1.583003184572));
#2866 = CARTESIAN_POINT('',(8.942189739122E-02,3.2995,1.583689648692));
#2867 = CARTESIAN_POINT('',(8.942189739122E-02,3.3005,1.583689648692));
#2868 = ADVANCED_FACE('',(#2869),#2877,.F.);
#2869 = FACE_BOUND('',#2870,.T.);
#2870 = EDGE_LOOP('',(#2871,#2872,#2873,#2874,#2875,#2876));
#2871 = ORIENTED_EDGE('',*,*,#2748,.T.);
#2872 = ORIENTED_EDGE('',*,*,#2776,.T.);
#2873 = ORIENTED_EDGE('',*,*,#2798,.T.);
#2874 = ORIENTED_EDGE('',*,*,#2820,.T.);
#2875 = ORIENTED_EDGE('',*,*,#2842,.T.);
#2876 = ORIENTED_EDGE('',*,*,#2858,.T.);
#2877 = B_SPLINE_SURFACE_WITH_KNOTS('',1,1,(
    (#2878,#2879)
    ,(#2880,#2881
    )),.UNSPECIFIED.,.F.,.F.,.F.,(2,2),(2,2),(-1.767227922747,
    -1.583003084572),(-7.515789889262E-03,8.942189739122E-02),
  .PIECEWISE_BEZIER_KNOTS.);
#2878 = CARTESIAN_POINT('',(-7.515789889261E-03,3.3005,1.767228022747));
#2879 = CARTESIAN_POINT('',(8.942189739122E-02,3.3005,1.767228022747));
#2880 = CARTESIAN_POINT('',(-7.515789889261E-03,3.3005,1.583003184572));
#2881 = CARTESIAN_POINT('',(8.942189739122E-02,3.3005,1.583003184572));
#2882 = ADVANCED_FACE('',(#2883),#2907,.F.);
#2883 = FACE_BOUND('',#2884,.F.);
#2884 = EDGE_LOOP('',(#2885,#2892,#2901,#2906));
#2885 = ORIENTED_EDGE('',*,*,#2886,.F.);
#2886 = EDGE_CURVE('',#2887,#597,#2889,.T.);
#2887 = VERTEX_POINT('',#2888);
#2888 = CARTESIAN_POINT('',(-0.101460446815,3.3005,1.579239180915));
#2889 = B_SPLINE_CURVE_WITH_KNOTS('',1,(#2890,#2891),.UNSPECIFIED.,.F.,
  .F.,(2,2),(-0.,1.E-03),.PIECEWISE_BEZIER_KNOTS.);
#2890 = CARTESIAN_POINT('',(-0.101460446815,3.3005,1.579239180915));
#2891 = CARTESIAN_POINT('',(-0.101460446815,3.2995,1.579239180915));
#2892 = ORIENTED_EDGE('',*,*,#2893,.T.);
#2893 = EDGE_CURVE('',#2887,#2894,#2896,.T.);
#2894 = VERTEX_POINT('',#2895);
#2895 = CARTESIAN_POINT('',(-0.152347167465,3.3005,1.589575834009));
#2896 = B_SPLINE_CURVE_WITH_KNOTS('',3,(#2897,#2898,#2899,#2900),
  .UNSPECIFIED.,.F.,.F.,(4,4),(0.,1.),.PIECEWISE_BEZIER_KNOTS.);
#2897 = CARTESIAN_POINT('',(-0.101460446815,3.3005,1.579239180915));
#2898 = CARTESIAN_POINT('',(-0.121822321646,3.3005,1.579094767232));
#2899 = CARTESIAN_POINT('',(-0.138784561863,3.3005,1.582540318263));
#2900 = CARTESIAN_POINT('',(-0.152347167465,3.3005,1.589575834009));
#2901 = ORIENTED_EDGE('',*,*,#2902,.T.);
#2902 = EDGE_CURVE('',#2894,#599,#2903,.T.);
#2903 = B_SPLINE_CURVE_WITH_KNOTS('',1,(#2904,#2905),.UNSPECIFIED.,.F.,
  .F.,(2,2),(-0.,1.E-03),.PIECEWISE_BEZIER_KNOTS.);
#2904 = CARTESIAN_POINT('',(-0.152347167465,3.3005,1.589575834009));
#2905 = CARTESIAN_POINT('',(-0.152347167465,3.2995,1.589575834009));
#2906 = ORIENTED_EDGE('',*,*,#596,.F.);
#2907 = B_SPLINE_SURFACE_WITH_KNOTS('',3,1,(
    (#2908,#2909)
    ,(#2910,#2911)
    ,(#2912,#2913)
    ,(#2914,#2915
    )),.UNSPECIFIED.,.F.,.F.,.F.,(4,4),(2,2),(0.,1.),(0.,1.),
  .PIECEWISE_BEZIER_KNOTS.);
#2908 = CARTESIAN_POINT('',(-0.101460446815,3.3005,1.579239180915));
#2909 = CARTESIAN_POINT('',(-0.101460446815,3.2995,1.579239180915));
#2910 = CARTESIAN_POINT('',(-0.121822321646,3.3005,1.579094767232));
#2911 = CARTESIAN_POINT('',(-0.121822321646,3.2995,1.579094767232));
#2912 = CARTESIAN_POINT('',(-0.138784561863,3.3005,1.582540318263));
#2913 = CARTESIAN_POINT('',(-0.138784561863,3.2995,1.582540318263));
#2914 = CARTESIAN_POINT('',(-0.152347167465,3.3005,1.589575834009));
#2915 = CARTESIAN_POINT('',(-0.152347167465,3.2995,1.589575834009));
#2916 = ADVANCED_FACE('',(#2917),#2933,.F.);
#2917 = FACE_BOUND('',#2918,.T.);
#2918 = EDGE_LOOP('',(#2919,#2920,#2927,#2932));
#2919 = ORIENTED_EDGE('',*,*,#713,.T.);
#2920 = ORIENTED_EDGE('',*,*,#2921,.F.);
#2921 = EDGE_CURVE('',#2922,#705,#2924,.T.);
#2922 = VERTEX_POINT('',#2923);
#2923 = CARTESIAN_POINT('',(-0.152508218669,3.3005,1.612283546955));
#2924 = B_SPLINE_CURVE_WITH_KNOTS('',1,(#2925,#2926),.UNSPECIFIED.,.F.,
  .F.,(2,2),(-0.,1.000000000001E-03),.PIECEWISE_BEZIER_KNOTS.);
#2925 = CARTESIAN_POINT('',(-0.152508218669,3.3005,1.612283546955));
#2926 = CARTESIAN_POINT('',(-0.152508218669,3.2995,1.612283546955));
#2927 = ORIENTED_EDGE('',*,*,#2928,.F.);
#2928 = EDGE_CURVE('',#2894,#2922,#2929,.T.);
#2929 = B_SPLINE_CURVE_WITH_KNOTS('',1,(#2930,#2931),.UNSPECIFIED.,.F.,
  .F.,(2,2),(-2.270828405498E-02,0.),.PIECEWISE_BEZIER_KNOTS.);
#2930 = CARTESIAN_POINT('',(-0.152347167465,3.3005,1.589575834009));
#2931 = CARTESIAN_POINT('',(-0.152508218669,3.3005,1.612283546955));
#2932 = ORIENTED_EDGE('',*,*,#2902,.T.);
#2933 = B_SPLINE_SURFACE_WITH_KNOTS('',1,1,(
    (#2934,#2935)
    ,(#2936,#2937
    )),.UNSPECIFIED.,.F.,.F.,.F.,(2,2),(2,2),(-9.764260759572E-22,
    2.270828405498E-02),(-1.000000000001E-03,1.293984181385E-33),
  .PIECEWISE_BEZIER_KNOTS.);
#2934 = CARTESIAN_POINT('',(-0.152508218669,3.2995,1.612283546955));
#2935 = CARTESIAN_POINT('',(-0.152508218669,3.3005,1.612283546955));
#2936 = CARTESIAN_POINT('',(-0.152347167465,3.2995,1.589575834009));
#2937 = CARTESIAN_POINT('',(-0.152347167465,3.3005,1.589575834009));
#2938 = ADVANCED_FACE('',(#2939),#2957,.F.);
#2939 = FACE_BOUND('',#2940,.F.);
#2940 = EDGE_LOOP('',(#2941,#2942,#2951,#2956));
#2941 = ORIENTED_EDGE('',*,*,#2921,.F.);
#2942 = ORIENTED_EDGE('',*,*,#2943,.T.);
#2943 = EDGE_CURVE('',#2922,#2944,#2946,.T.);
#2944 = VERTEX_POINT('',#2945);
#2945 = CARTESIAN_POINT('',(-0.105035108151,3.3005,1.600327433162));
#2946 = B_SPLINE_CURVE_WITH_KNOTS('',3,(#2947,#2948,#2949,#2950),
  .UNSPECIFIED.,.F.,.F.,(4,4),(12.,13.),.PIECEWISE_BEZIER_KNOTS.);
#2947 = CARTESIAN_POINT('',(-0.152508218669,3.3005,1.612283546955));
#2948 = CARTESIAN_POINT('',(-0.139032126082,3.3005,1.604215196938));
#2949 = CARTESIAN_POINT('',(-0.123191895155,3.3005,1.600198658748));
#2950 = CARTESIAN_POINT('',(-0.105035108151,3.3005,1.600327433162));
#2951 = ORIENTED_EDGE('',*,*,#2952,.T.);
#2952 = EDGE_CURVE('',#2944,#696,#2953,.T.);
#2953 = B_SPLINE_CURVE_WITH_KNOTS('',1,(#2954,#2955),.UNSPECIFIED.,.F.,
  .F.,(2,2),(-0.,1.000000000001E-03),.PIECEWISE_BEZIER_KNOTS.);
#2954 = CARTESIAN_POINT('',(-0.105035108151,3.3005,1.600327433162));
#2955 = CARTESIAN_POINT('',(-0.105035108151,3.2995,1.600327433162));
#2956 = ORIENTED_EDGE('',*,*,#704,.F.);
#2957 = B_SPLINE_SURFACE_WITH_KNOTS('',3,1,(
    (#2958,#2959)
    ,(#2960,#2961)
    ,(#2962,#2963)
    ,(#2964,#2965
    )),.UNSPECIFIED.,.F.,.F.,.F.,(4,4),(2,2),(12.,13.),(0.,1.),
  .PIECEWISE_BEZIER_KNOTS.);
#2958 = CARTESIAN_POINT('',(-0.152508218669,3.3005,1.612283546955));
#2959 = CARTESIAN_POINT('',(-0.152508218669,3.2995,1.612283546955));
#2960 = CARTESIAN_POINT('',(-0.139032126082,3.3005,1.604215196938));
#2961 = CARTESIAN_POINT('',(-0.139032126082,3.2995,1.604215196938));
#2962 = CARTESIAN_POINT('',(-0.123191895155,3.3005,1.600198658748));
#2963 = CARTESIAN_POINT('',(-0.123191895155,3.2995,1.600198658748));
#2964 = CARTESIAN_POINT('',(-0.105035108151,3.3005,1.600327433162));
#2965 = CARTESIAN_POINT('',(-0.105035108151,3.2995,1.600327433162));
#2966 = ADVANCED_FACE('',(#2967),#2985,.F.);
#2967 = FACE_BOUND('',#2968,.F.);
#2968 = EDGE_LOOP('',(#2969,#2970,#2979,#2984));
#2969 = ORIENTED_EDGE('',*,*,#2952,.F.);
#2970 = ORIENTED_EDGE('',*,*,#2971,.T.);
#2971 = EDGE_CURVE('',#2944,#2972,#2974,.T.);
#2972 = VERTEX_POINT('',#2973);
#2973 = CARTESIAN_POINT('',(-5.802085522944E-02,3.3005,1.619991553397));
#2974 = B_SPLINE_CURVE_WITH_KNOTS('',3,(#2975,#2976,#2977,#2978),
  .UNSPECIFIED.,.F.,.F.,(4,4),(11.,12.),.PIECEWISE_BEZIER_KNOTS.);
#2975 = CARTESIAN_POINT('',(-0.105035108151,3.3005,1.600327433162));
#2976 = CARTESIAN_POINT('',(-8.56115685658E-02,3.3005,1.600465191836));
#2977 = CARTESIAN_POINT('',(-6.994037275864E-02,3.3005,1.607051176423));
#2978 = CARTESIAN_POINT('',(-5.802085522944E-02,3.3005,1.619991553397));
#2979 = ORIENTED_EDGE('',*,*,#2980,.T.);
#2980 = EDGE_CURVE('',#2972,#687,#2981,.T.);
#2981 = B_SPLINE_CURVE_WITH_KNOTS('',1,(#2982,#2983),.UNSPECIFIED.,.F.,
  .F.,(2,2),(-0.,1.000000000001E-03),.PIECEWISE_BEZIER_KNOTS.);
#2982 = CARTESIAN_POINT('',(-5.802085522944E-02,3.3005,1.619991553397));
#2983 = CARTESIAN_POINT('',(-5.802085522944E-02,3.2995,1.619991553397));
#2984 = ORIENTED_EDGE('',*,*,#695,.F.);
#2985 = B_SPLINE_SURFACE_WITH_KNOTS('',3,1,(
    (#2986,#2987)
    ,(#2988,#2989)
    ,(#2990,#2991)
    ,(#2992,#2993
    )),.UNSPECIFIED.,.F.,.F.,.F.,(4,4),(2,2),(11.,12.),(0.,1.),
  .PIECEWISE_BEZIER_KNOTS.);
#2986 = CARTESIAN_POINT('',(-0.105035108151,3.3005,1.600327433162));
#2987 = CARTESIAN_POINT('',(-0.105035108151,3.2995,1.600327433162));
#2988 = CARTESIAN_POINT('',(-8.56115685658E-02,3.3005,1.600465191836));
#2989 = CARTESIAN_POINT('',(-8.56115685658E-02,3.2995,1.600465191836));
#2990 = CARTESIAN_POINT('',(-6.994037275864E-02,3.3005,1.607051176423));
#2991 = CARTESIAN_POINT('',(-6.994037275864E-02,3.2995,1.607051176423));
#2992 = CARTESIAN_POINT('',(-5.802085522944E-02,3.3005,1.619991553397));
#2993 = CARTESIAN_POINT('',(-5.802085522944E-02,3.2995,1.619991553397));
#2994 = ADVANCED_FACE('',(#2995),#3013,.F.);
#2995 = FACE_BOUND('',#2996,.F.);
#2996 = EDGE_LOOP('',(#2997,#2998,#3007,#3012));
#2997 = ORIENTED_EDGE('',*,*,#2980,.F.);
#2998 = ORIENTED_EDGE('',*,*,#2999,.T.);
#2999 = EDGE_CURVE('',#2972,#3000,#3002,.T.);
#3000 = VERTEX_POINT('',#3001);
#3001 = CARTESIAN_POINT('',(-4.037616798367E-02,3.3005,1.672478436268));
#3002 = B_SPLINE_CURVE_WITH_KNOTS('',3,(#3003,#3004,#3005,#3006),
  .UNSPECIFIED.,.F.,.F.,(4,4),(10.,11.),.PIECEWISE_BEZIER_KNOTS.);
#3003 = CARTESIAN_POINT('',(-5.802085522944E-02,3.3005,1.619991553397));
#3004 = CARTESIAN_POINT('',(-4.610200320109E-02,3.3005,1.633025763896));
#3005 = CARTESIAN_POINT('',(-4.022044078625E-02,3.3005,1.650521391519));
#3006 = CARTESIAN_POINT('',(-4.037616798367E-02,3.3005,1.672478436268));
#3007 = ORIENTED_EDGE('',*,*,#3008,.T.);
#3008 = EDGE_CURVE('',#3000,#678,#3009,.T.);
#3009 = B_SPLINE_CURVE_WITH_KNOTS('',1,(#3010,#3011),.UNSPECIFIED.,.F.,
  .F.,(2,2),(-0.,1.000000000001E-03),.PIECEWISE_BEZIER_KNOTS.);
#3010 = CARTESIAN_POINT('',(-4.037616798367E-02,3.3005,1.672478436268));
#3011 = CARTESIAN_POINT('',(-4.037616798367E-02,3.2995,1.672478436268));
#3012 = ORIENTED_EDGE('',*,*,#686,.F.);
#3013 = B_SPLINE_SURFACE_WITH_KNOTS('',3,1,(
    (#3014,#3015)
    ,(#3016,#3017)
    ,(#3018,#3019)
    ,(#3020,#3021
    )),.UNSPECIFIED.,.F.,.F.,.F.,(4,4),(2,2),(10.,11.),(0.,1.),
  .PIECEWISE_BEZIER_KNOTS.);
#3014 = CARTESIAN_POINT('',(-5.802085522944E-02,3.3005,1.619991553397));
#3015 = CARTESIAN_POINT('',(-5.802085522944E-02,3.2995,1.619991553397));
#3016 = CARTESIAN_POINT('',(-4.610200320109E-02,3.3005,1.633025763896));
#3017 = CARTESIAN_POINT('',(-4.610200320109E-02,3.2995,1.633025763896));
#3018 = CARTESIAN_POINT('',(-4.022044078625E-02,3.3005,1.650521391519));
#3019 = CARTESIAN_POINT('',(-4.022044078625E-02,3.2995,1.650521391519));
#3020 = CARTESIAN_POINT('',(-4.037616798367E-02,3.3005,1.672478436268));
#3021 = CARTESIAN_POINT('',(-4.037616798367E-02,3.2995,1.672478436268));
#3022 = ADVANCED_FACE('',(#3023),#3041,.F.);
#3023 = FACE_BOUND('',#3024,.F.);
#3024 = EDGE_LOOP('',(#3025,#3026,#3035,#3040));
#3025 = ORIENTED_EDGE('',*,*,#3008,.F.);
#3026 = ORIENTED_EDGE('',*,*,#3027,.T.);
#3027 = EDGE_CURVE('',#3000,#3028,#3030,.T.);
#3028 = VERTEX_POINT('',#3029);
#3029 = CARTESIAN_POINT('',(-6.00502717784E-02,3.3005,1.727515788291));
#3030 = B_SPLINE_CURVE_WITH_KNOTS('',3,(#3031,#3032,#3033,#3034),
  .UNSPECIFIED.,.F.,.F.,(4,4),(9.,10.),.PIECEWISE_BEZIER_KNOTS.);
#3031 = CARTESIAN_POINT('',(-4.037616798367E-02,3.3005,1.672478436268));
#3032 = CARTESIAN_POINT('',(-4.053988119121E-02,3.3005,1.695561483312));
#3033 = CARTESIAN_POINT('',(-4.709791578903E-02,3.3005,1.713907267319));
#3034 = CARTESIAN_POINT('',(-6.00502717784E-02,3.3005,1.727515788291));
#3035 = ORIENTED_EDGE('',*,*,#3036,.T.);
#3036 = EDGE_CURVE('',#3028,#669,#3037,.T.);
#3037 = B_SPLINE_CURVE_WITH_KNOTS('',1,(#3038,#3039),.UNSPECIFIED.,.F.,
  .F.,(2,2),(-0.,1.000000000001E-03),.PIECEWISE_BEZIER_KNOTS.);
#3038 = CARTESIAN_POINT('',(-6.00502717784E-02,3.3005,1.727515788291));
#3039 = CARTESIAN_POINT('',(-6.00502717784E-02,3.2995,1.727515788291));
#3040 = ORIENTED_EDGE('',*,*,#677,.F.);
#3041 = B_SPLINE_SURFACE_WITH_KNOTS('',3,1,(
    (#3042,#3043)
    ,(#3044,#3045)
    ,(#3046,#3047)
    ,(#3048,#3049
    )),.UNSPECIFIED.,.F.,.F.,.F.,(4,4),(2,2),(9.,10.),(0.,1.),
  .PIECEWISE_BEZIER_KNOTS.);
#3042 = CARTESIAN_POINT('',(-4.037616798367E-02,3.3005,1.672478436268));
#3043 = CARTESIAN_POINT('',(-4.037616798367E-02,3.2995,1.672478436268));
#3044 = CARTESIAN_POINT('',(-4.053988119121E-02,3.3005,1.695561483312));
#3045 = CARTESIAN_POINT('',(-4.053988119121E-02,3.2995,1.695561483312));
#3046 = CARTESIAN_POINT('',(-4.709791578903E-02,3.3005,1.713907267319));
#3047 = CARTESIAN_POINT('',(-4.709791578903E-02,3.2995,1.713907267319));
#3048 = CARTESIAN_POINT('',(-6.00502717784E-02,3.3005,1.727515788291));
#3049 = CARTESIAN_POINT('',(-6.00502717784E-02,3.2995,1.727515788291));
#3050 = ADVANCED_FACE('',(#3051),#3069,.F.);
#3051 = FACE_BOUND('',#3052,.F.);
#3052 = EDGE_LOOP('',(#3053,#3054,#3063,#3068));
#3053 = ORIENTED_EDGE('',*,*,#3036,.F.);
#3054 = ORIENTED_EDGE('',*,*,#3055,.T.);
#3055 = EDGE_CURVE('',#3028,#3056,#3058,.T.);
#3056 = VERTEX_POINT('',#3057);
#3057 = CARTESIAN_POINT('',(-0.110207954056,3.3005,1.747522951172));
#3058 = B_SPLINE_CURVE_WITH_KNOTS('',3,(#3059,#3060,#3061,#3062),
  .UNSPECIFIED.,.F.,.F.,(4,4),(8.,9.),.PIECEWISE_BEZIER_KNOTS.);
#3059 = CARTESIAN_POINT('',(-6.00502717784E-02,3.3005,1.727515788291));
#3060 = CARTESIAN_POINT('',(-7.304887902852E-02,3.3005,1.741030142987));
#3061 = CARTESIAN_POINT('',(-8.975224570049E-02,3.3005,1.747668030356));
#3062 = CARTESIAN_POINT('',(-0.110207954056,3.3005,1.747522951172));
#3063 = ORIENTED_EDGE('',*,*,#3064,.T.);
#3064 = EDGE_CURVE('',#3056,#660,#3065,.T.);
#3065 = B_SPLINE_CURVE_WITH_KNOTS('',1,(#3066,#3067),.UNSPECIFIED.,.F.,
  .F.,(2,2),(-0.,1.000000000001E-03),.PIECEWISE_BEZIER_KNOTS.);
#3066 = CARTESIAN_POINT('',(-0.110207954056,3.3005,1.747522951172));
#3067 = CARTESIAN_POINT('',(-0.110207954056,3.2995,1.747522951172));
#3068 = ORIENTED_EDGE('',*,*,#668,.F.);
#3069 = B_SPLINE_SURFACE_WITH_KNOTS('',3,1,(
    (#3070,#3071)
    ,(#3072,#3073)
    ,(#3074,#3075)
    ,(#3076,#3077
    )),.UNSPECIFIED.,.F.,.F.,.F.,(4,4),(2,2),(8.,9.),(0.,1.),
  .PIECEWISE_BEZIER_KNOTS.);
#3070 = CARTESIAN_POINT('',(-6.00502717784E-02,3.3005,1.727515788291));
#3071 = CARTESIAN_POINT('',(-6.00502717784E-02,3.2995,1.727515788291));
#3072 = CARTESIAN_POINT('',(-7.304887902852E-02,3.3005,1.741030142987));
#3073 = CARTESIAN_POINT('',(-7.304887902852E-02,3.2995,1.741030142987));
#3074 = CARTESIAN_POINT('',(-8.975224570049E-02,3.3005,1.747668030356));
#3075 = CARTESIAN_POINT('',(-8.975224570049E-02,3.2995,1.747668030356));
#3076 = CARTESIAN_POINT('',(-0.110207954056,3.3005,1.747522951172));
#3077 = CARTESIAN_POINT('',(-0.110207954056,3.2995,1.747522951172));
#3078 = ADVANCED_FACE('',(#3079),#3097,.F.);
#3079 = FACE_BOUND('',#3080,.F.);
#3080 = EDGE_LOOP('',(#3081,#3082,#3091,#3096));
#3081 = ORIENTED_EDGE('',*,*,#3064,.F.);
#3082 = ORIENTED_EDGE('',*,*,#3083,.T.);
#3083 = EDGE_CURVE('',#3056,#3084,#3086,.T.);
#3084 = VERTEX_POINT('',#3085);
#3085 = CARTESIAN_POINT('',(-0.153388010784,3.3005,1.736331466434));
#3086 = B_SPLINE_CURVE_WITH_KNOTS('',3,(#3087,#3088,#3089,#3090),
  .UNSPECIFIED.,.F.,.F.,(4,4),(7.,8.),.PIECEWISE_BEZIER_KNOTS.);
#3087 = CARTESIAN_POINT('',(-0.110207954056,3.3005,1.747522951172));
#3088 = CARTESIAN_POINT('',(-0.125925069421,3.3005,1.74741147978));
#3089 = CARTESIAN_POINT('',(-0.140303226411,3.3005,1.743743651468));
#3090 = CARTESIAN_POINT('',(-0.153388010784,3.3005,1.736331466434));
#3091 = ORIENTED_EDGE('',*,*,#3092,.T.);
#3092 = EDGE_CURVE('',#3084,#653,#3093,.T.);
#3093 = B_SPLINE_CURVE_WITH_KNOTS('',1,(#3094,#3095),.UNSPECIFIED.,.F.,
  .F.,(2,2),(-0.,1.E-03),.PIECEWISE_BEZIER_KNOTS.);
#3094 = CARTESIAN_POINT('',(-0.153388010784,3.3005,1.736331466434));
#3095 = CARTESIAN_POINT('',(-0.153388010784,3.2995,1.736331466434));
#3096 = ORIENTED_EDGE('',*,*,#659,.F.);
#3097 = B_SPLINE_SURFACE_WITH_KNOTS('',3,1,(
    (#3098,#3099)
    ,(#3100,#3101)
    ,(#3102,#3103)
    ,(#3104,#3105
    )),.UNSPECIFIED.,.F.,.F.,.F.,(4,4),(2,2),(7.,8.),(0.,1.),
  .PIECEWISE_BEZIER_KNOTS.);
#3098 = CARTESIAN_POINT('',(-0.110207954056,3.3005,1.747522951172));
#3099 = CARTESIAN_POINT('',(-0.110207954056,3.2995,1.747522951172));
#3100 = CARTESIAN_POINT('',(-0.125925069421,3.3005,1.74741147978));
#3101 = CARTESIAN_POINT('',(-0.125925069421,3.2995,1.74741147978));
#3102 = CARTESIAN_POINT('',(-0.140303226411,3.3005,1.743743651468));
#3103 = CARTESIAN_POINT('',(-0.140303226411,3.2995,1.743743651468));
#3104 = CARTESIAN_POINT('',(-0.153388010784,3.3005,1.736331466434));
#3105 = CARTESIAN_POINT('',(-0.153388010784,3.2995,1.736331466434));
#3106 = ADVANCED_FACE('',(#3107),#3123,.F.);
#3107 = FACE_BOUND('',#3108,.T.);
#3108 = EDGE_LOOP('',(#3109,#3110,#3117,#3122));
#3109 = ORIENTED_EDGE('',*,*,#652,.T.);
#3110 = ORIENTED_EDGE('',*,*,#3111,.F.);
#3111 = EDGE_CURVE('',#3112,#644,#3114,.T.);
#3112 = VERTEX_POINT('',#3113);
#3113 = CARTESIAN_POINT('',(-0.153563703007,3.3005,1.761103516919));
#3114 = B_SPLINE_CURVE_WITH_KNOTS('',1,(#3115,#3116),.UNSPECIFIED.,.F.,
  .F.,(2,2),(-0.,1.000000000001E-03),.PIECEWISE_BEZIER_KNOTS.);
#3115 = CARTESIAN_POINT('',(-0.153563703007,3.3005,1.761103516919));
#3116 = CARTESIAN_POINT('',(-0.153563703007,3.2995,1.761103516919));
#3117 = ORIENTED_EDGE('',*,*,#3118,.F.);
#3118 = EDGE_CURVE('',#3084,#3112,#3119,.T.);
#3119 = B_SPLINE_CURVE_WITH_KNOTS('',1,(#3120,#3121),.UNSPECIFIED.,.F.,
  .F.,(2,2),(-2.477267351339E-02,0.),.PIECEWISE_BEZIER_KNOTS.);
#3120 = CARTESIAN_POINT('',(-0.153388010784,3.3005,1.736331466434));
#3121 = CARTESIAN_POINT('',(-0.153563703007,3.3005,1.761103516919));
#3122 = ORIENTED_EDGE('',*,*,#3092,.T.);
#3123 = B_SPLINE_SURFACE_WITH_KNOTS('',1,1,(
    (#3124,#3125)
    ,(#3126,#3127
    )),.UNSPECIFIED.,.F.,.F.,.F.,(2,2),(2,2),(-9.764260759573E-22,
    2.477267351339E-02),(-1.000000000001E-03,1.431313011659E-35),
  .PIECEWISE_BEZIER_KNOTS.);
#3124 = CARTESIAN_POINT('',(-0.153563703007,3.2995,1.761103516919));
#3125 = CARTESIAN_POINT('',(-0.153563703007,3.3005,1.761103516919));
#3126 = CARTESIAN_POINT('',(-0.153388010784,3.2995,1.736331466434));
#3127 = CARTESIAN_POINT('',(-0.153388010784,3.3005,1.736331466434));
#3128 = ADVANCED_FACE('',(#3129),#3147,.F.);
#3129 = FACE_BOUND('',#3130,.F.);
#3130 = EDGE_LOOP('',(#3131,#3132,#3141,#3146));
#3131 = ORIENTED_EDGE('',*,*,#3111,.F.);
#3132 = ORIENTED_EDGE('',*,*,#3133,.T.);
#3133 = EDGE_CURVE('',#3112,#3134,#3136,.T.);
#3134 = VERTEX_POINT('',#3135);
#3135 = CARTESIAN_POINT('',(-0.110125104437,3.3005,1.768918658526));
#3136 = B_SPLINE_CURVE_WITH_KNOTS('',3,(#3137,#3138,#3139,#3140),
  .UNSPECIFIED.,.F.,.F.,(4,4),(5.,6.),.PIECEWISE_BEZIER_KNOTS.);
#3137 = CARTESIAN_POINT('',(-0.153563703007,3.3005,1.761103516919));
#3138 = CARTESIAN_POINT('',(-0.142151284554,3.3005,1.766157884825));
#3139 = CARTESIAN_POINT('',(-0.127671973531,3.3005,1.768794209868));
#3140 = CARTESIAN_POINT('',(-0.110125104437,3.3005,1.768918658526));
#3141 = ORIENTED_EDGE('',*,*,#3142,.T.);
#3142 = EDGE_CURVE('',#3134,#635,#3143,.T.);
#3143 = B_SPLINE_CURVE_WITH_KNOTS('',1,(#3144,#3145),.UNSPECIFIED.,.F.,
  .F.,(2,2),(-0.,1.000000000001E-03),.PIECEWISE_BEZIER_KNOTS.);
#3144 = CARTESIAN_POINT('',(-0.110125104437,3.3005,1.768918658526));
#3145 = CARTESIAN_POINT('',(-0.110125104437,3.2995,1.768918658526));
#3146 = ORIENTED_EDGE('',*,*,#643,.F.);
#3147 = B_SPLINE_SURFACE_WITH_KNOTS('',3,1,(
    (#3148,#3149)
    ,(#3150,#3151)
    ,(#3152,#3153)
    ,(#3154,#3155
    )),.UNSPECIFIED.,.F.,.F.,.F.,(4,4),(2,2),(5.,6.),(0.,1.),
  .PIECEWISE_BEZIER_KNOTS.);
#3148 = CARTESIAN_POINT('',(-0.153563703007,3.3005,1.761103516919));
#3149 = CARTESIAN_POINT('',(-0.153563703007,3.2995,1.761103516919));
#3150 = CARTESIAN_POINT('',(-0.142151284554,3.3005,1.766157884825));
#3151 = CARTESIAN_POINT('',(-0.142151284554,3.2995,1.766157884825));
#3152 = CARTESIAN_POINT('',(-0.127671973531,3.3005,1.768794209868));
#3153 = CARTESIAN_POINT('',(-0.127671973531,3.2995,1.768794209868));
#3154 = CARTESIAN_POINT('',(-0.110125104437,3.3005,1.768918658526));
#3155 = CARTESIAN_POINT('',(-0.110125104437,3.2995,1.768918658526));
#3156 = ADVANCED_FACE('',(#3157),#3175,.F.);
#3157 = FACE_BOUND('',#3158,.F.);
#3158 = EDGE_LOOP('',(#3159,#3160,#3169,#3174));
#3159 = ORIENTED_EDGE('',*,*,#3142,.F.);
#3160 = ORIENTED_EDGE('',*,*,#3161,.T.);
#3161 = EDGE_CURVE('',#3134,#3162,#3164,.T.);
#3162 = VERTEX_POINT('',#3163);
#3163 = CARTESIAN_POINT('',(-4.251405279152E-02,3.3005,1.742372765806));
#3164 = B_SPLINE_CURVE_WITH_KNOTS('',3,(#3165,#3166,#3167,#3168),
  .UNSPECIFIED.,.F.,.F.,(4,4),(4.,5.),.PIECEWISE_BEZIER_KNOTS.);
#3165 = CARTESIAN_POINT('',(-0.110125104437,3.3005,1.768918658526));
#3166 = CARTESIAN_POINT('',(-8.286646555014E-02,3.3005,1.769111986521));
#3167 = CARTESIAN_POINT('',(-6.032944833507E-02,3.3005,1.760263355615));
#3168 = CARTESIAN_POINT('',(-4.251405279152E-02,3.3005,1.742372765806));
#3169 = ORIENTED_EDGE('',*,*,#3170,.T.);
#3170 = EDGE_CURVE('',#3162,#626,#3171,.T.);
#3171 = B_SPLINE_CURVE_WITH_KNOTS('',1,(#3172,#3173),.UNSPECIFIED.,.F.,
  .F.,(2,2),(-0.,1.000000000001E-03),.PIECEWISE_BEZIER_KNOTS.);
#3172 = CARTESIAN_POINT('',(-4.251405279152E-02,3.3005,1.742372765806));
#3173 = CARTESIAN_POINT('',(-4.251405279152E-02,3.2995,1.742372765806));
#3174 = ORIENTED_EDGE('',*,*,#634,.F.);
#3175 = B_SPLINE_SURFACE_WITH_KNOTS('',3,1,(
    (#3176,#3177)
    ,(#3178,#3179)
    ,(#3180,#3181)
    ,(#3182,#3183
    )),.UNSPECIFIED.,.F.,.F.,.F.,(4,4),(2,2),(4.,5.),(0.,1.),
  .PIECEWISE_BEZIER_KNOTS.);
#3176 = CARTESIAN_POINT('',(-0.110125104437,3.3005,1.768918658526));
#3177 = CARTESIAN_POINT('',(-0.110125104437,3.2995,1.768918658526));
#3178 = CARTESIAN_POINT('',(-8.286646555014E-02,3.3005,1.769111986521));
#3179 = CARTESIAN_POINT('',(-8.286646555014E-02,3.2995,1.769111986521));
#3180 = CARTESIAN_POINT('',(-6.032944833507E-02,3.3005,1.760263355615));
#3181 = CARTESIAN_POINT('',(-6.032944833507E-02,3.2995,1.760263355615));
#3182 = CARTESIAN_POINT('',(-4.251405279152E-02,3.3005,1.742372765806));
#3183 = CARTESIAN_POINT('',(-4.251405279152E-02,3.2995,1.742372765806));
#3184 = ADVANCED_FACE('',(#3185),#3203,.F.);
#3185 = FACE_BOUND('',#3186,.F.);
#3186 = EDGE_LOOP('',(#3187,#3188,#3197,#3202));
#3187 = ORIENTED_EDGE('',*,*,#3170,.F.);
#3188 = ORIENTED_EDGE('',*,*,#3189,.T.);
#3189 = EDGE_CURVE('',#3162,#3190,#3192,.T.);
#3190 = VERTEX_POINT('',#3191);
#3191 = CARTESIAN_POINT('',(-1.550030146004E-02,3.3005,1.671247291123));
#3192 = B_SPLINE_CURVE_WITH_KNOTS('',3,(#3193,#3194,#3195,#3196),
  .UNSPECIFIED.,.F.,.F.,(4,4),(3.,4.),.PIECEWISE_BEZIER_KNOTS.);
#3193 = CARTESIAN_POINT('',(-4.251405279152E-02,3.3005,1.742372765806));
#3194 = CARTESIAN_POINT('',(-2.46986572486E-02,3.3005,1.724482175998));
#3195 = CARTESIAN_POINT('',(-1.57099342258E-02,3.3005,1.700804851362));
#3196 = CARTESIAN_POINT('',(-1.550030146004E-02,3.3005,1.671247291123));
#3197 = ORIENTED_EDGE('',*,*,#3198,.T.);
#3198 = EDGE_CURVE('',#3190,#617,#3199,.T.);
#3199 = B_SPLINE_CURVE_WITH_KNOTS('',1,(#3200,#3201),.UNSPECIFIED.,.F.,
  .F.,(2,2),(-0.,1.000000000001E-03),.PIECEWISE_BEZIER_KNOTS.);
#3200 = CARTESIAN_POINT('',(-1.550030146004E-02,3.3005,1.671247291123));
#3201 = CARTESIAN_POINT('',(-1.550030146004E-02,3.2995,1.671247291123));
#3202 = ORIENTED_EDGE('',*,*,#625,.F.);
#3203 = B_SPLINE_SURFACE_WITH_KNOTS('',3,1,(
    (#3204,#3205)
    ,(#3206,#3207)
    ,(#3208,#3209)
    ,(#3210,#3211
    )),.UNSPECIFIED.,.F.,.F.,.F.,(4,4),(2,2),(3.,4.),(0.,1.),
  .PIECEWISE_BEZIER_KNOTS.);
#3204 = CARTESIAN_POINT('',(-4.251405279152E-02,3.3005,1.742372765806));
#3205 = CARTESIAN_POINT('',(-4.251405279152E-02,3.2995,1.742372765806));
#3206 = CARTESIAN_POINT('',(-2.46986572486E-02,3.3005,1.724482175998));
#3207 = CARTESIAN_POINT('',(-2.46986572486E-02,3.2995,1.724482175998));
#3208 = CARTESIAN_POINT('',(-1.57099342258E-02,3.3005,1.700804851362));
#3209 = CARTESIAN_POINT('',(-1.57099342258E-02,3.2995,1.700804851362));
#3210 = CARTESIAN_POINT('',(-1.550030146004E-02,3.3005,1.671247291123));
#3211 = CARTESIAN_POINT('',(-1.550030146004E-02,3.2995,1.671247291123));
#3212 = ADVANCED_FACE('',(#3213),#3231,.F.);
#3213 = FACE_BOUND('',#3214,.F.);
#3214 = EDGE_LOOP('',(#3215,#3216,#3225,#3230));
#3215 = ORIENTED_EDGE('',*,*,#3198,.F.);
#3216 = ORIENTED_EDGE('',*,*,#3217,.T.);
#3217 = EDGE_CURVE('',#3190,#3218,#3220,.T.);
#3218 = VERTEX_POINT('',#3219);
#3219 = CARTESIAN_POINT('',(-3.85820070302E-02,3.3005,1.604739948542));
#3220 = B_SPLINE_CURVE_WITH_KNOTS('',3,(#3221,#3222,#3223,#3224),
  .UNSPECIFIED.,.F.,.F.,(4,4),(2.,3.),.PIECEWISE_BEZIER_KNOTS.);
#3221 = CARTESIAN_POINT('',(-1.550030146004E-02,3.3005,1.671247291123));
#3222 = CARTESIAN_POINT('',(-1.530530971285E-02,3.3005,1.643754068424));
#3223 = CARTESIAN_POINT('',(-2.298335081499E-02,3.3005,1.621553787306));
#3224 = CARTESIAN_POINT('',(-3.85820070302E-02,3.3005,1.604739948542));
#3225 = ORIENTED_EDGE('',*,*,#3226,.T.);
#3226 = EDGE_CURVE('',#3218,#608,#3227,.T.);
#3227 = B_SPLINE_CURVE_WITH_KNOTS('',1,(#3228,#3229),.UNSPECIFIED.,.F.,
  .F.,(2,2),(-0.,1.000000000001E-03),.PIECEWISE_BEZIER_KNOTS.);
#3228 = CARTESIAN_POINT('',(-3.85820070302E-02,3.3005,1.604739948542));
#3229 = CARTESIAN_POINT('',(-3.85820070302E-02,3.2995,1.604739948542));
#3230 = ORIENTED_EDGE('',*,*,#616,.F.);
#3231 = B_SPLINE_SURFACE_WITH_KNOTS('',3,1,(
    (#3232,#3233)
    ,(#3234,#3235)
    ,(#3236,#3237)
    ,(#3238,#3239
    )),.UNSPECIFIED.,.F.,.F.,.F.,(4,4),(2,2),(2.,3.),(0.,1.),
  .PIECEWISE_BEZIER_KNOTS.);
#3232 = CARTESIAN_POINT('',(-1.550030146004E-02,3.3005,1.671247291123));
#3233 = CARTESIAN_POINT('',(-1.550030146004E-02,3.2995,1.671247291123));
#3234 = CARTESIAN_POINT('',(-1.530530971285E-02,3.3005,1.643754068424));
#3235 = CARTESIAN_POINT('',(-1.530530971285E-02,3.2995,1.643754068424));
#3236 = CARTESIAN_POINT('',(-2.298335081499E-02,3.3005,1.621553787306));
#3237 = CARTESIAN_POINT('',(-2.298335081499E-02,3.2995,1.621553787306));
#3238 = CARTESIAN_POINT('',(-3.85820070302E-02,3.3005,1.604739948542));
#3239 = CARTESIAN_POINT('',(-3.85820070302E-02,3.2995,1.604739948542));
#3240 = ADVANCED_FACE('',(#3241),#3253,.F.);
#3241 = FACE_BOUND('',#3242,.F.);
#3242 = EDGE_LOOP('',(#3243,#3244,#3251,#3252));
#3243 = ORIENTED_EDGE('',*,*,#3226,.F.);
#3244 = ORIENTED_EDGE('',*,*,#3245,.T.);
#3245 = EDGE_CURVE('',#3218,#2887,#3246,.T.);
#3246 = B_SPLINE_CURVE_WITH_KNOTS('',3,(#3247,#3248,#3249,#3250),
  .UNSPECIFIED.,.F.,.F.,(4,4),(1.,2.),.PIECEWISE_BEZIER_KNOTS.);
#3247 = CARTESIAN_POINT('',(-3.85820070302E-02,3.3005,1.604739948542));
#3248 = CARTESIAN_POINT('',(-5.41806632454E-02,3.3005,1.587926109778));
#3249 = CARTESIAN_POINT('',(-7.514014317336E-02,3.3005,1.579425853902));
#3250 = CARTESIAN_POINT('',(-0.101460446815,3.3005,1.579239180915));
#3251 = ORIENTED_EDGE('',*,*,#2886,.T.);
#3252 = ORIENTED_EDGE('',*,*,#607,.F.);
#3253 = B_SPLINE_SURFACE_WITH_KNOTS('',3,1,(
    (#3254,#3255)
    ,(#3256,#3257)
    ,(#3258,#3259)
    ,(#3260,#3261
    )),.UNSPECIFIED.,.F.,.F.,.F.,(4,4),(2,2),(1.,2.),(0.,1.),
  .PIECEWISE_BEZIER_KNOTS.);
#3254 = CARTESIAN_POINT('',(-3.85820070302E-02,3.3005,1.604739948542));
#3255 = CARTESIAN_POINT('',(-3.85820070302E-02,3.2995,1.604739948542));
#3256 = CARTESIAN_POINT('',(-5.41806632454E-02,3.3005,1.587926109778));
#3257 = CARTESIAN_POINT('',(-5.41806632454E-02,3.2995,1.587926109778));
#3258 = CARTESIAN_POINT('',(-7.514014317336E-02,3.3005,1.579425853902));
#3259 = CARTESIAN_POINT('',(-7.514014317336E-02,3.2995,1.579425853902));
#3260 = CARTESIAN_POINT('',(-0.101460446815,3.3005,1.579239180915));
#3261 = CARTESIAN_POINT('',(-0.101460446815,3.2995,1.579239180915));
#3262 = ADVANCED_FACE('',(#3263),#3279,.T.);
#3263 = FACE_BOUND('',#3264,.T.);
#3264 = EDGE_LOOP('',(#3265,#3266,#3267,#3268,#3269,#3270,#3271,#3272,
    #3273,#3274,#3275,#3276,#3277,#3278));
#3265 = ORIENTED_EDGE('',*,*,#2893,.T.);
#3266 = ORIENTED_EDGE('',*,*,#2928,.T.);
#3267 = ORIENTED_EDGE('',*,*,#2943,.T.);
#3268 = ORIENTED_EDGE('',*,*,#2971,.T.);
#3269 = ORIENTED_EDGE('',*,*,#2999,.T.);
#3270 = ORIENTED_EDGE('',*,*,#3027,.T.);
#3271 = ORIENTED_EDGE('',*,*,#3055,.T.);
#3272 = ORIENTED_EDGE('',*,*,#3083,.T.);
#3273 = ORIENTED_EDGE('',*,*,#3118,.T.);
#3274 = ORIENTED_EDGE('',*,*,#3133,.T.);
#3275 = ORIENTED_EDGE('',*,*,#3161,.T.);
#3276 = ORIENTED_EDGE('',*,*,#3189,.T.);
#3277 = ORIENTED_EDGE('',*,*,#3217,.T.);
#3278 = ORIENTED_EDGE('',*,*,#3245,.T.);
#3279 = B_SPLINE_SURFACE_WITH_KNOTS('',1,1,(
    (#3280,#3281)
    ,(#3282,#3283
    )),.UNSPECIFIED.,.F.,.F.,.F.,(2,2),(2,2),(-2.620266694169E-03,
    0.187396952595),(-2.411016990637E-02,0.114148223388),
  .PIECEWISE_BEZIER_KNOTS.);
#3280 = CARTESIAN_POINT('',(-0.153563703007,3.3005,1.579094767232));
#3281 = CARTESIAN_POINT('',(-1.530530971285E-02,3.3005,1.579094767232));
#3282 = CARTESIAN_POINT('',(-0.153563703007,3.3005,1.769111986521));
#3283 = CARTESIAN_POINT('',(-1.530530971285E-02,3.3005,1.769111986521));
#3284 = ADVANCED_FACE('',(#3285),#3307,.F.);
#3285 = FACE_BOUND('',#3286,.T.);
#3286 = EDGE_LOOP('',(#3287,#3288,#3295,#3302));
#3287 = ORIENTED_EDGE('',*,*,#794,.T.);
#3288 = ORIENTED_EDGE('',*,*,#3289,.F.);
#3289 = EDGE_CURVE('',#3290,#797,#3292,.T.);
#3290 = VERTEX_POINT('',#3291);
#3291 = CARTESIAN_POINT('',(-0.287890361298,3.3005,1.60193954403));
#3292 = B_SPLINE_CURVE_WITH_KNOTS('',1,(#3293,#3294),.UNSPECIFIED.,.F.,
  .F.,(2,2),(-0.,1.E-03),.PIECEWISE_BEZIER_KNOTS.);
#3293 = CARTESIAN_POINT('',(-0.287890361298,3.3005,1.60193954403));
#3294 = CARTESIAN_POINT('',(-0.287890361298,3.2995,1.60193954403));
#3295 = ORIENTED_EDGE('',*,*,#3296,.F.);
#3296 = EDGE_CURVE('',#3297,#3290,#3299,.T.);
#3297 = VERTEX_POINT('',#3298);
#3298 = CARTESIAN_POINT('',(-0.28774195461,3.3005,1.581014668051));
#3299 = B_SPLINE_CURVE_WITH_KNOTS('',1,(#3300,#3301),.UNSPECIFIED.,.F.,
  .F.,(2,2),(-2.092540224857E-02,0.),.PIECEWISE_BEZIER_KNOTS.);
#3300 = CARTESIAN_POINT('',(-0.28774195461,3.3005,1.581014668051));
#3301 = CARTESIAN_POINT('',(-0.287890361298,3.3005,1.60193954403));
#3302 = ORIENTED_EDGE('',*,*,#3303,.T.);
#3303 = EDGE_CURVE('',#3297,#795,#3304,.T.);
#3304 = B_SPLINE_CURVE_WITH_KNOTS('',1,(#3305,#3306),.UNSPECIFIED.,.F.,
  .F.,(2,2),(-0.,1.E-03),.PIECEWISE_BEZIER_KNOTS.);
#3305 = CARTESIAN_POINT('',(-0.28774195461,3.3005,1.581014668051));
#3306 = CARTESIAN_POINT('',(-0.28774195461,3.2995,1.581014668051));
#3307 = B_SPLINE_SURFACE_WITH_KNOTS('',1,1,(
    (#3308,#3309)
    ,(#3310,#3311
    )),.UNSPECIFIED.,.F.,.F.,.F.,(2,2),(2,2),(-9.764260759556E-22,
    2.092540224857E-02),(-1.E-03,4.030085878888E-36),
  .PIECEWISE_BEZIER_KNOTS.);
#3308 = CARTESIAN_POINT('',(-0.287890361298,3.2995,1.60193954403));
#3309 = CARTESIAN_POINT('',(-0.287890361298,3.3005,1.60193954403));
#3310 = CARTESIAN_POINT('',(-0.28774195461,3.2995,1.581014668051));
#3311 = CARTESIAN_POINT('',(-0.28774195461,3.3005,1.581014668051));
#3312 = ADVANCED_FACE('',(#3313),#3329,.F.);
#3313 = FACE_BOUND('',#3314,.T.);
#3314 = EDGE_LOOP('',(#3315,#3316,#3323,#3328));
#3315 = ORIENTED_EDGE('',*,*,#873,.T.);
#3316 = ORIENTED_EDGE('',*,*,#3317,.F.);
#3317 = EDGE_CURVE('',#3318,#867,#3320,.T.);
#3318 = VERTEX_POINT('',#3319);
#3319 = CARTESIAN_POINT('',(-0.212870458406,3.3005,1.602471611954));
#3320 = B_SPLINE_CURVE_WITH_KNOTS('',1,(#3321,#3322),.UNSPECIFIED.,.F.,
  .F.,(2,2),(-0.,1.E-03),.PIECEWISE_BEZIER_KNOTS.);
#3321 = CARTESIAN_POINT('',(-0.212870458406,3.3005,1.602471611954));
#3322 = CARTESIAN_POINT('',(-0.212870458406,3.2995,1.602471611954));
#3323 = ORIENTED_EDGE('',*,*,#3324,.F.);
#3324 = EDGE_CURVE('',#3290,#3318,#3325,.T.);
#3325 = B_SPLINE_CURVE_WITH_KNOTS('',1,(#3326,#3327),.UNSPECIFIED.,.F.,
  .F.,(2,2),(-7.50217896758E-02,0.),.PIECEWISE_BEZIER_KNOTS.);
#3326 = CARTESIAN_POINT('',(-0.287890361298,3.3005,1.60193954403));
#3327 = CARTESIAN_POINT('',(-0.212870458406,3.3005,1.602471611954));
#3328 = ORIENTED_EDGE('',*,*,#3289,.T.);
#3329 = B_SPLINE_SURFACE_WITH_KNOTS('',1,1,(
    (#3330,#3331)
    ,(#3332,#3333
    )),.UNSPECIFIED.,.F.,.F.,.F.,(2,2),(2,2),(-1.403491678156E-16,
    7.50217896758E-02),(-1.E-03,5.397870058976E-35),
  .PIECEWISE_BEZIER_KNOTS.);
#3330 = CARTESIAN_POINT('',(-0.212870458406,3.2995,1.602471611954));
#3331 = CARTESIAN_POINT('',(-0.212870458406,3.3005,1.602471611954));
#3332 = CARTESIAN_POINT('',(-0.287890361298,3.2995,1.60193954403));
#3333 = CARTESIAN_POINT('',(-0.287890361298,3.3005,1.60193954403));
#3334 = ADVANCED_FACE('',(#3335),#3351,.F.);
#3335 = FACE_BOUND('',#3336,.T.);
#3336 = EDGE_LOOP('',(#3337,#3338,#3345,#3350));
#3337 = ORIENTED_EDGE('',*,*,#866,.T.);
#3338 = ORIENTED_EDGE('',*,*,#3339,.F.);
#3339 = EDGE_CURVE('',#3340,#860,#3342,.T.);
#3340 = VERTEX_POINT('',#3341);
#3341 = CARTESIAN_POINT('',(-0.213308357961,3.3005,1.66421407112));
#3342 = B_SPLINE_CURVE_WITH_KNOTS('',1,(#3343,#3344),.UNSPECIFIED.,.F.,
  .F.,(2,2),(-0.,1.E-03),.PIECEWISE_BEZIER_KNOTS.);
#3343 = CARTESIAN_POINT('',(-0.213308357961,3.3005,1.66421407112));
#3344 = CARTESIAN_POINT('',(-0.213308357961,3.2995,1.66421407112));
#3345 = ORIENTED_EDGE('',*,*,#3346,.F.);
#3346 = EDGE_CURVE('',#3318,#3340,#3347,.T.);
#3347 = B_SPLINE_CURVE_WITH_KNOTS('',1,(#3348,#3349),.UNSPECIFIED.,.F.,
  .F.,(2,2),(-6.174401201589E-02,0.),.PIECEWISE_BEZIER_KNOTS.);
#3348 = CARTESIAN_POINT('',(-0.212870458406,3.3005,1.602471611954));
#3349 = CARTESIAN_POINT('',(-0.213308357961,3.3005,1.66421407112));
#3350 = ORIENTED_EDGE('',*,*,#3317,.T.);
#3351 = B_SPLINE_SURFACE_WITH_KNOTS('',1,1,(
    (#3352,#3353)
    ,(#3354,#3355
    )),.UNSPECIFIED.,.F.,.F.,.F.,(2,2),(2,2),(-9.76426075957E-22,
    6.174401201589E-02),(-1.E-03,1.408336271833E-33),
  .PIECEWISE_BEZIER_KNOTS.);
#3352 = CARTESIAN_POINT('',(-0.213308357961,3.2995,1.66421407112));
#3353 = CARTESIAN_POINT('',(-0.213308357961,3.3005,1.66421407112));
#3354 = CARTESIAN_POINT('',(-0.212870458406,3.2995,1.602471611954));
#3355 = CARTESIAN_POINT('',(-0.212870458406,3.3005,1.602471611954));
#3356 = ADVANCED_FACE('',(#3357),#3373,.F.);
#3357 = FACE_BOUND('',#3358,.T.);
#3358 = EDGE_LOOP('',(#3359,#3360,#3367,#3372));
#3359 = ORIENTED_EDGE('',*,*,#859,.T.);
#3360 = ORIENTED_EDGE('',*,*,#3361,.F.);
#3361 = EDGE_CURVE('',#3362,#853,#3364,.T.);
#3362 = VERTEX_POINT('',#3363);
#3363 = CARTESIAN_POINT('',(-0.278944908396,3.3005,1.66374855328));
#3364 = B_SPLINE_CURVE_WITH_KNOTS('',1,(#3365,#3366),.UNSPECIFIED.,.F.,
  .F.,(2,2),(-0.,1.E-03),.PIECEWISE_BEZIER_KNOTS.);
#3365 = CARTESIAN_POINT('',(-0.278944908396,3.3005,1.66374855328));
#3366 = CARTESIAN_POINT('',(-0.278944908396,3.2995,1.66374855328));
#3367 = ORIENTED_EDGE('',*,*,#3368,.F.);
#3368 = EDGE_CURVE('',#3340,#3362,#3369,.T.);
#3369 = B_SPLINE_CURVE_WITH_KNOTS('',1,(#3370,#3371),.UNSPECIFIED.,.F.,
  .F.,(2,2),(-6.563820122355E-02,-0.),.PIECEWISE_BEZIER_KNOTS.);
#3370 = CARTESIAN_POINT('',(-0.213308357961,3.3005,1.66421407112));
#3371 = CARTESIAN_POINT('',(-0.278944908396,3.3005,1.66374855328));
#3372 = ORIENTED_EDGE('',*,*,#3339,.T.);
#3373 = B_SPLINE_SURFACE_WITH_KNOTS('',1,1,(
    (#3374,#3375)
    ,(#3376,#3377
    )),.UNSPECIFIED.,.F.,.F.,.F.,(2,2),(2,2),(-1.376730038099E-19,
    6.563820122355E-02),(-1.E-03,3.950455538504E-37),
  .PIECEWISE_BEZIER_KNOTS.);
#3374 = CARTESIAN_POINT('',(-0.278944908396,3.2995,1.66374855328));
#3375 = CARTESIAN_POINT('',(-0.278944908396,3.3005,1.66374855328));
#3376 = CARTESIAN_POINT('',(-0.213308357961,3.2995,1.66421407112));
#3377 = CARTESIAN_POINT('',(-0.213308357961,3.3005,1.66421407112));
#3378 = ADVANCED_FACE('',(#3379),#3395,.F.);
#3379 = FACE_BOUND('',#3380,.T.);
#3380 = EDGE_LOOP('',(#3381,#3382,#3389,#3394));
#3381 = ORIENTED_EDGE('',*,*,#852,.T.);
#3382 = ORIENTED_EDGE('',*,*,#3383,.F.);
#3383 = EDGE_CURVE('',#3384,#846,#3386,.T.);
#3384 = VERTEX_POINT('',#3385);
#3385 = CARTESIAN_POINT('',(-0.279093980585,3.3005,1.684767262783));
#3386 = B_SPLINE_CURVE_WITH_KNOTS('',1,(#3387,#3388),.UNSPECIFIED.,.F.,
  .F.,(2,2),(-0.,1.E-03),.PIECEWISE_BEZIER_KNOTS.);
#3387 = CARTESIAN_POINT('',(-0.279093980585,3.3005,1.684767262783));
#3388 = CARTESIAN_POINT('',(-0.279093980585,3.2995,1.684767262783));
#3389 = ORIENTED_EDGE('',*,*,#3390,.F.);
#3390 = EDGE_CURVE('',#3362,#3384,#3391,.T.);
#3391 = B_SPLINE_CURVE_WITH_KNOTS('',1,(#3392,#3393),.UNSPECIFIED.,.F.,
  .F.,(2,2),(-2.101923813299E-02,0.),.PIECEWISE_BEZIER_KNOTS.);
#3392 = CARTESIAN_POINT('',(-0.278944908396,3.3005,1.66374855328));
#3393 = CARTESIAN_POINT('',(-0.279093980585,3.3005,1.684767262783));
#3394 = ORIENTED_EDGE('',*,*,#3361,.T.);
#3395 = B_SPLINE_SURFACE_WITH_KNOTS('',1,1,(
    (#3396,#3397)
    ,(#3398,#3399
    )),.UNSPECIFIED.,.F.,.F.,.F.,(2,2),(2,2),(-9.764260759576E-22,
    2.101923813299E-02),(-1.E-03,2.988200679338E-33),
  .PIECEWISE_BEZIER_KNOTS.);
#3396 = CARTESIAN_POINT('',(-0.279093980585,3.2995,1.684767262783));
#3397 = CARTESIAN_POINT('',(-0.279093980585,3.3005,1.684767262783));
#3398 = CARTESIAN_POINT('',(-0.278944908396,3.2995,1.66374855328));
#3399 = CARTESIAN_POINT('',(-0.278944908396,3.3005,1.66374855328));
#3400 = ADVANCED_FACE('',(#3401),#3417,.F.);
#3401 = FACE_BOUND('',#3402,.T.);
#3402 = EDGE_LOOP('',(#3403,#3404,#3411,#3416));
#3403 = ORIENTED_EDGE('',*,*,#845,.T.);
#3404 = ORIENTED_EDGE('',*,*,#3405,.F.);
#3405 = EDGE_CURVE('',#3406,#839,#3408,.T.);
#3406 = VERTEX_POINT('',#3407);
#3407 = CARTESIAN_POINT('',(-0.21345743015,3.3005,1.685232780623));
#3408 = B_SPLINE_CURVE_WITH_KNOTS('',1,(#3409,#3410),.UNSPECIFIED.,.F.,
  .F.,(2,2),(-0.,1.E-03),.PIECEWISE_BEZIER_KNOTS.);
#3409 = CARTESIAN_POINT('',(-0.21345743015,3.3005,1.685232780623));
#3410 = CARTESIAN_POINT('',(-0.21345743015,3.2995,1.685232780623));
#3411 = ORIENTED_EDGE('',*,*,#3412,.F.);
#3412 = EDGE_CURVE('',#3384,#3406,#3413,.T.);
#3413 = B_SPLINE_CURVE_WITH_KNOTS('',1,(#3414,#3415),.UNSPECIFIED.,.F.,
  .F.,(2,2),(-6.563820122355E-02,0.),.PIECEWISE_BEZIER_KNOTS.);
#3414 = CARTESIAN_POINT('',(-0.279093980585,3.3005,1.684767262783));
#3415 = CARTESIAN_POINT('',(-0.21345743015,3.3005,1.685232780623));
#3416 = ORIENTED_EDGE('',*,*,#3383,.T.);
#3417 = B_SPLINE_SURFACE_WITH_KNOTS('',1,1,(
    (#3418,#3419)
    ,(#3420,#3421
    )),.UNSPECIFIED.,.F.,.F.,.F.,(2,2),(2,2),(0.,6.563820122355E-02),(
    -1.E-03,9.780112998841E-35),.PIECEWISE_BEZIER_KNOTS.);
#3418 = CARTESIAN_POINT('',(-0.21345743015,3.2995,1.685232780623));
#3419 = CARTESIAN_POINT('',(-0.21345743015,3.3005,1.685232780623));
#3420 = CARTESIAN_POINT('',(-0.279093980585,3.2995,1.684767262783));
#3421 = CARTESIAN_POINT('',(-0.279093980585,3.3005,1.684767262783));
#3422 = ADVANCED_FACE('',(#3423),#3439,.F.);
#3423 = FACE_BOUND('',#3424,.T.);
#3424 = EDGE_LOOP('',(#3425,#3426,#3433,#3438));
#3425 = ORIENTED_EDGE('',*,*,#838,.T.);
#3426 = ORIENTED_EDGE('',*,*,#3427,.F.);
#3427 = EDGE_CURVE('',#3428,#832,#3430,.T.);
#3428 = VERTEX_POINT('',#3429);
#3429 = CARTESIAN_POINT('',(-0.213874033679,3.3005,1.743972567003));
#3430 = B_SPLINE_CURVE_WITH_KNOTS('',1,(#3431,#3432),.UNSPECIFIED.,.F.,
  .F.,(2,2),(-0.,1.E-03),.PIECEWISE_BEZIER_KNOTS.);
#3431 = CARTESIAN_POINT('',(-0.213874033679,3.3005,1.743972567003));
#3432 = CARTESIAN_POINT('',(-0.213874033679,3.2995,1.743972567003));
#3433 = ORIENTED_EDGE('',*,*,#3434,.F.);
#3434 = EDGE_CURVE('',#3406,#3428,#3435,.T.);
#3435 = B_SPLINE_CURVE_WITH_KNOTS('',1,(#3436,#3437),.UNSPECIFIED.,.F.,
  .F.,(2,2),(-5.874126371208E-02,0.),.PIECEWISE_BEZIER_KNOTS.);
#3436 = CARTESIAN_POINT('',(-0.21345743015,3.3005,1.685232780623));
#3437 = CARTESIAN_POINT('',(-0.213874033679,3.3005,1.743972567003));
#3438 = ORIENTED_EDGE('',*,*,#3405,.T.);
#3439 = B_SPLINE_SURFACE_WITH_KNOTS('',1,1,(
    (#3440,#3441)
    ,(#3442,#3443
    )),.UNSPECIFIED.,.F.,.F.,.F.,(2,2),(2,2),(-9.764260759566E-22,
    5.874126371208E-02),(-1.E-03,0.),.PIECEWISE_BEZIER_KNOTS.);
#3440 = CARTESIAN_POINT('',(-0.213874033679,3.2995,1.743972567003));
#3441 = CARTESIAN_POINT('',(-0.213874033679,3.3005,1.743972567003));
#3442 = CARTESIAN_POINT('',(-0.21345743015,3.2995,1.685232780623));
#3443 = CARTESIAN_POINT('',(-0.21345743015,3.3005,1.685232780623));
#3444 = ADVANCED_FACE('',(#3445),#3461,.F.);
#3445 = FACE_BOUND('',#3446,.T.);
#3446 = EDGE_LOOP('',(#3447,#3448,#3455,#3460));
#3447 = ORIENTED_EDGE('',*,*,#831,.T.);
#3448 = ORIENTED_EDGE('',*,*,#3449,.F.);
#3449 = EDGE_CURVE('',#3450,#825,#3452,.T.);
#3450 = VERTEX_POINT('',#3451);
#3451 = CARTESIAN_POINT('',(-0.284718344727,3.3005,1.743470113866));
#3452 = B_SPLINE_CURVE_WITH_KNOTS('',1,(#3453,#3454),.UNSPECIFIED.,.F.,
  .F.,(2,2),(-0.,1.E-03),.PIECEWISE_BEZIER_KNOTS.);
#3453 = CARTESIAN_POINT('',(-0.284718344727,3.3005,1.743470113866));
#3454 = CARTESIAN_POINT('',(-0.284718344727,3.2995,1.743470113866));
#3455 = ORIENTED_EDGE('',*,*,#3456,.F.);
#3456 = EDGE_CURVE('',#3428,#3450,#3457,.T.);
#3457 = B_SPLINE_CURVE_WITH_KNOTS('',1,(#3458,#3459),.UNSPECIFIED.,.F.,
  .F.,(2,2),(-7.08460928149E-02,-0.),.PIECEWISE_BEZIER_KNOTS.);
#3458 = CARTESIAN_POINT('',(-0.213874033679,3.3005,1.743972567003));
#3459 = CARTESIAN_POINT('',(-0.284718344727,3.3005,1.743470113866));
#3460 = ORIENTED_EDGE('',*,*,#3427,.T.);
#3461 = B_SPLINE_SURFACE_WITH_KNOTS('',1,1,(
    (#3462,#3463)
    ,(#3464,#3465
    )),.UNSPECIFIED.,.F.,.F.,.F.,(2,2),(2,2),(-5.393497516081E-17,
    7.08460928149E-02),(-1.E-03,3.197920584259E-37),
  .PIECEWISE_BEZIER_KNOTS.);
#3462 = CARTESIAN_POINT('',(-0.284718344727,3.2995,1.743470113866));
#3463 = CARTESIAN_POINT('',(-0.284718344727,3.3005,1.743470113866));
#3464 = CARTESIAN_POINT('',(-0.213874033679,3.2995,1.743972567003));
#3465 = CARTESIAN_POINT('',(-0.213874033679,3.3005,1.743972567003));
#3466 = ADVANCED_FACE('',(#3467),#3483,.F.);
#3467 = FACE_BOUND('',#3468,.T.);
#3468 = EDGE_LOOP('',(#3469,#3470,#3477,#3482));
#3469 = ORIENTED_EDGE('',*,*,#824,.T.);
#3470 = ORIENTED_EDGE('',*,*,#3471,.F.);
#3471 = EDGE_CURVE('',#3472,#818,#3474,.T.);
#3472 = VERTEX_POINT('',#3473);
#3473 = CARTESIAN_POINT('',(-0.284868082417,3.3005,1.764582656894));
#3474 = B_SPLINE_CURVE_WITH_KNOTS('',1,(#3475,#3476),.UNSPECIFIED.,.F.,
  .F.,(2,2),(-0.,1.E-03),.PIECEWISE_BEZIER_KNOTS.);
#3475 = CARTESIAN_POINT('',(-0.284868082417,3.3005,1.764582656894));
#3476 = CARTESIAN_POINT('',(-0.284868082417,3.2995,1.764582656894));
#3477 = ORIENTED_EDGE('',*,*,#3478,.F.);
#3478 = EDGE_CURVE('',#3450,#3472,#3479,.T.);
#3479 = B_SPLINE_CURVE_WITH_KNOTS('',1,(#3480,#3481),.UNSPECIFIED.,.F.,
  .F.,(2,2),(-2.111307401741E-02,0.),.PIECEWISE_BEZIER_KNOTS.);
#3480 = CARTESIAN_POINT('',(-0.284718344727,3.3005,1.743470113866));
#3481 = CARTESIAN_POINT('',(-0.284868082417,3.3005,1.764582656894));
#3482 = ORIENTED_EDGE('',*,*,#3449,.T.);
#3483 = B_SPLINE_SURFACE_WITH_KNOTS('',1,1,(
    (#3484,#3485)
    ,(#3486,#3487
    )),.UNSPECIFIED.,.F.,.F.,.F.,(2,2),(2,2),(-9.764260759554E-22,
    2.111307401741E-02),(-1.E-03,0.),.PIECEWISE_BEZIER_KNOTS.);
#3484 = CARTESIAN_POINT('',(-0.284868082417,3.2995,1.764582656894));
#3485 = CARTESIAN_POINT('',(-0.284868082417,3.3005,1.764582656894));
#3486 = CARTESIAN_POINT('',(-0.284718344727,3.2995,1.743470113866));
#3487 = CARTESIAN_POINT('',(-0.284718344727,3.3005,1.743470113866));
#3488 = ADVANCED_FACE('',(#3489),#3505,.F.);
#3489 = FACE_BOUND('',#3490,.T.);
#3490 = EDGE_LOOP('',(#3491,#3492,#3499,#3504));
#3491 = ORIENTED_EDGE('',*,*,#817,.T.);
#3492 = ORIENTED_EDGE('',*,*,#3493,.F.);
#3493 = EDGE_CURVE('',#3494,#811,#3496,.T.);
#3494 = VERTEX_POINT('',#3495);
#3495 = CARTESIAN_POINT('',(-0.190330806415,3.3005,1.765253148994));
#3496 = B_SPLINE_CURVE_WITH_KNOTS('',1,(#3497,#3498),.UNSPECIFIED.,.F.,
  .F.,(2,2),(-0.,1.E-03),.PIECEWISE_BEZIER_KNOTS.);
#3497 = CARTESIAN_POINT('',(-0.190330806415,3.3005,1.765253148994));
#3498 = CARTESIAN_POINT('',(-0.190330806415,3.2995,1.765253148994));
#3499 = ORIENTED_EDGE('',*,*,#3500,.F.);
#3500 = EDGE_CURVE('',#3472,#3494,#3501,.T.);
#3501 = B_SPLINE_CURVE_WITH_KNOTS('',1,(#3502,#3503),.UNSPECIFIED.,.F.,
  .F.,(2,2),(-9.453965365688E-02,0.),.PIECEWISE_BEZIER_KNOTS.);
#3502 = CARTESIAN_POINT('',(-0.284868082417,3.3005,1.764582656894));
#3503 = CARTESIAN_POINT('',(-0.190330806415,3.3005,1.765253148994));
#3504 = ORIENTED_EDGE('',*,*,#3471,.T.);
#3505 = B_SPLINE_SURFACE_WITH_KNOTS('',1,1,(
    (#3506,#3507)
    ,(#3508,#3509
    )),.UNSPECIFIED.,.F.,.F.,.F.,(2,2),(2,2),(-1.64954485433E-16,
    9.453965365688E-02),(-1.E-03,0.),.PIECEWISE_BEZIER_KNOTS.);
#3506 = CARTESIAN_POINT('',(-0.190330806415,3.2995,1.765253148994));
#3507 = CARTESIAN_POINT('',(-0.190330806415,3.3005,1.765253148994));
#3508 = CARTESIAN_POINT('',(-0.284868082417,3.2995,1.764582656894));
#3509 = CARTESIAN_POINT('',(-0.284868082417,3.3005,1.764582656894));
#3510 = ADVANCED_FACE('',(#3511),#3527,.F.);
#3511 = FACE_BOUND('',#3512,.T.);
#3512 = EDGE_LOOP('',(#3513,#3514,#3521,#3526));
#3513 = ORIENTED_EDGE('',*,*,#810,.T.);
#3514 = ORIENTED_EDGE('',*,*,#3515,.F.);
#3515 = EDGE_CURVE('',#3516,#804,#3518,.T.);
#3516 = VERTEX_POINT('',#3517);
#3517 = CARTESIAN_POINT('',(-0.189029086765,3.3005,1.581714774939));
#3518 = B_SPLINE_CURVE_WITH_KNOTS('',1,(#3519,#3520),.UNSPECIFIED.,.F.,
  .F.,(2,2),(-0.,1.E-03),.PIECEWISE_BEZIER_KNOTS.);
#3519 = CARTESIAN_POINT('',(-0.189029086765,3.3005,1.581714774939));
#3520 = CARTESIAN_POINT('',(-0.189029086765,3.2995,1.581714774939));
#3521 = ORIENTED_EDGE('',*,*,#3522,.F.);
#3522 = EDGE_CURVE('',#3494,#3516,#3523,.T.);
#3523 = B_SPLINE_CURVE_WITH_KNOTS('',1,(#3524,#3525),.UNSPECIFIED.,.F.,
  .F.,(2,2),(-0.183542990127,0.),.PIECEWISE_BEZIER_KNOTS.);
#3524 = CARTESIAN_POINT('',(-0.190330806415,3.3005,1.765253148994));
#3525 = CARTESIAN_POINT('',(-0.189029086765,3.3005,1.581714774939));
#3526 = ORIENTED_EDGE('',*,*,#3493,.T.);
#3527 = B_SPLINE_SURFACE_WITH_KNOTS('',1,1,(
    (#3528,#3529)
    ,(#3530,#3531
    )),.UNSPECIFIED.,.F.,.F.,.F.,(2,2),(2,2),(-2.220390205445E-16,
    0.183542990127),(-1.E-03,5.055566104016E-34),
  .PIECEWISE_BEZIER_KNOTS.);
#3528 = CARTESIAN_POINT('',(-0.189029086765,3.2995,1.581714774939));
#3529 = CARTESIAN_POINT('',(-0.189029086765,3.3005,1.581714774939));
#3530 = CARTESIAN_POINT('',(-0.190330806415,3.2995,1.765253148994));
#3531 = CARTESIAN_POINT('',(-0.190330806415,3.3005,1.765253148994));
#3532 = ADVANCED_FACE('',(#3533),#3543,.F.);
#3533 = FACE_BOUND('',#3534,.T.);
#3534 = EDGE_LOOP('',(#3535,#3536,#3537,#3542));
#3535 = ORIENTED_EDGE('',*,*,#803,.T.);
#3536 = ORIENTED_EDGE('',*,*,#3303,.F.);
#3537 = ORIENTED_EDGE('',*,*,#3538,.F.);
#3538 = EDGE_CURVE('',#3516,#3297,#3539,.T.);
#3539 = B_SPLINE_CURVE_WITH_KNOTS('',1,(#3540,#3541),.UNSPECIFIED.,.F.,
  .F.,(2,2),(-9.871535051777E-02,-0.),.PIECEWISE_BEZIER_KNOTS.);
#3540 = CARTESIAN_POINT('',(-0.189029086765,3.3005,1.581714774939));
#3541 = CARTESIAN_POINT('',(-0.28774195461,3.3005,1.581014668051));
#3542 = ORIENTED_EDGE('',*,*,#3515,.T.);
#3543 = B_SPLINE_SURFACE_WITH_KNOTS('',1,1,(
    (#3544,#3545)
    ,(#3546,#3547
    )),.UNSPECIFIED.,.F.,.F.,.F.,(2,2),(2,2),(-1.376730038099E-19,
    9.871535051777E-02),(-1.E-03,2.586087571809E-35),
  .PIECEWISE_BEZIER_KNOTS.);
#3544 = CARTESIAN_POINT('',(-0.28774195461,3.2995,1.581014668051));
#3545 = CARTESIAN_POINT('',(-0.28774195461,3.3005,1.581014668051));
#3546 = CARTESIAN_POINT('',(-0.189029086765,3.2995,1.581714774939));
#3547 = CARTESIAN_POINT('',(-0.189029086765,3.3005,1.581714774939));
#3548 = ADVANCED_FACE('',(#3549),#3563,.F.);
#3549 = FACE_BOUND('',#3550,.T.);
#3550 = EDGE_LOOP('',(#3551,#3552,#3553,#3554,#3555,#3556,#3557,#3558,
    #3559,#3560,#3561,#3562));
#3551 = ORIENTED_EDGE('',*,*,#3296,.T.);
#3552 = ORIENTED_EDGE('',*,*,#3324,.T.);
#3553 = ORIENTED_EDGE('',*,*,#3346,.T.);
#3554 = ORIENTED_EDGE('',*,*,#3368,.T.);
#3555 = ORIENTED_EDGE('',*,*,#3390,.T.);
#3556 = ORIENTED_EDGE('',*,*,#3412,.T.);
#3557 = ORIENTED_EDGE('',*,*,#3434,.T.);
#3558 = ORIENTED_EDGE('',*,*,#3456,.T.);
#3559 = ORIENTED_EDGE('',*,*,#3478,.T.);
#3560 = ORIENTED_EDGE('',*,*,#3500,.T.);
#3561 = ORIENTED_EDGE('',*,*,#3522,.T.);
#3562 = ORIENTED_EDGE('',*,*,#3538,.T.);
#3563 = B_SPLINE_SURFACE_WITH_KNOTS('',1,1,(
    (#3564,#3565)
    ,(#3566,#3567
    )),.UNSPECIFIED.,.F.,.F.,.F.,(2,2),(2,2),(-1.765253048994,
    -1.581014568051),(-0.287890361298,-0.189029086765),
  .PIECEWISE_BEZIER_KNOTS.);
#3564 = CARTESIAN_POINT('',(-0.287890361298,3.3005,1.765253148994));
#3565 = CARTESIAN_POINT('',(-0.189029086765,3.3005,1.765253148994));
#3566 = CARTESIAN_POINT('',(-0.287890361298,3.3005,1.581014668051));
#3567 = CARTESIAN_POINT('',(-0.189029086765,3.3005,1.581014668051));
#3568 = ADVANCED_FACE('',(#3569,#3628),#3687,.T.);
#3569 = FACE_BOUND('',#3570,.T.);
#3570 = EDGE_LOOP('',(#3571,#3580,#3589,#3598,#3607,#3616,#3623));
#3571 = ORIENTED_EDGE('',*,*,#3572,.T.);
#3572 = EDGE_CURVE('',#3573,#3575,#3577,.T.);
#3573 = VERTEX_POINT('',#3574);
#3574 = CARTESIAN_POINT('',(-0.322413441938,3.3005,1.580768765489));
#3575 = VERTEX_POINT('',#3576);
#3576 = CARTESIAN_POINT('',(-0.372895878156,3.3005,1.580410726036));
#3577 = B_SPLINE_CURVE_WITH_KNOTS('',1,(#3578,#3579),.UNSPECIFIED.,.F.,
  .F.,(2,2),(-5.048370587345E-02,5.550975513611E-17),
  .PIECEWISE_BEZIER_KNOTS.);
#3578 = CARTESIAN_POINT('',(-0.322413441938,3.3005,1.580768765489));
#3579 = CARTESIAN_POINT('',(-0.372895878156,3.3005,1.580410726036));
#3580 = ORIENTED_EDGE('',*,*,#3581,.T.);
#3581 = EDGE_CURVE('',#3575,#3582,#3584,.T.);
#3582 = VERTEX_POINT('',#3583);
#3583 = CARTESIAN_POINT('',(-0.444344787297,3.3005,1.605615663876));
#3584 = B_SPLINE_CURVE_WITH_KNOTS('',3,(#3585,#3586,#3587,#3588),
  .UNSPECIFIED.,.F.,.F.,(4,4),(5.,6.),.PIECEWISE_BEZIER_KNOTS.);
#3585 = CARTESIAN_POINT('',(-0.372895878156,3.3005,1.580410726036));
#3586 = CARTESIAN_POINT('',(-0.401937354009,3.3005,1.580204753524));
#3587 = CARTESIAN_POINT('',(-0.425784713064,3.3005,1.588574899797));
#3588 = CARTESIAN_POINT('',(-0.444344787297,3.3005,1.605615663876));
#3589 = ORIENTED_EDGE('',*,*,#3590,.T.);
#3590 = EDGE_CURVE('',#3582,#3591,#3593,.T.);
#3591 = VERTEX_POINT('',#3592);
#3592 = CARTESIAN_POINT('',(-0.472510827159,3.3005,1.673823980538));
#3593 = B_SPLINE_CURVE_WITH_KNOTS('',3,(#3594,#3595,#3596,#3597),
  .UNSPECIFIED.,.F.,.F.,(4,4),(4.,5.),.PIECEWISE_BEZIER_KNOTS.);
#3594 = CARTESIAN_POINT('',(-0.444344787297,3.3005,1.605615663876));
#3595 = CARTESIAN_POINT('',(-0.462904861529,3.3005,1.622656427956));
#3596 = CARTESIAN_POINT('',(-0.472309180403,3.3005,1.645392422594));
#3597 = CARTESIAN_POINT('',(-0.472510827159,3.3005,1.673823980538));
#3598 = ORIENTED_EDGE('',*,*,#3599,.T.);
#3599 = EDGE_CURVE('',#3591,#3600,#3602,.T.);
#3600 = VERTEX_POINT('',#3601);
#3601 = CARTESIAN_POINT('',(-0.445291794997,3.3005,1.739140769337));
#3602 = B_SPLINE_CURVE_WITH_KNOTS('',3,(#3603,#3604,#3605,#3606),
  .UNSPECIFIED.,.F.,.F.,(4,4),(3.,4.),.PIECEWISE_BEZIER_KNOTS.);
#3603 = CARTESIAN_POINT('',(-0.472510827159,3.3005,1.673823980538));
#3604 = CARTESIAN_POINT('',(-0.472703822404,3.3005,1.701035702662));
#3605 = CARTESIAN_POINT('',(-0.463614950929,3.3005,1.72277679867));
#3606 = CARTESIAN_POINT('',(-0.445291794997,3.3005,1.739140769337));
#3607 = ORIENTED_EDGE('',*,*,#3608,.T.);
#3608 = EDGE_CURVE('',#3600,#3609,#3611,.T.);
#3609 = VERTEX_POINT('',#3610);
#3610 = CARTESIAN_POINT('',(-0.376074268298,3.3005,1.763935790073));
#3611 = B_SPLINE_CURVE_WITH_KNOTS('',3,(#3612,#3613,#3614,#3615),
  .UNSPECIFIED.,.F.,.F.,(4,4),(2.,3.),.PIECEWISE_BEZIER_KNOTS.);
#3612 = CARTESIAN_POINT('',(-0.445291794997,3.3005,1.739140769337));
#3613 = CARTESIAN_POINT('',(-0.426968639065,3.3005,1.755504740003));
#3614 = CARTESIAN_POINT('',(-0.403895908332,3.3005,1.763738469073));
#3615 = CARTESIAN_POINT('',(-0.376074268298,3.3005,1.763935790073));
#3616 = ORIENTED_EDGE('',*,*,#3617,.T.);
#3617 = EDGE_CURVE('',#3609,#3618,#3620,.T.);
#3618 = VERTEX_POINT('',#3619);
#3619 = CARTESIAN_POINT('',(-0.323715161589,3.3005,1.764307139544));
#3620 = B_SPLINE_CURVE_WITH_KNOTS('',1,(#3621,#3622),.UNSPECIFIED.,.F.,
  .F.,(2,2),(-5.236042356427E-02,0.),.PIECEWISE_BEZIER_KNOTS.);
#3621 = CARTESIAN_POINT('',(-0.376074268298,3.3005,1.763935790073));
#3622 = CARTESIAN_POINT('',(-0.323715161589,3.3005,1.764307139544));
#3623 = ORIENTED_EDGE('',*,*,#3624,.T.);
#3624 = EDGE_CURVE('',#3618,#3573,#3625,.T.);
#3625 = B_SPLINE_CURVE_WITH_KNOTS('',1,(#3626,#3627),.UNSPECIFIED.,.F.,
  .F.,(2,2),(-0.183542990127,0.),.PIECEWISE_BEZIER_KNOTS.);
#3626 = CARTESIAN_POINT('',(-0.323715161589,3.3005,1.764307139544));
#3627 = CARTESIAN_POINT('',(-0.322413441938,3.3005,1.580768765489));
#3628 = FACE_BOUND('',#3629,.T.);
#3629 = EDGE_LOOP('',(#3630,#3639,#3646,#3655,#3664,#3673,#3682));
#3630 = ORIENTED_EDGE('',*,*,#3631,.F.);
#3631 = EDGE_CURVE('',#3632,#3634,#3636,.T.);
#3632 = VERTEX_POINT('',#3633);
#3633 = CARTESIAN_POINT('',(-0.347258388853,3.3005,1.743026557554));
#3634 = VERTEX_POINT('',#3635);
#3635 = CARTESIAN_POINT('',(-0.34625481358,3.3005,1.601525602505));
#3636 = B_SPLINE_CURVE_WITH_KNOTS('',1,(#3637,#3638),.UNSPECIFIED.,.F.,
  .F.,(2,2),(0.,0.141504513861),.PIECEWISE_BEZIER_KNOTS.);
#3637 = CARTESIAN_POINT('',(-0.347258388853,3.3005,1.743026557554));
#3638 = CARTESIAN_POINT('',(-0.34625481358,3.3005,1.601525602505));
#3639 = ORIENTED_EDGE('',*,*,#3640,.F.);
#3640 = EDGE_CURVE('',#3641,#3632,#3643,.T.);
#3641 = VERTEX_POINT('',#3642);
#3642 = CARTESIAN_POINT('',(-0.374986195361,3.3005,1.742829902054));
#3643 = B_SPLINE_CURVE_WITH_KNOTS('',1,(#3644,#3645),.UNSPECIFIED.,.F.,
  .F.,(2,2),(-5.550975513611E-17,2.7728503875E-02),
  .PIECEWISE_BEZIER_KNOTS.);
#3644 = CARTESIAN_POINT('',(-0.374986195361,3.3005,1.742829902054));
#3645 = CARTESIAN_POINT('',(-0.347258388853,3.3005,1.743026557554));
#3646 = ORIENTED_EDGE('',*,*,#3647,.F.);
#3647 = EDGE_CURVE('',#3648,#3641,#3650,.T.);
#3648 = VERTEX_POINT('',#3649);
#3649 = CARTESIAN_POINT('',(-0.427832767825,3.3005,1.725188858307));
#3650 = B_SPLINE_CURVE_WITH_KNOTS('',3,(#3651,#3652,#3653,#3654),
  .UNSPECIFIED.,.F.,.F.,(4,4),(5.,6.),.PIECEWISE_BEZIER_KNOTS.);
#3651 = CARTESIAN_POINT('',(-0.427832767825,3.3005,1.725188858307));
#3652 = CARTESIAN_POINT('',(-0.414496430415,3.3005,1.73682554845));
#3653 = CARTESIAN_POINT('',(-0.396849406585,3.3005,1.742674840358));
#3654 = CARTESIAN_POINT('',(-0.374986195361,3.3005,1.742829902054));
#3655 = ORIENTED_EDGE('',*,*,#3656,.F.);
#3656 = EDGE_CURVE('',#3657,#3648,#3659,.T.);
#3657 = VERTEX_POINT('',#3658);
#3658 = CARTESIAN_POINT('',(-0.447593367881,3.3005,1.673343836339));
#3659 = B_SPLINE_CURVE_WITH_KNOTS('',3,(#3660,#3661,#3662,#3663),
  .UNSPECIFIED.,.F.,.F.,(4,4),(4.,5.),.PIECEWISE_BEZIER_KNOTS.);
#3660 = CARTESIAN_POINT('',(-0.447593367881,3.3005,1.673343836339));
#3661 = CARTESIAN_POINT('',(-0.447755750087,3.3005,1.696239216334));
#3662 = CARTESIAN_POINT('',(-0.441169105234,3.3005,1.713552168165));
#3663 = CARTESIAN_POINT('',(-0.427832767825,3.3005,1.725188858307));
#3664 = ORIENTED_EDGE('',*,*,#3665,.F.);
#3665 = EDGE_CURVE('',#3666,#3657,#3668,.T.);
#3666 = VERTEX_POINT('',#3667);
#3667 = CARTESIAN_POINT('',(-0.427603491266,3.3005,1.620091650536));
#3668 = B_SPLINE_CURVE_WITH_KNOTS('',3,(#3669,#3670,#3671,#3672),
  .UNSPECIFIED.,.F.,.F.,(4,4),(3.,4.),.PIECEWISE_BEZIER_KNOTS.);
#3669 = CARTESIAN_POINT('',(-0.427603491266,3.3005,1.620091650536));
#3670 = CARTESIAN_POINT('',(-0.440783110557,3.3005,1.632666338986));
#3671 = CARTESIAN_POINT('',(-0.447430985675,3.3005,1.650448456345));
#3672 = CARTESIAN_POINT('',(-0.447593367881,3.3005,1.673343836339));
#3673 = ORIENTED_EDGE('',*,*,#3674,.F.);
#3674 = EDGE_CURVE('',#3675,#3666,#3677,.T.);
#3675 = VERTEX_POINT('',#3676);
#3676 = CARTESIAN_POINT('',(-0.372903534557,3.3005,1.601336600265));
#3677 = B_SPLINE_CURVE_WITH_KNOTS('',3,(#3678,#3679,#3680,#3681),
  .UNSPECIFIED.,.F.,.F.,(4,4),(2.,3.),.PIECEWISE_BEZIER_KNOTS.);
#3678 = CARTESIAN_POINT('',(-0.372903534557,3.3005,1.601336600265));
#3679 = CARTESIAN_POINT('',(-0.396221165412,3.3005,1.601171223306));
#3680 = CARTESIAN_POINT('',(-0.414470123236,3.3005,1.607422795813));
#3681 = CARTESIAN_POINT('',(-0.427603491266,3.3005,1.620091650536));
#3682 = ORIENTED_EDGE('',*,*,#3683,.F.);
#3683 = EDGE_CURVE('',#3634,#3675,#3684,.T.);
#3684 = B_SPLINE_CURVE_WITH_KNOTS('',1,(#3685,#3686),.UNSPECIFIED.,.F.,
  .F.,(2,2),(0.,2.664939120421E-02),.PIECEWISE_BEZIER_KNOTS.);
#3685 = CARTESIAN_POINT('',(-0.34625481358,3.3005,1.601525602505));
#3686 = CARTESIAN_POINT('',(-0.372903534557,3.3005,1.601336600265));
#3687 = B_SPLINE_SURFACE_WITH_KNOTS('',1,1,(
    (#3688,#3689)
    ,(#3690,#3691
    )),.UNSPECIFIED.,.F.,.F.,.F.,(2,2),(2,2),(-0.177396019805,
    6.706366214383E-03),(-5.845885921781E-02,9.18315212475E-02),
  .PIECEWISE_BEZIER_KNOTS.);
#3688 = CARTESIAN_POINT('',(-0.472703822404,3.3005,1.580204753524));
#3689 = CARTESIAN_POINT('',(-0.322413441938,3.3005,1.580204753524));
#3690 = CARTESIAN_POINT('',(-0.472703822404,3.3005,1.764307139544));
#3691 = CARTESIAN_POINT('',(-0.322413441938,3.3005,1.764307139544));
#3692 = ADVANCED_FACE('',(#3693),#3707,.F.);
#3693 = FACE_BOUND('',#3694,.T.);
#3694 = EDGE_LOOP('',(#3695,#3696,#3701,#3702));
#3695 = ORIENTED_EDGE('',*,*,#880,.T.);
#3696 = ORIENTED_EDGE('',*,*,#3697,.F.);
#3697 = EDGE_CURVE('',#3575,#883,#3698,.T.);
#3698 = B_SPLINE_CURVE_WITH_KNOTS('',1,(#3699,#3700),.UNSPECIFIED.,.F.,
  .F.,(2,2),(-0.,1.000000000001E-03),.PIECEWISE_BEZIER_KNOTS.);
#3699 = CARTESIAN_POINT('',(-0.372895878156,3.3005,1.580410726036));
#3700 = CARTESIAN_POINT('',(-0.372895878156,3.2995,1.580410726036));
#3701 = ORIENTED_EDGE('',*,*,#3572,.F.);
#3702 = ORIENTED_EDGE('',*,*,#3703,.T.);
#3703 = EDGE_CURVE('',#3573,#881,#3704,.T.);
#3704 = B_SPLINE_CURVE_WITH_KNOTS('',1,(#3705,#3706),.UNSPECIFIED.,.F.,
  .F.,(2,2),(-0.,1.E-03),.PIECEWISE_BEZIER_KNOTS.);
#3705 = CARTESIAN_POINT('',(-0.322413441938,3.3005,1.580768765489));
#3706 = CARTESIAN_POINT('',(-0.322413441938,3.2995,1.580768765489));
#3707 = B_SPLINE_SURFACE_WITH_KNOTS('',1,1,(
    (#3708,#3709)
    ,(#3710,#3711
    )),.UNSPECIFIED.,.F.,.F.,.F.,(2,2),(2,2),(-5.564742813992E-17,
    5.048370587345E-02),(-1.000000000001E-03,1.899598870929E-35),
  .PIECEWISE_BEZIER_KNOTS.);
#3708 = CARTESIAN_POINT('',(-0.372895878156,3.2995,1.580410726036));
#3709 = CARTESIAN_POINT('',(-0.372895878156,3.3005,1.580410726036));
#3710 = CARTESIAN_POINT('',(-0.322413441938,3.2995,1.580768765489));
#3711 = CARTESIAN_POINT('',(-0.322413441938,3.3005,1.580768765489));
#3712 = ADVANCED_FACE('',(#3713),#3723,.F.);
#3713 = FACE_BOUND('',#3714,.F.);
#3714 = EDGE_LOOP('',(#3715,#3716,#3717,#3722));
#3715 = ORIENTED_EDGE('',*,*,#3697,.F.);
#3716 = ORIENTED_EDGE('',*,*,#3581,.T.);
#3717 = ORIENTED_EDGE('',*,*,#3718,.T.);
#3718 = EDGE_CURVE('',#3582,#922,#3719,.T.);
#3719 = B_SPLINE_CURVE_WITH_KNOTS('',1,(#3720,#3721),.UNSPECIFIED.,.F.,
  .F.,(2,2),(-0.,1.000000000001E-03),.PIECEWISE_BEZIER_KNOTS.);
#3720 = CARTESIAN_POINT('',(-0.444344787297,3.3005,1.605615663876));
#3721 = CARTESIAN_POINT('',(-0.444344787297,3.2995,1.605615663876));
#3722 = ORIENTED_EDGE('',*,*,#930,.F.);
#3723 = B_SPLINE_SURFACE_WITH_KNOTS('',3,1,(
    (#3724,#3725)
    ,(#3726,#3727)
    ,(#3728,#3729)
    ,(#3730,#3731
    )),.UNSPECIFIED.,.F.,.F.,.F.,(4,4),(2,2),(5.,6.),(0.,1.),
  .PIECEWISE_BEZIER_KNOTS.);
#3724 = CARTESIAN_POINT('',(-0.372895878156,3.3005,1.580410726036));
#3725 = CARTESIAN_POINT('',(-0.372895878156,3.2995,1.580410726036));
#3726 = CARTESIAN_POINT('',(-0.401937354009,3.3005,1.580204753524));
#3727 = CARTESIAN_POINT('',(-0.401937354009,3.2995,1.580204753524));
#3728 = CARTESIAN_POINT('',(-0.425784713064,3.3005,1.588574899797));
#3729 = CARTESIAN_POINT('',(-0.425784713064,3.2995,1.588574899797));
#3730 = CARTESIAN_POINT('',(-0.444344787297,3.3005,1.605615663876));
#3731 = CARTESIAN_POINT('',(-0.444344787297,3.2995,1.605615663876));
#3732 = ADVANCED_FACE('',(#3733),#3743,.F.);
#3733 = FACE_BOUND('',#3734,.F.);
#3734 = EDGE_LOOP('',(#3735,#3736,#3737,#3742));
#3735 = ORIENTED_EDGE('',*,*,#3718,.F.);
#3736 = ORIENTED_EDGE('',*,*,#3590,.T.);
#3737 = ORIENTED_EDGE('',*,*,#3738,.T.);
#3738 = EDGE_CURVE('',#3591,#913,#3739,.T.);
#3739 = B_SPLINE_CURVE_WITH_KNOTS('',1,(#3740,#3741),.UNSPECIFIED.,.F.,
  .F.,(2,2),(-0.,1.000000000001E-03),.PIECEWISE_BEZIER_KNOTS.);
#3740 = CARTESIAN_POINT('',(-0.472510827159,3.3005,1.673823980538));
#3741 = CARTESIAN_POINT('',(-0.472510827159,3.2995,1.673823980538));
#3742 = ORIENTED_EDGE('',*,*,#921,.F.);
#3743 = B_SPLINE_SURFACE_WITH_KNOTS('',3,1,(
    (#3744,#3745)
    ,(#3746,#3747)
    ,(#3748,#3749)
    ,(#3750,#3751
    )),.UNSPECIFIED.,.F.,.F.,.F.,(4,4),(2,2),(4.,5.),(0.,1.),
  .PIECEWISE_BEZIER_KNOTS.);
#3744 = CARTESIAN_POINT('',(-0.444344787297,3.3005,1.605615663876));
#3745 = CARTESIAN_POINT('',(-0.444344787297,3.2995,1.605615663876));
#3746 = CARTESIAN_POINT('',(-0.462904861529,3.3005,1.622656427956));
#3747 = CARTESIAN_POINT('',(-0.462904861529,3.2995,1.622656427956));
#3748 = CARTESIAN_POINT('',(-0.472309180403,3.3005,1.645392422594));
#3749 = CARTESIAN_POINT('',(-0.472309180403,3.2995,1.645392422594));
#3750 = CARTESIAN_POINT('',(-0.472510827159,3.3005,1.673823980538));
#3751 = CARTESIAN_POINT('',(-0.472510827159,3.2995,1.673823980538));
#3752 = ADVANCED_FACE('',(#3753),#3763,.F.);
#3753 = FACE_BOUND('',#3754,.F.);
#3754 = EDGE_LOOP('',(#3755,#3756,#3757,#3762));
#3755 = ORIENTED_EDGE('',*,*,#3738,.F.);
#3756 = ORIENTED_EDGE('',*,*,#3599,.T.);
#3757 = ORIENTED_EDGE('',*,*,#3758,.T.);
#3758 = EDGE_CURVE('',#3600,#904,#3759,.T.);
#3759 = B_SPLINE_CURVE_WITH_KNOTS('',1,(#3760,#3761),.UNSPECIFIED.,.F.,
  .F.,(2,2),(-0.,1.000000000001E-03),.PIECEWISE_BEZIER_KNOTS.);
#3760 = CARTESIAN_POINT('',(-0.445291794997,3.3005,1.739140769337));
#3761 = CARTESIAN_POINT('',(-0.445291794997,3.2995,1.739140769337));
#3762 = ORIENTED_EDGE('',*,*,#912,.F.);
#3763 = B_SPLINE_SURFACE_WITH_KNOTS('',3,1,(
    (#3764,#3765)
    ,(#3766,#3767)
    ,(#3768,#3769)
    ,(#3770,#3771
    )),.UNSPECIFIED.,.F.,.F.,.F.,(4,4),(2,2),(3.,4.),(0.,1.),
  .PIECEWISE_BEZIER_KNOTS.);
#3764 = CARTESIAN_POINT('',(-0.472510827159,3.3005,1.673823980538));
#3765 = CARTESIAN_POINT('',(-0.472510827159,3.2995,1.673823980538));
#3766 = CARTESIAN_POINT('',(-0.472703822404,3.3005,1.701035702662));
#3767 = CARTESIAN_POINT('',(-0.472703822404,3.2995,1.701035702662));
#3768 = CARTESIAN_POINT('',(-0.463614950929,3.3005,1.72277679867));
#3769 = CARTESIAN_POINT('',(-0.463614950929,3.2995,1.72277679867));
#3770 = CARTESIAN_POINT('',(-0.445291794997,3.3005,1.739140769337));
#3771 = CARTESIAN_POINT('',(-0.445291794997,3.2995,1.739140769337));
#3772 = ADVANCED_FACE('',(#3773),#3783,.F.);
#3773 = FACE_BOUND('',#3774,.F.);
#3774 = EDGE_LOOP('',(#3775,#3776,#3777,#3782));
#3775 = ORIENTED_EDGE('',*,*,#3758,.F.);
#3776 = ORIENTED_EDGE('',*,*,#3608,.T.);
#3777 = ORIENTED_EDGE('',*,*,#3778,.T.);
#3778 = EDGE_CURVE('',#3609,#897,#3779,.T.);
#3779 = B_SPLINE_CURVE_WITH_KNOTS('',1,(#3780,#3781),.UNSPECIFIED.,.F.,
  .F.,(2,2),(-0.,1.E-03),.PIECEWISE_BEZIER_KNOTS.);
#3780 = CARTESIAN_POINT('',(-0.376074268298,3.3005,1.763935790073));
#3781 = CARTESIAN_POINT('',(-0.376074268298,3.2995,1.763935790073));
#3782 = ORIENTED_EDGE('',*,*,#903,.F.);
#3783 = B_SPLINE_SURFACE_WITH_KNOTS('',3,1,(
    (#3784,#3785)
    ,(#3786,#3787)
    ,(#3788,#3789)
    ,(#3790,#3791
    )),.UNSPECIFIED.,.F.,.F.,.F.,(4,4),(2,2),(2.,3.),(0.,1.),
  .PIECEWISE_BEZIER_KNOTS.);
#3784 = CARTESIAN_POINT('',(-0.445291794997,3.3005,1.739140769337));
#3785 = CARTESIAN_POINT('',(-0.445291794997,3.2995,1.739140769337));
#3786 = CARTESIAN_POINT('',(-0.426968639065,3.3005,1.755504740003));
#3787 = CARTESIAN_POINT('',(-0.426968639065,3.2995,1.755504740003));
#3788 = CARTESIAN_POINT('',(-0.403895908332,3.3005,1.763738469073));
#3789 = CARTESIAN_POINT('',(-0.403895908332,3.2995,1.763738469073));
#3790 = CARTESIAN_POINT('',(-0.376074268298,3.3005,1.763935790073));
#3791 = CARTESIAN_POINT('',(-0.376074268298,3.2995,1.763935790073));
#3792 = ADVANCED_FACE('',(#3793),#3803,.F.);
#3793 = FACE_BOUND('',#3794,.T.);
#3794 = EDGE_LOOP('',(#3795,#3796,#3801,#3802));
#3795 = ORIENTED_EDGE('',*,*,#896,.T.);
#3796 = ORIENTED_EDGE('',*,*,#3797,.F.);
#3797 = EDGE_CURVE('',#3618,#890,#3798,.T.);
#3798 = B_SPLINE_CURVE_WITH_KNOTS('',1,(#3799,#3800),.UNSPECIFIED.,.F.,
  .F.,(2,2),(-0.,1.E-03),.PIECEWISE_BEZIER_KNOTS.);
#3799 = CARTESIAN_POINT('',(-0.323715161589,3.3005,1.764307139544));
#3800 = CARTESIAN_POINT('',(-0.323715161589,3.2995,1.764307139544));
#3801 = ORIENTED_EDGE('',*,*,#3617,.F.);
#3802 = ORIENTED_EDGE('',*,*,#3778,.T.);
#3803 = B_SPLINE_SURFACE_WITH_KNOTS('',1,1,(
    (#3804,#3805)
    ,(#3806,#3807
    )),.UNSPECIFIED.,.F.,.F.,.F.,(2,2),(2,2),(0.,5.236042356427E-02),(
    -1.E-03,0.),.PIECEWISE_BEZIER_KNOTS.);
#3804 = CARTESIAN_POINT('',(-0.323715161589,3.2995,1.764307139544));
#3805 = CARTESIAN_POINT('',(-0.323715161589,3.3005,1.764307139544));
#3806 = CARTESIAN_POINT('',(-0.376074268298,3.2995,1.763935790073));
#3807 = CARTESIAN_POINT('',(-0.376074268298,3.3005,1.763935790073));
#3808 = ADVANCED_FACE('',(#3809),#3815,.F.);
#3809 = FACE_BOUND('',#3810,.T.);
#3810 = EDGE_LOOP('',(#3811,#3812,#3813,#3814));
#3811 = ORIENTED_EDGE('',*,*,#889,.T.);
#3812 = ORIENTED_EDGE('',*,*,#3703,.F.);
#3813 = ORIENTED_EDGE('',*,*,#3624,.F.);
#3814 = ORIENTED_EDGE('',*,*,#3797,.T.);
#3815 = B_SPLINE_SURFACE_WITH_KNOTS('',1,1,(
    (#3816,#3817)
    ,(#3818,#3819
    )),.UNSPECIFIED.,.F.,.F.,.F.,(2,2),(2,2),(-3.851859888776E-37,
    0.183542990127),(-1.E-03,5.055566104016E-34),
  .PIECEWISE_BEZIER_KNOTS.);
#3816 = CARTESIAN_POINT('',(-0.322413441938,3.2995,1.580768765489));
#3817 = CARTESIAN_POINT('',(-0.322413441938,3.3005,1.580768765489));
#3818 = CARTESIAN_POINT('',(-0.323715161589,3.2995,1.764307139544));
#3819 = CARTESIAN_POINT('',(-0.323715161589,3.3005,1.764307139544));
#3820 = ADVANCED_FACE('',(#3821),#3843,.T.);
#3821 = FACE_BOUND('',#3822,.T.);
#3822 = EDGE_LOOP('',(#3823,#3832,#3837,#3838));
#3823 = ORIENTED_EDGE('',*,*,#3824,.F.);
#3824 = EDGE_CURVE('',#3825,#3827,#3829,.T.);
#3825 = VERTEX_POINT('',#3826);
#3826 = CARTESIAN_POINT('',(-0.374986195361,3.2995,1.742829902054));
#3827 = VERTEX_POINT('',#3828);
#3828 = CARTESIAN_POINT('',(-0.347258388853,3.2995,1.743026557554));
#3829 = B_SPLINE_CURVE_WITH_KNOTS('',1,(#3830,#3831),.UNSPECIFIED.,.F.,
  .F.,(2,2),(-5.550975513611E-17,2.7728503875E-02),
  .PIECEWISE_BEZIER_KNOTS.);
#3830 = CARTESIAN_POINT('',(-0.374986195361,3.2995,1.742829902054));
#3831 = CARTESIAN_POINT('',(-0.347258388853,3.2995,1.743026557554));
#3832 = ORIENTED_EDGE('',*,*,#3833,.F.);
#3833 = EDGE_CURVE('',#3641,#3825,#3834,.T.);
#3834 = B_SPLINE_CURVE_WITH_KNOTS('',1,(#3835,#3836),.UNSPECIFIED.,.F.,
  .F.,(2,2),(-0.,1.000000000001E-03),.PIECEWISE_BEZIER_KNOTS.);
#3835 = CARTESIAN_POINT('',(-0.374986195361,3.3005,1.742829902054));
#3836 = CARTESIAN_POINT('',(-0.374986195361,3.2995,1.742829902054));
#3837 = ORIENTED_EDGE('',*,*,#3640,.T.);
#3838 = ORIENTED_EDGE('',*,*,#3839,.T.);
#3839 = EDGE_CURVE('',#3632,#3827,#3840,.T.);
#3840 = B_SPLINE_CURVE_WITH_KNOTS('',1,(#3841,#3842),.UNSPECIFIED.,.F.,
  .F.,(2,2),(-0.,1.E-03),.PIECEWISE_BEZIER_KNOTS.);
#3841 = CARTESIAN_POINT('',(-0.347258388853,3.3005,1.743026557554));
#3842 = CARTESIAN_POINT('',(-0.347258388853,3.2995,1.743026557554));
#3843 = B_SPLINE_SURFACE_WITH_KNOTS('',1,1,(
    (#3844,#3845)
    ,(#3846,#3847
    )),.UNSPECIFIED.,.F.,.F.,.F.,(2,2),(2,2),(-2.7728503875E-02,
    5.564742813992E-17),(-1.000000000001E-03,8.344243113425E-38),
  .PIECEWISE_BEZIER_KNOTS.);
#3844 = CARTESIAN_POINT('',(-0.347258388853,3.2995,1.743026557554));
#3845 = CARTESIAN_POINT('',(-0.347258388853,3.3005,1.743026557554));
#3846 = CARTESIAN_POINT('',(-0.374986195361,3.2995,1.742829902054));
#3847 = CARTESIAN_POINT('',(-0.374986195361,3.3005,1.742829902054));
#3848 = ADVANCED_FACE('',(#3849),#3865,.T.);
#3849 = FACE_BOUND('',#3850,.T.);
#3850 = EDGE_LOOP('',(#3851,#3858,#3859,#3860));
#3851 = ORIENTED_EDGE('',*,*,#3852,.F.);
#3852 = EDGE_CURVE('',#3827,#3853,#3855,.T.);
#3853 = VERTEX_POINT('',#3854);
#3854 = CARTESIAN_POINT('',(-0.34625481358,3.2995,1.601525602505));
#3855 = B_SPLINE_CURVE_WITH_KNOTS('',1,(#3856,#3857),.UNSPECIFIED.,.F.,
  .F.,(2,2),(0.,0.141504513861),.PIECEWISE_BEZIER_KNOTS.);
#3856 = CARTESIAN_POINT('',(-0.347258388853,3.2995,1.743026557554));
#3857 = CARTESIAN_POINT('',(-0.34625481358,3.2995,1.601525602505));
#3858 = ORIENTED_EDGE('',*,*,#3839,.F.);
#3859 = ORIENTED_EDGE('',*,*,#3631,.T.);
#3860 = ORIENTED_EDGE('',*,*,#3861,.T.);
#3861 = EDGE_CURVE('',#3634,#3853,#3862,.T.);
#3862 = B_SPLINE_CURVE_WITH_KNOTS('',1,(#3863,#3864),.UNSPECIFIED.,.F.,
  .F.,(2,2),(-0.,1.E-03),.PIECEWISE_BEZIER_KNOTS.);
#3863 = CARTESIAN_POINT('',(-0.34625481358,3.3005,1.601525602505));
#3864 = CARTESIAN_POINT('',(-0.34625481358,3.2995,1.601525602505));
#3865 = B_SPLINE_SURFACE_WITH_KNOTS('',1,1,(
    (#3866,#3867)
    ,(#3868,#3869
    )),.UNSPECIFIED.,.F.,.F.,.F.,(2,2),(2,2),(-0.141504513861,
    9.764260759569E-22),(-1.E-03,2.792598419361E-33),
  .PIECEWISE_BEZIER_KNOTS.);
#3866 = CARTESIAN_POINT('',(-0.34625481358,3.2995,1.601525602505));
#3867 = CARTESIAN_POINT('',(-0.34625481358,3.3005,1.601525602505));
#3868 = CARTESIAN_POINT('',(-0.347258388853,3.2995,1.743026557554));
#3869 = CARTESIAN_POINT('',(-0.347258388853,3.3005,1.743026557554));
#3870 = ADVANCED_FACE('',(#3871),#3887,.T.);
#3871 = FACE_BOUND('',#3872,.T.);
#3872 = EDGE_LOOP('',(#3873,#3880,#3881,#3882));
#3873 = ORIENTED_EDGE('',*,*,#3874,.F.);
#3874 = EDGE_CURVE('',#3853,#3875,#3877,.T.);
#3875 = VERTEX_POINT('',#3876);
#3876 = CARTESIAN_POINT('',(-0.372903534557,3.2995,1.601336600265));
#3877 = B_SPLINE_CURVE_WITH_KNOTS('',1,(#3878,#3879),.UNSPECIFIED.,.F.,
  .F.,(2,2),(0.,2.664939120421E-02),.PIECEWISE_BEZIER_KNOTS.);
#3878 = CARTESIAN_POINT('',(-0.34625481358,3.2995,1.601525602505));
#3879 = CARTESIAN_POINT('',(-0.372903534557,3.2995,1.601336600265));
#3880 = ORIENTED_EDGE('',*,*,#3861,.F.);
#3881 = ORIENTED_EDGE('',*,*,#3683,.T.);
#3882 = ORIENTED_EDGE('',*,*,#3883,.T.);
#3883 = EDGE_CURVE('',#3675,#3875,#3884,.T.);
#3884 = B_SPLINE_CURVE_WITH_KNOTS('',1,(#3885,#3886),.UNSPECIFIED.,.F.,
  .F.,(2,2),(-0.,1.E-03),.PIECEWISE_BEZIER_KNOTS.);
#3885 = CARTESIAN_POINT('',(-0.372903534557,3.3005,1.601336600265));
#3886 = CARTESIAN_POINT('',(-0.372903534557,3.2995,1.601336600265));
#3887 = B_SPLINE_SURFACE_WITH_KNOTS('',1,1,(
    (#3888,#3889)
    ,(#3890,#3891
    )),.UNSPECIFIED.,.F.,.F.,.F.,(2,2),(2,2),(-2.664939120421E-02,0.),(
    -1.E-03,5.421379945992E-35),.PIECEWISE_BEZIER_KNOTS.);
#3888 = CARTESIAN_POINT('',(-0.372903534557,3.2995,1.601336600265));
#3889 = CARTESIAN_POINT('',(-0.372903534557,3.3005,1.601336600265));
#3890 = CARTESIAN_POINT('',(-0.34625481358,3.2995,1.601525602505));
#3891 = CARTESIAN_POINT('',(-0.34625481358,3.3005,1.601525602505));
#3892 = ADVANCED_FACE('',(#3893),#3911,.T.);
#3893 = FACE_BOUND('',#3894,.T.);
#3894 = EDGE_LOOP('',(#3895,#3904,#3905,#3906));
#3895 = ORIENTED_EDGE('',*,*,#3896,.F.);
#3896 = EDGE_CURVE('',#3875,#3897,#3899,.T.);
#3897 = VERTEX_POINT('',#3898);
#3898 = CARTESIAN_POINT('',(-0.427603491266,3.2995,1.620091650536));
#3899 = B_SPLINE_CURVE_WITH_KNOTS('',3,(#3900,#3901,#3902,#3903),
  .UNSPECIFIED.,.F.,.F.,(4,4),(2.,3.),.PIECEWISE_BEZIER_KNOTS.);
#3900 = CARTESIAN_POINT('',(-0.372903534557,3.2995,1.601336600265));
#3901 = CARTESIAN_POINT('',(-0.396221165412,3.2995,1.601171223306));
#3902 = CARTESIAN_POINT('',(-0.414470123236,3.2995,1.607422795813));
#3903 = CARTESIAN_POINT('',(-0.427603491266,3.2995,1.620091650536));
#3904 = ORIENTED_EDGE('',*,*,#3883,.F.);
#3905 = ORIENTED_EDGE('',*,*,#3674,.T.);
#3906 = ORIENTED_EDGE('',*,*,#3907,.T.);
#3907 = EDGE_CURVE('',#3666,#3897,#3908,.T.);
#3908 = B_SPLINE_CURVE_WITH_KNOTS('',1,(#3909,#3910),.UNSPECIFIED.,.F.,
  .F.,(2,2),(-0.,1.E-03),.PIECEWISE_BEZIER_KNOTS.);
#3909 = CARTESIAN_POINT('',(-0.427603491266,3.3005,1.620091650536));
#3910 = CARTESIAN_POINT('',(-0.427603491266,3.2995,1.620091650536));
#3911 = B_SPLINE_SURFACE_WITH_KNOTS('',3,1,(
    (#3912,#3913)
    ,(#3914,#3915)
    ,(#3916,#3917)
    ,(#3918,#3919
    )),.UNSPECIFIED.,.F.,.F.,.F.,(4,4),(2,2),(2.,3.),(0.,1.),
  .PIECEWISE_BEZIER_KNOTS.);
#3912 = CARTESIAN_POINT('',(-0.372903534557,3.3005,1.601336600265));
#3913 = CARTESIAN_POINT('',(-0.372903534557,3.2995,1.601336600265));
#3914 = CARTESIAN_POINT('',(-0.396221165412,3.3005,1.601171223306));
#3915 = CARTESIAN_POINT('',(-0.396221165412,3.2995,1.601171223306));
#3916 = CARTESIAN_POINT('',(-0.414470123236,3.3005,1.607422795813));
#3917 = CARTESIAN_POINT('',(-0.414470123236,3.2995,1.607422795813));
#3918 = CARTESIAN_POINT('',(-0.427603491266,3.3005,1.620091650536));
#3919 = CARTESIAN_POINT('',(-0.427603491266,3.2995,1.620091650536));
#3920 = ADVANCED_FACE('',(#3921),#3939,.T.);
#3921 = FACE_BOUND('',#3922,.T.);
#3922 = EDGE_LOOP('',(#3923,#3932,#3933,#3934));
#3923 = ORIENTED_EDGE('',*,*,#3924,.F.);
#3924 = EDGE_CURVE('',#3897,#3925,#3927,.T.);
#3925 = VERTEX_POINT('',#3926);
#3926 = CARTESIAN_POINT('',(-0.447593367881,3.2995,1.673343836339));
#3927 = B_SPLINE_CURVE_WITH_KNOTS('',3,(#3928,#3929,#3930,#3931),
  .UNSPECIFIED.,.F.,.F.,(4,4),(3.,4.),.PIECEWISE_BEZIER_KNOTS.);
#3928 = CARTESIAN_POINT('',(-0.427603491266,3.2995,1.620091650536));
#3929 = CARTESIAN_POINT('',(-0.440783110557,3.2995,1.632666338986));
#3930 = CARTESIAN_POINT('',(-0.447430985675,3.2995,1.650448456345));
#3931 = CARTESIAN_POINT('',(-0.447593367881,3.2995,1.673343836339));
#3932 = ORIENTED_EDGE('',*,*,#3907,.F.);
#3933 = ORIENTED_EDGE('',*,*,#3665,.T.);
#3934 = ORIENTED_EDGE('',*,*,#3935,.T.);
#3935 = EDGE_CURVE('',#3657,#3925,#3936,.T.);
#3936 = B_SPLINE_CURVE_WITH_KNOTS('',1,(#3937,#3938),.UNSPECIFIED.,.F.,
  .F.,(2,2),(-0.,1.E-03),.PIECEWISE_BEZIER_KNOTS.);
#3937 = CARTESIAN_POINT('',(-0.447593367881,3.3005,1.673343836339));
#3938 = CARTESIAN_POINT('',(-0.447593367881,3.2995,1.673343836339));
#3939 = B_SPLINE_SURFACE_WITH_KNOTS('',3,1,(
    (#3940,#3941)
    ,(#3942,#3943)
    ,(#3944,#3945)
    ,(#3946,#3947
    )),.UNSPECIFIED.,.F.,.F.,.F.,(4,4),(2,2),(3.,4.),(0.,1.),
  .PIECEWISE_BEZIER_KNOTS.);
#3940 = CARTESIAN_POINT('',(-0.427603491266,3.3005,1.620091650536));
#3941 = CARTESIAN_POINT('',(-0.427603491266,3.2995,1.620091650536));
#3942 = CARTESIAN_POINT('',(-0.440783110557,3.3005,1.632666338986));
#3943 = CARTESIAN_POINT('',(-0.440783110557,3.2995,1.632666338986));
#3944 = CARTESIAN_POINT('',(-0.447430985675,3.3005,1.650448456345));
#3945 = CARTESIAN_POINT('',(-0.447430985675,3.2995,1.650448456345));
#3946 = CARTESIAN_POINT('',(-0.447593367881,3.3005,1.673343836339));
#3947 = CARTESIAN_POINT('',(-0.447593367881,3.2995,1.673343836339));
#3948 = ADVANCED_FACE('',(#3949),#3967,.T.);
#3949 = FACE_BOUND('',#3950,.T.);
#3950 = EDGE_LOOP('',(#3951,#3960,#3961,#3962));
#3951 = ORIENTED_EDGE('',*,*,#3952,.F.);
#3952 = EDGE_CURVE('',#3925,#3953,#3955,.T.);
#3953 = VERTEX_POINT('',#3954);
#3954 = CARTESIAN_POINT('',(-0.427832767825,3.2995,1.725188858307));
#3955 = B_SPLINE_CURVE_WITH_KNOTS('',3,(#3956,#3957,#3958,#3959),
  .UNSPECIFIED.,.F.,.F.,(4,4),(4.,5.),.PIECEWISE_BEZIER_KNOTS.);
#3956 = CARTESIAN_POINT('',(-0.447593367881,3.2995,1.673343836339));
#3957 = CARTESIAN_POINT('',(-0.447755750087,3.2995,1.696239216334));
#3958 = CARTESIAN_POINT('',(-0.441169105234,3.2995,1.713552168165));
#3959 = CARTESIAN_POINT('',(-0.427832767825,3.2995,1.725188858307));
#3960 = ORIENTED_EDGE('',*,*,#3935,.F.);
#3961 = ORIENTED_EDGE('',*,*,#3656,.T.);
#3962 = ORIENTED_EDGE('',*,*,#3963,.T.);
#3963 = EDGE_CURVE('',#3648,#3953,#3964,.T.);
#3964 = B_SPLINE_CURVE_WITH_KNOTS('',1,(#3965,#3966),.UNSPECIFIED.,.F.,
  .F.,(2,2),(-0.,1.E-03),.PIECEWISE_BEZIER_KNOTS.);
#3965 = CARTESIAN_POINT('',(-0.427832767825,3.3005,1.725188858307));
#3966 = CARTESIAN_POINT('',(-0.427832767825,3.2995,1.725188858307));
#3967 = B_SPLINE_SURFACE_WITH_KNOTS('',3,1,(
    (#3968,#3969)
    ,(#3970,#3971)
    ,(#3972,#3973)
    ,(#3974,#3975
    )),.UNSPECIFIED.,.F.,.F.,.F.,(4,4),(2,2),(4.,5.),(0.,1.),
  .PIECEWISE_BEZIER_KNOTS.);
#3968 = CARTESIAN_POINT('',(-0.447593367881,3.3005,1.673343836339));
#3969 = CARTESIAN_POINT('',(-0.447593367881,3.2995,1.673343836339));
#3970 = CARTESIAN_POINT('',(-0.447755750087,3.3005,1.696239216334));
#3971 = CARTESIAN_POINT('',(-0.447755750087,3.2995,1.696239216334));
#3972 = CARTESIAN_POINT('',(-0.441169105234,3.3005,1.713552168165));
#3973 = CARTESIAN_POINT('',(-0.441169105234,3.2995,1.713552168165));
#3974 = CARTESIAN_POINT('',(-0.427832767825,3.3005,1.725188858307));
#3975 = CARTESIAN_POINT('',(-0.427832767825,3.2995,1.725188858307));
#3976 = ADVANCED_FACE('',(#3977),#3989,.T.);
#3977 = FACE_BOUND('',#3978,.T.);
#3978 = EDGE_LOOP('',(#3979,#3986,#3987,#3988));
#3979 = ORIENTED_EDGE('',*,*,#3980,.F.);
#3980 = EDGE_CURVE('',#3953,#3825,#3981,.T.);
#3981 = B_SPLINE_CURVE_WITH_KNOTS('',3,(#3982,#3983,#3984,#3985),
  .UNSPECIFIED.,.F.,.F.,(4,4),(5.,6.),.PIECEWISE_BEZIER_KNOTS.);
#3982 = CARTESIAN_POINT('',(-0.427832767825,3.2995,1.725188858307));
#3983 = CARTESIAN_POINT('',(-0.414496430415,3.2995,1.73682554845));
#3984 = CARTESIAN_POINT('',(-0.396849406585,3.2995,1.742674840358));
#3985 = CARTESIAN_POINT('',(-0.374986195361,3.2995,1.742829902054));
#3986 = ORIENTED_EDGE('',*,*,#3963,.F.);
#3987 = ORIENTED_EDGE('',*,*,#3647,.T.);
#3988 = ORIENTED_EDGE('',*,*,#3833,.T.);
#3989 = B_SPLINE_SURFACE_WITH_KNOTS('',3,1,(
    (#3990,#3991)
    ,(#3992,#3993)
    ,(#3994,#3995)
    ,(#3996,#3997
    )),.UNSPECIFIED.,.F.,.F.,.F.,(4,4),(2,2),(5.,6.),(0.,1.),
  .PIECEWISE_BEZIER_KNOTS.);
#3990 = CARTESIAN_POINT('',(-0.427832767825,3.3005,1.725188858307));
#3991 = CARTESIAN_POINT('',(-0.427832767825,3.2995,1.725188858307));
#3992 = CARTESIAN_POINT('',(-0.414496430415,3.3005,1.73682554845));
#3993 = CARTESIAN_POINT('',(-0.414496430415,3.2995,1.73682554845));
#3994 = CARTESIAN_POINT('',(-0.396849406585,3.3005,1.742674840358));
#3995 = CARTESIAN_POINT('',(-0.396849406585,3.2995,1.742674840358));
#3996 = CARTESIAN_POINT('',(-0.374986195361,3.3005,1.742829902054));
#3997 = CARTESIAN_POINT('',(-0.374986195361,3.2995,1.742829902054));
#3998 = ADVANCED_FACE('',(#3999),#4008,.F.);
#3999 = FACE_BOUND('',#4000,.T.);
#4000 = EDGE_LOOP('',(#4001,#4002,#4003,#4004,#4005,#4006,#4007));
#4001 = ORIENTED_EDGE('',*,*,#3980,.T.);
#4002 = ORIENTED_EDGE('',*,*,#3824,.T.);
#4003 = ORIENTED_EDGE('',*,*,#3852,.T.);
#4004 = ORIENTED_EDGE('',*,*,#3874,.T.);
#4005 = ORIENTED_EDGE('',*,*,#3896,.T.);
#4006 = ORIENTED_EDGE('',*,*,#3924,.T.);
#4007 = ORIENTED_EDGE('',*,*,#3952,.T.);
#4008 = B_SPLINE_SURFACE_WITH_KNOTS('',1,1,(
    (#4009,#4010)
    ,(#4011,#4012
    )),.UNSPECIFIED.,.F.,.F.,.F.,(2,2),(2,2),(1.356973542446,
    1.498828876694),(2.852244249913,2.95374518642),
  .PIECEWISE_BEZIER_KNOTS.);
#4009 = CARTESIAN_POINT('',(-0.447755750087,3.2995,1.743026557554));
#4010 = CARTESIAN_POINT('',(-0.34625481358,3.2995,1.743026557554));
#4011 = CARTESIAN_POINT('',(-0.447755750087,3.2995,1.601171223306));
#4012 = CARTESIAN_POINT('',(-0.34625481358,3.2995,1.601171223306));
#4013 = ADVANCED_FACE('',(#4014,#4072),#4120,.F.);
#4014 = FACE_BOUND('',#4015,.T.);
#4015 = EDGE_LOOP('',(#4016,#4025,#4032,#4039,#4046,#4053,#4060,#4067));
#4016 = ORIENTED_EDGE('',*,*,#4017,.T.);
#4017 = EDGE_CURVE('',#4018,#4020,#4022,.T.);
#4018 = VERTEX_POINT('',#4019);
#4019 = CARTESIAN_POINT('',(-0.647171270468,3.3005,1.578465467069));
#4020 = VERTEX_POINT('',#4021);
#4021 = CARTESIAN_POINT('',(-0.578567014315,3.3005,1.762499639253));
#4022 = B_SPLINE_CURVE_WITH_KNOTS('',1,(#4023,#4024),.UNSPECIFIED.,.F.,
  .F.,(2,2),(-0.196405500161,0.),.PIECEWISE_BEZIER_KNOTS.);
#4023 = CARTESIAN_POINT('',(-0.647171270468,3.3005,1.578465467069));
#4024 = CARTESIAN_POINT('',(-0.578567014315,3.3005,1.762499639253));
#4025 = ORIENTED_EDGE('',*,*,#4026,.T.);
#4026 = EDGE_CURVE('',#4020,#4027,#4029,.T.);
#4027 = VERTEX_POINT('',#4028);
#4028 = CARTESIAN_POINT('',(-0.553231962682,3.3005,1.762679324481));
#4029 = B_SPLINE_CURVE_WITH_KNOTS('',1,(#4030,#4031),.UNSPECIFIED.,.F.,
  .F.,(2,2),(-2.533568882114E-02,0.),.PIECEWISE_BEZIER_KNOTS.);
#4030 = CARTESIAN_POINT('',(-0.578567014315,3.3005,1.762499639253));
#4031 = CARTESIAN_POINT('',(-0.553231962682,3.3005,1.762679324481));
#4032 = ORIENTED_EDGE('',*,*,#4033,.T.);
#4033 = EDGE_CURVE('',#4027,#4034,#4036,.T.);
#4034 = VERTEX_POINT('',#4035);
#4035 = CARTESIAN_POINT('',(-0.482024267229,3.3005,1.579636748554));
#4036 = B_SPLINE_CURVE_WITH_KNOTS('',1,(#4037,#4038),.UNSPECIFIED.,.F.,
  .F.,(2,2),(-0.196405500161,0.),.PIECEWISE_BEZIER_KNOTS.);
#4037 = CARTESIAN_POINT('',(-0.553231962682,3.3005,1.762679324481));
#4038 = CARTESIAN_POINT('',(-0.482024267229,3.3005,1.579636748554));
#4039 = ORIENTED_EDGE('',*,*,#4040,.T.);
#4040 = EDGE_CURVE('',#4034,#4041,#4043,.T.);
#4041 = VERTEX_POINT('',#4042);
#4042 = CARTESIAN_POINT('',(-0.508203820583,3.3005,1.579451073819));
#4043 = B_SPLINE_CURVE_WITH_KNOTS('',1,(#4044,#4045),.UNSPECIFIED.,.F.,
  .F.,(2,2),(-2.618021178088E-02,0.),.PIECEWISE_BEZIER_KNOTS.);
#4044 = CARTESIAN_POINT('',(-0.482024267229,3.3005,1.579636748554));
#4045 = CARTESIAN_POINT('',(-0.508203820583,3.3005,1.579451073819));
#4046 = ORIENTED_EDGE('',*,*,#4047,.T.);
#4047 = EDGE_CURVE('',#4041,#4048,#4050,.T.);
#4048 = VERTEX_POINT('',#4049);
#4049 = CARTESIAN_POINT('',(-0.526200566153,3.3005,1.629526895305));
#4050 = B_SPLINE_CURVE_WITH_KNOTS('',1,(#4051,#4052),.UNSPECIFIED.,.F.,
  .F.,(2,2),(-5.32115659286E-02,0.),.PIECEWISE_BEZIER_KNOTS.);
#4051 = CARTESIAN_POINT('',(-0.508203820583,3.3005,1.579451073819));
#4052 = CARTESIAN_POINT('',(-0.526200566153,3.3005,1.629526895305));
#4053 = ORIENTED_EDGE('',*,*,#4054,.T.);
#4054 = EDGE_CURVE('',#4048,#4055,#4057,.T.);
#4055 = VERTEX_POINT('',#4056);
#4056 = CARTESIAN_POINT('',(-0.602627971914,3.3005,1.628984844867));
#4057 = B_SPLINE_CURVE_WITH_KNOTS('',1,(#4058,#4059),.UNSPECIFIED.,.F.,
  .F.,(2,2),(-7.642932794454E-02,-0.),.PIECEWISE_BEZIER_KNOTS.);
#4058 = CARTESIAN_POINT('',(-0.526200566153,3.3005,1.629526895305));
#4059 = CARTESIAN_POINT('',(-0.602627971914,3.3005,1.628984844867));
#4060 = ORIENTED_EDGE('',*,*,#4061,.T.);
#4061 = EDGE_CURVE('',#4055,#4062,#4064,.T.);
#4062 = VERTEX_POINT('',#4063);
#4063 = CARTESIAN_POINT('',(-0.620991717114,3.3005,1.578651141805));
#4064 = B_SPLINE_CURVE_WITH_KNOTS('',1,(#4065,#4066),.UNSPECIFIED.,.F.,
  .F.,(2,2),(-5.357899590096E-02,-0.),.PIECEWISE_BEZIER_KNOTS.);
#4065 = CARTESIAN_POINT('',(-0.602627971914,3.3005,1.628984844867));
#4066 = CARTESIAN_POINT('',(-0.620991717114,3.3005,1.578651141805));
#4067 = ORIENTED_EDGE('',*,*,#4068,.T.);
#4068 = EDGE_CURVE('',#4062,#4018,#4069,.T.);
#4069 = B_SPLINE_CURVE_WITH_KNOTS('',1,(#4070,#4071),.UNSPECIFIED.,.F.,
  .F.,(2,2),(-2.618021178213E-02,-0.),.PIECEWISE_BEZIER_KNOTS.);
#4070 = CARTESIAN_POINT('',(-0.620991717114,3.3005,1.578651141805));
#4071 = CARTESIAN_POINT('',(-0.647171270468,3.3005,1.578465467069));
#4072 = FACE_BOUND('',#4073,.T.);
#4073 = EDGE_LOOP('',(#4074,#4083,#4090,#4099,#4106,#4115));
#4074 = ORIENTED_EDGE('',*,*,#4075,.F.);
#4075 = EDGE_CURVE('',#4076,#4078,#4080,.T.);
#4076 = VERTEX_POINT('',#4077);
#4077 = CARTESIAN_POINT('',(-0.533854323805,3.3005,1.650210864167));
#4078 = VERTEX_POINT('',#4079);
#4079 = CARTESIAN_POINT('',(-0.595456032684,3.3005,1.649773962863));
#4080 = B_SPLINE_CURVE_WITH_KNOTS('',1,(#4081,#4082),.UNSPECIFIED.,.F.,
  .F.,(2,2),(0.,6.160325818927E-02),.PIECEWISE_BEZIER_KNOTS.);
#4081 = CARTESIAN_POINT('',(-0.533854323805,3.3005,1.650210864167));
#4082 = CARTESIAN_POINT('',(-0.595456032684,3.3005,1.649773962863));
#4083 = ORIENTED_EDGE('',*,*,#4084,.F.);
#4084 = EDGE_CURVE('',#4085,#4076,#4087,.T.);
#4085 = VERTEX_POINT('',#4086);
#4086 = CARTESIAN_POINT('',(-0.561841681927,3.3005,1.726302860643));
#4087 = B_SPLINE_CURVE_WITH_KNOTS('',1,(#4088,#4089),.UNSPECIFIED.,.F.,
  .F.,(2,2),(2.46720230511E-16,8.107579257966E-02),
  .PIECEWISE_BEZIER_KNOTS.);
#4088 = CARTESIAN_POINT('',(-0.561841681927,3.3005,1.726302860643));
#4089 = CARTESIAN_POINT('',(-0.533854323805,3.3005,1.650210864167));
#4090 = ORIENTED_EDGE('',*,*,#4091,.F.);
#4091 = EDGE_CURVE('',#4092,#4085,#4094,.T.);
#4092 = VERTEX_POINT('',#4093);
#4093 = CARTESIAN_POINT('',(-0.564935528329,3.3005,1.739136757482));
#4094 = B_SPLINE_CURVE_WITH_KNOTS('',3,(#4095,#4096,#4097,#4098),
  .UNSPECIFIED.,.F.,.F.,(4,4),(3.,4.),.PIECEWISE_BEZIER_KNOTS.);
#4095 = CARTESIAN_POINT('',(-0.564935528329,3.3005,1.739136757482));
#4096 = CARTESIAN_POINT('',(-0.564004845296,3.3005,1.733606901791));
#4097 = CARTESIAN_POINT('',(-0.562988980249,3.3005,1.72929754742));
#4098 = CARTESIAN_POINT('',(-0.561841681927,3.3005,1.726302860643));
#4099 = ORIENTED_EDGE('',*,*,#4100,.F.);
#4100 = EDGE_CURVE('',#4101,#4092,#4103,.T.);
#4101 = VERTEX_POINT('',#4102);
#4102 = CARTESIAN_POINT('',(-0.565498529476,3.3005,1.739132764477));
#4103 = B_SPLINE_CURVE_WITH_KNOTS('',1,(#4104,#4105),.UNSPECIFIED.,.F.,
  .F.,(2,2),(-1.574779975279E-18,5.630153064972E-04),
  .PIECEWISE_BEZIER_KNOTS.);
#4104 = CARTESIAN_POINT('',(-0.565498529476,3.3005,1.739132764477));
#4105 = CARTESIAN_POINT('',(-0.564935528329,3.3005,1.739136757482));
#4106 = ORIENTED_EDGE('',*,*,#4107,.F.);
#4107 = EDGE_CURVE('',#4108,#4101,#4110,.T.);
#4108 = VERTEX_POINT('',#4109);
#4109 = CARTESIAN_POINT('',(-0.56826927836,3.3005,1.726257273835));
#4110 = B_SPLINE_CURVE_WITH_KNOTS('',3,(#4111,#4112,#4113,#4114),
  .UNSPECIFIED.,.F.,.F.,(4,4),(1.,2.),.PIECEWISE_BEZIER_KNOTS.);
#4111 = CARTESIAN_POINT('',(-0.56826927836,3.3005,1.726257273835));
#4112 = CARTESIAN_POINT('',(-0.567395828399,3.3005,1.728797101256));
#4113 = CARTESIAN_POINT('',(-0.566487440691,3.3005,1.733026264871));
#4114 = CARTESIAN_POINT('',(-0.565498529476,3.3005,1.739132764477));
#4115 = ORIENTED_EDGE('',*,*,#4116,.F.);
#4116 = EDGE_CURVE('',#4078,#4108,#4117,.T.);
#4117 = B_SPLINE_CURVE_WITH_KNOTS('',1,(#4118,#4119),.UNSPECIFIED.,.F.,
  .F.,(2,2),(0.,8.117152498241E-02),.PIECEWISE_BEZIER_KNOTS.);
#4118 = CARTESIAN_POINT('',(-0.595456032684,3.3005,1.649773962863));
#4119 = CARTESIAN_POINT('',(-0.56826927836,3.3005,1.726257273835));
#4120 = B_SPLINE_SURFACE_WITH_KNOTS('',1,1,(
    (#4121,#4122)
    ,(#4123,#4124
    )),.UNSPECIFIED.,.F.,.F.,.F.,(2,2),(2,2),(-1.762679224481,
    -1.578465367069),(-0.647171270468,-0.482024267229),
  .PIECEWISE_BEZIER_KNOTS.);
#4121 = CARTESIAN_POINT('',(-0.647171270468,3.3005,1.762679324481));
#4122 = CARTESIAN_POINT('',(-0.482024267229,3.3005,1.762679324481));
#4123 = CARTESIAN_POINT('',(-0.647171270468,3.3005,1.578465467069));
#4124 = CARTESIAN_POINT('',(-0.482024267229,3.3005,1.578465467069));
#4125 = ADVANCED_FACE('',(#4126),#4140,.F.);
#4126 = FACE_BOUND('',#4127,.T.);
#4127 = EDGE_LOOP('',(#4128,#4129,#4134,#4135));
#4128 = ORIENTED_EDGE('',*,*,#939,.T.);
#4129 = ORIENTED_EDGE('',*,*,#4130,.F.);
#4130 = EDGE_CURVE('',#4020,#942,#4131,.T.);
#4131 = B_SPLINE_CURVE_WITH_KNOTS('',1,(#4132,#4133),.UNSPECIFIED.,.F.,
  .F.,(2,2),(-0.,1.000000000001E-03),.PIECEWISE_BEZIER_KNOTS.);
#4132 = CARTESIAN_POINT('',(-0.578567014315,3.3005,1.762499639253));
#4133 = CARTESIAN_POINT('',(-0.578567014315,3.2995,1.762499639253));
#4134 = ORIENTED_EDGE('',*,*,#4017,.F.);
#4135 = ORIENTED_EDGE('',*,*,#4136,.T.);
#4136 = EDGE_CURVE('',#4018,#940,#4137,.T.);
#4137 = B_SPLINE_CURVE_WITH_KNOTS('',1,(#4138,#4139),.UNSPECIFIED.,.F.,
  .F.,(2,2),(-0.,1.E-03),.PIECEWISE_BEZIER_KNOTS.);
#4138 = CARTESIAN_POINT('',(-0.647171270468,3.3005,1.578465467069));
#4139 = CARTESIAN_POINT('',(-0.647171270468,3.2995,1.578465467069));
#4140 = B_SPLINE_SURFACE_WITH_KNOTS('',1,1,(
    (#4141,#4142)
    ,(#4143,#4144
    )),.UNSPECIFIED.,.F.,.F.,.F.,(2,2),(2,2),(0.,0.196405500161),(
    -1.000000000001E-03,4.622231866529E-33),.PIECEWISE_BEZIER_KNOTS.);
#4141 = CARTESIAN_POINT('',(-0.578567014315,3.2995,1.762499639253));
#4142 = CARTESIAN_POINT('',(-0.578567014315,3.3005,1.762499639253));
#4143 = CARTESIAN_POINT('',(-0.647171270468,3.2995,1.578465467069));
#4144 = CARTESIAN_POINT('',(-0.647171270468,3.3005,1.578465467069));
#4145 = ADVANCED_FACE('',(#4146),#4156,.F.);
#4146 = FACE_BOUND('',#4147,.T.);
#4147 = EDGE_LOOP('',(#4148,#4149,#4154,#4155));
#4148 = ORIENTED_EDGE('',*,*,#990,.T.);
#4149 = ORIENTED_EDGE('',*,*,#4150,.F.);
#4150 = EDGE_CURVE('',#4027,#984,#4151,.T.);
#4151 = B_SPLINE_CURVE_WITH_KNOTS('',1,(#4152,#4153),.UNSPECIFIED.,.F.,
  .F.,(2,2),(-0.,1.000000000001E-03),.PIECEWISE_BEZIER_KNOTS.);
#4152 = CARTESIAN_POINT('',(-0.553231962682,3.3005,1.762679324481));
#4153 = CARTESIAN_POINT('',(-0.553231962682,3.2995,1.762679324481));
#4154 = ORIENTED_EDGE('',*,*,#4026,.F.);
#4155 = ORIENTED_EDGE('',*,*,#4130,.T.);
#4156 = B_SPLINE_SURFACE_WITH_KNOTS('',1,1,(
    (#4157,#4158)
    ,(#4159,#4160
    )),.UNSPECIFIED.,.F.,.F.,.F.,(2,2),(2,2),(-6.661170616334E-16,
    2.533568882114E-02),(-1.000000000001E-03,7.311574862115E-35),
  .PIECEWISE_BEZIER_KNOTS.);
#4157 = CARTESIAN_POINT('',(-0.553231962682,3.2995,1.762679324481));
#4158 = CARTESIAN_POINT('',(-0.553231962682,3.3005,1.762679324481));
#4159 = CARTESIAN_POINT('',(-0.578567014315,3.2995,1.762499639253));
#4160 = CARTESIAN_POINT('',(-0.578567014315,3.3005,1.762499639253));
#4161 = ADVANCED_FACE('',(#4162),#4172,.F.);
#4162 = FACE_BOUND('',#4163,.T.);
#4163 = EDGE_LOOP('',(#4164,#4165,#4170,#4171));
#4164 = ORIENTED_EDGE('',*,*,#983,.T.);
#4165 = ORIENTED_EDGE('',*,*,#4166,.F.);
#4166 = EDGE_CURVE('',#4034,#977,#4167,.T.);
#4167 = B_SPLINE_CURVE_WITH_KNOTS('',1,(#4168,#4169),.UNSPECIFIED.,.F.,
  .F.,(2,2),(-0.,1.E-03),.PIECEWISE_BEZIER_KNOTS.);
#4168 = CARTESIAN_POINT('',(-0.482024267229,3.3005,1.579636748554));
#4169 = CARTESIAN_POINT('',(-0.482024267229,3.2995,1.579636748554));
#4170 = ORIENTED_EDGE('',*,*,#4033,.F.);
#4171 = ORIENTED_EDGE('',*,*,#4150,.T.);
#4172 = B_SPLINE_SURFACE_WITH_KNOTS('',1,1,(
    (#4173,#4174)
    ,(#4175,#4176
    )),.UNSPECIFIED.,.F.,.F.,.F.,(2,2),(2,2),(0.,0.196405500161),(
    -1.E-03,4.440892098501E-16),.PIECEWISE_BEZIER_KNOTS.);
#4173 = CARTESIAN_POINT('',(-0.482024267229,3.2995,1.579636748554));
#4174 = CARTESIAN_POINT('',(-0.482024267229,3.3005,1.579636748554));
#4175 = CARTESIAN_POINT('',(-0.553231962682,3.2995,1.762679324481));
#4176 = CARTESIAN_POINT('',(-0.553231962682,3.3005,1.762679324481));
#4177 = ADVANCED_FACE('',(#4178),#4188,.F.);
#4178 = FACE_BOUND('',#4179,.T.);
#4179 = EDGE_LOOP('',(#4180,#4181,#4186,#4187));
#4180 = ORIENTED_EDGE('',*,*,#976,.T.);
#4181 = ORIENTED_EDGE('',*,*,#4182,.F.);
#4182 = EDGE_CURVE('',#4041,#970,#4183,.T.);
#4183 = B_SPLINE_CURVE_WITH_KNOTS('',1,(#4184,#4185),.UNSPECIFIED.,.F.,
  .F.,(2,2),(-0.,1.000000000001E-03),.PIECEWISE_BEZIER_KNOTS.);
#4184 = CARTESIAN_POINT('',(-0.508203820583,3.3005,1.579451073819));
#4185 = CARTESIAN_POINT('',(-0.508203820583,3.2995,1.579451073819));
#4186 = ORIENTED_EDGE('',*,*,#4040,.F.);
#4187 = ORIENTED_EDGE('',*,*,#4166,.T.);
#4188 = B_SPLINE_SURFACE_WITH_KNOTS('',1,1,(
    (#4189,#4190)
    ,(#4191,#4192
    )),.UNSPECIFIED.,.F.,.F.,.F.,(2,2),(2,2),(-1.574779975295E-18,
    2.618021178088E-02),(-1.000000000001E-03,0.),
  .PIECEWISE_BEZIER_KNOTS.);
#4189 = CARTESIAN_POINT('',(-0.508203820583,3.2995,1.579451073819));
#4190 = CARTESIAN_POINT('',(-0.508203820583,3.3005,1.579451073819));
#4191 = CARTESIAN_POINT('',(-0.482024267229,3.2995,1.579636748554));
#4192 = CARTESIAN_POINT('',(-0.482024267229,3.3005,1.579636748554));
#4193 = ADVANCED_FACE('',(#4194),#4204,.F.);
#4194 = FACE_BOUND('',#4195,.T.);
#4195 = EDGE_LOOP('',(#4196,#4197,#4202,#4203));
#4196 = ORIENTED_EDGE('',*,*,#969,.T.);
#4197 = ORIENTED_EDGE('',*,*,#4198,.F.);
#4198 = EDGE_CURVE('',#4048,#963,#4199,.T.);
#4199 = B_SPLINE_CURVE_WITH_KNOTS('',1,(#4200,#4201),.UNSPECIFIED.,.F.,
  .F.,(2,2),(-0.,1.000000000001E-03),.PIECEWISE_BEZIER_KNOTS.);
#4200 = CARTESIAN_POINT('',(-0.526200566153,3.3005,1.629526895305));
#4201 = CARTESIAN_POINT('',(-0.526200566153,3.2995,1.629526895305));
#4202 = ORIENTED_EDGE('',*,*,#4047,.F.);
#4203 = ORIENTED_EDGE('',*,*,#4182,.T.);
#4204 = B_SPLINE_SURFACE_WITH_KNOTS('',1,1,(
    (#4205,#4206)
    ,(#4207,#4208
    )),.UNSPECIFIED.,.F.,.F.,.F.,(2,2),(2,2),(-4.656371772947E-20,
    5.32115659286E-02),(-1.000000000001E-03,6.558831885417E-34),
  .PIECEWISE_BEZIER_KNOTS.);
#4205 = CARTESIAN_POINT('',(-0.526200566153,3.2995,1.629526895305));
#4206 = CARTESIAN_POINT('',(-0.526200566153,3.3005,1.629526895305));
#4207 = CARTESIAN_POINT('',(-0.508203820583,3.2995,1.579451073819));
#4208 = CARTESIAN_POINT('',(-0.508203820583,3.3005,1.579451073819));
#4209 = ADVANCED_FACE('',(#4210),#4220,.F.);
#4210 = FACE_BOUND('',#4211,.T.);
#4211 = EDGE_LOOP('',(#4212,#4213,#4218,#4219));
#4212 = ORIENTED_EDGE('',*,*,#962,.T.);
#4213 = ORIENTED_EDGE('',*,*,#4214,.F.);
#4214 = EDGE_CURVE('',#4055,#956,#4215,.T.);
#4215 = B_SPLINE_CURVE_WITH_KNOTS('',1,(#4216,#4217),.UNSPECIFIED.,.F.,
  .F.,(2,2),(-0.,1.000000000001E-03),.PIECEWISE_BEZIER_KNOTS.);
#4216 = CARTESIAN_POINT('',(-0.602627971914,3.3005,1.628984844867));
#4217 = CARTESIAN_POINT('',(-0.602627971914,3.2995,1.628984844867));
#4218 = ORIENTED_EDGE('',*,*,#4054,.F.);
#4219 = ORIENTED_EDGE('',*,*,#4198,.T.);
#4220 = B_SPLINE_SURFACE_WITH_KNOTS('',1,1,(
    (#4221,#4222)
    ,(#4223,#4224
    )),.UNSPECIFIED.,.F.,.F.,.F.,(2,2),(2,2),(-1.376730038099E-19,
    7.642932794454E-02),(-1.000000000001E-03,1.055123729298E-34),
  .PIECEWISE_BEZIER_KNOTS.);
#4221 = CARTESIAN_POINT('',(-0.602627971914,3.2995,1.628984844867));
#4222 = CARTESIAN_POINT('',(-0.602627971914,3.3005,1.628984844867));
#4223 = CARTESIAN_POINT('',(-0.526200566153,3.2995,1.629526895305));
#4224 = CARTESIAN_POINT('',(-0.526200566153,3.3005,1.629526895305));
#4225 = ADVANCED_FACE('',(#4226),#4236,.F.);
#4226 = FACE_BOUND('',#4227,.T.);
#4227 = EDGE_LOOP('',(#4228,#4229,#4234,#4235));
#4228 = ORIENTED_EDGE('',*,*,#955,.T.);
#4229 = ORIENTED_EDGE('',*,*,#4230,.F.);
#4230 = EDGE_CURVE('',#4062,#949,#4231,.T.);
#4231 = B_SPLINE_CURVE_WITH_KNOTS('',1,(#4232,#4233),.UNSPECIFIED.,.F.,
  .F.,(2,2),(-0.,1.000000000001E-03),.PIECEWISE_BEZIER_KNOTS.);
#4232 = CARTESIAN_POINT('',(-0.620991717114,3.3005,1.578651141805));
#4233 = CARTESIAN_POINT('',(-0.620991717114,3.2995,1.578651141805));
#4234 = ORIENTED_EDGE('',*,*,#4061,.F.);
#4235 = ORIENTED_EDGE('',*,*,#4214,.T.);
#4236 = B_SPLINE_SURFACE_WITH_KNOTS('',1,1,(
    (#4237,#4238)
    ,(#4239,#4240
    )),.UNSPECIFIED.,.F.,.F.,.F.,(2,2),(2,2),(-7.610390003183E-17,
    5.357899590096E-02),(-1.000000000001E-03,1.320824225227E-33),
  .PIECEWISE_BEZIER_KNOTS.);
#4237 = CARTESIAN_POINT('',(-0.620991717114,3.2995,1.578651141805));
#4238 = CARTESIAN_POINT('',(-0.620991717114,3.3005,1.578651141805));
#4239 = CARTESIAN_POINT('',(-0.602627971914,3.2995,1.628984844867));
#4240 = CARTESIAN_POINT('',(-0.602627971914,3.3005,1.628984844867));
#4241 = ADVANCED_FACE('',(#4242),#4248,.F.);
#4242 = FACE_BOUND('',#4243,.T.);
#4243 = EDGE_LOOP('',(#4244,#4245,#4246,#4247));
#4244 = ORIENTED_EDGE('',*,*,#948,.T.);
#4245 = ORIENTED_EDGE('',*,*,#4136,.F.);
#4246 = ORIENTED_EDGE('',*,*,#4068,.F.);
#4247 = ORIENTED_EDGE('',*,*,#4230,.T.);
#4248 = B_SPLINE_SURFACE_WITH_KNOTS('',1,1,(
    (#4249,#4250)
    ,(#4251,#4252
    )),.UNSPECIFIED.,.F.,.F.,.F.,(2,2),(2,2),(-1.376730038099E-19,
    2.618021178213E-02),(-1.000000000001E-03,1.181748136444E-37),
  .PIECEWISE_BEZIER_KNOTS.);
#4249 = CARTESIAN_POINT('',(-0.647171270468,3.2995,1.578465467069));
#4250 = CARTESIAN_POINT('',(-0.647171270468,3.3005,1.578465467069));
#4251 = CARTESIAN_POINT('',(-0.620991717114,3.2995,1.578651141805));
#4252 = CARTESIAN_POINT('',(-0.620991717114,3.3005,1.578651141805));
#4253 = ADVANCED_FACE('',(#4254),#4276,.T.);
#4254 = FACE_BOUND('',#4255,.T.);
#4255 = EDGE_LOOP('',(#4256,#4265,#4270,#4271));
#4256 = ORIENTED_EDGE('',*,*,#4257,.F.);
#4257 = EDGE_CURVE('',#4258,#4260,#4262,.T.);
#4258 = VERTEX_POINT('',#4259);
#4259 = CARTESIAN_POINT('',(-0.533854323805,3.2995,1.650210864167));
#4260 = VERTEX_POINT('',#4261);
#4261 = CARTESIAN_POINT('',(-0.595456032684,3.2995,1.649773962863));
#4262 = B_SPLINE_CURVE_WITH_KNOTS('',1,(#4263,#4264),.UNSPECIFIED.,.F.,
  .F.,(2,2),(5.582471113118E-16,6.160325818927E-02),
  .PIECEWISE_BEZIER_KNOTS.);
#4263 = CARTESIAN_POINT('',(-0.533854323805,3.2995,1.650210864167));
#4264 = CARTESIAN_POINT('',(-0.595456032684,3.2995,1.649773962863));
#4265 = ORIENTED_EDGE('',*,*,#4266,.F.);
#4266 = EDGE_CURVE('',#4076,#4258,#4267,.T.);
#4267 = B_SPLINE_CURVE_WITH_KNOTS('',1,(#4268,#4269),.UNSPECIFIED.,.F.,
  .F.,(2,2),(-0.,1.000000000001E-03),.PIECEWISE_BEZIER_KNOTS.);
#4268 = CARTESIAN_POINT('',(-0.533854323805,3.3005,1.650210864167));
#4269 = CARTESIAN_POINT('',(-0.533854323805,3.2995,1.650210864167));
#4270 = ORIENTED_EDGE('',*,*,#4075,.T.);
#4271 = ORIENTED_EDGE('',*,*,#4272,.T.);
#4272 = EDGE_CURVE('',#4078,#4260,#4273,.T.);
#4273 = B_SPLINE_CURVE_WITH_KNOTS('',1,(#4274,#4275),.UNSPECIFIED.,.F.,
  .F.,(2,2),(-0.,1.E-03),.PIECEWISE_BEZIER_KNOTS.);
#4274 = CARTESIAN_POINT('',(-0.595456032684,3.3005,1.649773962863));
#4275 = CARTESIAN_POINT('',(-0.595456032684,3.2995,1.649773962863));
#4276 = B_SPLINE_SURFACE_WITH_KNOTS('',1,1,(
    (#4277,#4278)
    ,(#4279,#4280
    )),.UNSPECIFIED.,.F.,.F.,.F.,(2,2),(2,2),(-6.160325818927E-02,0.),(
    -1.000000000001E-03,9.269028095198E-38),.PIECEWISE_BEZIER_KNOTS.);
#4277 = CARTESIAN_POINT('',(-0.595456032684,3.2995,1.649773962863));
#4278 = CARTESIAN_POINT('',(-0.595456032684,3.3005,1.649773962863));
#4279 = CARTESIAN_POINT('',(-0.533854323805,3.2995,1.650210864167));
#4280 = CARTESIAN_POINT('',(-0.533854323805,3.3005,1.650210864167));
#4281 = ADVANCED_FACE('',(#4282),#4298,.T.);
#4282 = FACE_BOUND('',#4283,.T.);
#4283 = EDGE_LOOP('',(#4284,#4291,#4292,#4293));
#4284 = ORIENTED_EDGE('',*,*,#4285,.F.);
#4285 = EDGE_CURVE('',#4260,#4286,#4288,.T.);
#4286 = VERTEX_POINT('',#4287);
#4287 = CARTESIAN_POINT('',(-0.56826927836,3.2995,1.726257273835));
#4288 = B_SPLINE_CURVE_WITH_KNOTS('',1,(#4289,#4290),.UNSPECIFIED.,.F.,
  .F.,(2,2),(0.,8.117152498241E-02),.PIECEWISE_BEZIER_KNOTS.);
#4289 = CARTESIAN_POINT('',(-0.595456032684,3.2995,1.649773962863));
#4290 = CARTESIAN_POINT('',(-0.56826927836,3.2995,1.726257273835));
#4291 = ORIENTED_EDGE('',*,*,#4272,.F.);
#4292 = ORIENTED_EDGE('',*,*,#4116,.T.);
#4293 = ORIENTED_EDGE('',*,*,#4294,.T.);
#4294 = EDGE_CURVE('',#4108,#4286,#4295,.T.);
#4295 = B_SPLINE_CURVE_WITH_KNOTS('',1,(#4296,#4297),.UNSPECIFIED.,.F.,
  .F.,(2,2),(-0.,1.E-03),.PIECEWISE_BEZIER_KNOTS.);
#4296 = CARTESIAN_POINT('',(-0.56826927836,3.3005,1.726257273835));
#4297 = CARTESIAN_POINT('',(-0.56826927836,3.2995,1.726257273835));
#4298 = B_SPLINE_SURFACE_WITH_KNOTS('',1,1,(
    (#4299,#4300)
    ,(#4301,#4302
    )),.UNSPECIFIED.,.F.,.F.,.F.,(2,2),(2,2),(-8.117152498241E-02,
    4.611193725316E-20),(-1.E-03,0.),.PIECEWISE_BEZIER_KNOTS.);
#4299 = CARTESIAN_POINT('',(-0.56826927836,3.2995,1.726257273835));
#4300 = CARTESIAN_POINT('',(-0.56826927836,3.3005,1.726257273835));
#4301 = CARTESIAN_POINT('',(-0.595456032684,3.2995,1.649773962863));
#4302 = CARTESIAN_POINT('',(-0.595456032684,3.3005,1.649773962863));
#4303 = ADVANCED_FACE('',(#4304),#4322,.T.);
#4304 = FACE_BOUND('',#4305,.T.);
#4305 = EDGE_LOOP('',(#4306,#4315,#4316,#4317));
#4306 = ORIENTED_EDGE('',*,*,#4307,.F.);
#4307 = EDGE_CURVE('',#4286,#4308,#4310,.T.);
#4308 = VERTEX_POINT('',#4309);
#4309 = CARTESIAN_POINT('',(-0.565498529476,3.2995,1.739132764477));
#4310 = B_SPLINE_CURVE_WITH_KNOTS('',3,(#4311,#4312,#4313,#4314),
  .UNSPECIFIED.,.F.,.F.,(4,4),(1.,2.),.PIECEWISE_BEZIER_KNOTS.);
#4311 = CARTESIAN_POINT('',(-0.56826927836,3.2995,1.726257273835));
#4312 = CARTESIAN_POINT('',(-0.567395828399,3.2995,1.728797101256));
#4313 = CARTESIAN_POINT('',(-0.566487440691,3.2995,1.733026264871));
#4314 = CARTESIAN_POINT('',(-0.565498529476,3.2995,1.739132764477));
#4315 = ORIENTED_EDGE('',*,*,#4294,.F.);
#4316 = ORIENTED_EDGE('',*,*,#4107,.T.);
#4317 = ORIENTED_EDGE('',*,*,#4318,.T.);
#4318 = EDGE_CURVE('',#4101,#4308,#4319,.T.);
#4319 = B_SPLINE_CURVE_WITH_KNOTS('',1,(#4320,#4321),.UNSPECIFIED.,.F.,
  .F.,(2,2),(-0.,1.E-03),.PIECEWISE_BEZIER_KNOTS.);
#4320 = CARTESIAN_POINT('',(-0.565498529476,3.3005,1.739132764477));
#4321 = CARTESIAN_POINT('',(-0.565498529476,3.2995,1.739132764477));
#4322 = B_SPLINE_SURFACE_WITH_KNOTS('',3,1,(
    (#4323,#4324)
    ,(#4325,#4326)
    ,(#4327,#4328)
    ,(#4329,#4330
    )),.UNSPECIFIED.,.F.,.F.,.F.,(4,4),(2,2),(1.,2.),(0.,1.),
  .PIECEWISE_BEZIER_KNOTS.);
#4323 = CARTESIAN_POINT('',(-0.56826927836,3.3005,1.726257273835));
#4324 = CARTESIAN_POINT('',(-0.56826927836,3.2995,1.726257273835));
#4325 = CARTESIAN_POINT('',(-0.567395828399,3.3005,1.728797101256));
#4326 = CARTESIAN_POINT('',(-0.567395828399,3.2995,1.728797101256));
#4327 = CARTESIAN_POINT('',(-0.566487440691,3.3005,1.733026264871));
#4328 = CARTESIAN_POINT('',(-0.566487440691,3.2995,1.733026264871));
#4329 = CARTESIAN_POINT('',(-0.565498529476,3.3005,1.739132764477));
#4330 = CARTESIAN_POINT('',(-0.565498529476,3.2995,1.739132764477));
#4331 = ADVANCED_FACE('',(#4332),#4348,.T.);
#4332 = FACE_BOUND('',#4333,.T.);
#4333 = EDGE_LOOP('',(#4334,#4341,#4342,#4343));
#4334 = ORIENTED_EDGE('',*,*,#4335,.F.);
#4335 = EDGE_CURVE('',#4308,#4336,#4338,.T.);
#4336 = VERTEX_POINT('',#4337);
#4337 = CARTESIAN_POINT('',(-0.564935528329,3.2995,1.739136757482));
#4338 = B_SPLINE_CURVE_WITH_KNOTS('',1,(#4339,#4340),.UNSPECIFIED.,.F.,
  .F.,(2,2),(-1.574779975279E-18,5.630153064972E-04),
  .PIECEWISE_BEZIER_KNOTS.);
#4339 = CARTESIAN_POINT('',(-0.565498529476,3.2995,1.739132764477));
#4340 = CARTESIAN_POINT('',(-0.564935528329,3.2995,1.739136757482));
#4341 = ORIENTED_EDGE('',*,*,#4318,.F.);
#4342 = ORIENTED_EDGE('',*,*,#4100,.T.);
#4343 = ORIENTED_EDGE('',*,*,#4344,.T.);
#4344 = EDGE_CURVE('',#4092,#4336,#4345,.T.);
#4345 = B_SPLINE_CURVE_WITH_KNOTS('',1,(#4346,#4347),.UNSPECIFIED.,.F.,
  .F.,(2,2),(-0.,1.E-03),.PIECEWISE_BEZIER_KNOTS.);
#4346 = CARTESIAN_POINT('',(-0.564935528329,3.3005,1.739136757482));
#4347 = CARTESIAN_POINT('',(-0.564935528329,3.2995,1.739136757482));
#4348 = B_SPLINE_SURFACE_WITH_KNOTS('',1,1,(
    (#4349,#4350)
    ,(#4351,#4352
    )),.UNSPECIFIED.,.F.,.F.,.F.,(2,2),(2,2),(-5.630153064972E-04,
    1.574779975279E-18),(-1.000000000001E-03,3.388525118535E-39),
  .PIECEWISE_BEZIER_KNOTS.);
#4349 = CARTESIAN_POINT('',(-0.564935528329,3.2995,1.739136757482));
#4350 = CARTESIAN_POINT('',(-0.564935528329,3.3005,1.739136757482));
#4351 = CARTESIAN_POINT('',(-0.565498529476,3.2995,1.739132764477));
#4352 = CARTESIAN_POINT('',(-0.565498529476,3.3005,1.739132764477));
#4353 = ADVANCED_FACE('',(#4354),#4372,.T.);
#4354 = FACE_BOUND('',#4355,.T.);
#4355 = EDGE_LOOP('',(#4356,#4365,#4366,#4367));
#4356 = ORIENTED_EDGE('',*,*,#4357,.F.);
#4357 = EDGE_CURVE('',#4336,#4358,#4360,.T.);
#4358 = VERTEX_POINT('',#4359);
#4359 = CARTESIAN_POINT('',(-0.561841681927,3.2995,1.726302860643));
#4360 = B_SPLINE_CURVE_WITH_KNOTS('',3,(#4361,#4362,#4363,#4364),
  .UNSPECIFIED.,.F.,.F.,(4,4),(3.,4.),.PIECEWISE_BEZIER_KNOTS.);
#4361 = CARTESIAN_POINT('',(-0.564935528329,3.2995,1.739136757482));
#4362 = CARTESIAN_POINT('',(-0.564004845296,3.2995,1.733606901791));
#4363 = CARTESIAN_POINT('',(-0.562988980249,3.2995,1.72929754742));
#4364 = CARTESIAN_POINT('',(-0.561841681927,3.2995,1.726302860643));
#4365 = ORIENTED_EDGE('',*,*,#4344,.F.);
#4366 = ORIENTED_EDGE('',*,*,#4091,.T.);
#4367 = ORIENTED_EDGE('',*,*,#4368,.T.);
#4368 = EDGE_CURVE('',#4085,#4358,#4369,.T.);
#4369 = B_SPLINE_CURVE_WITH_KNOTS('',1,(#4370,#4371),.UNSPECIFIED.,.F.,
  .F.,(2,2),(-4.440892098501E-16,1.E-03),.PIECEWISE_BEZIER_KNOTS.);
#4370 = CARTESIAN_POINT('',(-0.561841681927,3.3005,1.726302860643));
#4371 = CARTESIAN_POINT('',(-0.561841681927,3.2995,1.726302860643));
#4372 = B_SPLINE_SURFACE_WITH_KNOTS('',3,1,(
    (#4373,#4374)
    ,(#4375,#4376)
    ,(#4377,#4378)
    ,(#4379,#4380
    )),.UNSPECIFIED.,.F.,.F.,.F.,(4,4),(2,2),(3.,4.),(0.,1.),
  .PIECEWISE_BEZIER_KNOTS.);
#4373 = CARTESIAN_POINT('',(-0.564935528329,3.3005,1.739136757482));
#4374 = CARTESIAN_POINT('',(-0.564935528329,3.2995,1.739136757482));
#4375 = CARTESIAN_POINT('',(-0.564004845296,3.3005,1.733606901791));
#4376 = CARTESIAN_POINT('',(-0.564004845296,3.2995,1.733606901791));
#4377 = CARTESIAN_POINT('',(-0.562988980249,3.3005,1.72929754742));
#4378 = CARTESIAN_POINT('',(-0.562988980249,3.2995,1.72929754742));
#4379 = CARTESIAN_POINT('',(-0.561841681927,3.3005,1.726302860643));
#4380 = CARTESIAN_POINT('',(-0.561841681927,3.2995,1.726302860643));
#4381 = ADVANCED_FACE('',(#4382),#4392,.T.);
#4382 = FACE_BOUND('',#4383,.T.);
#4383 = EDGE_LOOP('',(#4384,#4389,#4390,#4391));
#4384 = ORIENTED_EDGE('',*,*,#4385,.F.);
#4385 = EDGE_CURVE('',#4358,#4258,#4386,.T.);
#4386 = B_SPLINE_CURVE_WITH_KNOTS('',1,(#4387,#4388),.UNSPECIFIED.,.F.,
  .F.,(2,2),(0.,8.107579257966E-02),.PIECEWISE_BEZIER_KNOTS.);
#4387 = CARTESIAN_POINT('',(-0.561841681927,3.2995,1.726302860643));
#4388 = CARTESIAN_POINT('',(-0.533854323805,3.2995,1.650210864167));
#4389 = ORIENTED_EDGE('',*,*,#4368,.F.);
#4390 = ORIENTED_EDGE('',*,*,#4084,.T.);
#4391 = ORIENTED_EDGE('',*,*,#4266,.T.);
#4392 = B_SPLINE_SURFACE_WITH_KNOTS('',1,1,(
    (#4393,#4394)
    ,(#4395,#4396
    )),.UNSPECIFIED.,.F.,.F.,.F.,(2,2),(2,2),(-8.107579257966E-02,
    4.752590688346E-20),(-1.000000000001E-03,3.851859888774E-33),
  .PIECEWISE_BEZIER_KNOTS.);
#4393 = CARTESIAN_POINT('',(-0.533854323805,3.2995,1.650210864167));
#4394 = CARTESIAN_POINT('',(-0.533854323805,3.3005,1.650210864167));
#4395 = CARTESIAN_POINT('',(-0.561841681927,3.2995,1.726302860643));
#4396 = CARTESIAN_POINT('',(-0.561841681927,3.3005,1.726302860643));
#4397 = ADVANCED_FACE('',(#4398),#4406,.F.);
#4398 = FACE_BOUND('',#4399,.T.);
#4399 = EDGE_LOOP('',(#4400,#4401,#4402,#4403,#4404,#4405));
#4400 = ORIENTED_EDGE('',*,*,#4385,.T.);
#4401 = ORIENTED_EDGE('',*,*,#4257,.T.);
#4402 = ORIENTED_EDGE('',*,*,#4285,.T.);
#4403 = ORIENTED_EDGE('',*,*,#4307,.T.);
#4404 = ORIENTED_EDGE('',*,*,#4335,.T.);
#4405 = ORIENTED_EDGE('',*,*,#4357,.T.);
#4406 = B_SPLINE_SURFACE_WITH_KNOTS('',1,1,(
    (#4407,#4408)
    ,(#4409,#4410
    )),.UNSPECIFIED.,.F.,.F.,.F.,(2,2),(2,2),(1.360863342518,
    1.450226137137),(2.704543967316,2.766145676195),
  .PIECEWISE_BEZIER_KNOTS.);
#4407 = CARTESIAN_POINT('',(-0.595456032684,3.2995,1.739136757482));
#4408 = CARTESIAN_POINT('',(-0.533854323805,3.2995,1.739136757482));
#4409 = CARTESIAN_POINT('',(-0.595456032684,3.2995,1.649773962863));
#4410 = CARTESIAN_POINT('',(-0.533854323805,3.2995,1.649773962863));
#4411 = ADVANCED_FACE('',(#4412),#4434,.F.);
#4412 = FACE_BOUND('',#4413,.T.);
#4413 = EDGE_LOOP('',(#4414,#4415,#4422,#4429));
#4414 = ORIENTED_EDGE('',*,*,#510,.T.);
#4415 = ORIENTED_EDGE('',*,*,#4416,.F.);
#4416 = EDGE_CURVE('',#4417,#513,#4419,.T.);
#4417 = VERTEX_POINT('',#4418);
#4418 = CARTESIAN_POINT('',(-7.374328024661E-03,3.3005,1.312748991049));
#4419 = B_SPLINE_CURVE_WITH_KNOTS('',1,(#4420,#4421),.UNSPECIFIED.,.F.,
  .F.,(2,2),(-0.,1.E-03),.PIECEWISE_BEZIER_KNOTS.);
#4420 = CARTESIAN_POINT('',(-7.374328024661E-03,3.3005,1.312748991049));
#4421 = CARTESIAN_POINT('',(-7.374328024661E-03,3.2995,1.312748991049));
#4422 = ORIENTED_EDGE('',*,*,#4423,.F.);
#4423 = EDGE_CURVE('',#4424,#4417,#4426,.T.);
#4424 = VERTEX_POINT('',#4425);
#4425 = CARTESIAN_POINT('',(-7.225921336521E-03,3.3005,1.29182411507));
#4426 = B_SPLINE_CURVE_WITH_KNOTS('',1,(#4427,#4428),.UNSPECIFIED.,.F.,
  .F.,(2,2),(-2.092540224858E-02,0.),.PIECEWISE_BEZIER_KNOTS.);
#4427 = CARTESIAN_POINT('',(-7.225921336521E-03,3.3005,1.29182411507));
#4428 = CARTESIAN_POINT('',(-7.374328024661E-03,3.3005,1.312748991049));
#4429 = ORIENTED_EDGE('',*,*,#4430,.T.);
#4430 = EDGE_CURVE('',#4424,#511,#4431,.T.);
#4431 = B_SPLINE_CURVE_WITH_KNOTS('',1,(#4432,#4433),.UNSPECIFIED.,.F.,
  .F.,(2,2),(-0.,1.E-03),.PIECEWISE_BEZIER_KNOTS.);
#4432 = CARTESIAN_POINT('',(-7.225921336521E-03,3.3005,1.29182411507));
#4433 = CARTESIAN_POINT('',(-7.225921336521E-03,3.2995,1.29182411507));
#4434 = B_SPLINE_SURFACE_WITH_KNOTS('',1,1,(
    (#4435,#4436)
    ,(#4437,#4438
    )),.UNSPECIFIED.,.F.,.F.,.F.,(2,2),(2,2),(-9.764260759568E-22,
    2.092540224858E-02),(-1.E-03,8.060171757777E-36),
  .PIECEWISE_BEZIER_KNOTS.);
#4435 = CARTESIAN_POINT('',(-7.374328024661E-03,3.2995,1.312748991049));
#4436 = CARTESIAN_POINT('',(-7.374328024661E-03,3.3005,1.312748991049));
#4437 = CARTESIAN_POINT('',(-7.225921336521E-03,3.2995,1.29182411507));
#4438 = CARTESIAN_POINT('',(-7.225921336521E-03,3.3005,1.29182411507));
#4439 = ADVANCED_FACE('',(#4440),#4456,.F.);
#4440 = FACE_BOUND('',#4441,.T.);
#4441 = EDGE_LOOP('',(#4442,#4443,#4450,#4455));
#4442 = ORIENTED_EDGE('',*,*,#589,.T.);
#4443 = ORIENTED_EDGE('',*,*,#4444,.F.);
#4444 = EDGE_CURVE('',#4445,#583,#4447,.T.);
#4445 = VERTEX_POINT('',#4446);
#4446 = CARTESIAN_POINT('',(6.764557486768E-02,3.3005,1.313281058974));
#4447 = B_SPLINE_CURVE_WITH_KNOTS('',1,(#4448,#4449),.UNSPECIFIED.,.F.,
  .F.,(2,2),(-0.,1.E-03),.PIECEWISE_BEZIER_KNOTS.);
#4448 = CARTESIAN_POINT('',(6.764557486768E-02,3.3005,1.313281058974));
#4449 = CARTESIAN_POINT('',(6.764557486768E-02,3.2995,1.313281058974));
#4450 = ORIENTED_EDGE('',*,*,#4451,.F.);
#4451 = EDGE_CURVE('',#4417,#4445,#4452,.T.);
#4452 = B_SPLINE_CURVE_WITH_KNOTS('',1,(#4453,#4454),.UNSPECIFIED.,.F.,
  .F.,(2,2),(-7.502178967642E-02,0.),.PIECEWISE_BEZIER_KNOTS.);
#4453 = CARTESIAN_POINT('',(-7.374328024661E-03,3.3005,1.312748991049));
#4454 = CARTESIAN_POINT('',(6.764557486768E-02,3.3005,1.313281058974));
#4455 = ORIENTED_EDGE('',*,*,#4416,.T.);
#4456 = B_SPLINE_SURFACE_WITH_KNOTS('',1,1,(
    (#4457,#4458)
    ,(#4459,#4460
    )),.UNSPECIFIED.,.F.,.F.,.F.,(2,2),(2,2),(0.,7.502178967642E-02),(
    -1.E-03,0.),.PIECEWISE_BEZIER_KNOTS.);
#4457 = CARTESIAN_POINT('',(6.764557486768E-02,3.2995,1.313281058974));
#4458 = CARTESIAN_POINT('',(6.764557486768E-02,3.3005,1.313281058974));
#4459 = CARTESIAN_POINT('',(-7.374328024661E-03,3.2995,1.312748991049));
#4460 = CARTESIAN_POINT('',(-7.374328024661E-03,3.3005,1.312748991049));
#4461 = ADVANCED_FACE('',(#4462),#4478,.F.);
#4462 = FACE_BOUND('',#4463,.T.);
#4463 = EDGE_LOOP('',(#4464,#4465,#4472,#4477));
#4464 = ORIENTED_EDGE('',*,*,#582,.T.);
#4465 = ORIENTED_EDGE('',*,*,#4466,.F.);
#4466 = EDGE_CURVE('',#4467,#576,#4469,.T.);
#4467 = VERTEX_POINT('',#4468);
#4468 = CARTESIAN_POINT('',(6.720767531254E-02,3.3005,1.375023518139));
#4469 = B_SPLINE_CURVE_WITH_KNOTS('',1,(#4470,#4471),.UNSPECIFIED.,.F.,
  .F.,(2,2),(-0.,1.E-03),.PIECEWISE_BEZIER_KNOTS.);
#4470 = CARTESIAN_POINT('',(6.720767531254E-02,3.3005,1.375023518139));
#4471 = CARTESIAN_POINT('',(6.720767531254E-02,3.2995,1.375023518139));
#4472 = ORIENTED_EDGE('',*,*,#4473,.F.);
#4473 = EDGE_CURVE('',#4445,#4467,#4474,.T.);
#4474 = B_SPLINE_CURVE_WITH_KNOTS('',1,(#4475,#4476),.UNSPECIFIED.,.F.,
  .F.,(2,2),(-6.174401201589E-02,0.),.PIECEWISE_BEZIER_KNOTS.);
#4475 = CARTESIAN_POINT('',(6.764557486768E-02,3.3005,1.313281058974));
#4476 = CARTESIAN_POINT('',(6.720767531254E-02,3.3005,1.375023518139));
#4477 = ORIENTED_EDGE('',*,*,#4444,.T.);
#4478 = B_SPLINE_SURFACE_WITH_KNOTS('',1,1,(
    (#4479,#4480)
    ,(#4481,#4482
    )),.UNSPECIFIED.,.F.,.F.,.F.,(2,2),(2,2),(-1.574779975302E-18,
    6.174401201589E-02),(-1.E-03,8.30557288517E-34),
  .PIECEWISE_BEZIER_KNOTS.);
#4479 = CARTESIAN_POINT('',(6.720767531254E-02,3.2995,1.375023518139));
#4480 = CARTESIAN_POINT('',(6.720767531254E-02,3.3005,1.375023518139));
#4481 = CARTESIAN_POINT('',(6.764557486768E-02,3.2995,1.313281058974));
#4482 = CARTESIAN_POINT('',(6.764557486768E-02,3.3005,1.313281058974));
#4483 = ADVANCED_FACE('',(#4484),#4500,.F.);
#4484 = FACE_BOUND('',#4485,.T.);
#4485 = EDGE_LOOP('',(#4486,#4487,#4494,#4499));
#4486 = ORIENTED_EDGE('',*,*,#575,.T.);
#4487 = ORIENTED_EDGE('',*,*,#4488,.F.);
#4488 = EDGE_CURVE('',#4489,#569,#4491,.T.);
#4489 = VERTEX_POINT('',#4490);
#4490 = CARTESIAN_POINT('',(1.571124876947E-03,3.3005,1.374558000299));
#4491 = B_SPLINE_CURVE_WITH_KNOTS('',1,(#4492,#4493),.UNSPECIFIED.,.F.,
  .F.,(2,2),(-0.,1.E-03),.PIECEWISE_BEZIER_KNOTS.);
#4492 = CARTESIAN_POINT('',(1.571124876947E-03,3.3005,1.374558000299));
#4493 = CARTESIAN_POINT('',(1.571124876947E-03,3.2995,1.374558000299));
#4494 = ORIENTED_EDGE('',*,*,#4495,.F.);
#4495 = EDGE_CURVE('',#4467,#4489,#4496,.T.);
#4496 = B_SPLINE_CURVE_WITH_KNOTS('',1,(#4497,#4498),.UNSPECIFIED.,.F.,
  .F.,(2,2),(-6.563820122416E-02,-0.),.PIECEWISE_BEZIER_KNOTS.);
#4497 = CARTESIAN_POINT('',(6.720767531254E-02,3.3005,1.375023518139));
#4498 = CARTESIAN_POINT('',(1.571124876947E-03,3.3005,1.374558000299));
#4499 = ORIENTED_EDGE('',*,*,#4466,.T.);
#4500 = B_SPLINE_SURFACE_WITH_KNOTS('',1,1,(
    (#4501,#4502)
    ,(#4503,#4504
    )),.UNSPECIFIED.,.F.,.F.,.F.,(2,2),(2,2),(-1.376730038099E-19,
    6.563820122416E-02),(-1.E-03,2.209929379546E-35),
  .PIECEWISE_BEZIER_KNOTS.);
#4501 = CARTESIAN_POINT('',(1.571124876947E-03,3.2995,1.374558000299));
#4502 = CARTESIAN_POINT('',(1.571124876947E-03,3.3005,1.374558000299));
#4503 = CARTESIAN_POINT('',(6.720767531254E-02,3.2995,1.375023518139));
#4504 = CARTESIAN_POINT('',(6.720767531254E-02,3.3005,1.375023518139));
#4505 = ADVANCED_FACE('',(#4506),#4522,.F.);
#4506 = FACE_BOUND('',#4507,.T.);
#4507 = EDGE_LOOP('',(#4508,#4509,#4516,#4521));
#4508 = ORIENTED_EDGE('',*,*,#568,.T.);
#4509 = ORIENTED_EDGE('',*,*,#4510,.F.);
#4510 = EDGE_CURVE('',#4511,#562,#4513,.T.);
#4511 = VERTEX_POINT('',#4512);
#4512 = CARTESIAN_POINT('',(1.422052687965E-03,3.3005,1.395576709802));
#4513 = B_SPLINE_CURVE_WITH_KNOTS('',1,(#4514,#4515),.UNSPECIFIED.,.F.,
  .F.,(2,2),(-0.,1.E-03),.PIECEWISE_BEZIER_KNOTS.);
#4514 = CARTESIAN_POINT('',(1.422052687965E-03,3.3005,1.395576709802));
#4515 = CARTESIAN_POINT('',(1.422052687965E-03,3.2995,1.395576709802));
#4516 = ORIENTED_EDGE('',*,*,#4517,.F.);
#4517 = EDGE_CURVE('',#4489,#4511,#4518,.T.);
#4518 = B_SPLINE_CURVE_WITH_KNOTS('',1,(#4519,#4520),.UNSPECIFIED.,.F.,
  .F.,(2,2),(-2.101923813299E-02,0.),.PIECEWISE_BEZIER_KNOTS.);
#4519 = CARTESIAN_POINT('',(1.571124876947E-03,3.3005,1.374558000299));
#4520 = CARTESIAN_POINT('',(1.422052687965E-03,3.3005,1.395576709802));
#4521 = ORIENTED_EDGE('',*,*,#4488,.T.);
#4522 = B_SPLINE_SURFACE_WITH_KNOTS('',1,1,(
    (#4523,#4524)
    ,(#4525,#4526
    )),.UNSPECIFIED.,.F.,.F.,.F.,(2,2),(2,2),(-2.205026873459E-16,
    2.101923813299E-02),(-1.E-03,0.),.PIECEWISE_BEZIER_KNOTS.);
#4523 = CARTESIAN_POINT('',(1.422052687965E-03,3.2995,1.395576709802));
#4524 = CARTESIAN_POINT('',(1.422052687965E-03,3.3005,1.395576709802));
#4525 = CARTESIAN_POINT('',(1.571124876947E-03,3.2995,1.374558000299));
#4526 = CARTESIAN_POINT('',(1.571124876947E-03,3.3005,1.374558000299));
#4527 = ADVANCED_FACE('',(#4528),#4544,.F.);
#4528 = FACE_BOUND('',#4529,.T.);
#4529 = EDGE_LOOP('',(#4530,#4531,#4538,#4543));
#4530 = ORIENTED_EDGE('',*,*,#561,.T.);
#4531 = ORIENTED_EDGE('',*,*,#4532,.F.);
#4532 = EDGE_CURVE('',#4533,#555,#4535,.T.);
#4533 = VERTEX_POINT('',#4534);
#4534 = CARTESIAN_POINT('',(6.705860312356E-02,3.3005,1.396042227642));
#4535 = B_SPLINE_CURVE_WITH_KNOTS('',1,(#4536,#4537),.UNSPECIFIED.,.F.,
  .F.,(2,2),(-0.,1.E-03),.PIECEWISE_BEZIER_KNOTS.);
#4536 = CARTESIAN_POINT('',(6.705860312356E-02,3.3005,1.396042227642));
#4537 = CARTESIAN_POINT('',(6.705860312356E-02,3.2995,1.396042227642));
#4538 = ORIENTED_EDGE('',*,*,#4539,.F.);
#4539 = EDGE_CURVE('',#4511,#4533,#4540,.T.);
#4540 = B_SPLINE_CURVE_WITH_KNOTS('',1,(#4541,#4542),.UNSPECIFIED.,.F.,
  .F.,(2,2),(-6.563820122416E-02,0.),.PIECEWISE_BEZIER_KNOTS.);
#4541 = CARTESIAN_POINT('',(1.422052687965E-03,3.3005,1.395576709802));
#4542 = CARTESIAN_POINT('',(6.705860312356E-02,3.3005,1.396042227642));
#4543 = ORIENTED_EDGE('',*,*,#4510,.T.);
#4544 = B_SPLINE_SURFACE_WITH_KNOTS('',1,1,(
    (#4545,#4546)
    ,(#4547,#4548
    )),.UNSPECIFIED.,.F.,.F.,.F.,(2,2),(2,2),(-8.483941267947E-17,
    6.563820122416E-02),(-1.E-03,0.),.PIECEWISE_BEZIER_KNOTS.);
#4545 = CARTESIAN_POINT('',(6.705860312356E-02,3.2995,1.396042227642));
#4546 = CARTESIAN_POINT('',(6.705860312356E-02,3.3005,1.396042227642));
#4547 = CARTESIAN_POINT('',(1.422052687965E-03,3.2995,1.395576709802));
#4548 = CARTESIAN_POINT('',(1.422052687965E-03,3.3005,1.395576709802));
#4549 = ADVANCED_FACE('',(#4550),#4566,.F.);
#4550 = FACE_BOUND('',#4551,.T.);
#4551 = EDGE_LOOP('',(#4552,#4553,#4560,#4565));
#4552 = ORIENTED_EDGE('',*,*,#554,.T.);
#4553 = ORIENTED_EDGE('',*,*,#4554,.F.);
#4554 = EDGE_CURVE('',#4555,#548,#4557,.T.);
#4555 = VERTEX_POINT('',#4556);
#4556 = CARTESIAN_POINT('',(6.664199959541E-02,3.3005,1.454782014022));
#4557 = B_SPLINE_CURVE_WITH_KNOTS('',1,(#4558,#4559),.UNSPECIFIED.,.F.,
  .F.,(2,2),(-0.,1.E-03),.PIECEWISE_BEZIER_KNOTS.);
#4558 = CARTESIAN_POINT('',(6.664199959541E-02,3.3005,1.454782014022));
#4559 = CARTESIAN_POINT('',(6.664199959541E-02,3.2995,1.454782014022));
#4560 = ORIENTED_EDGE('',*,*,#4561,.F.);
#4561 = EDGE_CURVE('',#4533,#4555,#4562,.T.);
#4562 = B_SPLINE_CURVE_WITH_KNOTS('',1,(#4563,#4564),.UNSPECIFIED.,.F.,
  .F.,(2,2),(-5.874126371208E-02,0.),.PIECEWISE_BEZIER_KNOTS.);
#4563 = CARTESIAN_POINT('',(6.705860312356E-02,3.3005,1.396042227642));
#4564 = CARTESIAN_POINT('',(6.664199959541E-02,3.3005,1.454782014022));
#4565 = ORIENTED_EDGE('',*,*,#4532,.T.);
#4566 = B_SPLINE_SURFACE_WITH_KNOTS('',1,1,(
    (#4567,#4568)
    ,(#4569,#4570
    )),.UNSPECIFIED.,.F.,.F.,.F.,(2,2),(2,2),(-9.764260759571E-22,
    5.874126371208E-02),(-1.E-03,0.),.PIECEWISE_BEZIER_KNOTS.);
#4567 = CARTESIAN_POINT('',(6.664199959541E-02,3.2995,1.454782014022));
#4568 = CARTESIAN_POINT('',(6.664199959541E-02,3.3005,1.454782014022));
#4569 = CARTESIAN_POINT('',(6.705860312356E-02,3.2995,1.396042227642));
#4570 = CARTESIAN_POINT('',(6.705860312356E-02,3.3005,1.396042227642));
#4571 = ADVANCED_FACE('',(#4572),#4588,.F.);
#4572 = FACE_BOUND('',#4573,.T.);
#4573 = EDGE_LOOP('',(#4574,#4575,#4582,#4587));
#4574 = ORIENTED_EDGE('',*,*,#547,.T.);
#4575 = ORIENTED_EDGE('',*,*,#4576,.F.);
#4576 = EDGE_CURVE('',#4577,#541,#4579,.T.);
#4577 = VERTEX_POINT('',#4578);
#4578 = CARTESIAN_POINT('',(-4.202311453406E-03,3.3005,1.454279560885));
#4579 = B_SPLINE_CURVE_WITH_KNOTS('',1,(#4580,#4581),.UNSPECIFIED.,.F.,
  .F.,(2,2),(-0.,1.E-03),.PIECEWISE_BEZIER_KNOTS.);
#4580 = CARTESIAN_POINT('',(-4.202311453406E-03,3.3005,1.454279560885));
#4581 = CARTESIAN_POINT('',(-4.202311453406E-03,3.2995,1.454279560885));
#4582 = ORIENTED_EDGE('',*,*,#4583,.F.);
#4583 = EDGE_CURVE('',#4555,#4577,#4584,.T.);
#4584 = B_SPLINE_CURVE_WITH_KNOTS('',1,(#4585,#4586),.UNSPECIFIED.,.F.,
  .F.,(2,2),(-7.08460928149E-02,-0.),.PIECEWISE_BEZIER_KNOTS.);
#4585 = CARTESIAN_POINT('',(6.664199959541E-02,3.3005,1.454782014022));
#4586 = CARTESIAN_POINT('',(-4.202311453406E-03,3.3005,1.454279560885));
#4587 = ORIENTED_EDGE('',*,*,#4554,.T.);
#4588 = B_SPLINE_SURFACE_WITH_KNOTS('',1,1,(
    (#4589,#4590)
    ,(#4591,#4592
    )),.UNSPECIFIED.,.F.,.F.,.F.,(2,2),(2,2),(-5.393497516081E-17,
    7.08460928149E-02),(-1.E-03,1.065973528086E-37),
  .PIECEWISE_BEZIER_KNOTS.);
#4589 = CARTESIAN_POINT('',(-4.202311453407E-03,3.2995,1.454279560885));
#4590 = CARTESIAN_POINT('',(-4.202311453407E-03,3.3005,1.454279560885));
#4591 = CARTESIAN_POINT('',(6.664199959541E-02,3.2995,1.454782014022));
#4592 = CARTESIAN_POINT('',(6.664199959541E-02,3.3005,1.454782014022));
#4593 = ADVANCED_FACE('',(#4594),#4610,.F.);
#4594 = FACE_BOUND('',#4595,.T.);
#4595 = EDGE_LOOP('',(#4596,#4597,#4604,#4609));
#4596 = ORIENTED_EDGE('',*,*,#540,.T.);
#4597 = ORIENTED_EDGE('',*,*,#4598,.F.);
#4598 = EDGE_CURVE('',#4599,#534,#4601,.T.);
#4599 = VERTEX_POINT('',#4600);
#4600 = CARTESIAN_POINT('',(-4.352049143232E-03,3.3005,1.475392103913));
#4601 = B_SPLINE_CURVE_WITH_KNOTS('',1,(#4602,#4603),.UNSPECIFIED.,.F.,
  .F.,(2,2),(-0.,1.E-03),.PIECEWISE_BEZIER_KNOTS.);
#4602 = CARTESIAN_POINT('',(-4.352049143232E-03,3.3005,1.475392103913));
#4603 = CARTESIAN_POINT('',(-4.352049143232E-03,3.2995,1.475392103913));
#4604 = ORIENTED_EDGE('',*,*,#4605,.F.);
#4605 = EDGE_CURVE('',#4577,#4599,#4606,.T.);
#4606 = B_SPLINE_CURVE_WITH_KNOTS('',1,(#4607,#4608),.UNSPECIFIED.,.F.,
  .F.,(2,2),(-2.111307401741E-02,0.),.PIECEWISE_BEZIER_KNOTS.);
#4607 = CARTESIAN_POINT('',(-4.202311453406E-03,3.3005,1.454279560885));
#4608 = CARTESIAN_POINT('',(-4.352049143232E-03,3.3005,1.475392103913));
#4609 = ORIENTED_EDGE('',*,*,#4576,.T.);
#4610 = B_SPLINE_SURFACE_WITH_KNOTS('',1,1,(
    (#4611,#4612)
    ,(#4613,#4614
    )),.UNSPECIFIED.,.F.,.F.,.F.,(2,2),(2,2),(-9.764260759569E-22,
    2.111307401741E-02),(-1.E-03,4.066230146819E-36),
  .PIECEWISE_BEZIER_KNOTS.);
#4611 = CARTESIAN_POINT('',(-4.352049143232E-03,3.2995,1.475392103913));
#4612 = CARTESIAN_POINT('',(-4.352049143232E-03,3.3005,1.475392103913));
#4613 = CARTESIAN_POINT('',(-4.202311453406E-03,3.2995,1.454279560885));
#4614 = CARTESIAN_POINT('',(-4.202311453406E-03,3.3005,1.454279560885));
#4615 = ADVANCED_FACE('',(#4616),#4632,.F.);
#4616 = FACE_BOUND('',#4617,.T.);
#4617 = EDGE_LOOP('',(#4618,#4619,#4626,#4631));
#4618 = ORIENTED_EDGE('',*,*,#533,.T.);
#4619 = ORIENTED_EDGE('',*,*,#4620,.F.);
#4620 = EDGE_CURVE('',#4621,#527,#4623,.T.);
#4621 = VERTEX_POINT('',#4622);
#4622 = CARTESIAN_POINT('',(9.018522685892E-02,3.3005,1.476062596013));
#4623 = B_SPLINE_CURVE_WITH_KNOTS('',1,(#4624,#4625),.UNSPECIFIED.,.F.,
  .F.,(2,2),(-0.,1.E-03),.PIECEWISE_BEZIER_KNOTS.);
#4624 = CARTESIAN_POINT('',(9.018522685892E-02,3.3005,1.476062596013));
#4625 = CARTESIAN_POINT('',(9.018522685892E-02,3.2995,1.476062596013));
#4626 = ORIENTED_EDGE('',*,*,#4627,.F.);
#4627 = EDGE_CURVE('',#4599,#4621,#4628,.T.);
#4628 = B_SPLINE_CURVE_WITH_KNOTS('',1,(#4629,#4630),.UNSPECIFIED.,.F.,
  .F.,(2,2),(-9.453965365688E-02,0.),.PIECEWISE_BEZIER_KNOTS.);
#4629 = CARTESIAN_POINT('',(-4.352049143232E-03,3.3005,1.475392103913));
#4630 = CARTESIAN_POINT('',(9.018522685892E-02,3.3005,1.476062596013));
#4631 = ORIENTED_EDGE('',*,*,#4598,.T.);
#4632 = B_SPLINE_SURFACE_WITH_KNOTS('',1,1,(
    (#4633,#4634)
    ,(#4635,#4636
    )),.UNSPECIFIED.,.F.,.F.,.F.,(2,2),(2,2),(0.,9.453965365688E-02),(
    -1.E-03,0.),.PIECEWISE_BEZIER_KNOTS.);
#4633 = CARTESIAN_POINT('',(9.018522685892E-02,3.2995,1.476062596013));
#4634 = CARTESIAN_POINT('',(9.018522685892E-02,3.3005,1.476062596013));
#4635 = CARTESIAN_POINT('',(-4.352049143232E-03,3.2995,1.475392103913));
#4636 = CARTESIAN_POINT('',(-4.352049143232E-03,3.3005,1.475392103913));
#4637 = ADVANCED_FACE('',(#4638),#4654,.F.);
#4638 = FACE_BOUND('',#4639,.T.);
#4639 = EDGE_LOOP('',(#4640,#4641,#4648,#4653));
#4640 = ORIENTED_EDGE('',*,*,#526,.T.);
#4641 = ORIENTED_EDGE('',*,*,#4642,.F.);
#4642 = EDGE_CURVE('',#4643,#520,#4645,.T.);
#4643 = VERTEX_POINT('',#4644);
#4644 = CARTESIAN_POINT('',(9.148694650915E-02,3.3005,1.292524221958));
#4645 = B_SPLINE_CURVE_WITH_KNOTS('',1,(#4646,#4647),.UNSPECIFIED.,.F.,
  .F.,(2,2),(-0.,1.E-03),.PIECEWISE_BEZIER_KNOTS.);
#4646 = CARTESIAN_POINT('',(9.148694650915E-02,3.3005,1.292524221958));
#4647 = CARTESIAN_POINT('',(9.148694650915E-02,3.2995,1.292524221958));
#4648 = ORIENTED_EDGE('',*,*,#4649,.F.);
#4649 = EDGE_CURVE('',#4621,#4643,#4650,.T.);
#4650 = B_SPLINE_CURVE_WITH_KNOTS('',1,(#4651,#4652),.UNSPECIFIED.,.F.,
  .F.,(2,2),(-0.183542990127,0.),.PIECEWISE_BEZIER_KNOTS.);
#4651 = CARTESIAN_POINT('',(9.018522685892E-02,3.3005,1.476062596013));
#4652 = CARTESIAN_POINT('',(9.148694650915E-02,3.3005,1.292524221958));
#4653 = ORIENTED_EDGE('',*,*,#4620,.T.);
#4654 = B_SPLINE_SURFACE_WITH_KNOTS('',1,1,(
    (#4655,#4656)
    ,(#4657,#4658
    )),.UNSPECIFIED.,.F.,.F.,.F.,(2,2),(2,2),(0.,0.183542990127),(
    -1.E-03,4.57408361792E-34),.PIECEWISE_BEZIER_KNOTS.);
#4655 = CARTESIAN_POINT('',(9.148694650915E-02,3.2995,1.292524221958));
#4656 = CARTESIAN_POINT('',(9.148694650915E-02,3.3005,1.292524221958));
#4657 = CARTESIAN_POINT('',(9.018522685892E-02,3.2995,1.476062596013));
#4658 = CARTESIAN_POINT('',(9.018522685892E-02,3.3005,1.476062596013));
#4659 = ADVANCED_FACE('',(#4660),#4670,.F.);
#4660 = FACE_BOUND('',#4661,.T.);
#4661 = EDGE_LOOP('',(#4662,#4663,#4664,#4669));
#4662 = ORIENTED_EDGE('',*,*,#519,.T.);
#4663 = ORIENTED_EDGE('',*,*,#4430,.F.);
#4664 = ORIENTED_EDGE('',*,*,#4665,.F.);
#4665 = EDGE_CURVE('',#4643,#4424,#4666,.T.);
#4666 = B_SPLINE_CURVE_WITH_KNOTS('',1,(#4667,#4668),.UNSPECIFIED.,.F.,
  .F.,(2,2),(-9.87153505184E-02,-0.),.PIECEWISE_BEZIER_KNOTS.);
#4667 = CARTESIAN_POINT('',(9.148694650915E-02,3.3005,1.292524221958));
#4668 = CARTESIAN_POINT('',(-7.225921336521E-03,3.3005,1.29182411507));
#4669 = ORIENTED_EDGE('',*,*,#4642,.T.);
#4670 = B_SPLINE_SURFACE_WITH_KNOTS('',1,1,(
    (#4671,#4672)
    ,(#4673,#4674
    )),.UNSPECIFIED.,.F.,.F.,.F.,(2,2),(2,2),(-1.376730038099E-19,
    9.87153505184E-02),(-1.E-03,5.94121404794E-37),
  .PIECEWISE_BEZIER_KNOTS.);
#4671 = CARTESIAN_POINT('',(-7.225921336521E-03,3.2995,1.29182411507));
#4672 = CARTESIAN_POINT('',(-7.225921336521E-03,3.3005,1.29182411507));
#4673 = CARTESIAN_POINT('',(9.148694650915E-02,3.2995,1.292524221958));
#4674 = CARTESIAN_POINT('',(9.148694650915E-02,3.3005,1.292524221958));
#4675 = ADVANCED_FACE('',(#4676),#4690,.F.);
#4676 = FACE_BOUND('',#4677,.T.);
#4677 = EDGE_LOOP('',(#4678,#4679,#4680,#4681,#4682,#4683,#4684,#4685,
    #4686,#4687,#4688,#4689));
#4678 = ORIENTED_EDGE('',*,*,#4423,.T.);
#4679 = ORIENTED_EDGE('',*,*,#4451,.T.);
#4680 = ORIENTED_EDGE('',*,*,#4473,.T.);
#4681 = ORIENTED_EDGE('',*,*,#4495,.T.);
#4682 = ORIENTED_EDGE('',*,*,#4517,.T.);
#4683 = ORIENTED_EDGE('',*,*,#4539,.T.);
#4684 = ORIENTED_EDGE('',*,*,#4561,.T.);
#4685 = ORIENTED_EDGE('',*,*,#4583,.T.);
#4686 = ORIENTED_EDGE('',*,*,#4605,.T.);
#4687 = ORIENTED_EDGE('',*,*,#4627,.T.);
#4688 = ORIENTED_EDGE('',*,*,#4649,.T.);
#4689 = ORIENTED_EDGE('',*,*,#4665,.T.);
#4690 = B_SPLINE_SURFACE_WITH_KNOTS('',1,1,(
    (#4691,#4692)
    ,(#4693,#4694
    )),.UNSPECIFIED.,.F.,.F.,.F.,(2,2),(2,2),(-1.476062496013,
    -1.29182401507),(-7.374328024661E-03,9.148694650915E-02),
  .PIECEWISE_BEZIER_KNOTS.);
#4691 = CARTESIAN_POINT('',(-7.374328024661E-03,3.3005,1.476062596013));
#4692 = CARTESIAN_POINT('',(9.148694650915E-02,3.3005,1.476062596013));
#4693 = CARTESIAN_POINT('',(-7.374328024661E-03,3.3005,1.29182411507));
#4694 = CARTESIAN_POINT('',(9.148694650915E-02,3.3005,1.29182411507));
#4695 = ADVANCED_FACE('',(#4696,#4812),#4882,.T.);
#4696 = FACE_BOUND('',#4697,.T.);
#4697 = EDGE_LOOP('',(#4698,#4709,#4716,#4725,#4734,#4741,#4750,#4759,
    #4768,#4777,#4784,#4791,#4798,#4805));
#4698 = ORIENTED_EDGE('',*,*,#4699,.T.);
#4699 = EDGE_CURVE('',#4700,#4702,#4704,.T.);
#4700 = VERTEX_POINT('',#4701);
#4701 = CARTESIAN_POINT('',(-8.812308497432E-02,3.3005,1.425345214959));
#4702 = VERTEX_POINT('',#4703);
#4703 = CARTESIAN_POINT('',(-4.290264454693E-02,3.3005,1.413466962671));
#4704 = B_SPLINE_CURVE_WITH_KNOTS('',3,(#4705,#4706,#4707,#4708),
  .UNSPECIFIED.,.F.,.F.,(4,4),(0.,1.),.PIECEWISE_BEZIER_KNOTS.);
#4705 = CARTESIAN_POINT('',(-8.812308497432E-02,3.3005,1.425345214959));
#4706 = CARTESIAN_POINT('',(-7.104538350301E-02,3.3005,1.425466336113));
#4707 = CARTESIAN_POINT('',(-5.59564862732E-02,3.3005,1.421538307441));
#4708 = CARTESIAN_POINT('',(-4.290264454693E-02,3.3005,1.413466962671));
#4709 = ORIENTED_EDGE('',*,*,#4710,.T.);
#4710 = EDGE_CURVE('',#4702,#4711,#4713,.T.);
#4711 = VERTEX_POINT('',#4712);
#4712 = CARTESIAN_POINT('',(-4.274425534613E-02,3.3005,1.391134583823));
#4713 = B_SPLINE_CURVE_WITH_KNOTS('',1,(#4714,#4715),.UNSPECIFIED.,.F.,
  .F.,(2,2),(-2.233294051732E-02,0.),.PIECEWISE_BEZIER_KNOTS.);
#4714 = CARTESIAN_POINT('',(-4.290264454693E-02,3.3005,1.413466962671));
#4715 = CARTESIAN_POINT('',(-4.274425534613E-02,3.3005,1.391134583823));
#4716 = ORIENTED_EDGE('',*,*,#4717,.T.);
#4717 = EDGE_CURVE('',#4711,#4718,#4720,.T.);
#4718 = VERTEX_POINT('',#4719);
#4719 = CARTESIAN_POINT('',(-8.583247924132E-02,3.3005,1.40668765009));
#4720 = B_SPLINE_CURVE_WITH_KNOTS('',3,(#4721,#4722,#4723,#4724),
  .UNSPECIFIED.,.F.,.F.,(4,4),(12.,13.),.PIECEWISE_BEZIER_KNOTS.);
#4721 = CARTESIAN_POINT('',(-4.274425534613E-02,3.3005,1.391134583823));
#4722 = CARTESIAN_POINT('',(-5.576781783127E-02,3.3005,1.401552099459));
#4723 = CARTESIAN_POINT('',(-7.011536387595E-02,3.3005,1.406799121481));
#4724 = CARTESIAN_POINT('',(-8.583247924132E-02,3.3005,1.40668765009));
#4725 = ORIENTED_EDGE('',*,*,#4726,.T.);
#4726 = EDGE_CURVE('',#4718,#4727,#4729,.T.);
#4727 = VERTEX_POINT('',#4728);
#4728 = CARTESIAN_POINT('',(-0.112159765405,3.3005,1.374408247949));
#4729 = B_SPLINE_CURVE_WITH_KNOTS('',3,(#4730,#4731,#4732,#4733),
  .UNSPECIFIED.,.F.,.F.,(4,4),(11.,12.),.PIECEWISE_BEZIER_KNOTS.);
#4730 = CARTESIAN_POINT('',(-8.583247924132E-02,3.3005,1.40668765009));
#4731 = CARTESIAN_POINT('',(-0.103520098622,3.3005,1.406562203181));
#4732 = CARTESIAN_POINT('',(-0.112311499598,3.3005,1.39580229155));
#4733 = CARTESIAN_POINT('',(-0.112159765405,3.3005,1.374408247949));
#4734 = ORIENTED_EDGE('',*,*,#4735,.T.);
#4735 = EDGE_CURVE('',#4727,#4736,#4738,.T.);
#4736 = VERTEX_POINT('',#4737);
#4737 = CARTESIAN_POINT('',(-7.327408718506E-02,3.3005,1.369241420873));
#4738 = B_SPLINE_CURVE_WITH_KNOTS('',1,(#4739,#4740),.UNSPECIFIED.,.F.,
  .F.,(2,2),(-3.92274403024E-02,0.),.PIECEWISE_BEZIER_KNOTS.);
#4739 = CARTESIAN_POINT('',(-0.112159765405,3.3005,1.374408247949));
#4740 = CARTESIAN_POINT('',(-7.327408718506E-02,3.3005,1.369241420873));
#4741 = ORIENTED_EDGE('',*,*,#4742,.T.);
#4742 = EDGE_CURVE('',#4736,#4743,#4745,.T.);
#4743 = VERTEX_POINT('',#4744);
#4744 = CARTESIAN_POINT('',(-2.94787801632E-02,3.3005,1.326761793311));
#4745 = B_SPLINE_CURVE_WITH_KNOTS('',3,(#4746,#4747,#4748,#4749),
  .UNSPECIFIED.,.F.,.F.,(4,4),(9.,10.),.PIECEWISE_BEZIER_KNOTS.);
#4746 = CARTESIAN_POINT('',(-7.327408718506E-02,3.3005,1.369241420873));
#4747 = CARTESIAN_POINT('',(-4.425091155777E-02,3.3005,1.365412219077));
#4748 = CARTESIAN_POINT('',(-2.96524758834E-02,3.3005,1.351252343223));
#4749 = CARTESIAN_POINT('',(-2.94787801632E-02,3.3005,1.326761793311));
#4750 = ORIENTED_EDGE('',*,*,#4751,.T.);
#4751 = EDGE_CURVE('',#4743,#4752,#4754,.T.);
#4752 = VERTEX_POINT('',#4753);
#4753 = CARTESIAN_POINT('',(-4.054114936109E-02,3.3005,1.298813376412));
#4754 = B_SPLINE_CURVE_WITH_KNOTS('',3,(#4755,#4756,#4757,#4758),
  .UNSPECIFIED.,.F.,.F.,(4,4),(8.,9.),.PIECEWISE_BEZIER_KNOTS.);
#4755 = CARTESIAN_POINT('',(-2.94787801632E-02,3.3005,1.326761793311));
#4756 = CARTESIAN_POINT('',(-2.939559255774E-02,3.3005,1.31503260274));
#4757 = CARTESIAN_POINT('',(-3.308304895704E-02,3.3005,1.305716463773));
#4758 = CARTESIAN_POINT('',(-4.054114936109E-02,3.3005,1.298813376412));
#4759 = ORIENTED_EDGE('',*,*,#4760,.T.);
#4760 = EDGE_CURVE('',#4752,#4761,#4763,.T.);
#4761 = VERTEX_POINT('',#4762);
#4762 = CARTESIAN_POINT('',(-7.077617270363E-02,3.3005,1.288276731938));
#4763 = B_SPLINE_CURVE_WITH_KNOTS('',3,(#4764,#4765,#4766,#4767),
  .UNSPECIFIED.,.F.,.F.,(4,4),(7.,8.),.PIECEWISE_BEZIER_KNOTS.);
#4764 = CARTESIAN_POINT('',(-4.054114936109E-02,3.3005,1.298813376412));
#4765 = CARTESIAN_POINT('',(-4.799924976453E-02,3.3005,1.291910289052));
#4766 = CARTESIAN_POINT('',(-5.806173012477E-02,3.3005,1.288366907302));
#4767 = CARTESIAN_POINT('',(-7.077617270363E-02,3.3005,1.288276731938));
#4768 = ORIENTED_EDGE('',*,*,#4769,.T.);
#4769 = EDGE_CURVE('',#4761,#4770,#4772,.T.);
#4770 = VERTEX_POINT('',#4771);
#4771 = CARTESIAN_POINT('',(-0.111102630929,3.3005,1.311356445194));
#4772 = B_SPLINE_CURVE_WITH_KNOTS('',3,(#4773,#4774,#4775,#4776),
  .UNSPECIFIED.,.F.,.F.,(4,4),(6.,7.),.PIECEWISE_BEZIER_KNOTS.);
#4773 = CARTESIAN_POINT('',(-7.077617270363E-02,3.3005,1.288276731938));
#4774 = CARTESIAN_POINT('',(-8.846379208456E-02,3.3005,1.288151285029));
#4775 = CARTESIAN_POINT('',(-0.101937222668,3.3005,1.295844300947));
#4776 = CARTESIAN_POINT('',(-0.111102630929,3.3005,1.311356445194));
#4777 = ORIENTED_EDGE('',*,*,#4778,.T.);
#4778 = EDGE_CURVE('',#4770,#4779,#4781,.T.);
#4779 = VERTEX_POINT('',#4780);
#4780 = CARTESIAN_POINT('',(-0.111712548838,3.3005,1.311352119438));
#4781 = B_SPLINE_CURVE_WITH_KNOTS('',1,(#4782,#4783),.UNSPECIFIED.,.F.,
  .F.,(2,2),(-6.099332493291E-04,-0.),.PIECEWISE_BEZIER_KNOTS.);
#4782 = CARTESIAN_POINT('',(-0.111102630929,3.3005,1.311356445194));
#4783 = CARTESIAN_POINT('',(-0.111712548838,3.3005,1.311352119438));
#4784 = ORIENTED_EDGE('',*,*,#4785,.T.);
#4785 = EDGE_CURVE('',#4779,#4786,#4788,.T.);
#4786 = VERTEX_POINT('',#4787);
#4787 = CARTESIAN_POINT('',(-0.111568800656,3.3005,1.291084078132));
#4788 = B_SPLINE_CURVE_WITH_KNOTS('',1,(#4789,#4790),.UNSPECIFIED.,.F.,
  .F.,(2,2),(-2.026855105641E-02,0.),.PIECEWISE_BEZIER_KNOTS.);
#4789 = CARTESIAN_POINT('',(-0.111712548838,3.3005,1.311352119438));
#4790 = CARTESIAN_POINT('',(-0.111568800656,3.3005,1.291084078132));
#4791 = ORIENTED_EDGE('',*,*,#4792,.T.);
#4792 = EDGE_CURVE('',#4786,#4793,#4795,.T.);
#4793 = VERTEX_POINT('',#4794);
#4794 = CARTESIAN_POINT('',(-0.134558014175,3.3005,1.290921030426));
#4795 = B_SPLINE_CURVE_WITH_KNOTS('',1,(#4796,#4797),.UNSPECIFIED.,.F.,
  .F.,(2,2),(-2.298979170823E-02,-0.),.PIECEWISE_BEZIER_KNOTS.);
#4796 = CARTESIAN_POINT('',(-0.111568800656,3.3005,1.291084078132));
#4797 = CARTESIAN_POINT('',(-0.134558014175,3.3005,1.290921030426));
#4798 = ORIENTED_EDGE('',*,*,#4799,.T.);
#4799 = EDGE_CURVE('',#4793,#4800,#4802,.T.);
#4800 = VERTEX_POINT('',#4801);
#4801 = CARTESIAN_POINT('',(-0.135156299434,3.3005,1.375277369011));
#4802 = B_SPLINE_CURVE_WITH_KNOTS('',1,(#4803,#4804),.UNSPECIFIED.,.F.,
  .F.,(2,2),(-8.435846018521E-02,0.),.PIECEWISE_BEZIER_KNOTS.);
#4803 = CARTESIAN_POINT('',(-0.134558014175,3.3005,1.290921030426));
#4804 = CARTESIAN_POINT('',(-0.135156299434,3.3005,1.375277369011));
#4805 = ORIENTED_EDGE('',*,*,#4806,.T.);
#4806 = EDGE_CURVE('',#4800,#4700,#4807,.T.);
#4807 = B_SPLINE_CURVE_WITH_KNOTS('',3,(#4808,#4809,#4810,#4811),
  .UNSPECIFIED.,.F.,.F.,(4,4),(1.,2.),.PIECEWISE_BEZIER_KNOTS.);
#4808 = CARTESIAN_POINT('',(-0.135156299434,3.3005,1.375277369011));
#4809 = CARTESIAN_POINT('',(-0.135391886732,3.3005,1.408494436709));
#4810 = CARTESIAN_POINT('',(-0.119698065991,3.3005,1.425121273925));
#4811 = CARTESIAN_POINT('',(-8.812308497432E-02,3.3005,1.425345214959));
#4812 = FACE_BOUND('',#4813,.T.);
#4813 = EDGE_LOOP('',(#4814,#4825,#4834,#4841,#4848,#4857,#4866,#4875));
#4814 = ORIENTED_EDGE('',*,*,#4815,.F.);
#4815 = EDGE_CURVE('',#4816,#4818,#4820,.T.);
#4816 = VERTEX_POINT('',#4817);
#4817 = CARTESIAN_POINT('',(-5.902669378174E-02,3.3005,1.345038363135));
#4818 = VERTEX_POINT('',#4819);
#4819 = CARTESIAN_POINT('',(-5.280972103555E-02,3.3005,1.328473086842));
#4820 = B_SPLINE_CURVE_WITH_KNOTS('',3,(#4821,#4822,#4823,#4824),
  .UNSPECIFIED.,.F.,.F.,(4,4),(1.,2.),.PIECEWISE_BEZIER_KNOTS.);
#4821 = CARTESIAN_POINT('',(-5.902669378174E-02,3.3005,1.345038363135));
#4822 = CARTESIAN_POINT('',(-5.496390118947E-02,3.3005,1.341125971641));
#4823 = CARTESIAN_POINT('',(-5.286029909967E-02,3.3005,1.33560443471));
#4824 = CARTESIAN_POINT('',(-5.280972103555E-02,3.3005,1.328473086842));
#4825 = ORIENTED_EDGE('',*,*,#4826,.F.);
#4826 = EDGE_CURVE('',#4827,#4816,#4829,.T.);
#4827 = VERTEX_POINT('',#4828);
#4828 = CARTESIAN_POINT('',(-8.13224721766E-02,3.3005,1.352950322549));
#4829 = B_SPLINE_CURVE_WITH_KNOTS('',3,(#4830,#4831,#4832,#4833),
  .UNSPECIFIED.,.F.,.F.,(4,4),(0.,1.),.PIECEWISE_BEZIER_KNOTS.);
#4830 = CARTESIAN_POINT('',(-8.13224721766E-02,3.3005,1.352950322549));
#4831 = CARTESIAN_POINT('',(-7.056788560041E-02,3.3005,1.351525186002));
#4832 = CARTESIAN_POINT('',(-6.313640313561E-02,3.3005,1.348950421881));
#4833 = CARTESIAN_POINT('',(-5.902669378174E-02,3.3005,1.345038363135));
#4834 = ORIENTED_EDGE('',*,*,#4835,.F.);
#4835 = EDGE_CURVE('',#4836,#4827,#4838,.T.);
#4836 = VERTEX_POINT('',#4837);
#4837 = CARTESIAN_POINT('',(-0.112035316748,3.3005,1.356861378855));
#4838 = B_SPLINE_CURVE_WITH_KNOTS('',1,(#4839,#4840),.UNSPECIFIED.,.F.,
  .F.,(2,2),(0.,3.096086534744E-02),.PIECEWISE_BEZIER_KNOTS.);
#4839 = CARTESIAN_POINT('',(-0.112035316748,3.3005,1.356861378855));
#4840 = CARTESIAN_POINT('',(-8.13224721766E-02,3.3005,1.352950322549));
#4841 = ORIENTED_EDGE('',*,*,#4842,.F.);
#4842 = EDGE_CURVE('',#4843,#4836,#4845,.T.);
#4843 = VERTEX_POINT('',#4844);
#4844 = CARTESIAN_POINT('',(-0.111946139634,3.3005,1.344287686562));
#4845 = B_SPLINE_CURVE_WITH_KNOTS('',1,(#4846,#4847),.UNSPECIFIED.,.F.,
  .F.,(2,2),(0.,1.257400852677E-02),.PIECEWISE_BEZIER_KNOTS.);
#4846 = CARTESIAN_POINT('',(-0.111946139634,3.3005,1.344287686562));
#4847 = CARTESIAN_POINT('',(-0.112035316748,3.3005,1.356861378855));
#4848 = ORIENTED_EDGE('',*,*,#4849,.F.);
#4849 = EDGE_CURVE('',#4850,#4843,#4852,.T.);
#4850 = VERTEX_POINT('',#4851);
#4851 = CARTESIAN_POINT('',(-0.101903951814,3.3005,1.317615009649));
#4852 = B_SPLINE_CURVE_WITH_KNOTS('',3,(#4853,#4854,#4855,#4856),
  .UNSPECIFIED.,.F.,.F.,(4,4),(5.,6.),.PIECEWISE_BEZIER_KNOTS.);
#4853 = CARTESIAN_POINT('',(-0.101903951814,3.3005,1.317615009649));
#4854 = CARTESIAN_POINT('',(-0.108522211097,3.3005,1.324605938932));
#4855 = CARTESIAN_POINT('',(-0.111869607037,3.3005,1.333496831236));
#4856 = CARTESIAN_POINT('',(-0.111946139634,3.3005,1.344287686562));
#4857 = ORIENTED_EDGE('',*,*,#4858,.F.);
#4858 = EDGE_CURVE('',#4859,#4850,#4861,.T.);
#4859 = VERTEX_POINT('',#4860);
#4860 = CARTESIAN_POINT('',(-7.686836718337E-02,3.3005,1.307095011072));
#4861 = B_SPLINE_CURVE_WITH_KNOTS('',3,(#4862,#4863,#4864,#4865),
  .UNSPECIFIED.,.F.,.F.,(4,4),(4.,5.),.PIECEWISE_BEZIER_KNOTS.);
#4862 = CARTESIAN_POINT('',(-7.686836718337E-02,3.3005,1.307095011072));
#4863 = CARTESIAN_POINT('',(-8.69554710742E-02,3.3005,1.307023469732));
#4864 = CARTESIAN_POINT('',(-9.533194379267E-02,3.3005,1.31052991409));
#4865 = CARTESIAN_POINT('',(-0.101903951814,3.3005,1.317615009649));
#4866 = ORIENTED_EDGE('',*,*,#4867,.F.);
#4867 = EDGE_CURVE('',#4868,#4859,#4870,.T.);
#4868 = VERTEX_POINT('',#4869);
#4869 = CARTESIAN_POINT('',(-5.936342464227E-02,3.3005,1.313130971777));
#4870 = B_SPLINE_CURVE_WITH_KNOTS('',3,(#4871,#4872,#4873,#4874),
  .UNSPECIFIED.,.F.,.F.,(4,4),(3.,4.),.PIECEWISE_BEZIER_KNOTS.);
#4871 = CARTESIAN_POINT('',(-5.936342464227E-02,3.3005,1.313130971777));
#4872 = CARTESIAN_POINT('',(-6.374564926152E-02,3.3005,1.309158685207));
#4873 = CARTESIAN_POINT('',(-6.959626902888E-02,3.3005,1.307146587388));
#4874 = CARTESIAN_POINT('',(-7.686836718337E-02,3.3005,1.307095011072));
#4875 = ORIENTED_EDGE('',*,*,#4876,.F.);
#4876 = EDGE_CURVE('',#4818,#4868,#4877,.T.);
#4877 = B_SPLINE_CURVE_WITH_KNOTS('',3,(#4878,#4879,#4880,#4881),
  .UNSPECIFIED.,.F.,.F.,(4,4),(2.,3.),.PIECEWISE_BEZIER_KNOTS.);
#4878 = CARTESIAN_POINT('',(-5.280972103555E-02,3.3005,1.328473086842));
#4879 = CARTESIAN_POINT('',(-5.276513247903E-02,3.3005,1.322186240697));
#4880 = CARTESIAN_POINT('',(-5.493428326081E-02,3.3005,1.3171035911));
#4881 = CARTESIAN_POINT('',(-5.936342464227E-02,3.3005,1.313130971777));
#4882 = B_SPLINE_SURFACE_WITH_KNOTS('',1,1,(
    (#4883,#4884)
    ,(#4885,#4886
    )),.UNSPECIFIED.,.F.,.F.,.F.,(2,2),(2,2),(-0.134326978508,
    2.988072576157E-03),(-7.138796937625E-02,3.460832479849E-02),
  .PIECEWISE_BEZIER_KNOTS.);
#4883 = CARTESIAN_POINT('',(-0.135391886732,3.3005,1.288151285029));
#4884 = CARTESIAN_POINT('',(-2.939559255774E-02,3.3005,1.288151285029));
#4885 = CARTESIAN_POINT('',(-0.135391886732,3.3005,1.425466336113));
#4886 = CARTESIAN_POINT('',(-2.939559255774E-02,3.3005,1.425466336113));
#4887 = ADVANCED_FACE('',(#4888),#4902,.F.);
#4888 = FACE_BOUND('',#4889,.F.);
#4889 = EDGE_LOOP('',(#4890,#4895,#4896,#4901));
#4890 = ORIENTED_EDGE('',*,*,#4891,.F.);
#4891 = EDGE_CURVE('',#4700,#395,#4892,.T.);
#4892 = B_SPLINE_CURVE_WITH_KNOTS('',1,(#4893,#4894),.UNSPECIFIED.,.F.,
  .F.,(2,2),(-0.,1.E-03),.PIECEWISE_BEZIER_KNOTS.);
#4893 = CARTESIAN_POINT('',(-8.812308497432E-02,3.3005,1.425345214959));
#4894 = CARTESIAN_POINT('',(-8.812308497432E-02,3.2995,1.425345214959));
#4895 = ORIENTED_EDGE('',*,*,#4699,.T.);
#4896 = ORIENTED_EDGE('',*,*,#4897,.T.);
#4897 = EDGE_CURVE('',#4702,#397,#4898,.T.);
#4898 = B_SPLINE_CURVE_WITH_KNOTS('',1,(#4899,#4900),.UNSPECIFIED.,.F.,
  .F.,(2,2),(-0.,1.E-03),.PIECEWISE_BEZIER_KNOTS.);
#4899 = CARTESIAN_POINT('',(-4.290264454693E-02,3.3005,1.413466962671));
#4900 = CARTESIAN_POINT('',(-4.290264454693E-02,3.2995,1.413466962671));
#4901 = ORIENTED_EDGE('',*,*,#394,.F.);
#4902 = B_SPLINE_SURFACE_WITH_KNOTS('',3,1,(
    (#4903,#4904)
    ,(#4905,#4906)
    ,(#4907,#4908)
    ,(#4909,#4910
    )),.UNSPECIFIED.,.F.,.F.,.F.,(4,4),(2,2),(0.,1.),(0.,1.),
  .PIECEWISE_BEZIER_KNOTS.);
#4903 = CARTESIAN_POINT('',(-8.812308497432E-02,3.3005,1.425345214959));
#4904 = CARTESIAN_POINT('',(-8.812308497432E-02,3.2995,1.425345214959));
#4905 = CARTESIAN_POINT('',(-7.104538350301E-02,3.3005,1.425466336113));
#4906 = CARTESIAN_POINT('',(-7.104538350301E-02,3.2995,1.425466336113));
#4907 = CARTESIAN_POINT('',(-5.59564862732E-02,3.3005,1.421538307441));
#4908 = CARTESIAN_POINT('',(-5.59564862732E-02,3.2995,1.421538307441));
#4909 = CARTESIAN_POINT('',(-4.290264454693E-02,3.3005,1.413466962671));
#4910 = CARTESIAN_POINT('',(-4.290264454693E-02,3.2995,1.413466962671));
#4911 = ADVANCED_FACE('',(#4912),#4922,.F.);
#4912 = FACE_BOUND('',#4913,.T.);
#4913 = EDGE_LOOP('',(#4914,#4915,#4920,#4921));
#4914 = ORIENTED_EDGE('',*,*,#503,.T.);
#4915 = ORIENTED_EDGE('',*,*,#4916,.F.);
#4916 = EDGE_CURVE('',#4711,#495,#4917,.T.);
#4917 = B_SPLINE_CURVE_WITH_KNOTS('',1,(#4918,#4919),.UNSPECIFIED.,.F.,
  .F.,(2,2),(-0.,1.000000000001E-03),.PIECEWISE_BEZIER_KNOTS.);
#4918 = CARTESIAN_POINT('',(-4.274425534613E-02,3.3005,1.391134583823));
#4919 = CARTESIAN_POINT('',(-4.274425534613E-02,3.2995,1.391134583823));
#4920 = ORIENTED_EDGE('',*,*,#4710,.F.);
#4921 = ORIENTED_EDGE('',*,*,#4897,.T.);
#4922 = B_SPLINE_SURFACE_WITH_KNOTS('',1,1,(
    (#4923,#4924)
    ,(#4925,#4926
    )),.UNSPECIFIED.,.F.,.F.,.F.,(2,2),(2,2),(-2.952712453688E-19,
    2.233294051732E-02),(-1.000000000001E-03,0.),
  .PIECEWISE_BEZIER_KNOTS.);
#4923 = CARTESIAN_POINT('',(-4.274425534613E-02,3.2995,1.391134583823));
#4924 = CARTESIAN_POINT('',(-4.274425534613E-02,3.3005,1.391134583823));
#4925 = CARTESIAN_POINT('',(-4.290264454693E-02,3.2995,1.413466962671));
#4926 = CARTESIAN_POINT('',(-4.290264454693E-02,3.3005,1.413466962671));
#4927 = ADVANCED_FACE('',(#4928),#4938,.F.);
#4928 = FACE_BOUND('',#4929,.F.);
#4929 = EDGE_LOOP('',(#4930,#4931,#4932,#4937));
#4930 = ORIENTED_EDGE('',*,*,#4916,.F.);
#4931 = ORIENTED_EDGE('',*,*,#4717,.T.);
#4932 = ORIENTED_EDGE('',*,*,#4933,.T.);
#4933 = EDGE_CURVE('',#4718,#486,#4934,.T.);
#4934 = B_SPLINE_CURVE_WITH_KNOTS('',1,(#4935,#4936),.UNSPECIFIED.,.F.,
  .F.,(2,2),(-0.,1.000000000001E-03),.PIECEWISE_BEZIER_KNOTS.);
#4935 = CARTESIAN_POINT('',(-8.583247924132E-02,3.3005,1.40668765009));
#4936 = CARTESIAN_POINT('',(-8.583247924132E-02,3.2995,1.40668765009));
#4937 = ORIENTED_EDGE('',*,*,#494,.F.);
#4938 = B_SPLINE_SURFACE_WITH_KNOTS('',3,1,(
    (#4939,#4940)
    ,(#4941,#4942)
    ,(#4943,#4944)
    ,(#4945,#4946
    )),.UNSPECIFIED.,.F.,.F.,.F.,(4,4),(2,2),(12.,13.),(0.,1.),
  .PIECEWISE_BEZIER_KNOTS.);
#4939 = CARTESIAN_POINT('',(-4.274425534613E-02,3.3005,1.391134583823));
#4940 = CARTESIAN_POINT('',(-4.274425534613E-02,3.2995,1.391134583823));
#4941 = CARTESIAN_POINT('',(-5.576781783127E-02,3.3005,1.401552099459));
#4942 = CARTESIAN_POINT('',(-5.576781783127E-02,3.2995,1.401552099459));
#4943 = CARTESIAN_POINT('',(-7.011536387595E-02,3.3005,1.406799121481));
#4944 = CARTESIAN_POINT('',(-7.011536387595E-02,3.2995,1.406799121481));
#4945 = CARTESIAN_POINT('',(-8.583247924132E-02,3.3005,1.40668765009));
#4946 = CARTESIAN_POINT('',(-8.583247924132E-02,3.2995,1.40668765009));
#4947 = ADVANCED_FACE('',(#4948),#4958,.F.);
#4948 = FACE_BOUND('',#4949,.F.);
#4949 = EDGE_LOOP('',(#4950,#4951,#4952,#4957));
#4950 = ORIENTED_EDGE('',*,*,#4933,.F.);
#4951 = ORIENTED_EDGE('',*,*,#4726,.T.);
#4952 = ORIENTED_EDGE('',*,*,#4953,.T.);
#4953 = EDGE_CURVE('',#4727,#479,#4954,.T.);
#4954 = B_SPLINE_CURVE_WITH_KNOTS('',1,(#4955,#4956),.UNSPECIFIED.,.F.,
  .F.,(2,2),(-0.,1.E-03),.PIECEWISE_BEZIER_KNOTS.);
#4955 = CARTESIAN_POINT('',(-0.112159765405,3.3005,1.374408247949));
#4956 = CARTESIAN_POINT('',(-0.112159765405,3.2995,1.374408247949));
#4957 = ORIENTED_EDGE('',*,*,#485,.F.);
#4958 = B_SPLINE_SURFACE_WITH_KNOTS('',3,1,(
    (#4959,#4960)
    ,(#4961,#4962)
    ,(#4963,#4964)
    ,(#4965,#4966
    )),.UNSPECIFIED.,.F.,.F.,.F.,(4,4),(2,2),(11.,12.),(0.,1.),
  .PIECEWISE_BEZIER_KNOTS.);
#4959 = CARTESIAN_POINT('',(-8.583247924132E-02,3.3005,1.40668765009));
#4960 = CARTESIAN_POINT('',(-8.583247924132E-02,3.2995,1.40668765009));
#4961 = CARTESIAN_POINT('',(-0.103520098622,3.3005,1.406562203181));
#4962 = CARTESIAN_POINT('',(-0.103520098622,3.2995,1.406562203181));
#4963 = CARTESIAN_POINT('',(-0.112311499598,3.3005,1.39580229155));
#4964 = CARTESIAN_POINT('',(-0.112311499598,3.2995,1.39580229155));
#4965 = CARTESIAN_POINT('',(-0.112159765405,3.3005,1.374408247949));
#4966 = CARTESIAN_POINT('',(-0.112159765405,3.2995,1.374408247949));
#4967 = ADVANCED_FACE('',(#4968),#4978,.F.);
#4968 = FACE_BOUND('',#4969,.T.);
#4969 = EDGE_LOOP('',(#4970,#4971,#4976,#4977));
#4970 = ORIENTED_EDGE('',*,*,#478,.T.);
#4971 = ORIENTED_EDGE('',*,*,#4972,.F.);
#4972 = EDGE_CURVE('',#4736,#470,#4973,.T.);
#4973 = B_SPLINE_CURVE_WITH_KNOTS('',1,(#4974,#4975),.UNSPECIFIED.,.F.,
  .F.,(2,2),(-0.,1.000000000001E-03),.PIECEWISE_BEZIER_KNOTS.);
#4974 = CARTESIAN_POINT('',(-7.327408718506E-02,3.3005,1.369241420873));
#4975 = CARTESIAN_POINT('',(-7.327408718506E-02,3.2995,1.369241420873));
#4976 = ORIENTED_EDGE('',*,*,#4735,.F.);
#4977 = ORIENTED_EDGE('',*,*,#4953,.T.);
#4978 = B_SPLINE_SURFACE_WITH_KNOTS('',1,1,(
    (#4979,#4980)
    ,(#4981,#4982
    )),.UNSPECIFIED.,.F.,.F.,.F.,(2,2),(2,2),(0.,3.92274403024E-02),(
    -1.000000000001E-03,1.312039774614E-33),.PIECEWISE_BEZIER_KNOTS.);
#4979 = CARTESIAN_POINT('',(-7.327408718506E-02,3.2995,1.369241420873));
#4980 = CARTESIAN_POINT('',(-7.327408718506E-02,3.3005,1.369241420873));
#4981 = CARTESIAN_POINT('',(-0.112159765405,3.2995,1.374408247949));
#4982 = CARTESIAN_POINT('',(-0.112159765405,3.3005,1.374408247949));
#4983 = ADVANCED_FACE('',(#4984),#4994,.F.);
#4984 = FACE_BOUND('',#4985,.F.);
#4985 = EDGE_LOOP('',(#4986,#4987,#4988,#4993));
#4986 = ORIENTED_EDGE('',*,*,#4972,.F.);
#4987 = ORIENTED_EDGE('',*,*,#4742,.T.);
#4988 = ORIENTED_EDGE('',*,*,#4989,.T.);
#4989 = EDGE_CURVE('',#4743,#461,#4990,.T.);
#4990 = B_SPLINE_CURVE_WITH_KNOTS('',1,(#4991,#4992),.UNSPECIFIED.,.F.,
  .F.,(2,2),(-0.,1.000000000001E-03),.PIECEWISE_BEZIER_KNOTS.);
#4991 = CARTESIAN_POINT('',(-2.94787801632E-02,3.3005,1.326761793311));
#4992 = CARTESIAN_POINT('',(-2.94787801632E-02,3.2995,1.326761793311));
#4993 = ORIENTED_EDGE('',*,*,#469,.F.);
#4994 = B_SPLINE_SURFACE_WITH_KNOTS('',3,1,(
    (#4995,#4996)
    ,(#4997,#4998)
    ,(#4999,#5000)
    ,(#5001,#5002
    )),.UNSPECIFIED.,.F.,.F.,.F.,(4,4),(2,2),(9.,10.),(0.,1.),
  .PIECEWISE_BEZIER_KNOTS.);
#4995 = CARTESIAN_POINT('',(-7.327408718506E-02,3.3005,1.369241420873));
#4996 = CARTESIAN_POINT('',(-7.327408718506E-02,3.2995,1.369241420873));
#4997 = CARTESIAN_POINT('',(-4.425091155777E-02,3.3005,1.365412219077));
#4998 = CARTESIAN_POINT('',(-4.425091155777E-02,3.2995,1.365412219077));
#4999 = CARTESIAN_POINT('',(-2.96524758834E-02,3.3005,1.351252343223));
#5000 = CARTESIAN_POINT('',(-2.96524758834E-02,3.2995,1.351252343223));
#5001 = CARTESIAN_POINT('',(-2.94787801632E-02,3.3005,1.326761793311));
#5002 = CARTESIAN_POINT('',(-2.94787801632E-02,3.2995,1.326761793311));
#5003 = ADVANCED_FACE('',(#5004),#5014,.F.);
#5004 = FACE_BOUND('',#5005,.F.);
#5005 = EDGE_LOOP('',(#5006,#5007,#5008,#5013));
#5006 = ORIENTED_EDGE('',*,*,#4989,.F.);
#5007 = ORIENTED_EDGE('',*,*,#4751,.T.);
#5008 = ORIENTED_EDGE('',*,*,#5009,.T.);
#5009 = EDGE_CURVE('',#4752,#452,#5010,.T.);
#5010 = B_SPLINE_CURVE_WITH_KNOTS('',1,(#5011,#5012),.UNSPECIFIED.,.F.,
  .F.,(2,2),(-0.,1.000000000001E-03),.PIECEWISE_BEZIER_KNOTS.);
#5011 = CARTESIAN_POINT('',(-4.054114936109E-02,3.3005,1.298813376412));
#5012 = CARTESIAN_POINT('',(-4.054114936109E-02,3.2995,1.298813376412));
#5013 = ORIENTED_EDGE('',*,*,#460,.F.);
#5014 = B_SPLINE_SURFACE_WITH_KNOTS('',3,1,(
    (#5015,#5016)
    ,(#5017,#5018)
    ,(#5019,#5020)
    ,(#5021,#5022
    )),.UNSPECIFIED.,.F.,.F.,.F.,(4,4),(2,2),(8.,9.),(0.,1.),
  .PIECEWISE_BEZIER_KNOTS.);
#5015 = CARTESIAN_POINT('',(-2.94787801632E-02,3.3005,1.326761793311));
#5016 = CARTESIAN_POINT('',(-2.94787801632E-02,3.2995,1.326761793311));
#5017 = CARTESIAN_POINT('',(-2.939559255774E-02,3.3005,1.31503260274));
#5018 = CARTESIAN_POINT('',(-2.939559255774E-02,3.2995,1.31503260274));
#5019 = CARTESIAN_POINT('',(-3.308304895704E-02,3.3005,1.305716463773));
#5020 = CARTESIAN_POINT('',(-3.308304895704E-02,3.2995,1.305716463773));
#5021 = CARTESIAN_POINT('',(-4.054114936109E-02,3.3005,1.298813376412));
#5022 = CARTESIAN_POINT('',(-4.054114936109E-02,3.2995,1.298813376412));
#5023 = ADVANCED_FACE('',(#5024),#5034,.F.);
#5024 = FACE_BOUND('',#5025,.F.);
#5025 = EDGE_LOOP('',(#5026,#5027,#5028,#5033));
#5026 = ORIENTED_EDGE('',*,*,#5009,.F.);
#5027 = ORIENTED_EDGE('',*,*,#4760,.T.);
#5028 = ORIENTED_EDGE('',*,*,#5029,.T.);
#5029 = EDGE_CURVE('',#4761,#443,#5030,.T.);
#5030 = B_SPLINE_CURVE_WITH_KNOTS('',1,(#5031,#5032),.UNSPECIFIED.,.F.,
  .F.,(2,2),(-0.,1.000000000001E-03),.PIECEWISE_BEZIER_KNOTS.);
#5031 = CARTESIAN_POINT('',(-7.077617270363E-02,3.3005,1.288276731938));
#5032 = CARTESIAN_POINT('',(-7.077617270363E-02,3.2995,1.288276731938));
#5033 = ORIENTED_EDGE('',*,*,#451,.F.);
#5034 = B_SPLINE_SURFACE_WITH_KNOTS('',3,1,(
    (#5035,#5036)
    ,(#5037,#5038)
    ,(#5039,#5040)
    ,(#5041,#5042
    )),.UNSPECIFIED.,.F.,.F.,.F.,(4,4),(2,2),(7.,8.),(0.,1.),
  .PIECEWISE_BEZIER_KNOTS.);
#5035 = CARTESIAN_POINT('',(-4.054114936109E-02,3.3005,1.298813376412));
#5036 = CARTESIAN_POINT('',(-4.054114936109E-02,3.2995,1.298813376412));
#5037 = CARTESIAN_POINT('',(-4.799924976453E-02,3.3005,1.291910289052));
#5038 = CARTESIAN_POINT('',(-4.799924976453E-02,3.2995,1.291910289052));
#5039 = CARTESIAN_POINT('',(-5.806173012477E-02,3.3005,1.288366907302));
#5040 = CARTESIAN_POINT('',(-5.806173012477E-02,3.2995,1.288366907302));
#5041 = CARTESIAN_POINT('',(-7.077617270363E-02,3.3005,1.288276731938));
#5042 = CARTESIAN_POINT('',(-7.077617270363E-02,3.2995,1.288276731938));
#5043 = ADVANCED_FACE('',(#5044),#5054,.F.);
#5044 = FACE_BOUND('',#5045,.F.);
#5045 = EDGE_LOOP('',(#5046,#5047,#5048,#5053));
#5046 = ORIENTED_EDGE('',*,*,#5029,.F.);
#5047 = ORIENTED_EDGE('',*,*,#4769,.T.);
#5048 = ORIENTED_EDGE('',*,*,#5049,.T.);
#5049 = EDGE_CURVE('',#4770,#436,#5050,.T.);
#5050 = B_SPLINE_CURVE_WITH_KNOTS('',1,(#5051,#5052),.UNSPECIFIED.,.F.,
  .F.,(2,2),(-0.,1.E-03),.PIECEWISE_BEZIER_KNOTS.);
#5051 = CARTESIAN_POINT('',(-0.111102630929,3.3005,1.311356445194));
#5052 = CARTESIAN_POINT('',(-0.111102630929,3.2995,1.311356445194));
#5053 = ORIENTED_EDGE('',*,*,#442,.F.);
#5054 = B_SPLINE_SURFACE_WITH_KNOTS('',3,1,(
    (#5055,#5056)
    ,(#5057,#5058)
    ,(#5059,#5060)
    ,(#5061,#5062
    )),.UNSPECIFIED.,.F.,.F.,.F.,(4,4),(2,2),(6.,7.),(0.,1.),
  .PIECEWISE_BEZIER_KNOTS.);
#5055 = CARTESIAN_POINT('',(-7.077617270363E-02,3.3005,1.288276731938));
#5056 = CARTESIAN_POINT('',(-7.077617270363E-02,3.2995,1.288276731938));
#5057 = CARTESIAN_POINT('',(-8.846379208456E-02,3.3005,1.288151285029));
#5058 = CARTESIAN_POINT('',(-8.846379208456E-02,3.2995,1.288151285029));
#5059 = CARTESIAN_POINT('',(-0.101937222668,3.3005,1.295844300947));
#5060 = CARTESIAN_POINT('',(-0.101937222668,3.2995,1.295844300947));
#5061 = CARTESIAN_POINT('',(-0.111102630929,3.3005,1.311356445194));
#5062 = CARTESIAN_POINT('',(-0.111102630929,3.2995,1.311356445194));
#5063 = ADVANCED_FACE('',(#5064),#5074,.F.);
#5064 = FACE_BOUND('',#5065,.T.);
#5065 = EDGE_LOOP('',(#5066,#5067,#5072,#5073));
#5066 = ORIENTED_EDGE('',*,*,#435,.T.);
#5067 = ORIENTED_EDGE('',*,*,#5068,.F.);
#5068 = EDGE_CURVE('',#4779,#429,#5069,.T.);
#5069 = B_SPLINE_CURVE_WITH_KNOTS('',1,(#5070,#5071),.UNSPECIFIED.,.F.,
  .F.,(2,2),(-0.,1.E-03),.PIECEWISE_BEZIER_KNOTS.);
#5070 = CARTESIAN_POINT('',(-0.111712548838,3.3005,1.311352119438));
#5071 = CARTESIAN_POINT('',(-0.111712548838,3.2995,1.311352119438));
#5072 = ORIENTED_EDGE('',*,*,#4778,.F.);
#5073 = ORIENTED_EDGE('',*,*,#5049,.T.);
#5074 = B_SPLINE_SURFACE_WITH_KNOTS('',1,1,(
    (#5075,#5076)
    ,(#5077,#5078
    )),.UNSPECIFIED.,.F.,.F.,.F.,(2,2),(2,2),(-1.376730038099E-19,
    6.099332493291E-04),(-1.E-03,4.344994462624E-35),
  .PIECEWISE_BEZIER_KNOTS.);
#5075 = CARTESIAN_POINT('',(-0.111712548838,3.2995,1.311352119438));
#5076 = CARTESIAN_POINT('',(-0.111712548838,3.3005,1.311352119438));
#5077 = CARTESIAN_POINT('',(-0.111102630929,3.2995,1.311356445194));
#5078 = CARTESIAN_POINT('',(-0.111102630929,3.3005,1.311356445194));
#5079 = ADVANCED_FACE('',(#5080),#5090,.F.);
#5080 = FACE_BOUND('',#5081,.T.);
#5081 = EDGE_LOOP('',(#5082,#5083,#5088,#5089));
#5082 = ORIENTED_EDGE('',*,*,#428,.T.);
#5083 = ORIENTED_EDGE('',*,*,#5084,.F.);
#5084 = EDGE_CURVE('',#4786,#422,#5085,.T.);
#5085 = B_SPLINE_CURVE_WITH_KNOTS('',1,(#5086,#5087),.UNSPECIFIED.,.F.,
  .F.,(2,2),(-0.,1.E-03),.PIECEWISE_BEZIER_KNOTS.);
#5086 = CARTESIAN_POINT('',(-0.111568800656,3.3005,1.291084078132));
#5087 = CARTESIAN_POINT('',(-0.111568800656,3.2995,1.291084078132));
#5088 = ORIENTED_EDGE('',*,*,#4785,.F.);
#5089 = ORIENTED_EDGE('',*,*,#5068,.T.);
#5090 = B_SPLINE_SURFACE_WITH_KNOTS('',1,1,(
    (#5091,#5092)
    ,(#5093,#5094
    )),.UNSPECIFIED.,.F.,.F.,.F.,(2,2),(2,2),(0.,2.026855105641E-02),(
    -1.E-03,2.256949153579E-34),.PIECEWISE_BEZIER_KNOTS.);
#5091 = CARTESIAN_POINT('',(-0.111568800656,3.2995,1.291084078132));
#5092 = CARTESIAN_POINT('',(-0.111568800656,3.3005,1.291084078132));
#5093 = CARTESIAN_POINT('',(-0.111712548838,3.2995,1.311352119438));
#5094 = CARTESIAN_POINT('',(-0.111712548838,3.3005,1.311352119438));
#5095 = ADVANCED_FACE('',(#5096),#5106,.F.);
#5096 = FACE_BOUND('',#5097,.T.);
#5097 = EDGE_LOOP('',(#5098,#5099,#5104,#5105));
#5098 = ORIENTED_EDGE('',*,*,#421,.T.);
#5099 = ORIENTED_EDGE('',*,*,#5100,.F.);
#5100 = EDGE_CURVE('',#4793,#415,#5101,.T.);
#5101 = B_SPLINE_CURVE_WITH_KNOTS('',1,(#5102,#5103),.UNSPECIFIED.,.F.,
  .F.,(2,2),(-0.,1.E-03),.PIECEWISE_BEZIER_KNOTS.);
#5102 = CARTESIAN_POINT('',(-0.134558014175,3.3005,1.290921030426));
#5103 = CARTESIAN_POINT('',(-0.134558014175,3.2995,1.290921030426));
#5104 = ORIENTED_EDGE('',*,*,#4792,.F.);
#5105 = ORIENTED_EDGE('',*,*,#5084,.T.);
#5106 = B_SPLINE_SURFACE_WITH_KNOTS('',1,1,(
    (#5107,#5108)
    ,(#5109,#5110
    )),.UNSPECIFIED.,.F.,.F.,.F.,(2,2),(2,2),(-1.094447302969E-16,
    2.298979170823E-02),(-1.E-03,1.037735818737E-37),
  .PIECEWISE_BEZIER_KNOTS.);
#5107 = CARTESIAN_POINT('',(-0.134558014175,3.2995,1.290921030426));
#5108 = CARTESIAN_POINT('',(-0.134558014175,3.3005,1.290921030426));
#5109 = CARTESIAN_POINT('',(-0.111568800656,3.2995,1.291084078132));
#5110 = CARTESIAN_POINT('',(-0.111568800656,3.3005,1.291084078132));
#5111 = ADVANCED_FACE('',(#5112),#5122,.F.);
#5112 = FACE_BOUND('',#5113,.T.);
#5113 = EDGE_LOOP('',(#5114,#5115,#5120,#5121));
#5114 = ORIENTED_EDGE('',*,*,#414,.T.);
#5115 = ORIENTED_EDGE('',*,*,#5116,.F.);
#5116 = EDGE_CURVE('',#4800,#406,#5117,.T.);
#5117 = B_SPLINE_CURVE_WITH_KNOTS('',1,(#5118,#5119),.UNSPECIFIED.,.F.,
  .F.,(2,2),(-0.,1.000000000001E-03),.PIECEWISE_BEZIER_KNOTS.);
#5118 = CARTESIAN_POINT('',(-0.135156299434,3.3005,1.375277369011));
#5119 = CARTESIAN_POINT('',(-0.135156299434,3.2995,1.375277369011));
#5120 = ORIENTED_EDGE('',*,*,#4799,.F.);
#5121 = ORIENTED_EDGE('',*,*,#5100,.T.);
#5122 = B_SPLINE_SURFACE_WITH_KNOTS('',1,1,(
    (#5123,#5124)
    ,(#5125,#5126
    )),.UNSPECIFIED.,.F.,.F.,.F.,(2,2),(2,2),(-9.764260759571E-22,
    8.435846018521E-02),(-1.000000000001E-03,2.166671187436E-34),
  .PIECEWISE_BEZIER_KNOTS.);
#5123 = CARTESIAN_POINT('',(-0.135156299434,3.2995,1.375277369011));
#5124 = CARTESIAN_POINT('',(-0.135156299434,3.3005,1.375277369011));
#5125 = CARTESIAN_POINT('',(-0.134558014175,3.2995,1.290921030426));
#5126 = CARTESIAN_POINT('',(-0.134558014175,3.3005,1.290921030426));
#5127 = ADVANCED_FACE('',(#5128),#5134,.F.);
#5128 = FACE_BOUND('',#5129,.F.);
#5129 = EDGE_LOOP('',(#5130,#5131,#5132,#5133));
#5130 = ORIENTED_EDGE('',*,*,#5116,.F.);
#5131 = ORIENTED_EDGE('',*,*,#4806,.T.);
#5132 = ORIENTED_EDGE('',*,*,#4891,.T.);
#5133 = ORIENTED_EDGE('',*,*,#405,.F.);
#5134 = B_SPLINE_SURFACE_WITH_KNOTS('',3,1,(
    (#5135,#5136)
    ,(#5137,#5138)
    ,(#5139,#5140)
    ,(#5141,#5142
    )),.UNSPECIFIED.,.F.,.F.,.F.,(4,4),(2,2),(1.,2.),(0.,1.),
  .PIECEWISE_BEZIER_KNOTS.);
#5135 = CARTESIAN_POINT('',(-0.135156299434,3.3005,1.375277369011));
#5136 = CARTESIAN_POINT('',(-0.135156299434,3.2995,1.375277369011));
#5137 = CARTESIAN_POINT('',(-0.135391886732,3.3005,1.408494436709));
#5138 = CARTESIAN_POINT('',(-0.135391886732,3.2995,1.408494436709));
#5139 = CARTESIAN_POINT('',(-0.119698065991,3.3005,1.425121273925));
#5140 = CARTESIAN_POINT('',(-0.119698065991,3.2995,1.425121273925));
#5141 = CARTESIAN_POINT('',(-8.812308497432E-02,3.3005,1.425345214959));
#5142 = CARTESIAN_POINT('',(-8.812308497432E-02,3.2995,1.425345214959));
#5143 = ADVANCED_FACE('',(#5144),#5168,.T.);
#5144 = FACE_BOUND('',#5145,.T.);
#5145 = EDGE_LOOP('',(#5146,#5157,#5162,#5163));
#5146 = ORIENTED_EDGE('',*,*,#5147,.F.);
#5147 = EDGE_CURVE('',#5148,#5150,#5152,.T.);
#5148 = VERTEX_POINT('',#5149);
#5149 = CARTESIAN_POINT('',(-8.13224721766E-02,3.2995,1.352950322549));
#5150 = VERTEX_POINT('',#5151);
#5151 = CARTESIAN_POINT('',(-5.902669378174E-02,3.2995,1.345038363135));
#5152 = B_SPLINE_CURVE_WITH_KNOTS('',3,(#5153,#5154,#5155,#5156),
  .UNSPECIFIED.,.F.,.F.,(4,4),(0.,1.),.PIECEWISE_BEZIER_KNOTS.);
#5153 = CARTESIAN_POINT('',(-8.13224721766E-02,3.2995,1.352950322549));
#5154 = CARTESIAN_POINT('',(-7.056788560041E-02,3.2995,1.351525186002));
#5155 = CARTESIAN_POINT('',(-6.313640313561E-02,3.2995,1.348950421881));
#5156 = CARTESIAN_POINT('',(-5.902669378174E-02,3.2995,1.345038363135));
#5157 = ORIENTED_EDGE('',*,*,#5158,.F.);
#5158 = EDGE_CURVE('',#4827,#5148,#5159,.T.);
#5159 = B_SPLINE_CURVE_WITH_KNOTS('',1,(#5160,#5161),.UNSPECIFIED.,.F.,
  .F.,(2,2),(-0.,1.E-03),.PIECEWISE_BEZIER_KNOTS.);
#5160 = CARTESIAN_POINT('',(-8.13224721766E-02,3.3005,1.352950322549));
#5161 = CARTESIAN_POINT('',(-8.13224721766E-02,3.2995,1.352950322549));
#5162 = ORIENTED_EDGE('',*,*,#4826,.T.);
#5163 = ORIENTED_EDGE('',*,*,#5164,.T.);
#5164 = EDGE_CURVE('',#4816,#5150,#5165,.T.);
#5165 = B_SPLINE_CURVE_WITH_KNOTS('',1,(#5166,#5167),.UNSPECIFIED.,.F.,
  .F.,(2,2),(-0.,1.E-03),.PIECEWISE_BEZIER_KNOTS.);
#5166 = CARTESIAN_POINT('',(-5.902669378174E-02,3.3005,1.345038363135));
#5167 = CARTESIAN_POINT('',(-5.902669378174E-02,3.2995,1.345038363135));
#5168 = B_SPLINE_SURFACE_WITH_KNOTS('',3,1,(
    (#5169,#5170)
    ,(#5171,#5172)
    ,(#5173,#5174)
    ,(#5175,#5176
    )),.UNSPECIFIED.,.F.,.F.,.F.,(4,4),(2,2),(0.,1.),(0.,1.),
  .PIECEWISE_BEZIER_KNOTS.);
#5169 = CARTESIAN_POINT('',(-8.13224721766E-02,3.3005,1.352950322549));
#5170 = CARTESIAN_POINT('',(-8.13224721766E-02,3.2995,1.352950322549));
#5171 = CARTESIAN_POINT('',(-7.056788560041E-02,3.3005,1.351525186002));
#5172 = CARTESIAN_POINT('',(-7.056788560041E-02,3.2995,1.351525186002));
#5173 = CARTESIAN_POINT('',(-6.313640313561E-02,3.3005,1.348950421881));
#5174 = CARTESIAN_POINT('',(-6.313640313561E-02,3.2995,1.348950421881));
#5175 = CARTESIAN_POINT('',(-5.902669378174E-02,3.3005,1.345038363135));
#5176 = CARTESIAN_POINT('',(-5.902669378174E-02,3.2995,1.345038363135));
#5177 = ADVANCED_FACE('',(#5178),#5196,.T.);
#5178 = FACE_BOUND('',#5179,.T.);
#5179 = EDGE_LOOP('',(#5180,#5189,#5190,#5191));
#5180 = ORIENTED_EDGE('',*,*,#5181,.F.);
#5181 = EDGE_CURVE('',#5150,#5182,#5184,.T.);
#5182 = VERTEX_POINT('',#5183);
#5183 = CARTESIAN_POINT('',(-5.280972103555E-02,3.2995,1.328473086842));
#5184 = B_SPLINE_CURVE_WITH_KNOTS('',3,(#5185,#5186,#5187,#5188),
  .UNSPECIFIED.,.F.,.F.,(4,4),(1.,2.),.PIECEWISE_BEZIER_KNOTS.);
#5185 = CARTESIAN_POINT('',(-5.902669378174E-02,3.2995,1.345038363135));
#5186 = CARTESIAN_POINT('',(-5.496390118947E-02,3.2995,1.341125971641));
#5187 = CARTESIAN_POINT('',(-5.286029909967E-02,3.2995,1.33560443471));
#5188 = CARTESIAN_POINT('',(-5.280972103555E-02,3.2995,1.328473086842));
#5189 = ORIENTED_EDGE('',*,*,#5164,.F.);
#5190 = ORIENTED_EDGE('',*,*,#4815,.T.);
#5191 = ORIENTED_EDGE('',*,*,#5192,.T.);
#5192 = EDGE_CURVE('',#4818,#5182,#5193,.T.);
#5193 = B_SPLINE_CURVE_WITH_KNOTS('',1,(#5194,#5195),.UNSPECIFIED.,.F.,
  .F.,(2,2),(-0.,1.E-03),.PIECEWISE_BEZIER_KNOTS.);
#5194 = CARTESIAN_POINT('',(-5.280972103555E-02,3.3005,1.328473086842));
#5195 = CARTESIAN_POINT('',(-5.280972103555E-02,3.2995,1.328473086842));
#5196 = B_SPLINE_SURFACE_WITH_KNOTS('',3,1,(
    (#5197,#5198)
    ,(#5199,#5200)
    ,(#5201,#5202)
    ,(#5203,#5204
    )),.UNSPECIFIED.,.F.,.F.,.F.,(4,4),(2,2),(1.,2.),(0.,1.),
  .PIECEWISE_BEZIER_KNOTS.);
#5197 = CARTESIAN_POINT('',(-5.902669378174E-02,3.3005,1.345038363135));
#5198 = CARTESIAN_POINT('',(-5.902669378174E-02,3.2995,1.345038363135));
#5199 = CARTESIAN_POINT('',(-5.496390118947E-02,3.3005,1.341125971641));
#5200 = CARTESIAN_POINT('',(-5.496390118947E-02,3.2995,1.341125971641));
#5201 = CARTESIAN_POINT('',(-5.286029909967E-02,3.3005,1.33560443471));
#5202 = CARTESIAN_POINT('',(-5.286029909967E-02,3.2995,1.33560443471));
#5203 = CARTESIAN_POINT('',(-5.280972103555E-02,3.3005,1.328473086842));
#5204 = CARTESIAN_POINT('',(-5.280972103555E-02,3.2995,1.328473086842));
#5205 = ADVANCED_FACE('',(#5206),#5224,.T.);
#5206 = FACE_BOUND('',#5207,.T.);
#5207 = EDGE_LOOP('',(#5208,#5217,#5218,#5219));
#5208 = ORIENTED_EDGE('',*,*,#5209,.F.);
#5209 = EDGE_CURVE('',#5182,#5210,#5212,.T.);
#5210 = VERTEX_POINT('',#5211);
#5211 = CARTESIAN_POINT('',(-5.936342464227E-02,3.2995,1.313130971777));
#5212 = B_SPLINE_CURVE_WITH_KNOTS('',3,(#5213,#5214,#5215,#5216),
  .UNSPECIFIED.,.F.,.F.,(4,4),(2.,3.),.PIECEWISE_BEZIER_KNOTS.);
#5213 = CARTESIAN_POINT('',(-5.280972103555E-02,3.2995,1.328473086842));
#5214 = CARTESIAN_POINT('',(-5.276513247903E-02,3.2995,1.322186240697));
#5215 = CARTESIAN_POINT('',(-5.493428326081E-02,3.2995,1.3171035911));
#5216 = CARTESIAN_POINT('',(-5.936342464227E-02,3.2995,1.313130971777));
#5217 = ORIENTED_EDGE('',*,*,#5192,.F.);
#5218 = ORIENTED_EDGE('',*,*,#4876,.T.);
#5219 = ORIENTED_EDGE('',*,*,#5220,.T.);
#5220 = EDGE_CURVE('',#4868,#5210,#5221,.T.);
#5221 = B_SPLINE_CURVE_WITH_KNOTS('',1,(#5222,#5223),.UNSPECIFIED.,.F.,
  .F.,(2,2),(-0.,1.E-03),.PIECEWISE_BEZIER_KNOTS.);
#5222 = CARTESIAN_POINT('',(-5.936342464227E-02,3.3005,1.313130971777));
#5223 = CARTESIAN_POINT('',(-5.936342464227E-02,3.2995,1.313130971777));
#5224 = B_SPLINE_SURFACE_WITH_KNOTS('',3,1,(
    (#5225,#5226)
    ,(#5227,#5228)
    ,(#5229,#5230)
    ,(#5231,#5232
    )),.UNSPECIFIED.,.F.,.F.,.F.,(4,4),(2,2),(2.,3.),(0.,1.),
  .PIECEWISE_BEZIER_KNOTS.);
#5225 = CARTESIAN_POINT('',(-5.280972103555E-02,3.3005,1.328473086842));
#5226 = CARTESIAN_POINT('',(-5.280972103555E-02,3.2995,1.328473086842));
#5227 = CARTESIAN_POINT('',(-5.276513247903E-02,3.3005,1.322186240697));
#5228 = CARTESIAN_POINT('',(-5.276513247903E-02,3.2995,1.322186240697));
#5229 = CARTESIAN_POINT('',(-5.493428326081E-02,3.3005,1.3171035911));
#5230 = CARTESIAN_POINT('',(-5.493428326081E-02,3.2995,1.3171035911));
#5231 = CARTESIAN_POINT('',(-5.936342464227E-02,3.3005,1.313130971777));
#5232 = CARTESIAN_POINT('',(-5.936342464227E-02,3.2995,1.313130971777));
#5233 = ADVANCED_FACE('',(#5234),#5252,.T.);
#5234 = FACE_BOUND('',#5235,.T.);
#5235 = EDGE_LOOP('',(#5236,#5245,#5246,#5247));
#5236 = ORIENTED_EDGE('',*,*,#5237,.F.);
#5237 = EDGE_CURVE('',#5210,#5238,#5240,.T.);
#5238 = VERTEX_POINT('',#5239);
#5239 = CARTESIAN_POINT('',(-7.686836718337E-02,3.2995,1.307095011072));
#5240 = B_SPLINE_CURVE_WITH_KNOTS('',3,(#5241,#5242,#5243,#5244),
  .UNSPECIFIED.,.F.,.F.,(4,4),(3.,4.),.PIECEWISE_BEZIER_KNOTS.);
#5241 = CARTESIAN_POINT('',(-5.936342464227E-02,3.2995,1.313130971777));
#5242 = CARTESIAN_POINT('',(-6.374564926152E-02,3.2995,1.309158685207));
#5243 = CARTESIAN_POINT('',(-6.959626902888E-02,3.2995,1.307146587388));
#5244 = CARTESIAN_POINT('',(-7.686836718337E-02,3.2995,1.307095011072));
#5245 = ORIENTED_EDGE('',*,*,#5220,.F.);
#5246 = ORIENTED_EDGE('',*,*,#4867,.T.);
#5247 = ORIENTED_EDGE('',*,*,#5248,.T.);
#5248 = EDGE_CURVE('',#4859,#5238,#5249,.T.);
#5249 = B_SPLINE_CURVE_WITH_KNOTS('',1,(#5250,#5251),.UNSPECIFIED.,.F.,
  .F.,(2,2),(-0.,1.E-03),.PIECEWISE_BEZIER_KNOTS.);
#5250 = CARTESIAN_POINT('',(-7.686836718337E-02,3.3005,1.307095011072));
#5251 = CARTESIAN_POINT('',(-7.686836718337E-02,3.2995,1.307095011072));
#5252 = B_SPLINE_SURFACE_WITH_KNOTS('',3,1,(
    (#5253,#5254)
    ,(#5255,#5256)
    ,(#5257,#5258)
    ,(#5259,#5260
    )),.UNSPECIFIED.,.F.,.F.,.F.,(4,4),(2,2),(3.,4.),(0.,1.),
  .PIECEWISE_BEZIER_KNOTS.);
#5253 = CARTESIAN_POINT('',(-5.936342464227E-02,3.3005,1.313130971777));
#5254 = CARTESIAN_POINT('',(-5.936342464227E-02,3.2995,1.313130971777));
#5255 = CARTESIAN_POINT('',(-6.374564926152E-02,3.3005,1.309158685207));
#5256 = CARTESIAN_POINT('',(-6.374564926152E-02,3.2995,1.309158685207));
#5257 = CARTESIAN_POINT('',(-6.959626902888E-02,3.3005,1.307146587388));
#5258 = CARTESIAN_POINT('',(-6.959626902888E-02,3.2995,1.307146587388));
#5259 = CARTESIAN_POINT('',(-7.686836718337E-02,3.3005,1.307095011072));
#5260 = CARTESIAN_POINT('',(-7.686836718337E-02,3.2995,1.307095011072));
#5261 = ADVANCED_FACE('',(#5262),#5280,.T.);
#5262 = FACE_BOUND('',#5263,.T.);
#5263 = EDGE_LOOP('',(#5264,#5273,#5274,#5275));
#5264 = ORIENTED_EDGE('',*,*,#5265,.F.);
#5265 = EDGE_CURVE('',#5238,#5266,#5268,.T.);
#5266 = VERTEX_POINT('',#5267);
#5267 = CARTESIAN_POINT('',(-0.101903951814,3.2995,1.317615009649));
#5268 = B_SPLINE_CURVE_WITH_KNOTS('',3,(#5269,#5270,#5271,#5272),
  .UNSPECIFIED.,.F.,.F.,(4,4),(4.,5.),.PIECEWISE_BEZIER_KNOTS.);
#5269 = CARTESIAN_POINT('',(-7.686836718337E-02,3.2995,1.307095011072));
#5270 = CARTESIAN_POINT('',(-8.69554710742E-02,3.2995,1.307023469732));
#5271 = CARTESIAN_POINT('',(-9.533194379267E-02,3.2995,1.31052991409));
#5272 = CARTESIAN_POINT('',(-0.101903951814,3.2995,1.317615009649));
#5273 = ORIENTED_EDGE('',*,*,#5248,.F.);
#5274 = ORIENTED_EDGE('',*,*,#4858,.T.);
#5275 = ORIENTED_EDGE('',*,*,#5276,.T.);
#5276 = EDGE_CURVE('',#4850,#5266,#5277,.T.);
#5277 = B_SPLINE_CURVE_WITH_KNOTS('',1,(#5278,#5279),.UNSPECIFIED.,.F.,
  .F.,(2,2),(-0.,1.E-03),.PIECEWISE_BEZIER_KNOTS.);
#5278 = CARTESIAN_POINT('',(-0.101903951814,3.3005,1.317615009649));
#5279 = CARTESIAN_POINT('',(-0.101903951814,3.2995,1.317615009649));
#5280 = B_SPLINE_SURFACE_WITH_KNOTS('',3,1,(
    (#5281,#5282)
    ,(#5283,#5284)
    ,(#5285,#5286)
    ,(#5287,#5288
    )),.UNSPECIFIED.,.F.,.F.,.F.,(4,4),(2,2),(4.,5.),(0.,1.),
  .PIECEWISE_BEZIER_KNOTS.);
#5281 = CARTESIAN_POINT('',(-7.686836718337E-02,3.3005,1.307095011072));
#5282 = CARTESIAN_POINT('',(-7.686836718337E-02,3.2995,1.307095011072));
#5283 = CARTESIAN_POINT('',(-8.69554710742E-02,3.3005,1.307023469732));
#5284 = CARTESIAN_POINT('',(-8.69554710742E-02,3.2995,1.307023469732));
#5285 = CARTESIAN_POINT('',(-9.533194379267E-02,3.3005,1.31052991409));
#5286 = CARTESIAN_POINT('',(-9.533194379267E-02,3.2995,1.31052991409));
#5287 = CARTESIAN_POINT('',(-0.101903951814,3.3005,1.317615009649));
#5288 = CARTESIAN_POINT('',(-0.101903951814,3.2995,1.317615009649));
#5289 = ADVANCED_FACE('',(#5290),#5308,.T.);
#5290 = FACE_BOUND('',#5291,.T.);
#5291 = EDGE_LOOP('',(#5292,#5301,#5302,#5303));
#5292 = ORIENTED_EDGE('',*,*,#5293,.F.);
#5293 = EDGE_CURVE('',#5266,#5294,#5296,.T.);
#5294 = VERTEX_POINT('',#5295);
#5295 = CARTESIAN_POINT('',(-0.111946139634,3.2995,1.344287686562));
#5296 = B_SPLINE_CURVE_WITH_KNOTS('',3,(#5297,#5298,#5299,#5300),
  .UNSPECIFIED.,.F.,.F.,(4,4),(5.,6.),.PIECEWISE_BEZIER_KNOTS.);
#5297 = CARTESIAN_POINT('',(-0.101903951814,3.2995,1.317615009649));
#5298 = CARTESIAN_POINT('',(-0.108522211097,3.2995,1.324605938932));
#5299 = CARTESIAN_POINT('',(-0.111869607037,3.2995,1.333496831236));
#5300 = CARTESIAN_POINT('',(-0.111946139634,3.2995,1.344287686562));
#5301 = ORIENTED_EDGE('',*,*,#5276,.F.);
#5302 = ORIENTED_EDGE('',*,*,#4849,.T.);
#5303 = ORIENTED_EDGE('',*,*,#5304,.T.);
#5304 = EDGE_CURVE('',#4843,#5294,#5305,.T.);
#5305 = B_SPLINE_CURVE_WITH_KNOTS('',1,(#5306,#5307),.UNSPECIFIED.,.F.,
  .F.,(2,2),(-0.,1.E-03),.PIECEWISE_BEZIER_KNOTS.);
#5306 = CARTESIAN_POINT('',(-0.111946139634,3.3005,1.344287686562));
#5307 = CARTESIAN_POINT('',(-0.111946139634,3.2995,1.344287686562));
#5308 = B_SPLINE_SURFACE_WITH_KNOTS('',3,1,(
    (#5309,#5310)
    ,(#5311,#5312)
    ,(#5313,#5314)
    ,(#5315,#5316
    )),.UNSPECIFIED.,.F.,.F.,.F.,(4,4),(2,2),(5.,6.),(0.,1.),
  .PIECEWISE_BEZIER_KNOTS.);
#5309 = CARTESIAN_POINT('',(-0.101903951814,3.3005,1.317615009649));
#5310 = CARTESIAN_POINT('',(-0.101903951814,3.2995,1.317615009649));
#5311 = CARTESIAN_POINT('',(-0.108522211097,3.3005,1.324605938932));
#5312 = CARTESIAN_POINT('',(-0.108522211097,3.2995,1.324605938932));
#5313 = CARTESIAN_POINT('',(-0.111869607037,3.3005,1.333496831236));
#5314 = CARTESIAN_POINT('',(-0.111869607037,3.2995,1.333496831236));
#5315 = CARTESIAN_POINT('',(-0.111946139634,3.3005,1.344287686562));
#5316 = CARTESIAN_POINT('',(-0.111946139634,3.2995,1.344287686562));
#5317 = ADVANCED_FACE('',(#5318),#5334,.T.);
#5318 = FACE_BOUND('',#5319,.T.);
#5319 = EDGE_LOOP('',(#5320,#5327,#5328,#5329));
#5320 = ORIENTED_EDGE('',*,*,#5321,.F.);
#5321 = EDGE_CURVE('',#5294,#5322,#5324,.T.);
#5322 = VERTEX_POINT('',#5323);
#5323 = CARTESIAN_POINT('',(-0.112035316748,3.2995,1.356861378855));
#5324 = B_SPLINE_CURVE_WITH_KNOTS('',1,(#5325,#5326),.UNSPECIFIED.,.F.,
  .F.,(2,2),(0.,1.257400852677E-02),.PIECEWISE_BEZIER_KNOTS.);
#5325 = CARTESIAN_POINT('',(-0.111946139634,3.2995,1.344287686562));
#5326 = CARTESIAN_POINT('',(-0.112035316748,3.2995,1.356861378855));
#5327 = ORIENTED_EDGE('',*,*,#5304,.F.);
#5328 = ORIENTED_EDGE('',*,*,#4842,.T.);
#5329 = ORIENTED_EDGE('',*,*,#5330,.T.);
#5330 = EDGE_CURVE('',#4836,#5322,#5331,.T.);
#5331 = B_SPLINE_CURVE_WITH_KNOTS('',1,(#5332,#5333),.UNSPECIFIED.,.F.,
  .F.,(2,2),(-0.,1.E-03),.PIECEWISE_BEZIER_KNOTS.);
#5332 = CARTESIAN_POINT('',(-0.112035316748,3.3005,1.356861378855));
#5333 = CARTESIAN_POINT('',(-0.112035316748,3.2995,1.356861378855));
#5334 = B_SPLINE_SURFACE_WITH_KNOTS('',1,1,(
    (#5335,#5336)
    ,(#5337,#5338
    )),.UNSPECIFIED.,.F.,.F.,.F.,(2,2),(2,2),(-1.257400852677E-02,
    3.851859888776E-37),(-1.E-03,9.223398874292E-34),
  .PIECEWISE_BEZIER_KNOTS.);
#5335 = CARTESIAN_POINT('',(-0.112035316748,3.2995,1.356861378855));
#5336 = CARTESIAN_POINT('',(-0.112035316748,3.3005,1.356861378855));
#5337 = CARTESIAN_POINT('',(-0.111946139634,3.2995,1.344287686562));
#5338 = CARTESIAN_POINT('',(-0.111946139634,3.3005,1.344287686562));
#5339 = ADVANCED_FACE('',(#5340),#5350,.T.);
#5340 = FACE_BOUND('',#5341,.T.);
#5341 = EDGE_LOOP('',(#5342,#5347,#5348,#5349));
#5342 = ORIENTED_EDGE('',*,*,#5343,.F.);
#5343 = EDGE_CURVE('',#5322,#5148,#5344,.T.);
#5344 = B_SPLINE_CURVE_WITH_KNOTS('',1,(#5345,#5346),.UNSPECIFIED.,.F.,
  .F.,(2,2),(0.,3.096086534744E-02),.PIECEWISE_BEZIER_KNOTS.);
#5345 = CARTESIAN_POINT('',(-0.112035316748,3.2995,1.356861378855));
#5346 = CARTESIAN_POINT('',(-8.13224721766E-02,3.2995,1.352950322549));
#5347 = ORIENTED_EDGE('',*,*,#5330,.F.);
#5348 = ORIENTED_EDGE('',*,*,#4835,.T.);
#5349 = ORIENTED_EDGE('',*,*,#5158,.T.);
#5350 = B_SPLINE_SURFACE_WITH_KNOTS('',1,1,(
    (#5351,#5352)
    ,(#5353,#5354
    )),.UNSPECIFIED.,.F.,.F.,.F.,(2,2),(2,2),(-3.096086534744E-02,
    1.365735700392E-19),(-1.E-03,3.611118645726E-35),
  .PIECEWISE_BEZIER_KNOTS.);
#5351 = CARTESIAN_POINT('',(-8.13224721766E-02,3.2995,1.352950322549));
#5352 = CARTESIAN_POINT('',(-8.13224721766E-02,3.3005,1.352950322549));
#5353 = CARTESIAN_POINT('',(-0.112035316748,3.2995,1.356861378855));
#5354 = CARTESIAN_POINT('',(-0.112035316748,3.3005,1.356861378855));
#5355 = ADVANCED_FACE('',(#5356),#5366,.F.);
#5356 = FACE_BOUND('',#5357,.T.);
#5357 = EDGE_LOOP('',(#5358,#5359,#5360,#5361,#5362,#5363,#5364,#5365));
#5358 = ORIENTED_EDGE('',*,*,#5343,.T.);
#5359 = ORIENTED_EDGE('',*,*,#5147,.T.);
#5360 = ORIENTED_EDGE('',*,*,#5181,.T.);
#5361 = ORIENTED_EDGE('',*,*,#5209,.T.);
#5362 = ORIENTED_EDGE('',*,*,#5237,.T.);
#5363 = ORIENTED_EDGE('',*,*,#5265,.T.);
#5364 = ORIENTED_EDGE('',*,*,#5293,.T.);
#5365 = ORIENTED_EDGE('',*,*,#5321,.T.);
#5366 = B_SPLINE_SURFACE_WITH_KNOTS('',1,1,(
    (#5367,#5368)
    ,(#5369,#5370
    )),.UNSPECIFIED.,.F.,.F.,.F.,(2,2),(2,2),(1.743138721145,
    1.792976630268),(3.187964683252,3.247234867521),
  .PIECEWISE_BEZIER_KNOTS.);
#5367 = CARTESIAN_POINT('',(-0.112035316748,3.2995,1.356861378855));
#5368 = CARTESIAN_POINT('',(-5.276513247903E-02,3.2995,1.356861378855));
#5369 = CARTESIAN_POINT('',(-0.112035316748,3.2995,1.307023469732));
#5370 = CARTESIAN_POINT('',(-5.276513247903E-02,3.2995,1.307023469732));
#5371 = ADVANCED_FACE('',(#5372),#5396,.F.);
#5372 = FACE_BOUND('',#5373,.F.);
#5373 = EDGE_LOOP('',(#5374,#5381,#5390,#5395));
#5374 = ORIENTED_EDGE('',*,*,#5375,.F.);
#5375 = EDGE_CURVE('',#5376,#998,#5378,.T.);
#5376 = VERTEX_POINT('',#5377);
#5377 = CARTESIAN_POINT('',(-0.203636793374,3.3005,1.306102085908));
#5378 = B_SPLINE_CURVE_WITH_KNOTS('',1,(#5379,#5380),.UNSPECIFIED.,.F.,
  .F.,(2,2),(-0.,1.E-03),.PIECEWISE_BEZIER_KNOTS.);
#5379 = CARTESIAN_POINT('',(-0.203636793374,3.3005,1.306102085908));
#5380 = CARTESIAN_POINT('',(-0.203636793374,3.2995,1.306102085908));
#5381 = ORIENTED_EDGE('',*,*,#5382,.T.);
#5382 = EDGE_CURVE('',#5376,#5383,#5385,.T.);
#5383 = VERTEX_POINT('',#5384);
#5384 = CARTESIAN_POINT('',(-0.165911725587,3.3005,1.319037808564));
#5385 = B_SPLINE_CURVE_WITH_KNOTS('',3,(#5386,#5387,#5388,#5389),
  .UNSPECIFIED.,.F.,.F.,(4,4),(0.,1.),.PIECEWISE_BEZIER_KNOTS.);
#5386 = CARTESIAN_POINT('',(-0.203636793374,3.3005,1.306102085908));
#5387 = CARTESIAN_POINT('',(-0.190124765836,3.3005,1.30619791803));
#5388 = CARTESIAN_POINT('',(-0.177581021082,3.3005,1.310509603748));
#5389 = CARTESIAN_POINT('',(-0.165911725587,3.3005,1.319037808564));
#5390 = ORIENTED_EDGE('',*,*,#5391,.T.);
#5391 = EDGE_CURVE('',#5383,#1000,#5392,.T.);
#5392 = B_SPLINE_CURVE_WITH_KNOTS('',1,(#5393,#5394),.UNSPECIFIED.,.F.,
  .F.,(2,2),(-0.,1.E-03),.PIECEWISE_BEZIER_KNOTS.);
#5393 = CARTESIAN_POINT('',(-0.165911725587,3.3005,1.319037808564));
#5394 = CARTESIAN_POINT('',(-0.165911725587,3.2995,1.319037808564));
#5395 = ORIENTED_EDGE('',*,*,#997,.F.);
#5396 = B_SPLINE_SURFACE_WITH_KNOTS('',3,1,(
    (#5397,#5398)
    ,(#5399,#5400)
    ,(#5401,#5402)
    ,(#5403,#5404
    )),.UNSPECIFIED.,.F.,.F.,.F.,(4,4),(2,2),(0.,1.),(0.,1.),
  .PIECEWISE_BEZIER_KNOTS.);
#5397 = CARTESIAN_POINT('',(-0.203636793374,3.3005,1.306102085908));
#5398 = CARTESIAN_POINT('',(-0.203636793374,3.2995,1.306102085908));
#5399 = CARTESIAN_POINT('',(-0.190124765836,3.3005,1.30619791803));
#5400 = CARTESIAN_POINT('',(-0.190124765836,3.2995,1.30619791803));
#5401 = CARTESIAN_POINT('',(-0.177581021082,3.3005,1.310509603748));
#5402 = CARTESIAN_POINT('',(-0.177581021082,3.2995,1.310509603748));
#5403 = CARTESIAN_POINT('',(-0.165911725587,3.3005,1.319037808564));
#5404 = CARTESIAN_POINT('',(-0.165911725587,3.2995,1.319037808564));
#5405 = ADVANCED_FACE('',(#5406),#5422,.F.);
#5406 = FACE_BOUND('',#5407,.T.);
#5407 = EDGE_LOOP('',(#5408,#5409,#5416,#5421));
#5408 = ORIENTED_EDGE('',*,*,#1177,.T.);
#5409 = ORIENTED_EDGE('',*,*,#5410,.F.);
#5410 = EDGE_CURVE('',#5411,#1169,#5413,.T.);
#5411 = VERTEX_POINT('',#5412);
#5412 = CARTESIAN_POINT('',(-0.165743353873,3.3005,1.295297926849));
#5413 = B_SPLINE_CURVE_WITH_KNOTS('',1,(#5414,#5415),.UNSPECIFIED.,.F.,
  .F.,(2,2),(-0.,1.000000000001E-03),.PIECEWISE_BEZIER_KNOTS.);
#5414 = CARTESIAN_POINT('',(-0.165743353873,3.3005,1.295297926849));
#5415 = CARTESIAN_POINT('',(-0.165743353873,3.2995,1.295297926849));
#5416 = ORIENTED_EDGE('',*,*,#5417,.F.);
#5417 = EDGE_CURVE('',#5383,#5411,#5418,.T.);
#5418 = B_SPLINE_CURVE_WITH_KNOTS('',1,(#5419,#5420),.UNSPECIFIED.,.F.,
  .F.,(2,2),(-2.374047878356E-02,0.),.PIECEWISE_BEZIER_KNOTS.);
#5419 = CARTESIAN_POINT('',(-0.165911725587,3.3005,1.319037808564));
#5420 = CARTESIAN_POINT('',(-0.165743353873,3.3005,1.295297926849));
#5421 = ORIENTED_EDGE('',*,*,#5391,.T.);
#5422 = B_SPLINE_SURFACE_WITH_KNOTS('',1,1,(
    (#5423,#5424)
    ,(#5425,#5426
    )),.UNSPECIFIED.,.F.,.F.,.F.,(2,2),(2,2),(0.,2.374047878356E-02),(
    -1.000000000001E-03,1.128474576789E-33),.PIECEWISE_BEZIER_KNOTS.);
#5423 = CARTESIAN_POINT('',(-0.165743353873,3.2995,1.295297926849));
#5424 = CARTESIAN_POINT('',(-0.165743353873,3.3005,1.295297926849));
#5425 = CARTESIAN_POINT('',(-0.165911725587,3.2995,1.319037808564));
#5426 = CARTESIAN_POINT('',(-0.165911725587,3.3005,1.319037808564));
#5427 = ADVANCED_FACE('',(#5428),#5446,.F.);
#5428 = FACE_BOUND('',#5429,.F.);
#5429 = EDGE_LOOP('',(#5430,#5431,#5440,#5445));
#5430 = ORIENTED_EDGE('',*,*,#5410,.F.);
#5431 = ORIENTED_EDGE('',*,*,#5432,.T.);
#5432 = EDGE_CURVE('',#5411,#5433,#5435,.T.);
#5433 = VERTEX_POINT('',#5434);
#5434 = CARTESIAN_POINT('',(-0.201251688616,3.3005,1.287351353015));
#5435 = B_SPLINE_CURVE_WITH_KNOTS('',3,(#5436,#5437,#5438,#5439),
  .UNSPECIFIED.,.F.,.F.,(4,4),(19.,20.),.PIECEWISE_BEZIER_KNOTS.);
#5436 = CARTESIAN_POINT('',(-0.165743353873,3.3005,1.295297926849));
#5437 = CARTESIAN_POINT('',(-0.175841437481,3.3005,1.290159042431));
#5438 = CARTESIAN_POINT('',(-0.187645827553,3.3005,1.287447850637));
#5439 = CARTESIAN_POINT('',(-0.201251688616,3.3005,1.287351353015));
#5440 = ORIENTED_EDGE('',*,*,#5441,.T.);
#5441 = EDGE_CURVE('',#5433,#1160,#5442,.T.);
#5442 = B_SPLINE_CURVE_WITH_KNOTS('',1,(#5443,#5444),.UNSPECIFIED.,.F.,
  .F.,(2,2),(-0.,1.000000000001E-03),.PIECEWISE_BEZIER_KNOTS.);
#5443 = CARTESIAN_POINT('',(-0.201251688616,3.3005,1.287351353015));
#5444 = CARTESIAN_POINT('',(-0.201251688616,3.2995,1.287351353015));
#5445 = ORIENTED_EDGE('',*,*,#1168,.F.);
#5446 = B_SPLINE_SURFACE_WITH_KNOTS('',3,1,(
    (#5447,#5448)
    ,(#5449,#5450)
    ,(#5451,#5452)
    ,(#5453,#5454
    )),.UNSPECIFIED.,.F.,.F.,.F.,(4,4),(2,2),(19.,20.),(0.,1.),
  .PIECEWISE_BEZIER_KNOTS.);
#5447 = CARTESIAN_POINT('',(-0.165743353873,3.3005,1.295297926849));
#5448 = CARTESIAN_POINT('',(-0.165743353873,3.2995,1.295297926849));
#5449 = CARTESIAN_POINT('',(-0.175841437481,3.3005,1.290159042431));
#5450 = CARTESIAN_POINT('',(-0.175841437481,3.2995,1.290159042431));
#5451 = CARTESIAN_POINT('',(-0.187645827553,3.3005,1.287447850637));
#5452 = CARTESIAN_POINT('',(-0.187645827553,3.2995,1.287447850637));
#5453 = CARTESIAN_POINT('',(-0.201251688616,3.3005,1.287351353015));
#5454 = CARTESIAN_POINT('',(-0.201251688616,3.2995,1.287351353015));
#5455 = ADVANCED_FACE('',(#5456),#5474,.F.);
#5456 = FACE_BOUND('',#5457,.F.);
#5457 = EDGE_LOOP('',(#5458,#5459,#5468,#5473));
#5458 = ORIENTED_EDGE('',*,*,#5441,.F.);
#5459 = ORIENTED_EDGE('',*,*,#5460,.T.);
#5460 = EDGE_CURVE('',#5433,#5461,#5463,.T.);
#5461 = VERTEX_POINT('',#5462);
#5462 = CARTESIAN_POINT('',(-0.239515803708,3.3005,1.297496015398));
#5463 = B_SPLINE_CURVE_WITH_KNOTS('',3,(#5464,#5465,#5466,#5467),
  .UNSPECIFIED.,.F.,.F.,(4,4),(18.,19.),.PIECEWISE_BEZIER_KNOTS.);
#5464 = CARTESIAN_POINT('',(-0.201251688616,3.3005,1.287351353015));
#5465 = CARTESIAN_POINT('',(-0.216874970456,3.3005,1.287240547124));
#5466 = CARTESIAN_POINT('',(-0.229660953328,3.3005,1.290621879418));
#5467 = CARTESIAN_POINT('',(-0.239515803708,3.3005,1.297496015398));
#5468 = ORIENTED_EDGE('',*,*,#5469,.T.);
#5469 = EDGE_CURVE('',#5461,#1151,#5470,.T.);
#5470 = B_SPLINE_CURVE_WITH_KNOTS('',1,(#5471,#5472),.UNSPECIFIED.,.F.,
  .F.,(2,2),(-0.,1.000000000001E-03),.PIECEWISE_BEZIER_KNOTS.);
#5471 = CARTESIAN_POINT('',(-0.239515803708,3.3005,1.297496015398));
#5472 = CARTESIAN_POINT('',(-0.239515803708,3.2995,1.297496015398));
#5473 = ORIENTED_EDGE('',*,*,#1159,.F.);
#5474 = B_SPLINE_SURFACE_WITH_KNOTS('',3,1,(
    (#5475,#5476)
    ,(#5477,#5478)
    ,(#5479,#5480)
    ,(#5481,#5482
    )),.UNSPECIFIED.,.F.,.F.,.F.,(4,4),(2,2),(18.,19.),(0.,1.),
  .PIECEWISE_BEZIER_KNOTS.);
#5475 = CARTESIAN_POINT('',(-0.201251688616,3.3005,1.287351353015));
#5476 = CARTESIAN_POINT('',(-0.201251688616,3.2995,1.287351353015));
#5477 = CARTESIAN_POINT('',(-0.216874970456,3.3005,1.287240547124));
#5478 = CARTESIAN_POINT('',(-0.216874970456,3.2995,1.287240547124));
#5479 = CARTESIAN_POINT('',(-0.229660953328,3.3005,1.290621879418));
#5480 = CARTESIAN_POINT('',(-0.229660953328,3.2995,1.290621879418));
#5481 = CARTESIAN_POINT('',(-0.239515803708,3.3005,1.297496015398));
#5482 = CARTESIAN_POINT('',(-0.239515803708,3.2995,1.297496015398));
#5483 = ADVANCED_FACE('',(#5484),#5502,.F.);
#5484 = FACE_BOUND('',#5485,.F.);
#5485 = EDGE_LOOP('',(#5486,#5487,#5496,#5501));
#5486 = ORIENTED_EDGE('',*,*,#5469,.F.);
#5487 = ORIENTED_EDGE('',*,*,#5488,.T.);
#5488 = EDGE_CURVE('',#5461,#5489,#5491,.T.);
#5489 = VERTEX_POINT('',#5490);
#5490 = CARTESIAN_POINT('',(-0.254495565082,3.3005,1.325728923435));
#5491 = B_SPLINE_CURVE_WITH_KNOTS('',3,(#5492,#5493,#5494,#5495),
  .UNSPECIFIED.,.F.,.F.,(4,4),(17.,18.),.PIECEWISE_BEZIER_KNOTS.);
#5492 = CARTESIAN_POINT('',(-0.239515803708,3.3005,1.297496015398));
#5493 = CARTESIAN_POINT('',(-0.249416905349,3.3005,1.304275985104));
#5494 = CARTESIAN_POINT('',(-0.254410380974,3.3005,1.31371823229));
#5495 = CARTESIAN_POINT('',(-0.254495565082,3.3005,1.325728923435));
#5496 = ORIENTED_EDGE('',*,*,#5497,.T.);
#5497 = EDGE_CURVE('',#5489,#1142,#5498,.T.);
#5498 = B_SPLINE_CURVE_WITH_KNOTS('',1,(#5499,#5500),.UNSPECIFIED.,.F.,
  .F.,(2,2),(-0.,1.000000000001E-03),.PIECEWISE_BEZIER_KNOTS.);
#5499 = CARTESIAN_POINT('',(-0.254495565082,3.3005,1.325728923435));
#5500 = CARTESIAN_POINT('',(-0.254495565082,3.2995,1.325728923435));
#5501 = ORIENTED_EDGE('',*,*,#1150,.F.);
#5502 = B_SPLINE_SURFACE_WITH_KNOTS('',3,1,(
    (#5503,#5504)
    ,(#5505,#5506)
    ,(#5507,#5508)
    ,(#5509,#5510
    )),.UNSPECIFIED.,.F.,.F.,.F.,(4,4),(2,2),(17.,18.),(0.,1.),
  .PIECEWISE_BEZIER_KNOTS.);
#5503 = CARTESIAN_POINT('',(-0.239515803708,3.3005,1.297496015398));
#5504 = CARTESIAN_POINT('',(-0.239515803708,3.2995,1.297496015398));
#5505 = CARTESIAN_POINT('',(-0.249416905349,3.3005,1.304275985104));
#5506 = CARTESIAN_POINT('',(-0.249416905349,3.2995,1.304275985104));
#5507 = CARTESIAN_POINT('',(-0.254410380974,3.3005,1.31371823229));
#5508 = CARTESIAN_POINT('',(-0.254410380974,3.2995,1.31371823229));
#5509 = CARTESIAN_POINT('',(-0.254495565082,3.3005,1.325728923435));
#5510 = CARTESIAN_POINT('',(-0.254495565082,3.2995,1.325728923435));
#5511 = ADVANCED_FACE('',(#5512),#5530,.F.);
#5512 = FACE_BOUND('',#5513,.F.);
#5513 = EDGE_LOOP('',(#5514,#5515,#5524,#5529));
#5514 = ORIENTED_EDGE('',*,*,#5497,.F.);
#5515 = ORIENTED_EDGE('',*,*,#5516,.T.);
#5516 = EDGE_CURVE('',#5489,#5517,#5519,.T.);
#5517 = VERTEX_POINT('',#5518);
#5518 = CARTESIAN_POINT('',(-0.246954946763,3.3005,1.347459038679));
#5519 = B_SPLINE_CURVE_WITH_KNOTS('',3,(#5520,#5521,#5522,#5523),
  .UNSPECIFIED.,.F.,.F.,(4,4),(16.,17.),.PIECEWISE_BEZIER_KNOTS.);
#5520 = CARTESIAN_POINT('',(-0.254495565082,3.3005,1.325728923435));
#5521 = CARTESIAN_POINT('',(-0.25455679116,3.3005,1.334361607695));
#5522 = CARTESIAN_POINT('',(-0.252027612799,3.3005,1.341605090361));
#5523 = CARTESIAN_POINT('',(-0.246954946763,3.3005,1.347459038679));
#5524 = ORIENTED_EDGE('',*,*,#5525,.T.);
#5525 = EDGE_CURVE('',#5517,#1133,#5526,.T.);
#5526 = B_SPLINE_CURVE_WITH_KNOTS('',1,(#5527,#5528),.UNSPECIFIED.,.F.,
  .F.,(2,2),(-0.,1.000000000001E-03),.PIECEWISE_BEZIER_KNOTS.);
#5527 = CARTESIAN_POINT('',(-0.246954946763,3.3005,1.347459038679));
#5528 = CARTESIAN_POINT('',(-0.246954946763,3.2995,1.347459038679));
#5529 = ORIENTED_EDGE('',*,*,#1141,.F.);
#5530 = B_SPLINE_SURFACE_WITH_KNOTS('',3,1,(
    (#5531,#5532)
    ,(#5533,#5534)
    ,(#5535,#5536)
    ,(#5537,#5538
    )),.UNSPECIFIED.,.F.,.F.,.F.,(4,4),(2,2),(16.,17.),(0.,1.),
  .PIECEWISE_BEZIER_KNOTS.);
#5531 = CARTESIAN_POINT('',(-0.254495565082,3.3005,1.325728923435));
#5532 = CARTESIAN_POINT('',(-0.254495565082,3.2995,1.325728923435));
#5533 = CARTESIAN_POINT('',(-0.25455679116,3.3005,1.334361607695));
#5534 = CARTESIAN_POINT('',(-0.25455679116,3.2995,1.334361607695));
#5535 = CARTESIAN_POINT('',(-0.252027612799,3.3005,1.341605090361));
#5536 = CARTESIAN_POINT('',(-0.252027612799,3.2995,1.341605090361));
#5537 = CARTESIAN_POINT('',(-0.246954946763,3.3005,1.347459038679));
#5538 = CARTESIAN_POINT('',(-0.246954946763,3.2995,1.347459038679));
#5539 = ADVANCED_FACE('',(#5540),#5558,.F.);
#5540 = FACE_BOUND('',#5541,.F.);
#5541 = EDGE_LOOP('',(#5542,#5543,#5552,#5557));
#5542 = ORIENTED_EDGE('',*,*,#5525,.F.);
#5543 = ORIENTED_EDGE('',*,*,#5544,.T.);
#5544 = EDGE_CURVE('',#5517,#5545,#5547,.T.);
#5545 = VERTEX_POINT('',#5546);
#5546 = CARTESIAN_POINT('',(-0.217424008652,3.3005,1.364653204892));
#5547 = B_SPLINE_CURVE_WITH_KNOTS('',3,(#5548,#5549,#5550,#5551),
  .UNSPECIFIED.,.F.,.F.,(4,4),(15.,16.),.PIECEWISE_BEZIER_KNOTS.);
#5548 = CARTESIAN_POINT('',(-0.246954946763,3.3005,1.347459038679));
#5549 = CARTESIAN_POINT('',(-0.241835363964,3.3005,1.353313319749));
#5550 = CARTESIAN_POINT('',(-0.232023439436,3.3005,1.359107042336));
#5551 = CARTESIAN_POINT('',(-0.217424008652,3.3005,1.364653204892));
#5552 = ORIENTED_EDGE('',*,*,#5553,.T.);
#5553 = EDGE_CURVE('',#5545,#1124,#5554,.T.);
#5554 = B_SPLINE_CURVE_WITH_KNOTS('',1,(#5555,#5556),.UNSPECIFIED.,.F.,
  .F.,(2,2),(-0.,1.000000000001E-03),.PIECEWISE_BEZIER_KNOTS.);
#5555 = CARTESIAN_POINT('',(-0.217424008652,3.3005,1.364653204892));
#5556 = CARTESIAN_POINT('',(-0.217424008652,3.2995,1.364653204892));
#5557 = ORIENTED_EDGE('',*,*,#1132,.F.);
#5558 = B_SPLINE_SURFACE_WITH_KNOTS('',3,1,(
    (#5559,#5560)
    ,(#5561,#5562)
    ,(#5563,#5564)
    ,(#5565,#5566
    )),.UNSPECIFIED.,.F.,.F.,.F.,(4,4),(2,2),(15.,16.),(0.,1.),
  .PIECEWISE_BEZIER_KNOTS.);
#5559 = CARTESIAN_POINT('',(-0.246954946763,3.3005,1.347459038679));
#5560 = CARTESIAN_POINT('',(-0.246954946763,3.2995,1.347459038679));
#5561 = CARTESIAN_POINT('',(-0.241835363964,3.3005,1.353313319749));
#5562 = CARTESIAN_POINT('',(-0.241835363964,3.2995,1.353313319749));
#5563 = CARTESIAN_POINT('',(-0.232023439436,3.3005,1.359107042336));
#5564 = CARTESIAN_POINT('',(-0.232023439436,3.2995,1.359107042336));
#5565 = CARTESIAN_POINT('',(-0.217424008652,3.3005,1.364653204892));
#5566 = CARTESIAN_POINT('',(-0.217424008652,3.2995,1.364653204892));
#5567 = ADVANCED_FACE('',(#5568),#5586,.F.);
#5568 = FACE_BOUND('',#5569,.F.);
#5569 = EDGE_LOOP('',(#5570,#5571,#5580,#5585));
#5570 = ORIENTED_EDGE('',*,*,#5553,.F.);
#5571 = ORIENTED_EDGE('',*,*,#5572,.T.);
#5572 = EDGE_CURVE('',#5545,#5573,#5575,.T.);
#5573 = VERTEX_POINT('',#5574);
#5574 = CARTESIAN_POINT('',(-0.195171489906,3.3005,1.376071617042));
#5575 = B_SPLINE_CURVE_WITH_KNOTS('',3,(#5576,#5577,#5578,#5579),
  .UNSPECIFIED.,.F.,.F.,(4,4),(14.,15.),.PIECEWISE_BEZIER_KNOTS.);
#5576 = CARTESIAN_POINT('',(-0.217424008652,3.3005,1.364653204892));
#5577 = CARTESIAN_POINT('',(-0.205914429171,3.3005,1.369239070675));
#5578 = CARTESIAN_POINT('',(-0.198528200764,3.3005,1.373044986225));
#5579 = CARTESIAN_POINT('',(-0.195171489906,3.3005,1.376071617042));
#5580 = ORIENTED_EDGE('',*,*,#5581,.T.);
#5581 = EDGE_CURVE('',#5573,#1115,#5582,.T.);
#5582 = B_SPLINE_CURVE_WITH_KNOTS('',1,(#5583,#5584),.UNSPECIFIED.,.F.,
  .F.,(2,2),(-0.,1.000000000001E-03),.PIECEWISE_BEZIER_KNOTS.);
#5583 = CARTESIAN_POINT('',(-0.195171489906,3.3005,1.376071617042));
#5584 = CARTESIAN_POINT('',(-0.195171489906,3.2995,1.376071617042));
#5585 = ORIENTED_EDGE('',*,*,#1123,.F.);
#5586 = B_SPLINE_SURFACE_WITH_KNOTS('',3,1,(
    (#5587,#5588)
    ,(#5589,#5590)
    ,(#5591,#5592)
    ,(#5593,#5594
    )),.UNSPECIFIED.,.F.,.F.,.F.,(4,4),(2,2),(14.,15.),(0.,1.),
  .PIECEWISE_BEZIER_KNOTS.);
#5587 = CARTESIAN_POINT('',(-0.217424008652,3.3005,1.364653204892));
#5588 = CARTESIAN_POINT('',(-0.217424008652,3.2995,1.364653204892));
#5589 = CARTESIAN_POINT('',(-0.205914429171,3.3005,1.369239070675));
#5590 = CARTESIAN_POINT('',(-0.205914429171,3.2995,1.369239070675));
#5591 = CARTESIAN_POINT('',(-0.198528200764,3.3005,1.373044986225));
#5592 = CARTESIAN_POINT('',(-0.198528200764,3.2995,1.373044986225));
#5593 = CARTESIAN_POINT('',(-0.195171489906,3.3005,1.376071617042));
#5594 = CARTESIAN_POINT('',(-0.195171489906,3.2995,1.376071617042));
#5595 = ADVANCED_FACE('',(#5596),#5614,.F.);
#5596 = FACE_BOUND('',#5597,.F.);
#5597 = EDGE_LOOP('',(#5598,#5599,#5608,#5613));
#5598 = ORIENTED_EDGE('',*,*,#5581,.F.);
#5599 = ORIENTED_EDGE('',*,*,#5600,.T.);
#5600 = EDGE_CURVE('',#5573,#5601,#5603,.T.);
#5601 = VERTEX_POINT('',#5602);
#5602 = CARTESIAN_POINT('',(-0.190237911451,3.3005,1.388305579531));
#5603 = B_SPLINE_CURVE_WITH_KNOTS('',3,(#5604,#5605,#5606,#5607),
  .UNSPECIFIED.,.F.,.F.,(4,4),(13.,14.),.PIECEWISE_BEZIER_KNOTS.);
#5604 = CARTESIAN_POINT('',(-0.195171489906,3.3005,1.376071617042));
#5605 = CARTESIAN_POINT('',(-0.19186103031,3.3005,1.379004081583));
#5606 = CARTESIAN_POINT('',(-0.190200643404,3.3005,1.383050902155));
#5607 = CARTESIAN_POINT('',(-0.190237911451,3.3005,1.388305579531));
#5608 = ORIENTED_EDGE('',*,*,#5609,.T.);
#5609 = EDGE_CURVE('',#5601,#1106,#5610,.T.);
#5610 = B_SPLINE_CURVE_WITH_KNOTS('',1,(#5611,#5612),.UNSPECIFIED.,.F.,
  .F.,(2,2),(-0.,1.000000000001E-03),.PIECEWISE_BEZIER_KNOTS.);
#5611 = CARTESIAN_POINT('',(-0.190237911451,3.3005,1.388305579531));
#5612 = CARTESIAN_POINT('',(-0.190237911451,3.2995,1.388305579531));
#5613 = ORIENTED_EDGE('',*,*,#1114,.F.);
#5614 = B_SPLINE_SURFACE_WITH_KNOTS('',3,1,(
    (#5615,#5616)
    ,(#5617,#5618)
    ,(#5619,#5620)
    ,(#5621,#5622
    )),.UNSPECIFIED.,.F.,.F.,.F.,(4,4),(2,2),(13.,14.),(0.,1.),
  .PIECEWISE_BEZIER_KNOTS.);
#5615 = CARTESIAN_POINT('',(-0.195171489906,3.3005,1.376071617042));
#5616 = CARTESIAN_POINT('',(-0.195171489906,3.2995,1.376071617042));
#5617 = CARTESIAN_POINT('',(-0.19186103031,3.3005,1.379004081583));
#5618 = CARTESIAN_POINT('',(-0.19186103031,3.2995,1.379004081583));
#5619 = CARTESIAN_POINT('',(-0.190200643404,3.3005,1.383050902155));
#5620 = CARTESIAN_POINT('',(-0.190200643404,3.2995,1.383050902155));
#5621 = CARTESIAN_POINT('',(-0.190237911451,3.3005,1.388305579531));
#5622 = CARTESIAN_POINT('',(-0.190237911451,3.2995,1.388305579531));
#5623 = ADVANCED_FACE('',(#5624),#5642,.F.);
#5624 = FACE_BOUND('',#5625,.F.);
#5625 = EDGE_LOOP('',(#5626,#5627,#5636,#5641));
#5626 = ORIENTED_EDGE('',*,*,#5609,.F.);
#5627 = ORIENTED_EDGE('',*,*,#5628,.T.);
#5628 = EDGE_CURVE('',#5601,#5629,#5631,.T.);
#5629 = VERTEX_POINT('',#5630);
#5630 = CARTESIAN_POINT('',(-0.197319017146,3.3005,1.401017359059));
#5631 = B_SPLINE_CURVE_WITH_KNOTS('',3,(#5632,#5633,#5634,#5635),
  .UNSPECIFIED.,.F.,.F.,(4,4),(12.,13.),.PIECEWISE_BEZIER_KNOTS.);
#5632 = CARTESIAN_POINT('',(-0.190237911451,3.3005,1.388305579531));
#5633 = CARTESIAN_POINT('',(-0.190275179498,3.3005,1.393560256906));
#5634 = CARTESIAN_POINT('',(-0.192651630652,3.3005,1.397859961515));
#5635 = CARTESIAN_POINT('',(-0.197319017146,3.3005,1.401017359059));
#5636 = ORIENTED_EDGE('',*,*,#5637,.T.);
#5637 = EDGE_CURVE('',#5629,#1097,#5638,.T.);
#5638 = B_SPLINE_CURVE_WITH_KNOTS('',1,(#5639,#5640),.UNSPECIFIED.,.F.,
  .F.,(2,2),(-0.,1.000000000001E-03),.PIECEWISE_BEZIER_KNOTS.);
#5639 = CARTESIAN_POINT('',(-0.197319017146,3.3005,1.401017359059));
#5640 = CARTESIAN_POINT('',(-0.197319017146,3.2995,1.401017359059));
#5641 = ORIENTED_EDGE('',*,*,#1105,.F.);
#5642 = B_SPLINE_SURFACE_WITH_KNOTS('',3,1,(
    (#5643,#5644)
    ,(#5645,#5646)
    ,(#5647,#5648)
    ,(#5649,#5650
    )),.UNSPECIFIED.,.F.,.F.,.F.,(4,4),(2,2),(12.,13.),(0.,1.),
  .PIECEWISE_BEZIER_KNOTS.);
#5643 = CARTESIAN_POINT('',(-0.190237911451,3.3005,1.388305579531));
#5644 = CARTESIAN_POINT('',(-0.190237911451,3.2995,1.388305579531));
#5645 = CARTESIAN_POINT('',(-0.190275179498,3.3005,1.393560256906));
#5646 = CARTESIAN_POINT('',(-0.190275179498,3.2995,1.393560256906));
#5647 = CARTESIAN_POINT('',(-0.192651630652,3.3005,1.397859961515));
#5648 = CARTESIAN_POINT('',(-0.192651630652,3.2995,1.397859961515));
#5649 = CARTESIAN_POINT('',(-0.197319017146,3.3005,1.401017359059));
#5650 = CARTESIAN_POINT('',(-0.197319017146,3.2995,1.401017359059));
#5651 = ADVANCED_FACE('',(#5652),#5670,.F.);
#5652 = FACE_BOUND('',#5653,.F.);
#5653 = EDGE_LOOP('',(#5654,#5655,#5664,#5669));
#5654 = ORIENTED_EDGE('',*,*,#5637,.F.);
#5655 = ORIENTED_EDGE('',*,*,#5656,.T.);
#5656 = EDGE_CURVE('',#5629,#5657,#5659,.T.);
#5657 = VERTEX_POINT('',#5658);
#5658 = CARTESIAN_POINT('',(-0.215463493432,3.3005,1.405768260674));
#5659 = B_SPLINE_CURVE_WITH_KNOTS('',3,(#5660,#5661,#5662,#5663),
  .UNSPECIFIED.,.F.,.F.,(4,4),(11.,12.),.PIECEWISE_BEZIER_KNOTS.);
#5660 = CARTESIAN_POINT('',(-0.197319017146,3.3005,1.401017359059));
#5661 = CARTESIAN_POINT('',(-0.201987069142,3.3005,1.404268590127));
#5662 = CARTESIAN_POINT('',(-0.208050644991,3.3005,1.405820835241));
#5663 = CARTESIAN_POINT('',(-0.215463493432,3.3005,1.405768260674));
#5664 = ORIENTED_EDGE('',*,*,#5665,.T.);
#5665 = EDGE_CURVE('',#5657,#1088,#5666,.T.);
#5666 = B_SPLINE_CURVE_WITH_KNOTS('',1,(#5667,#5668),.UNSPECIFIED.,.F.,
  .F.,(2,2),(-0.,1.000000000001E-03),.PIECEWISE_BEZIER_KNOTS.);
#5667 = CARTESIAN_POINT('',(-0.215463493432,3.3005,1.405768260674));
#5668 = CARTESIAN_POINT('',(-0.215463493432,3.2995,1.405768260674));
#5669 = ORIENTED_EDGE('',*,*,#1096,.F.);
#5670 = B_SPLINE_SURFACE_WITH_KNOTS('',3,1,(
    (#5671,#5672)
    ,(#5673,#5674)
    ,(#5675,#5676)
    ,(#5677,#5678
    )),.UNSPECIFIED.,.F.,.F.,.F.,(4,4),(2,2),(11.,12.),(0.,1.),
  .PIECEWISE_BEZIER_KNOTS.);
#5671 = CARTESIAN_POINT('',(-0.197319017146,3.3005,1.401017359059));
#5672 = CARTESIAN_POINT('',(-0.197319017146,3.2995,1.401017359059));
#5673 = CARTESIAN_POINT('',(-0.201987069142,3.3005,1.404268590127));
#5674 = CARTESIAN_POINT('',(-0.201987069142,3.2995,1.404268590127));
#5675 = CARTESIAN_POINT('',(-0.208050644991,3.3005,1.405820835241));
#5676 = CARTESIAN_POINT('',(-0.208050644991,3.2995,1.405820835241));
#5677 = CARTESIAN_POINT('',(-0.215463493432,3.3005,1.405768260674));
#5678 = CARTESIAN_POINT('',(-0.215463493432,3.2995,1.405768260674));
#5679 = ADVANCED_FACE('',(#5680),#5698,.F.);
#5680 = FACE_BOUND('',#5681,.F.);
#5681 = EDGE_LOOP('',(#5682,#5683,#5692,#5697));
#5682 = ORIENTED_EDGE('',*,*,#5665,.F.);
#5683 = ORIENTED_EDGE('',*,*,#5684,.T.);
#5684 = EDGE_CURVE('',#5657,#5685,#5687,.T.);
#5685 = VERTEX_POINT('',#5686);
#5686 = CARTESIAN_POINT('',(-0.248707179069,3.3005,1.396054821893));
#5687 = B_SPLINE_CURVE_WITH_KNOTS('',3,(#5688,#5689,#5690,#5691),
  .UNSPECIFIED.,.F.,.F.,(4,4),(10.,11.),.PIECEWISE_BEZIER_KNOTS.);
#5688 = CARTESIAN_POINT('',(-0.215463493432,3.3005,1.405768260674));
#5689 = CARTESIAN_POINT('',(-0.227896435437,3.3005,1.405680081812));
#5690 = CARTESIAN_POINT('',(-0.238946164308,3.3005,1.402411212877));
#5691 = CARTESIAN_POINT('',(-0.248707179069,3.3005,1.396054821893));
#5692 = ORIENTED_EDGE('',*,*,#5693,.T.);
#5693 = EDGE_CURVE('',#5685,#1081,#5694,.T.);
#5694 = B_SPLINE_CURVE_WITH_KNOTS('',1,(#5695,#5696),.UNSPECIFIED.,.F.,
  .F.,(2,2),(-0.,1.E-03),.PIECEWISE_BEZIER_KNOTS.);
#5695 = CARTESIAN_POINT('',(-0.248707179069,3.3005,1.396054821893));
#5696 = CARTESIAN_POINT('',(-0.248707179069,3.2995,1.396054821893));
#5697 = ORIENTED_EDGE('',*,*,#1087,.F.);
#5698 = B_SPLINE_SURFACE_WITH_KNOTS('',3,1,(
    (#5699,#5700)
    ,(#5701,#5702)
    ,(#5703,#5704)
    ,(#5705,#5706
    )),.UNSPECIFIED.,.F.,.F.,.F.,(4,4),(2,2),(10.,11.),(0.,1.),
  .PIECEWISE_BEZIER_KNOTS.);
#5699 = CARTESIAN_POINT('',(-0.215463493432,3.3005,1.405768260674));
#5700 = CARTESIAN_POINT('',(-0.215463493432,3.2995,1.405768260674));
#5701 = CARTESIAN_POINT('',(-0.227896435437,3.3005,1.405680081812));
#5702 = CARTESIAN_POINT('',(-0.227896435437,3.2995,1.405680081812));
#5703 = CARTESIAN_POINT('',(-0.238946164308,3.3005,1.402411212877));
#5704 = CARTESIAN_POINT('',(-0.238946164308,3.2995,1.402411212877));
#5705 = CARTESIAN_POINT('',(-0.248707179069,3.3005,1.396054821893));
#5706 = CARTESIAN_POINT('',(-0.248707179069,3.2995,1.396054821893));
#5707 = ADVANCED_FACE('',(#5708),#5724,.F.);
#5708 = FACE_BOUND('',#5709,.T.);
#5709 = EDGE_LOOP('',(#5710,#5711,#5718,#5723));
#5710 = ORIENTED_EDGE('',*,*,#1080,.T.);
#5711 = ORIENTED_EDGE('',*,*,#5712,.F.);
#5712 = EDGE_CURVE('',#5713,#1072,#5715,.T.);
#5713 = VERTEX_POINT('',#5714);
#5714 = CARTESIAN_POINT('',(-0.248865568269,3.3005,1.418387200739));
#5715 = B_SPLINE_CURVE_WITH_KNOTS('',1,(#5716,#5717),.UNSPECIFIED.,.F.,
  .F.,(2,2),(-0.,1.000000000001E-03),.PIECEWISE_BEZIER_KNOTS.);
#5716 = CARTESIAN_POINT('',(-0.248865568269,3.3005,1.418387200739));
#5717 = CARTESIAN_POINT('',(-0.248865568269,3.2995,1.418387200739));
#5718 = ORIENTED_EDGE('',*,*,#5719,.F.);
#5719 = EDGE_CURVE('',#5685,#5713,#5720,.T.);
#5720 = B_SPLINE_CURVE_WITH_KNOTS('',1,(#5721,#5722),.UNSPECIFIED.,.F.,
  .F.,(2,2),(-2.233294051606E-02,0.),.PIECEWISE_BEZIER_KNOTS.);
#5721 = CARTESIAN_POINT('',(-0.248707179069,3.3005,1.396054821893));
#5722 = CARTESIAN_POINT('',(-0.248865568269,3.3005,1.418387200739));
#5723 = ORIENTED_EDGE('',*,*,#5693,.T.);
#5724 = B_SPLINE_SURFACE_WITH_KNOTS('',1,1,(
    (#5725,#5726)
    ,(#5727,#5728
    )),.UNSPECIFIED.,.F.,.F.,.F.,(2,2),(2,2),(-9.764260759562E-22,
    2.233294051606E-02),(-1.000000000001E-03,1.835651978244E-34),
  .PIECEWISE_BEZIER_KNOTS.);
#5725 = CARTESIAN_POINT('',(-0.248865568269,3.2995,1.418387200739));
#5726 = CARTESIAN_POINT('',(-0.248865568269,3.3005,1.418387200739));
#5727 = CARTESIAN_POINT('',(-0.248707179069,3.2995,1.396054821893));
#5728 = CARTESIAN_POINT('',(-0.248707179069,3.3005,1.396054821893));
#5729 = ADVANCED_FACE('',(#5730),#5748,.F.);
#5730 = FACE_BOUND('',#5731,.F.);
#5731 = EDGE_LOOP('',(#5732,#5733,#5742,#5747));
#5732 = ORIENTED_EDGE('',*,*,#5712,.F.);
#5733 = ORIENTED_EDGE('',*,*,#5734,.T.);
#5734 = EDGE_CURVE('',#5713,#5735,#5737,.T.);
#5735 = VERTEX_POINT('',#5736);
#5736 = CARTESIAN_POINT('',(-0.217847932689,3.3005,1.424425160043));
#5737 = B_SPLINE_CURVE_WITH_KNOTS('',3,(#5738,#5739,#5740,#5741),
  .UNSPECIFIED.,.F.,.F.,(4,4),(8.,9.),.PIECEWISE_BEZIER_KNOTS.);
#5738 = CARTESIAN_POINT('',(-0.248865568269,3.3005,1.418387200739));
#5739 = CARTESIAN_POINT('',(-0.239322499799,3.3005,1.422396089858));
#5740 = CARTESIAN_POINT('',(-0.229014122113,3.3005,1.424345965442));
#5741 = CARTESIAN_POINT('',(-0.217847932689,3.3005,1.424425160043));
#5742 = ORIENTED_EDGE('',*,*,#5743,.T.);
#5743 = EDGE_CURVE('',#5735,#1063,#5744,.T.);
#5744 = B_SPLINE_CURVE_WITH_KNOTS('',1,(#5745,#5746),.UNSPECIFIED.,.F.,
  .F.,(2,2),(-0.,1.000000000001E-03),.PIECEWISE_BEZIER_KNOTS.);
#5745 = CARTESIAN_POINT('',(-0.217847932689,3.3005,1.424425160043));
#5746 = CARTESIAN_POINT('',(-0.217847932689,3.2995,1.424425160043));
#5747 = ORIENTED_EDGE('',*,*,#1071,.F.);
#5748 = B_SPLINE_SURFACE_WITH_KNOTS('',3,1,(
    (#5749,#5750)
    ,(#5751,#5752)
    ,(#5753,#5754)
    ,(#5755,#5756
    )),.UNSPECIFIED.,.F.,.F.,.F.,(4,4),(2,2),(8.,9.),(0.,1.),
  .PIECEWISE_BEZIER_KNOTS.);
#5749 = CARTESIAN_POINT('',(-0.248865568269,3.3005,1.418387200739));
#5750 = CARTESIAN_POINT('',(-0.248865568269,3.2995,1.418387200739));
#5751 = CARTESIAN_POINT('',(-0.239322499799,3.3005,1.422396089858));
#5752 = CARTESIAN_POINT('',(-0.239322499799,3.2995,1.422396089858));
#5753 = CARTESIAN_POINT('',(-0.229014122113,3.3005,1.424345965442));
#5754 = CARTESIAN_POINT('',(-0.229014122113,3.2995,1.424345965442));
#5755 = CARTESIAN_POINT('',(-0.217847932689,3.3005,1.424425160043));
#5756 = CARTESIAN_POINT('',(-0.217847932689,3.2995,1.424425160043));
#5757 = ADVANCED_FACE('',(#5758),#5776,.F.);
#5758 = FACE_BOUND('',#5759,.F.);
#5759 = EDGE_LOOP('',(#5760,#5761,#5770,#5775));
#5760 = ORIENTED_EDGE('',*,*,#5743,.F.);
#5761 = ORIENTED_EDGE('',*,*,#5762,.T.);
#5762 = EDGE_CURVE('',#5735,#5763,#5765,.T.);
#5763 = VERTEX_POINT('',#5764);
#5764 = CARTESIAN_POINT('',(-0.181460488088,3.3005,1.414267187642));
#5765 = B_SPLINE_CURVE_WITH_KNOTS('',3,(#5766,#5767,#5768,#5769),
  .UNSPECIFIED.,.F.,.F.,(4,4),(7.,8.),.PIECEWISE_BEZIER_KNOTS.);
#5766 = CARTESIAN_POINT('',(-0.217847932689,3.3005,1.424425160043));
#5767 = CARTESIAN_POINT('',(-0.203491403431,3.3005,1.424526981672));
#5768 = CARTESIAN_POINT('',(-0.19136225523,3.3005,1.421140990872));
#5769 = CARTESIAN_POINT('',(-0.181460488088,3.3005,1.414267187642));
#5770 = ORIENTED_EDGE('',*,*,#5771,.T.);
#5771 = EDGE_CURVE('',#5763,#1054,#5772,.T.);
#5772 = B_SPLINE_CURVE_WITH_KNOTS('',1,(#5773,#5774),.UNSPECIFIED.,.F.,
  .F.,(2,2),(-0.,1.000000000001E-03),.PIECEWISE_BEZIER_KNOTS.);
#5773 = CARTESIAN_POINT('',(-0.181460488088,3.3005,1.414267187642));
#5774 = CARTESIAN_POINT('',(-0.181460488088,3.2995,1.414267187642));
#5775 = ORIENTED_EDGE('',*,*,#1062,.F.);
#5776 = B_SPLINE_SURFACE_WITH_KNOTS('',3,1,(
    (#5777,#5778)
    ,(#5779,#5780)
    ,(#5781,#5782)
    ,(#5783,#5784
    )),.UNSPECIFIED.,.F.,.F.,.F.,(4,4),(2,2),(7.,8.),(0.,1.),
  .PIECEWISE_BEZIER_KNOTS.);
#5777 = CARTESIAN_POINT('',(-0.217847932689,3.3005,1.424425160043));
#5778 = CARTESIAN_POINT('',(-0.217847932689,3.2995,1.424425160043));
#5779 = CARTESIAN_POINT('',(-0.203491403431,3.3005,1.424526981672));
#5780 = CARTESIAN_POINT('',(-0.203491403431,3.2995,1.424526981672));
#5781 = CARTESIAN_POINT('',(-0.19136225523,3.3005,1.421140990872));
#5782 = CARTESIAN_POINT('',(-0.19136225523,3.2995,1.421140990872));
#5783 = CARTESIAN_POINT('',(-0.181460488088,3.3005,1.414267187642));
#5784 = CARTESIAN_POINT('',(-0.181460488088,3.2995,1.414267187642));
#5785 = ADVANCED_FACE('',(#5786),#5804,.F.);
#5786 = FACE_BOUND('',#5787,.F.);
#5787 = EDGE_LOOP('',(#5788,#5789,#5798,#5803));
#5788 = ORIENTED_EDGE('',*,*,#5771,.F.);
#5789 = ORIENTED_EDGE('',*,*,#5790,.T.);
#5790 = EDGE_CURVE('',#5763,#5791,#5793,.T.);
#5791 = VERTEX_POINT('',#5792);
#5792 = CARTESIAN_POINT('',(-0.166530305479,3.3005,1.386409280953));
#5793 = B_SPLINE_CURVE_WITH_KNOTS('',3,(#5794,#5795,#5796,#5797),
  .UNSPECIFIED.,.F.,.F.,(4,4),(6.,7.),.PIECEWISE_BEZIER_KNOTS.);
#5794 = CARTESIAN_POINT('',(-0.181460488088,3.3005,1.414267187642));
#5795 = CARTESIAN_POINT('',(-0.171604972207,3.3005,1.407299218138));
#5796 = CARTESIAN_POINT('',(-0.166612827584,3.3005,1.398044637999));
#5797 = CARTESIAN_POINT('',(-0.166530305479,3.3005,1.386409280953));
#5798 = ORIENTED_EDGE('',*,*,#5799,.T.);
#5799 = EDGE_CURVE('',#5791,#1045,#5800,.T.);
#5800 = B_SPLINE_CURVE_WITH_KNOTS('',1,(#5801,#5802),.UNSPECIFIED.,.F.,
  .F.,(2,2),(-0.,1.000000000001E-03),.PIECEWISE_BEZIER_KNOTS.);
#5801 = CARTESIAN_POINT('',(-0.166530305479,3.3005,1.386409280953));
#5802 = CARTESIAN_POINT('',(-0.166530305479,3.2995,1.386409280953));
#5803 = ORIENTED_EDGE('',*,*,#1053,.F.);
#5804 = B_SPLINE_SURFACE_WITH_KNOTS('',3,1,(
    (#5805,#5806)
    ,(#5807,#5808)
    ,(#5809,#5810)
    ,(#5811,#5812
    )),.UNSPECIFIED.,.F.,.F.,.F.,(4,4),(2,2),(6.,7.),(0.,1.),
  .PIECEWISE_BEZIER_KNOTS.);
#5805 = CARTESIAN_POINT('',(-0.181460488088,3.3005,1.414267187642));
#5806 = CARTESIAN_POINT('',(-0.181460488088,3.2995,1.414267187642));
#5807 = CARTESIAN_POINT('',(-0.171604972207,3.3005,1.407299218138));
#5808 = CARTESIAN_POINT('',(-0.171604972207,3.2995,1.407299218138));
#5809 = CARTESIAN_POINT('',(-0.166612827584,3.3005,1.398044637999));
#5810 = CARTESIAN_POINT('',(-0.166612827584,3.2995,1.398044637999));
#5811 = CARTESIAN_POINT('',(-0.166530305479,3.3005,1.386409280953));
#5812 = CARTESIAN_POINT('',(-0.166530305479,3.2995,1.386409280953));
#5813 = ADVANCED_FACE('',(#5814),#5832,.F.);
#5814 = FACE_BOUND('',#5815,.F.);
#5815 = EDGE_LOOP('',(#5816,#5817,#5826,#5831));
#5816 = ORIENTED_EDGE('',*,*,#5799,.F.);
#5817 = ORIENTED_EDGE('',*,*,#5818,.T.);
#5818 = EDGE_CURVE('',#5791,#5819,#5821,.T.);
#5819 = VERTEX_POINT('',#5820);
#5820 = CARTESIAN_POINT('',(-0.17290465975,3.3005,1.365625819715));
#5821 = B_SPLINE_CURVE_WITH_KNOTS('',3,(#5822,#5823,#5824,#5825),
  .UNSPECIFIED.,.F.,.F.,(4,4),(5.,6.),.PIECEWISE_BEZIER_KNOTS.);
#5822 = CARTESIAN_POINT('',(-0.166530305479,3.3005,1.386409280953));
#5823 = CARTESIAN_POINT('',(-0.166473072407,3.3005,1.37833959784));
#5824 = CARTESIAN_POINT('',(-0.168581996409,3.3005,1.371380610503));
#5825 = CARTESIAN_POINT('',(-0.17290465975,3.3005,1.365625819715));
#5826 = ORIENTED_EDGE('',*,*,#5827,.T.);
#5827 = EDGE_CURVE('',#5819,#1036,#5828,.T.);
#5828 = B_SPLINE_CURVE_WITH_KNOTS('',1,(#5829,#5830),.UNSPECIFIED.,.F.,
  .F.,(2,2),(-0.,1.000000000001E-03),.PIECEWISE_BEZIER_KNOTS.);
#5829 = CARTESIAN_POINT('',(-0.17290465975,3.3005,1.365625819715));
#5830 = CARTESIAN_POINT('',(-0.17290465975,3.2995,1.365625819715));
#5831 = ORIENTED_EDGE('',*,*,#1044,.F.);
#5832 = B_SPLINE_SURFACE_WITH_KNOTS('',3,1,(
    (#5833,#5834)
    ,(#5835,#5836)
    ,(#5837,#5838)
    ,(#5839,#5840
    )),.UNSPECIFIED.,.F.,.F.,.F.,(4,4),(2,2),(5.,6.),(0.,1.),
  .PIECEWISE_BEZIER_KNOTS.);
#5833 = CARTESIAN_POINT('',(-0.166530305479,3.3005,1.386409280953));
#5834 = CARTESIAN_POINT('',(-0.166530305479,3.2995,1.386409280953));
#5835 = CARTESIAN_POINT('',(-0.166473072407,3.3005,1.37833959784));
#5836 = CARTESIAN_POINT('',(-0.166473072407,3.2995,1.37833959784));
#5837 = CARTESIAN_POINT('',(-0.168581996409,3.3005,1.371380610503));
#5838 = CARTESIAN_POINT('',(-0.168581996409,3.2995,1.371380610503));
#5839 = CARTESIAN_POINT('',(-0.17290465975,3.3005,1.365625819715));
#5840 = CARTESIAN_POINT('',(-0.17290465975,3.2995,1.365625819715));
#5841 = ADVANCED_FACE('',(#5842),#5860,.F.);
#5842 = FACE_BOUND('',#5843,.F.);
#5843 = EDGE_LOOP('',(#5844,#5845,#5854,#5859));
#5844 = ORIENTED_EDGE('',*,*,#5827,.F.);
#5845 = ORIENTED_EDGE('',*,*,#5846,.T.);
#5846 = EDGE_CURVE('',#5819,#5847,#5849,.T.);
#5847 = VERTEX_POINT('',#5848);
#5848 = CARTESIAN_POINT('',(-0.201072349752,3.3005,1.348065969165));
#5849 = B_SPLINE_CURVE_WITH_KNOTS('',3,(#5850,#5851,#5852,#5853),
  .UNSPECIFIED.,.F.,.F.,(4,4),(4.,5.),.PIECEWISE_BEZIER_KNOTS.);
#5850 = CARTESIAN_POINT('',(-0.17290465975,3.3005,1.365625819715));
#5851 = CARTESIAN_POINT('',(-0.177180406329,3.3005,1.359871361678));
#5852 = CARTESIAN_POINT('',(-0.186616331258,3.3005,1.353986467569));
#5853 = CARTESIAN_POINT('',(-0.201072349752,3.3005,1.348065969165));
#5854 = ORIENTED_EDGE('',*,*,#5855,.T.);
#5855 = EDGE_CURVE('',#5847,#1027,#5856,.T.);
#5856 = B_SPLINE_CURVE_WITH_KNOTS('',1,(#5857,#5858),.UNSPECIFIED.,.F.,
  .F.,(2,2),(-0.,1.000000000001E-03),.PIECEWISE_BEZIER_KNOTS.);
#5857 = CARTESIAN_POINT('',(-0.201072349752,3.3005,1.348065969165));
#5858 = CARTESIAN_POINT('',(-0.201072349752,3.2995,1.348065969165));
#5859 = ORIENTED_EDGE('',*,*,#1035,.F.);
#5860 = B_SPLINE_SURFACE_WITH_KNOTS('',3,1,(
    (#5861,#5862)
    ,(#5863,#5864)
    ,(#5865,#5866)
    ,(#5867,#5868
    )),.UNSPECIFIED.,.F.,.F.,.F.,(4,4),(2,2),(4.,5.),(0.,1.),
  .PIECEWISE_BEZIER_KNOTS.);
#5861 = CARTESIAN_POINT('',(-0.17290465975,3.3005,1.365625819715));
#5862 = CARTESIAN_POINT('',(-0.17290465975,3.2995,1.365625819715));
#5863 = CARTESIAN_POINT('',(-0.177180406329,3.3005,1.359871361678));
#5864 = CARTESIAN_POINT('',(-0.177180406329,3.2995,1.359871361678));
#5865 = CARTESIAN_POINT('',(-0.186616331258,3.3005,1.353986467569));
#5866 = CARTESIAN_POINT('',(-0.186616331258,3.2995,1.353986467569));
#5867 = CARTESIAN_POINT('',(-0.201072349752,3.3005,1.348065969165));
#5868 = CARTESIAN_POINT('',(-0.201072349752,3.2995,1.348065969165));
#5869 = ADVANCED_FACE('',(#5870),#5888,.F.);
#5870 = FACE_BOUND('',#5871,.F.);
#5871 = EDGE_LOOP('',(#5872,#5873,#5882,#5887));
#5872 = ORIENTED_EDGE('',*,*,#5855,.F.);
#5873 = ORIENTED_EDGE('',*,*,#5874,.T.);
#5874 = EDGE_CURVE('',#5847,#5875,#5877,.T.);
#5875 = VERTEX_POINT('',#5876);
#5876 = CARTESIAN_POINT('',(-0.225057461198,3.3005,1.336166077628));
#5877 = B_SPLINE_CURVE_WITH_KNOTS('',3,(#5878,#5879,#5880,#5881),
  .UNSPECIFIED.,.F.,.F.,(4,4),(3.,4.),.PIECEWISE_BEZIER_KNOTS.);
#5878 = CARTESIAN_POINT('',(-0.201072349752,3.3005,1.348065969165));
#5879 = CARTESIAN_POINT('',(-0.213144930381,3.3005,1.343476110377));
#5880 = CARTESIAN_POINT('',(-0.221139745695,3.3005,1.339478202023));
#5881 = CARTESIAN_POINT('',(-0.225057461198,3.3005,1.336166077628));
#5882 = ORIENTED_EDGE('',*,*,#5883,.T.);
#5883 = EDGE_CURVE('',#5875,#1018,#5884,.T.);
#5884 = B_SPLINE_CURVE_WITH_KNOTS('',1,(#5885,#5886),.UNSPECIFIED.,.F.,
  .F.,(2,2),(-0.,1.000000000001E-03),.PIECEWISE_BEZIER_KNOTS.);
#5885 = CARTESIAN_POINT('',(-0.225057461198,3.3005,1.336166077628));
#5886 = CARTESIAN_POINT('',(-0.225057461198,3.2995,1.336166077628));
#5887 = ORIENTED_EDGE('',*,*,#1026,.F.);
#5888 = B_SPLINE_SURFACE_WITH_KNOTS('',3,1,(
    (#5889,#5890)
    ,(#5891,#5892)
    ,(#5893,#5894)
    ,(#5895,#5896
    )),.UNSPECIFIED.,.F.,.F.,.F.,(4,4),(2,2),(3.,4.),(0.,1.),
  .PIECEWISE_BEZIER_KNOTS.);
#5889 = CARTESIAN_POINT('',(-0.201072349752,3.3005,1.348065969165));
#5890 = CARTESIAN_POINT('',(-0.201072349752,3.2995,1.348065969165));
#5891 = CARTESIAN_POINT('',(-0.213144930381,3.3005,1.343476110377));
#5892 = CARTESIAN_POINT('',(-0.213144930381,3.2995,1.343476110377));
#5893 = CARTESIAN_POINT('',(-0.221139745695,3.3005,1.339478202023));
#5894 = CARTESIAN_POINT('',(-0.221139745695,3.2995,1.339478202023));
#5895 = CARTESIAN_POINT('',(-0.225057461198,3.3005,1.336166077628));
#5896 = CARTESIAN_POINT('',(-0.225057461198,3.2995,1.336166077628));
#5897 = ADVANCED_FACE('',(#5898),#5916,.F.);
#5898 = FACE_BOUND('',#5899,.F.);
#5899 = EDGE_LOOP('',(#5900,#5901,#5910,#5915));
#5900 = ORIENTED_EDGE('',*,*,#5883,.F.);
#5901 = ORIENTED_EDGE('',*,*,#5902,.T.);
#5902 = EDGE_CURVE('',#5875,#5903,#5905,.T.);
#5903 = VERTEX_POINT('',#5904);
#5904 = CARTESIAN_POINT('',(-0.230880461633,3.3005,1.323644292307));
#5905 = B_SPLINE_CURVE_WITH_KNOTS('',3,(#5906,#5907,#5908,#5909),
  .UNSPECIFIED.,.F.,.F.,(4,4),(2.,3.),.PIECEWISE_BEZIER_KNOTS.);
#5906 = CARTESIAN_POINT('',(-0.225057461198,3.3005,1.336166077628));
#5907 = CARTESIAN_POINT('',(-0.2289751767,3.3005,1.332853953232));
#5908 = CARTESIAN_POINT('',(-0.230916398679,3.3005,1.328711302635));
#5909 = CARTESIAN_POINT('',(-0.230880461633,3.3005,1.323644292307));
#5910 = ORIENTED_EDGE('',*,*,#5911,.T.);
#5911 = EDGE_CURVE('',#5903,#1009,#5912,.T.);
#5912 = B_SPLINE_CURVE_WITH_KNOTS('',1,(#5913,#5914),.UNSPECIFIED.,.F.,
  .F.,(2,2),(-0.,1.000000000001E-03),.PIECEWISE_BEZIER_KNOTS.);
#5913 = CARTESIAN_POINT('',(-0.230880461633,3.3005,1.323644292307));
#5914 = CARTESIAN_POINT('',(-0.230880461633,3.2995,1.323644292307));
#5915 = ORIENTED_EDGE('',*,*,#1017,.F.);
#5916 = B_SPLINE_SURFACE_WITH_KNOTS('',3,1,(
    (#5917,#5918)
    ,(#5919,#5920)
    ,(#5921,#5922)
    ,(#5923,#5924
    )),.UNSPECIFIED.,.F.,.F.,.F.,(4,4),(2,2),(2.,3.),(0.,1.),
  .PIECEWISE_BEZIER_KNOTS.);
#5917 = CARTESIAN_POINT('',(-0.225057461198,3.3005,1.336166077628));
#5918 = CARTESIAN_POINT('',(-0.225057461198,3.2995,1.336166077628));
#5919 = CARTESIAN_POINT('',(-0.2289751767,3.3005,1.332853953232));
#5920 = CARTESIAN_POINT('',(-0.2289751767,3.2995,1.332853953232));
#5921 = CARTESIAN_POINT('',(-0.230916398679,3.3005,1.328711302635));
#5922 = CARTESIAN_POINT('',(-0.230916398679,3.2995,1.328711302635));
#5923 = CARTESIAN_POINT('',(-0.230880461633,3.3005,1.323644292307));
#5924 = CARTESIAN_POINT('',(-0.230880461633,3.2995,1.323644292307));
#5925 = ADVANCED_FACE('',(#5926),#5938,.F.);
#5926 = FACE_BOUND('',#5927,.F.);
#5927 = EDGE_LOOP('',(#5928,#5929,#5936,#5937));
#5928 = ORIENTED_EDGE('',*,*,#5911,.F.);
#5929 = ORIENTED_EDGE('',*,*,#5930,.T.);
#5930 = EDGE_CURVE('',#5903,#5376,#5931,.T.);
#5931 = B_SPLINE_CURVE_WITH_KNOTS('',3,(#5932,#5933,#5934,#5935),
  .UNSPECIFIED.,.F.,.F.,(4,4),(1.,2.),.PIECEWISE_BEZIER_KNOTS.);
#5932 = CARTESIAN_POINT('',(-0.230880461633,3.3005,1.323644292307));
#5933 = CARTESIAN_POINT('',(-0.230796608527,3.3005,1.311821268212));
#5934 = CARTESIAN_POINT('',(-0.221699746853,3.3005,1.305973976996));
#5935 = CARTESIAN_POINT('',(-0.203636793374,3.3005,1.306102085908));
#5936 = ORIENTED_EDGE('',*,*,#5375,.T.);
#5937 = ORIENTED_EDGE('',*,*,#1008,.F.);
#5938 = B_SPLINE_SURFACE_WITH_KNOTS('',3,1,(
    (#5939,#5940)
    ,(#5941,#5942)
    ,(#5943,#5944)
    ,(#5945,#5946
    )),.UNSPECIFIED.,.F.,.F.,.F.,(4,4),(2,2),(1.,2.),(0.,1.),
  .PIECEWISE_BEZIER_KNOTS.);
#5939 = CARTESIAN_POINT('',(-0.230880461633,3.3005,1.323644292307));
#5940 = CARTESIAN_POINT('',(-0.230880461633,3.2995,1.323644292307));
#5941 = CARTESIAN_POINT('',(-0.230796608527,3.3005,1.311821268212));
#5942 = CARTESIAN_POINT('',(-0.230796608527,3.2995,1.311821268212));
#5943 = CARTESIAN_POINT('',(-0.221699746853,3.3005,1.305973976996));
#5944 = CARTESIAN_POINT('',(-0.221699746853,3.2995,1.305973976996));
#5945 = CARTESIAN_POINT('',(-0.203636793374,3.3005,1.306102085908));
#5946 = CARTESIAN_POINT('',(-0.203636793374,3.2995,1.306102085908));
#5947 = ADVANCED_FACE('',(#5948),#5971,.F.);
#5948 = FACE_BOUND('',#5949,.T.);
#5949 = EDGE_LOOP('',(#5950,#5951,#5952,#5953,#5954,#5955,#5956,#5957,
    #5958,#5959,#5960,#5961,#5962,#5963,#5964,#5965,#5966,#5967,#5968,
    #5969,#5970));
#5950 = ORIENTED_EDGE('',*,*,#5382,.T.);
#5951 = ORIENTED_EDGE('',*,*,#5417,.T.);
#5952 = ORIENTED_EDGE('',*,*,#5432,.T.);
#5953 = ORIENTED_EDGE('',*,*,#5460,.T.);
#5954 = ORIENTED_EDGE('',*,*,#5488,.T.);
#5955 = ORIENTED_EDGE('',*,*,#5516,.T.);
#5956 = ORIENTED_EDGE('',*,*,#5544,.T.);
#5957 = ORIENTED_EDGE('',*,*,#5572,.T.);
#5958 = ORIENTED_EDGE('',*,*,#5600,.T.);
#5959 = ORIENTED_EDGE('',*,*,#5628,.T.);
#5960 = ORIENTED_EDGE('',*,*,#5656,.T.);
#5961 = ORIENTED_EDGE('',*,*,#5684,.T.);
#5962 = ORIENTED_EDGE('',*,*,#5719,.T.);
#5963 = ORIENTED_EDGE('',*,*,#5734,.T.);
#5964 = ORIENTED_EDGE('',*,*,#5762,.T.);
#5965 = ORIENTED_EDGE('',*,*,#5790,.T.);
#5966 = ORIENTED_EDGE('',*,*,#5818,.T.);
#5967 = ORIENTED_EDGE('',*,*,#5846,.T.);
#5968 = ORIENTED_EDGE('',*,*,#5874,.T.);
#5969 = ORIENTED_EDGE('',*,*,#5902,.T.);
#5970 = ORIENTED_EDGE('',*,*,#5930,.T.);
#5971 = B_SPLINE_SURFACE_WITH_KNOTS('',1,1,(
    (#5972,#5973)
    ,(#5974,#5975
    )),.UNSPECIFIED.,.F.,.F.,.F.,(2,2),(2,2),(-0.115119174196,
    2.216726035139E-02),(-7.047355619583E-02,1.833988109079E-02),
  .PIECEWISE_BEZIER_KNOTS.);
#5972 = CARTESIAN_POINT('',(-0.25455679116,3.3005,1.424526981672));
#5973 = CARTESIAN_POINT('',(-0.165743353873,3.3005,1.424526981672));
#5974 = CARTESIAN_POINT('',(-0.25455679116,3.3005,1.287240547124));
#5975 = CARTESIAN_POINT('',(-0.165743353873,3.3005,1.287240547124));
#5976 = ADVANCED_FACE('',(#5977),#5999,.F.);
#5977 = FACE_BOUND('',#5978,.T.);
#5978 = EDGE_LOOP('',(#5979,#5980,#5987,#5994));
#5979 = ORIENTED_EDGE('',*,*,#277,.T.);
#5980 = ORIENTED_EDGE('',*,*,#5981,.F.);
#5981 = EDGE_CURVE('',#5982,#280,#5984,.T.);
#5982 = VERTEX_POINT('',#5983);
#5983 = CARTESIAN_POINT('',(-0.369133195029,3.3005,1.420349367146));
#5984 = B_SPLINE_CURVE_WITH_KNOTS('',1,(#5985,#5986),.UNSPECIFIED.,.F.,
  .F.,(2,2),(-0.,1.E-03),.PIECEWISE_BEZIER_KNOTS.);
#5985 = CARTESIAN_POINT('',(-0.369133195029,3.3005,1.420349367146));
#5986 = CARTESIAN_POINT('',(-0.369133195029,3.2995,1.420349367146));
#5987 = ORIENTED_EDGE('',*,*,#5988,.F.);
#5988 = EDGE_CURVE('',#5989,#5982,#5991,.T.);
#5989 = VERTEX_POINT('',#5990);
#5990 = CARTESIAN_POINT('',(-0.392966910269,3.3005,1.420180329932));
#5991 = B_SPLINE_CURVE_WITH_KNOTS('',1,(#5992,#5993),.UNSPECIFIED.,.F.,
  .F.,(2,2),(-2.383431466798E-02,0.),.PIECEWISE_BEZIER_KNOTS.);
#5992 = CARTESIAN_POINT('',(-0.392966910269,3.3005,1.420180329932));
#5993 = CARTESIAN_POINT('',(-0.369133195029,3.3005,1.420349367146));
#5994 = ORIENTED_EDGE('',*,*,#5995,.T.);
#5995 = EDGE_CURVE('',#5989,#278,#5996,.T.);
#5996 = B_SPLINE_CURVE_WITH_KNOTS('',1,(#5997,#5998),.UNSPECIFIED.,.F.,
  .F.,(2,2),(-0.,1.E-03),.PIECEWISE_BEZIER_KNOTS.);
#5997 = CARTESIAN_POINT('',(-0.392966910269,3.3005,1.420180329932));
#5998 = CARTESIAN_POINT('',(-0.392966910269,3.2995,1.420180329932));
#5999 = B_SPLINE_SURFACE_WITH_KNOTS('',1,1,(
    (#6000,#6001)
    ,(#6002,#6003
    )),.UNSPECIFIED.,.F.,.F.,.F.,(2,2),(2,2),(-1.141690702228E-16,
    2.383431466798E-02),(-1.E-03,3.586189087736E-38),
  .PIECEWISE_BEZIER_KNOTS.);
#6000 = CARTESIAN_POINT('',(-0.369133195029,3.2995,1.420349367146));
#6001 = CARTESIAN_POINT('',(-0.369133195029,3.3005,1.420349367146));
#6002 = CARTESIAN_POINT('',(-0.392966910269,3.2995,1.420180329932));
#6003 = CARTESIAN_POINT('',(-0.392966910269,3.3005,1.420180329932));
#6004 = ADVANCED_FACE('',(#6005),#6021,.F.);
#6005 = FACE_BOUND('',#6006,.T.);
#6006 = EDGE_LOOP('',(#6007,#6008,#6015,#6020));
#6007 = ORIENTED_EDGE('',*,*,#387,.T.);
#6008 = ORIENTED_EDGE('',*,*,#6009,.F.);
#6009 = EDGE_CURVE('',#6010,#379,#6012,.T.);
#6010 = VERTEX_POINT('',#6011);
#6011 = CARTESIAN_POINT('',(-0.332635598518,3.3005,1.321890387872));
#6012 = B_SPLINE_CURVE_WITH_KNOTS('',1,(#6013,#6014),.UNSPECIFIED.,.F.,
  .F.,(2,2),(-0.,1.000000000001E-03),.PIECEWISE_BEZIER_KNOTS.);
#6013 = CARTESIAN_POINT('',(-0.332635598518,3.3005,1.321890387872));
#6014 = CARTESIAN_POINT('',(-0.332635598518,3.2995,1.321890387872));
#6015 = ORIENTED_EDGE('',*,*,#6016,.F.);
#6016 = EDGE_CURVE('',#5982,#6010,#6017,.T.);
#6017 = B_SPLINE_CURVE_WITH_KNOTS('',1,(#6018,#6019),.UNSPECIFIED.,.F.,
  .F.,(2,2),(-0.105005929122,2.082004829351E-16),
  .PIECEWISE_BEZIER_KNOTS.);
#6018 = CARTESIAN_POINT('',(-0.369133195029,3.3005,1.420349367146));
#6019 = CARTESIAN_POINT('',(-0.332635598518,3.3005,1.321890387872));
#6020 = ORIENTED_EDGE('',*,*,#5981,.T.);
#6021 = B_SPLINE_SURFACE_WITH_KNOTS('',1,1,(
    (#6022,#6023)
    ,(#6024,#6025
    )),.UNSPECIFIED.,.F.,.F.,.F.,(2,2),(2,2),(-2.27494856276E-16,
    0.105005929122),(-1.000000000001E-03,2.311115933265E-33),
  .PIECEWISE_BEZIER_KNOTS.);
#6022 = CARTESIAN_POINT('',(-0.332635598518,3.2995,1.321890387872));
#6023 = CARTESIAN_POINT('',(-0.332635598518,3.3005,1.321890387872));
#6024 = CARTESIAN_POINT('',(-0.369133195029,3.2995,1.420349367146));
#6025 = CARTESIAN_POINT('',(-0.369133195029,3.3005,1.420349367146));
#6026 = ADVANCED_FACE('',(#6027),#6045,.F.);
#6027 = FACE_BOUND('',#6028,.F.);
#6028 = EDGE_LOOP('',(#6029,#6030,#6039,#6044));
#6029 = ORIENTED_EDGE('',*,*,#6009,.F.);
#6030 = ORIENTED_EDGE('',*,*,#6031,.T.);
#6031 = EDGE_CURVE('',#6010,#6032,#6034,.T.);
#6032 = VERTEX_POINT('',#6033);
#6033 = CARTESIAN_POINT('',(-0.329745391186,3.3005,1.311307164621));
#6034 = B_SPLINE_CURVE_WITH_KNOTS('',3,(#6035,#6036,#6037,#6038),
  .UNSPECIFIED.,.F.,.F.,(4,4),(12.,13.),.PIECEWISE_BEZIER_KNOTS.);
#6035 = CARTESIAN_POINT('',(-0.332635598518,3.3005,1.321890387872));
#6036 = CARTESIAN_POINT('',(-0.331195486109,3.3005,1.317302527681));
#6037 = CARTESIAN_POINT('',(-0.33023186183,3.3005,1.313743508756));
#6038 = CARTESIAN_POINT('',(-0.329745391186,3.3005,1.311307164621));
#6039 = ORIENTED_EDGE('',*,*,#6040,.T.);
#6040 = EDGE_CURVE('',#6032,#372,#6041,.T.);
#6041 = B_SPLINE_CURVE_WITH_KNOTS('',1,(#6042,#6043),.UNSPECIFIED.,.F.,
  .F.,(2,2),(-0.,1.E-03),.PIECEWISE_BEZIER_KNOTS.);
#6042 = CARTESIAN_POINT('',(-0.329745391186,3.3005,1.311307164621));
#6043 = CARTESIAN_POINT('',(-0.329745391186,3.2995,1.311307164621));
#6044 = ORIENTED_EDGE('',*,*,#378,.F.);
#6045 = B_SPLINE_SURFACE_WITH_KNOTS('',3,1,(
    (#6046,#6047)
    ,(#6048,#6049)
    ,(#6050,#6051)
    ,(#6052,#6053
    )),.UNSPECIFIED.,.F.,.F.,.F.,(4,4),(2,2),(12.,13.),(0.,1.),
  .PIECEWISE_BEZIER_KNOTS.);
#6046 = CARTESIAN_POINT('',(-0.332635598518,3.3005,1.321890387872));
#6047 = CARTESIAN_POINT('',(-0.332635598518,3.2995,1.321890387872));
#6048 = CARTESIAN_POINT('',(-0.331195486109,3.3005,1.317302527681));
#6049 = CARTESIAN_POINT('',(-0.331195486109,3.2995,1.317302527681));
#6050 = CARTESIAN_POINT('',(-0.33023186183,3.3005,1.313743508756));
#6051 = CARTESIAN_POINT('',(-0.33023186183,3.2995,1.313743508756));
#6052 = CARTESIAN_POINT('',(-0.329745391186,3.3005,1.311307164621));
#6053 = CARTESIAN_POINT('',(-0.329745391186,3.2995,1.311307164621));
#6054 = ADVANCED_FACE('',(#6055),#6071,.F.);
#6055 = FACE_BOUND('',#6056,.T.);
#6056 = EDGE_LOOP('',(#6057,#6058,#6065,#6070));
#6057 = ORIENTED_EDGE('',*,*,#371,.T.);
#6058 = ORIENTED_EDGE('',*,*,#6059,.F.);
#6059 = EDGE_CURVE('',#6060,#365,#6062,.T.);
#6060 = VERTEX_POINT('',#6061);
#6061 = CARTESIAN_POINT('',(-0.329135473277,3.3005,1.311311490376));
#6062 = B_SPLINE_CURVE_WITH_KNOTS('',1,(#6063,#6064),.UNSPECIFIED.,.F.,
  .F.,(2,2),(-0.,1.E-03),.PIECEWISE_BEZIER_KNOTS.);
#6063 = CARTESIAN_POINT('',(-0.329135473277,3.3005,1.311311490376));
#6064 = CARTESIAN_POINT('',(-0.329135473277,3.2995,1.311311490376));
#6065 = ORIENTED_EDGE('',*,*,#6066,.F.);
#6066 = EDGE_CURVE('',#6032,#6060,#6067,.T.);
#6067 = B_SPLINE_CURVE_WITH_KNOTS('',1,(#6068,#6069),.UNSPECIFIED.,.F.,
  .F.,(2,2),(-6.099332487041E-04,0.),.PIECEWISE_BEZIER_KNOTS.);
#6068 = CARTESIAN_POINT('',(-0.329745391186,3.3005,1.311307164621));
#6069 = CARTESIAN_POINT('',(-0.329135473277,3.3005,1.311311490376));
#6070 = ORIENTED_EDGE('',*,*,#6040,.T.);
#6071 = B_SPLINE_SURFACE_WITH_KNOTS('',1,1,(
    (#6072,#6073)
    ,(#6074,#6075
    )),.UNSPECIFIED.,.F.,.F.,.F.,(2,2),(2,2),(0.,6.099332487041E-04),(
    -1.E-03,6.588719304756E-35),.PIECEWISE_BEZIER_KNOTS.);
#6072 = CARTESIAN_POINT('',(-0.329135473277,3.2995,1.311311490376));
#6073 = CARTESIAN_POINT('',(-0.329135473277,3.3005,1.311311490376));
#6074 = CARTESIAN_POINT('',(-0.329745391186,3.2995,1.311307164621));
#6075 = CARTESIAN_POINT('',(-0.329745391186,3.3005,1.311307164621));
#6076 = ADVANCED_FACE('',(#6077),#6093,.F.);
#6077 = FACE_BOUND('',#6078,.T.);
#6078 = EDGE_LOOP('',(#6079,#6080,#6087,#6092));
#6079 = ORIENTED_EDGE('',*,*,#364,.T.);
#6080 = ORIENTED_EDGE('',*,*,#6081,.F.);
#6081 = EDGE_CURVE('',#6082,#358,#6084,.T.);
#6082 = VERTEX_POINT('',#6083);
#6083 = CARTESIAN_POINT('',(-0.326397000136,3.3005,1.322122310727));
#6084 = B_SPLINE_CURVE_WITH_KNOTS('',1,(#6085,#6086),.UNSPECIFIED.,.F.,
  .F.,(2,2),(-0.,1.E-03),.PIECEWISE_BEZIER_KNOTS.);
#6085 = CARTESIAN_POINT('',(-0.326397000136,3.3005,1.322122310727));
#6086 = CARTESIAN_POINT('',(-0.326397000136,3.2995,1.322122310727));
#6087 = ORIENTED_EDGE('',*,*,#6088,.F.);
#6088 = EDGE_CURVE('',#6060,#6082,#6089,.T.);
#6089 = B_SPLINE_CURVE_WITH_KNOTS('',1,(#6090,#6091),.UNSPECIFIED.,.F.,
  .F.,(2,2),(-1.115226756314E-02,0.),.PIECEWISE_BEZIER_KNOTS.);
#6090 = CARTESIAN_POINT('',(-0.329135473277,3.3005,1.311311490376));
#6091 = CARTESIAN_POINT('',(-0.326397000136,3.3005,1.322122310727));
#6092 = ORIENTED_EDGE('',*,*,#6059,.T.);
#6093 = B_SPLINE_SURFACE_WITH_KNOTS('',1,1,(
    (#6094,#6095)
    ,(#6096,#6097
    )),.UNSPECIFIED.,.F.,.F.,.F.,(2,2),(2,2),(-4.089279488344E-17,
    1.115226756314E-02),(-1.E-03,2.407412430484E-34),
  .PIECEWISE_BEZIER_KNOTS.);
#6094 = CARTESIAN_POINT('',(-0.326397000136,3.2995,1.322122310727));
#6095 = CARTESIAN_POINT('',(-0.326397000136,3.3005,1.322122310727));
#6096 = CARTESIAN_POINT('',(-0.329135473277,3.2995,1.311311490376));
#6097 = CARTESIAN_POINT('',(-0.329135473277,3.3005,1.311311490376));
#6098 = ADVANCED_FACE('',(#6099),#6115,.F.);
#6099 = FACE_BOUND('',#6100,.T.);
#6100 = EDGE_LOOP('',(#6101,#6102,#6109,#6114));
#6101 = ORIENTED_EDGE('',*,*,#357,.T.);
#6102 = ORIENTED_EDGE('',*,*,#6103,.F.);
#6103 = EDGE_CURVE('',#6104,#351,#6106,.T.);
#6104 = VERTEX_POINT('',#6105);
#6105 = CARTESIAN_POINT('',(-0.292846539555,3.3005,1.420890419332));
#6106 = B_SPLINE_CURVE_WITH_KNOTS('',1,(#6107,#6108),.UNSPECIFIED.,.F.,
  .F.,(2,2),(-0.,1.E-03),.PIECEWISE_BEZIER_KNOTS.);
#6107 = CARTESIAN_POINT('',(-0.292846539555,3.3005,1.420890419332));
#6108 = CARTESIAN_POINT('',(-0.292846539555,3.2995,1.420890419332));
#6109 = ORIENTED_EDGE('',*,*,#6110,.F.);
#6110 = EDGE_CURVE('',#6082,#6104,#6111,.T.);
#6111 = B_SPLINE_CURVE_WITH_KNOTS('',1,(#6112,#6113),.UNSPECIFIED.,.F.,
  .F.,(2,2),(-0.104310942295,0.),.PIECEWISE_BEZIER_KNOTS.);
#6112 = CARTESIAN_POINT('',(-0.326397000136,3.3005,1.322122310727));
#6113 = CARTESIAN_POINT('',(-0.292846539555,3.3005,1.420890419332));
#6114 = ORIENTED_EDGE('',*,*,#6081,.T.);
#6115 = B_SPLINE_SURFACE_WITH_KNOTS('',1,1,(
    (#6116,#6117)
    ,(#6118,#6119
    )),.UNSPECIFIED.,.F.,.F.,.F.,(2,2),(2,2),(-0.,0.104310942295),(
    -1.E-03,0.),.PIECEWISE_BEZIER_KNOTS.);
#6116 = CARTESIAN_POINT('',(-0.292846539555,3.2995,1.420890419332));
#6117 = CARTESIAN_POINT('',(-0.292846539555,3.3005,1.420890419332));
#6118 = CARTESIAN_POINT('',(-0.326397000136,3.2995,1.322122310727));
#6119 = CARTESIAN_POINT('',(-0.326397000136,3.3005,1.322122310727));
#6120 = ADVANCED_FACE('',(#6121),#6137,.F.);
#6121 = FACE_BOUND('',#6122,.T.);
#6122 = EDGE_LOOP('',(#6123,#6124,#6131,#6136));
#6123 = ORIENTED_EDGE('',*,*,#350,.T.);
#6124 = ORIENTED_EDGE('',*,*,#6125,.F.);
#6125 = EDGE_CURVE('',#6126,#344,#6128,.T.);
#6126 = VERTEX_POINT('',#6127);
#6127 = CARTESIAN_POINT('',(-0.267136153823,3.3005,1.421072766563));
#6128 = B_SPLINE_CURVE_WITH_KNOTS('',1,(#6129,#6130),.UNSPECIFIED.,.F.,
  .F.,(2,2),(-0.,1.E-03),.PIECEWISE_BEZIER_KNOTS.);
#6129 = CARTESIAN_POINT('',(-0.267136153823,3.3005,1.421072766563));
#6130 = CARTESIAN_POINT('',(-0.267136153823,3.2995,1.421072766563));
#6131 = ORIENTED_EDGE('',*,*,#6132,.F.);
#6132 = EDGE_CURVE('',#6104,#6126,#6133,.T.);
#6133 = B_SPLINE_CURVE_WITH_KNOTS('',1,(#6134,#6135),.UNSPECIFIED.,.F.,
  .F.,(2,2),(-2.571103235943E-02,0.),.PIECEWISE_BEZIER_KNOTS.);
#6134 = CARTESIAN_POINT('',(-0.292846539555,3.3005,1.420890419332));
#6135 = CARTESIAN_POINT('',(-0.267136153823,3.3005,1.421072766563));
#6136 = ORIENTED_EDGE('',*,*,#6103,.T.);
#6137 = B_SPLINE_SURFACE_WITH_KNOTS('',1,1,(
    (#6138,#6139)
    ,(#6140,#6141
    )),.UNSPECIFIED.,.F.,.F.,.F.,(2,2),(2,2),(-4.440780410889E-16,
    2.571103235943E-02),(-1.E-03,4.915917375139E-35),
  .PIECEWISE_BEZIER_KNOTS.);
#6138 = CARTESIAN_POINT('',(-0.267136153823,3.2995,1.421072766563));
#6139 = CARTESIAN_POINT('',(-0.267136153823,3.3005,1.421072766563));
#6140 = CARTESIAN_POINT('',(-0.292846539555,3.2995,1.420890419332));
#6141 = CARTESIAN_POINT('',(-0.292846539555,3.3005,1.420890419332));
#6142 = ADVANCED_FACE('',(#6143),#6159,.F.);
#6143 = FACE_BOUND('',#6144,.T.);
#6144 = EDGE_LOOP('',(#6145,#6146,#6153,#6158));
#6145 = ORIENTED_EDGE('',*,*,#343,.T.);
#6146 = ORIENTED_EDGE('',*,*,#6147,.F.);
#6147 = EDGE_CURVE('',#6148,#337,#6150,.T.);
#6148 = VERTEX_POINT('',#6149);
#6149 = CARTESIAN_POINT('',(-0.31762921711,3.3005,1.289904138853));
#6150 = B_SPLINE_CURVE_WITH_KNOTS('',1,(#6151,#6152),.UNSPECIFIED.,.F.,
  .F.,(2,2),(-0.,1.E-03),.PIECEWISE_BEZIER_KNOTS.);
#6151 = CARTESIAN_POINT('',(-0.31762921711,3.3005,1.289904138853));
#6152 = CARTESIAN_POINT('',(-0.31762921711,3.2995,1.289904138853));
#6153 = ORIENTED_EDGE('',*,*,#6154,.F.);
#6154 = EDGE_CURVE('',#6126,#6148,#6155,.T.);
#6155 = B_SPLINE_CURVE_WITH_KNOTS('',1,(#6156,#6157),.UNSPECIFIED.,.F.,
  .F.,(2,2),(-0.140551621604,-0.),.PIECEWISE_BEZIER_KNOTS.);
#6156 = CARTESIAN_POINT('',(-0.267136153823,3.3005,1.421072766563));
#6157 = CARTESIAN_POINT('',(-0.31762921711,3.3005,1.289904138853));
#6158 = ORIENTED_EDGE('',*,*,#6125,.T.);
#6159 = B_SPLINE_SURFACE_WITH_KNOTS('',1,1,(
    (#6160,#6161)
    ,(#6162,#6163
    )),.UNSPECIFIED.,.F.,.F.,.F.,(2,2),(2,2),(-1.214445381089E-17,
    0.140551621604),(-1.E-03,0.),.PIECEWISE_BEZIER_KNOTS.);
#6160 = CARTESIAN_POINT('',(-0.31762921711,3.2995,1.289904138853));
#6161 = CARTESIAN_POINT('',(-0.31762921711,3.3005,1.289904138853));
#6162 = CARTESIAN_POINT('',(-0.267136153823,3.2995,1.421072766563));
#6163 = CARTESIAN_POINT('',(-0.267136153823,3.3005,1.421072766563));
#6164 = ADVANCED_FACE('',(#6165),#6181,.F.);
#6165 = FACE_BOUND('',#6166,.T.);
#6166 = EDGE_LOOP('',(#6167,#6168,#6175,#6180));
#6167 = ORIENTED_EDGE('',*,*,#336,.T.);
#6168 = ORIENTED_EDGE('',*,*,#6169,.F.);
#6169 = EDGE_CURVE('',#6170,#328,#6172,.T.);
#6170 = VERTEX_POINT('',#6171);
#6171 = CARTESIAN_POINT('',(-0.307373076005,3.3005,1.266141964953));
#6172 = B_SPLINE_CURVE_WITH_KNOTS('',1,(#6173,#6174),.UNSPECIFIED.,.F.,
  .F.,(2,2),(-0.,1.000000000001E-03),.PIECEWISE_BEZIER_KNOTS.);
#6173 = CARTESIAN_POINT('',(-0.307373076005,3.3005,1.266141964953));
#6174 = CARTESIAN_POINT('',(-0.307373076005,3.2995,1.266141964953));
#6175 = ORIENTED_EDGE('',*,*,#6176,.F.);
#6176 = EDGE_CURVE('',#6148,#6170,#6177,.T.);
#6177 = B_SPLINE_CURVE_WITH_KNOTS('',1,(#6178,#6179),.UNSPECIFIED.,.F.,
  .F.,(2,2),(-2.588106139308E-02,-2.199794634862E-17),
  .PIECEWISE_BEZIER_KNOTS.);
#6178 = CARTESIAN_POINT('',(-0.31762921711,3.3005,1.289904138853));
#6179 = CARTESIAN_POINT('',(-0.307373076005,3.3005,1.266141964953));
#6180 = ORIENTED_EDGE('',*,*,#6147,.T.);
#6181 = B_SPLINE_SURFACE_WITH_KNOTS('',1,1,(
    (#6182,#6183)
    ,(#6184,#6185
    )),.UNSPECIFIED.,.F.,.F.,.F.,(2,2),(2,2),(0.,2.588106139308E-02),(
    -1.000000000001E-03,0.),.PIECEWISE_BEZIER_KNOTS.);
#6182 = CARTESIAN_POINT('',(-0.307373076005,3.2995,1.266141964953));
#6183 = CARTESIAN_POINT('',(-0.307373076005,3.3005,1.266141964953));
#6184 = CARTESIAN_POINT('',(-0.31762921711,3.2995,1.289904138853));
#6185 = CARTESIAN_POINT('',(-0.31762921711,3.3005,1.289904138853));
#6186 = ADVANCED_FACE('',(#6187),#6205,.F.);
#6187 = FACE_BOUND('',#6188,.F.);
#6188 = EDGE_LOOP('',(#6189,#6190,#6199,#6204));
#6189 = ORIENTED_EDGE('',*,*,#6169,.F.);
#6190 = ORIENTED_EDGE('',*,*,#6191,.T.);
#6191 = EDGE_CURVE('',#6170,#6192,#6194,.T.);
#6192 = VERTEX_POINT('',#6193);
#6193 = CARTESIAN_POINT('',(-0.283689757672,3.3005,1.247823801325));
#6194 = B_SPLINE_CURVE_WITH_KNOTS('',3,(#6195,#6196,#6197,#6198),
  .UNSPECIFIED.,.F.,.F.,(4,4),(5.,6.),.PIECEWISE_BEZIER_KNOTS.);
#6195 = CARTESIAN_POINT('',(-0.307373076005,3.3005,1.266141964953));
#6196 = CARTESIAN_POINT('',(-0.30207746928,3.3005,1.253792875007));
#6197 = CARTESIAN_POINT('',(-0.294199112424,3.3005,1.24774926523));
#6198 = CARTESIAN_POINT('',(-0.283689757672,3.3005,1.247823801325));
#6199 = ORIENTED_EDGE('',*,*,#6200,.T.);
#6200 = EDGE_CURVE('',#6192,#319,#6201,.T.);
#6201 = B_SPLINE_CURVE_WITH_KNOTS('',1,(#6202,#6203),.UNSPECIFIED.,.F.,
  .F.,(2,2),(-0.,1.000000000001E-03),.PIECEWISE_BEZIER_KNOTS.);
#6202 = CARTESIAN_POINT('',(-0.283689757672,3.3005,1.247823801325));
#6203 = CARTESIAN_POINT('',(-0.283689757672,3.2995,1.247823801325));
#6204 = ORIENTED_EDGE('',*,*,#327,.F.);
#6205 = B_SPLINE_SURFACE_WITH_KNOTS('',3,1,(
    (#6206,#6207)
    ,(#6208,#6209)
    ,(#6210,#6211)
    ,(#6212,#6213
    )),.UNSPECIFIED.,.F.,.F.,.F.,(4,4),(2,2),(5.,6.),(0.,1.),
  .PIECEWISE_BEZIER_KNOTS.);
#6206 = CARTESIAN_POINT('',(-0.307373076005,3.3005,1.266141964953));
#6207 = CARTESIAN_POINT('',(-0.307373076005,3.2995,1.266141964953));
#6208 = CARTESIAN_POINT('',(-0.30207746928,3.3005,1.253792875007));
#6209 = CARTESIAN_POINT('',(-0.30207746928,3.2995,1.253792875007));
#6210 = CARTESIAN_POINT('',(-0.294199112424,3.3005,1.24774926523));
#6211 = CARTESIAN_POINT('',(-0.294199112424,3.2995,1.24774926523));
#6212 = CARTESIAN_POINT('',(-0.283689757672,3.3005,1.247823801325));
#6213 = CARTESIAN_POINT('',(-0.283689757672,3.2995,1.247823801325));
#6214 = ADVANCED_FACE('',(#6215),#6233,.F.);
#6215 = FACE_BOUND('',#6216,.F.);
#6216 = EDGE_LOOP('',(#6217,#6218,#6227,#6232));
#6217 = ORIENTED_EDGE('',*,*,#6200,.F.);
#6218 = ORIENTED_EDGE('',*,*,#6219,.T.);
#6219 = EDGE_CURVE('',#6192,#6220,#6222,.T.);
#6220 = VERTEX_POINT('',#6221);
#6221 = CARTESIAN_POINT('',(-0.270665531781,3.3005,1.250543644631));
#6222 = B_SPLINE_CURVE_WITH_KNOTS('',3,(#6223,#6224,#6225,#6226),
  .UNSPECIFIED.,.F.,.F.,(4,4),(4.,5.),.PIECEWISE_BEZIER_KNOTS.);
#6223 = CARTESIAN_POINT('',(-0.283689757672,3.3005,1.247823801325));
#6224 = CARTESIAN_POINT('',(-0.279467249067,3.3005,1.247853748863));
#6225 = CARTESIAN_POINT('',(-0.275156896444,3.3005,1.248728863623));
#6226 = CARTESIAN_POINT('',(-0.270665531781,3.3005,1.250543644631));
#6227 = ORIENTED_EDGE('',*,*,#6228,.T.);
#6228 = EDGE_CURVE('',#6220,#312,#6229,.T.);
#6229 = B_SPLINE_CURVE_WITH_KNOTS('',1,(#6230,#6231),.UNSPECIFIED.,.F.,
  .F.,(2,2),(-0.,1.E-03),.PIECEWISE_BEZIER_KNOTS.);
#6230 = CARTESIAN_POINT('',(-0.270665531781,3.3005,1.250543644631));
#6231 = CARTESIAN_POINT('',(-0.270665531781,3.2995,1.250543644631));
#6232 = ORIENTED_EDGE('',*,*,#318,.F.);
#6233 = B_SPLINE_SURFACE_WITH_KNOTS('',3,1,(
    (#6234,#6235)
    ,(#6236,#6237)
    ,(#6238,#6239)
    ,(#6240,#6241
    )),.UNSPECIFIED.,.F.,.F.,.F.,(4,4),(2,2),(4.,5.),(0.,1.),
  .PIECEWISE_BEZIER_KNOTS.);
#6234 = CARTESIAN_POINT('',(-0.283689757672,3.3005,1.247823801325));
#6235 = CARTESIAN_POINT('',(-0.283689757672,3.2995,1.247823801325));
#6236 = CARTESIAN_POINT('',(-0.279467249067,3.3005,1.247853748863));
#6237 = CARTESIAN_POINT('',(-0.279467249067,3.2995,1.247853748863));
#6238 = CARTESIAN_POINT('',(-0.275156896444,3.3005,1.248728863623));
#6239 = CARTESIAN_POINT('',(-0.275156896444,3.2995,1.248728863623));
#6240 = CARTESIAN_POINT('',(-0.270665531781,3.3005,1.250543644631));
#6241 = CARTESIAN_POINT('',(-0.270665531781,3.2995,1.250543644631));
#6242 = ADVANCED_FACE('',(#6243),#6259,.F.);
#6243 = FACE_BOUND('',#6244,.T.);
#6244 = EDGE_LOOP('',(#6245,#6246,#6253,#6258));
#6245 = ORIENTED_EDGE('',*,*,#311,.T.);
#6246 = ORIENTED_EDGE('',*,*,#6247,.F.);
#6247 = EDGE_CURVE('',#6248,#303,#6250,.T.);
#6248 = VERTEX_POINT('',#6249);
#6249 = CARTESIAN_POINT('',(-0.270520452597,3.3005,1.230087936274));
#6250 = B_SPLINE_CURVE_WITH_KNOTS('',1,(#6251,#6252),.UNSPECIFIED.,.F.,
  .F.,(2,2),(-0.,1.000000000001E-03),.PIECEWISE_BEZIER_KNOTS.);
#6251 = CARTESIAN_POINT('',(-0.270520452597,3.3005,1.230087936274));
#6252 = CARTESIAN_POINT('',(-0.270520452597,3.2995,1.230087936274));
#6253 = ORIENTED_EDGE('',*,*,#6254,.F.);
#6254 = EDGE_CURVE('',#6220,#6248,#6255,.T.);
#6255 = B_SPLINE_CURVE_WITH_KNOTS('',1,(#6256,#6257),.UNSPECIFIED.,.F.,
  .F.,(2,2),(-2.045622282649E-02,2.220390205445E-16),
  .PIECEWISE_BEZIER_KNOTS.);
#6256 = CARTESIAN_POINT('',(-0.270665531781,3.3005,1.250543644631));
#6257 = CARTESIAN_POINT('',(-0.270520452597,3.3005,1.230087936274));
#6258 = ORIENTED_EDGE('',*,*,#6228,.T.);
#6259 = B_SPLINE_SURFACE_WITH_KNOTS('',1,1,(
    (#6260,#6261)
    ,(#6262,#6263
    )),.UNSPECIFIED.,.F.,.F.,.F.,(2,2),(2,2),(-2.220390205445E-16,
    2.045622282649E-02),(-1.000000000001E-03,1.805559322863E-33),
  .PIECEWISE_BEZIER_KNOTS.);
#6260 = CARTESIAN_POINT('',(-0.270520452597,3.2995,1.230087936274));
#6261 = CARTESIAN_POINT('',(-0.270520452597,3.3005,1.230087936274));
#6262 = CARTESIAN_POINT('',(-0.270665531781,3.2995,1.250543644631));
#6263 = CARTESIAN_POINT('',(-0.270665531781,3.3005,1.250543644631));
#6264 = ADVANCED_FACE('',(#6265),#6283,.F.);
#6265 = FACE_BOUND('',#6266,.F.);
#6266 = EDGE_LOOP('',(#6267,#6268,#6277,#6282));
#6267 = ORIENTED_EDGE('',*,*,#6247,.F.);
#6268 = ORIENTED_EDGE('',*,*,#6269,.T.);
#6269 = EDGE_CURVE('',#6248,#6270,#6272,.T.);
#6270 = VERTEX_POINT('',#6271);
#6271 = CARTESIAN_POINT('',(-0.285332839462,3.3005,1.228106116649));
#6272 = B_SPLINE_CURVE_WITH_KNOTS('',3,(#6273,#6274,#6275,#6276),
  .UNSPECIFIED.,.F.,.F.,(4,4),(2.,3.),.PIECEWISE_BEZIER_KNOTS.);
#6273 = CARTESIAN_POINT('',(-0.270520452597,3.3005,1.230087936274));
#6274 = CARTESIAN_POINT('',(-0.274593559405,3.3005,1.228839151168));
#6275 = CARTESIAN_POINT('',(-0.279562077701,3.3005,1.228147044951));
#6276 = CARTESIAN_POINT('',(-0.285332839462,3.3005,1.228106116649));
#6277 = ORIENTED_EDGE('',*,*,#6278,.T.);
#6278 = EDGE_CURVE('',#6270,#294,#6279,.T.);
#6279 = B_SPLINE_CURVE_WITH_KNOTS('',1,(#6280,#6281),.UNSPECIFIED.,.F.,
  .F.,(2,2),(-0.,1.000000000001E-03),.PIECEWISE_BEZIER_KNOTS.);
#6280 = CARTESIAN_POINT('',(-0.285332839462,3.3005,1.228106116649));
#6281 = CARTESIAN_POINT('',(-0.285332839462,3.2995,1.228106116649));
#6282 = ORIENTED_EDGE('',*,*,#302,.F.);
#6283 = B_SPLINE_SURFACE_WITH_KNOTS('',3,1,(
    (#6284,#6285)
    ,(#6286,#6287)
    ,(#6288,#6289)
    ,(#6290,#6291
    )),.UNSPECIFIED.,.F.,.F.,.F.,(4,4),(2,2),(2.,3.),(0.,1.),
  .PIECEWISE_BEZIER_KNOTS.);
#6284 = CARTESIAN_POINT('',(-0.270520452597,3.3005,1.230087936274));
#6285 = CARTESIAN_POINT('',(-0.270520452597,3.2995,1.230087936274));
#6286 = CARTESIAN_POINT('',(-0.274593559405,3.3005,1.228839151168));
#6287 = CARTESIAN_POINT('',(-0.274593559405,3.2995,1.228839151168));
#6288 = CARTESIAN_POINT('',(-0.279562077701,3.3005,1.228147044951));
#6289 = CARTESIAN_POINT('',(-0.279562077701,3.2995,1.228147044951));
#6290 = CARTESIAN_POINT('',(-0.285332839462,3.3005,1.228106116649));
#6291 = CARTESIAN_POINT('',(-0.285332839462,3.2995,1.228106116649));
#6292 = ADVANCED_FACE('',(#6293),#6311,.F.);
#6293 = FACE_BOUND('',#6294,.F.);
#6294 = EDGE_LOOP('',(#6295,#6296,#6305,#6310));
#6295 = ORIENTED_EDGE('',*,*,#6278,.F.);
#6296 = ORIENTED_EDGE('',*,*,#6297,.T.);
#6297 = EDGE_CURVE('',#6270,#6298,#6300,.T.);
#6298 = VERTEX_POINT('',#6299);
#6299 = CARTESIAN_POINT('',(-0.332406330336,3.3005,1.269717949962));
#6300 = B_SPLINE_CURVE_WITH_KNOTS('',3,(#6301,#6302,#6303,#6304),
  .UNSPECIFIED.,.F.,.F.,(4,4),(1.,2.),.PIECEWISE_BEZIER_KNOTS.);
#6301 = CARTESIAN_POINT('',(-0.285332839462,3.3005,1.228106116649));
#6302 = CARTESIAN_POINT('',(-0.305460130481,3.3005,1.227963366718));
#6303 = CARTESIAN_POINT('',(-0.321135655186,3.3005,1.241834088739));
#6304 = CARTESIAN_POINT('',(-0.332406330336,3.3005,1.269717949962));
#6305 = ORIENTED_EDGE('',*,*,#6306,.T.);
#6306 = EDGE_CURVE('',#6298,#287,#6307,.T.);
#6307 = B_SPLINE_CURVE_WITH_KNOTS('',1,(#6308,#6309),.UNSPECIFIED.,.F.,
  .F.,(2,2),(-0.,1.E-03),.PIECEWISE_BEZIER_KNOTS.);
#6308 = CARTESIAN_POINT('',(-0.332406330336,3.3005,1.269717949962));
#6309 = CARTESIAN_POINT('',(-0.332406330336,3.2995,1.269717949962));
#6310 = ORIENTED_EDGE('',*,*,#293,.F.);
#6311 = B_SPLINE_SURFACE_WITH_KNOTS('',3,1,(
    (#6312,#6313)
    ,(#6314,#6315)
    ,(#6316,#6317)
    ,(#6318,#6319
    )),.UNSPECIFIED.,.F.,.F.,.F.,(4,4),(2,2),(1.,2.),(0.,1.),
  .PIECEWISE_BEZIER_KNOTS.);
#6312 = CARTESIAN_POINT('',(-0.285332839462,3.3005,1.228106116649));
#6313 = CARTESIAN_POINT('',(-0.285332839462,3.2995,1.228106116649));
#6314 = CARTESIAN_POINT('',(-0.305460130481,3.3005,1.227963366718));
#6315 = CARTESIAN_POINT('',(-0.305460130481,3.2995,1.227963366718));
#6316 = CARTESIAN_POINT('',(-0.321135655186,3.3005,1.241834088739));
#6317 = CARTESIAN_POINT('',(-0.321135655186,3.2995,1.241834088739));
#6318 = CARTESIAN_POINT('',(-0.332406330336,3.3005,1.269717949962));
#6319 = CARTESIAN_POINT('',(-0.332406330336,3.2995,1.269717949962));
#6320 = ADVANCED_FACE('',(#6321),#6331,.F.);
#6321 = FACE_BOUND('',#6322,.T.);
#6322 = EDGE_LOOP('',(#6323,#6324,#6325,#6330));
#6323 = ORIENTED_EDGE('',*,*,#286,.T.);
#6324 = ORIENTED_EDGE('',*,*,#5995,.F.);
#6325 = ORIENTED_EDGE('',*,*,#6326,.F.);
#6326 = EDGE_CURVE('',#6298,#5989,#6327,.T.);
#6327 = B_SPLINE_CURVE_WITH_KNOTS('',1,(#6328,#6329),.UNSPECIFIED.,.F.,
  .F.,(2,2),(-0.162192822369,0.),.PIECEWISE_BEZIER_KNOTS.);
#6328 = CARTESIAN_POINT('',(-0.332406330336,3.3005,1.269717949962));
#6329 = CARTESIAN_POINT('',(-0.392966910269,3.3005,1.420180329932));
#6330 = ORIENTED_EDGE('',*,*,#6306,.T.);
#6331 = B_SPLINE_SURFACE_WITH_KNOTS('',1,1,(
    (#6332,#6333)
    ,(#6334,#6335
    )),.UNSPECIFIED.,.F.,.F.,.F.,(2,2),(2,2),(-5.140650815051E-20,
    0.162192822369),(-1.E-03,0.),.PIECEWISE_BEZIER_KNOTS.);
#6332 = CARTESIAN_POINT('',(-0.392966910269,3.2995,1.420180329932));
#6333 = CARTESIAN_POINT('',(-0.392966910269,3.3005,1.420180329932));
#6334 = CARTESIAN_POINT('',(-0.332406330336,3.2995,1.269717949962));
#6335 = CARTESIAN_POINT('',(-0.332406330336,3.3005,1.269717949962));
#6336 = ADVANCED_FACE('',(#6337),#6354,.T.);
#6337 = FACE_BOUND('',#6338,.T.);
#6338 = EDGE_LOOP('',(#6339,#6340,#6341,#6342,#6343,#6344,#6345,#6346,
    #6347,#6348,#6349,#6350,#6351,#6352,#6353));
#6339 = ORIENTED_EDGE('',*,*,#5988,.T.);
#6340 = ORIENTED_EDGE('',*,*,#6016,.T.);
#6341 = ORIENTED_EDGE('',*,*,#6031,.T.);
#6342 = ORIENTED_EDGE('',*,*,#6066,.T.);
#6343 = ORIENTED_EDGE('',*,*,#6088,.T.);
#6344 = ORIENTED_EDGE('',*,*,#6110,.T.);
#6345 = ORIENTED_EDGE('',*,*,#6132,.T.);
#6346 = ORIENTED_EDGE('',*,*,#6154,.T.);
#6347 = ORIENTED_EDGE('',*,*,#6176,.T.);
#6348 = ORIENTED_EDGE('',*,*,#6191,.T.);
#6349 = ORIENTED_EDGE('',*,*,#6219,.T.);
#6350 = ORIENTED_EDGE('',*,*,#6254,.T.);
#6351 = ORIENTED_EDGE('',*,*,#6269,.T.);
#6352 = ORIENTED_EDGE('',*,*,#6297,.T.);
#6353 = ORIENTED_EDGE('',*,*,#6326,.T.);
#6354 = B_SPLINE_SURFACE_WITH_KNOTS('',1,1,(
    (#6355,#6356)
    ,(#6357,#6358
    )),.UNSPECIFIED.,.F.,.F.,.F.,(2,2),(2,2),(-1.043868740463E-02,
    0.18267071244),(-8.07760944187E-02,4.505466202688E-02),
  .PIECEWISE_BEZIER_KNOTS.);
#6355 = CARTESIAN_POINT('',(-0.392966910269,3.3005,1.227963366718));
#6356 = CARTESIAN_POINT('',(-0.267136153823,3.3005,1.227963366718));
#6357 = CARTESIAN_POINT('',(-0.392966910269,3.3005,1.421072766563));
#6358 = CARTESIAN_POINT('',(-0.267136153823,3.3005,1.421072766563));
#6359 = ADVANCED_FACE('',(#6360),#6382,.F.);
#6360 = FACE_BOUND('',#6361,.T.);
#6361 = EDGE_LOOP('',(#6362,#6363,#6370,#6377));
#6362 = ORIENTED_EDGE('',*,*,#1184,.T.);
#6363 = ORIENTED_EDGE('',*,*,#6364,.F.);
#6364 = EDGE_CURVE('',#6365,#1187,#6367,.T.);
#6365 = VERTEX_POINT('',#6366);
#6366 = CARTESIAN_POINT('',(-0.51567053061,3.3005,1.309143972979));
#6367 = B_SPLINE_CURVE_WITH_KNOTS('',1,(#6368,#6369),.UNSPECIFIED.,.F.,
  .F.,(2,2),(-0.,1.000000000001E-03),.PIECEWISE_BEZIER_KNOTS.);
#6368 = CARTESIAN_POINT('',(-0.51567053061,3.3005,1.309143972979));
#6369 = CARTESIAN_POINT('',(-0.51567053061,3.2995,1.309143972979));
#6370 = ORIENTED_EDGE('',*,*,#6371,.F.);
#6371 = EDGE_CURVE('',#6372,#6365,#6374,.T.);
#6372 = VERTEX_POINT('',#6373);
#6373 = CARTESIAN_POINT('',(-0.515522123922,3.3005,1.288219097));
#6374 = B_SPLINE_CURVE_WITH_KNOTS('',1,(#6375,#6376),.UNSPECIFIED.,.F.,
  .F.,(2,2),(-2.092540224858E-02,0.),.PIECEWISE_BEZIER_KNOTS.);
#6375 = CARTESIAN_POINT('',(-0.515522123922,3.3005,1.288219097));
#6376 = CARTESIAN_POINT('',(-0.51567053061,3.3005,1.309143972979));
#6377 = ORIENTED_EDGE('',*,*,#6378,.T.);
#6378 = EDGE_CURVE('',#6372,#1185,#6379,.T.);
#6379 = B_SPLINE_CURVE_WITH_KNOTS('',1,(#6380,#6381),.UNSPECIFIED.,.F.,
  .F.,(2,2),(-0.,1.E-03),.PIECEWISE_BEZIER_KNOTS.);
#6380 = CARTESIAN_POINT('',(-0.515522123922,3.3005,1.288219097));
#6381 = CARTESIAN_POINT('',(-0.515522123922,3.2995,1.288219097));
#6382 = B_SPLINE_SURFACE_WITH_KNOTS('',1,1,(
    (#6383,#6384)
    ,(#6385,#6386
    )),.UNSPECIFIED.,.F.,.F.,.F.,(2,2),(2,2),(-9.764260759572E-22,
    2.092540224858E-02),(-1.000000000001E-03,6.98751457948E-33),
  .PIECEWISE_BEZIER_KNOTS.);
#6383 = CARTESIAN_POINT('',(-0.51567053061,3.2995,1.309143972979));
#6384 = CARTESIAN_POINT('',(-0.51567053061,3.3005,1.309143972979));
#6385 = CARTESIAN_POINT('',(-0.515522123922,3.2995,1.288219097));
#6386 = CARTESIAN_POINT('',(-0.515522123922,3.3005,1.288219097));
#6387 = ADVANCED_FACE('',(#6388),#6404,.F.);
#6388 = FACE_BOUND('',#6389,.T.);
#6389 = EDGE_LOOP('',(#6390,#6391,#6398,#6403));
#6390 = ORIENTED_EDGE('',*,*,#1263,.T.);
#6391 = ORIENTED_EDGE('',*,*,#6392,.F.);
#6392 = EDGE_CURVE('',#6393,#1257,#6395,.T.);
#6393 = VERTEX_POINT('',#6394);
#6394 = CARTESIAN_POINT('',(-0.440650627719,3.3005,1.309676040903));
#6395 = B_SPLINE_CURVE_WITH_KNOTS('',1,(#6396,#6397),.UNSPECIFIED.,.F.,
  .F.,(2,2),(-0.,1.E-03),.PIECEWISE_BEZIER_KNOTS.);
#6396 = CARTESIAN_POINT('',(-0.440650627719,3.3005,1.309676040903));
#6397 = CARTESIAN_POINT('',(-0.440650627719,3.2995,1.309676040903));
#6398 = ORIENTED_EDGE('',*,*,#6399,.F.);
#6399 = EDGE_CURVE('',#6365,#6393,#6400,.T.);
#6400 = B_SPLINE_CURVE_WITH_KNOTS('',1,(#6401,#6402),.UNSPECIFIED.,.F.,
  .F.,(2,2),(-7.50217896758E-02,0.),.PIECEWISE_BEZIER_KNOTS.);
#6401 = CARTESIAN_POINT('',(-0.51567053061,3.3005,1.309143972979));
#6402 = CARTESIAN_POINT('',(-0.440650627719,3.3005,1.309676040903));
#6403 = ORIENTED_EDGE('',*,*,#6364,.T.);
#6404 = B_SPLINE_SURFACE_WITH_KNOTS('',1,1,(
    (#6405,#6406)
    ,(#6407,#6408
    )),.UNSPECIFIED.,.F.,.F.,.F.,(2,2),(2,2),(-2.220390205445E-16,
    7.50217896758E-02),(-1.E-03,4.440892098501E-16),
  .PIECEWISE_BEZIER_KNOTS.);
#6405 = CARTESIAN_POINT('',(-0.440650627719,3.2995,1.309676040903));
#6406 = CARTESIAN_POINT('',(-0.440650627719,3.3005,1.309676040903));
#6407 = CARTESIAN_POINT('',(-0.51567053061,3.2995,1.309143972979));
#6408 = CARTESIAN_POINT('',(-0.51567053061,3.3005,1.309143972979));
#6409 = ADVANCED_FACE('',(#6410),#6426,.F.);
#6410 = FACE_BOUND('',#6411,.T.);
#6411 = EDGE_LOOP('',(#6412,#6413,#6420,#6425));
#6412 = ORIENTED_EDGE('',*,*,#1256,.T.);
#6413 = ORIENTED_EDGE('',*,*,#6414,.F.);
#6414 = EDGE_CURVE('',#6415,#1250,#6417,.T.);
#6415 = VERTEX_POINT('',#6416);
#6416 = CARTESIAN_POINT('',(-0.441088527274,3.3005,1.371418500069));
#6417 = B_SPLINE_CURVE_WITH_KNOTS('',1,(#6418,#6419),.UNSPECIFIED.,.F.,
  .F.,(2,2),(-0.,1.E-03),.PIECEWISE_BEZIER_KNOTS.);
#6418 = CARTESIAN_POINT('',(-0.441088527274,3.3005,1.371418500069));
#6419 = CARTESIAN_POINT('',(-0.441088527274,3.2995,1.371418500069));
#6420 = ORIENTED_EDGE('',*,*,#6421,.F.);
#6421 = EDGE_CURVE('',#6393,#6415,#6422,.T.);
#6422 = B_SPLINE_CURVE_WITH_KNOTS('',1,(#6423,#6424),.UNSPECIFIED.,.F.,
  .F.,(2,2),(-6.174401201589E-02,0.),.PIECEWISE_BEZIER_KNOTS.);
#6423 = CARTESIAN_POINT('',(-0.440650627719,3.3005,1.309676040903));
#6424 = CARTESIAN_POINT('',(-0.441088527274,3.3005,1.371418500069));
#6425 = ORIENTED_EDGE('',*,*,#6392,.T.);
#6426 = B_SPLINE_SURFACE_WITH_KNOTS('',1,1,(
    (#6427,#6428)
    ,(#6429,#6430
    )),.UNSPECIFIED.,.F.,.F.,.F.,(2,2),(2,2),(-9.764260759566E-22,
    6.174401201589E-02),(-1.E-03,6.138901697734E-34),
  .PIECEWISE_BEZIER_KNOTS.);
#6427 = CARTESIAN_POINT('',(-0.441088527274,3.2995,1.371418500069));
#6428 = CARTESIAN_POINT('',(-0.441088527274,3.3005,1.371418500069));
#6429 = CARTESIAN_POINT('',(-0.440650627719,3.2995,1.309676040903));
#6430 = CARTESIAN_POINT('',(-0.440650627719,3.3005,1.309676040903));
#6431 = ADVANCED_FACE('',(#6432),#6448,.F.);
#6432 = FACE_BOUND('',#6433,.T.);
#6433 = EDGE_LOOP('',(#6434,#6435,#6442,#6447));
#6434 = ORIENTED_EDGE('',*,*,#1249,.T.);
#6435 = ORIENTED_EDGE('',*,*,#6436,.F.);
#6436 = EDGE_CURVE('',#6437,#1243,#6439,.T.);
#6437 = VERTEX_POINT('',#6438);
#6438 = CARTESIAN_POINT('',(-0.506725077708,3.3005,1.370952982229));
#6439 = B_SPLINE_CURVE_WITH_KNOTS('',1,(#6440,#6441),.UNSPECIFIED.,.F.,
  .F.,(2,2),(-0.,1.000000000001E-03),.PIECEWISE_BEZIER_KNOTS.);
#6440 = CARTESIAN_POINT('',(-0.506725077708,3.3005,1.370952982229));
#6441 = CARTESIAN_POINT('',(-0.506725077708,3.2995,1.370952982229));
#6442 = ORIENTED_EDGE('',*,*,#6443,.F.);
#6443 = EDGE_CURVE('',#6415,#6437,#6444,.T.);
#6444 = B_SPLINE_CURVE_WITH_KNOTS('',1,(#6445,#6446),.UNSPECIFIED.,.F.,
  .F.,(2,2),(-6.563820122292E-02,0.),.PIECEWISE_BEZIER_KNOTS.);
#6445 = CARTESIAN_POINT('',(-0.441088527274,3.3005,1.371418500069));
#6446 = CARTESIAN_POINT('',(-0.506725077708,3.3005,1.370952982229));
#6447 = ORIENTED_EDGE('',*,*,#6414,.T.);
#6448 = B_SPLINE_SURFACE_WITH_KNOTS('',1,1,(
    (#6449,#6450)
    ,(#6451,#6452
    )),.UNSPECIFIED.,.F.,.F.,.F.,(2,2),(2,2),(-1.376730038099E-19,
    6.563820122292E-02),(-1.000000000001E-03,0.),
  .PIECEWISE_BEZIER_KNOTS.);
#6449 = CARTESIAN_POINT('',(-0.506725077708,3.2995,1.370952982229));
#6450 = CARTESIAN_POINT('',(-0.506725077708,3.3005,1.370952982229));
#6451 = CARTESIAN_POINT('',(-0.441088527274,3.2995,1.371418500069));
#6452 = CARTESIAN_POINT('',(-0.441088527274,3.3005,1.371418500069));
#6453 = ADVANCED_FACE('',(#6454),#6470,.F.);
#6454 = FACE_BOUND('',#6455,.T.);
#6455 = EDGE_LOOP('',(#6456,#6457,#6464,#6469));
#6456 = ORIENTED_EDGE('',*,*,#1242,.T.);
#6457 = ORIENTED_EDGE('',*,*,#6458,.F.);
#6458 = EDGE_CURVE('',#6459,#1236,#6461,.T.);
#6459 = VERTEX_POINT('',#6460);
#6460 = CARTESIAN_POINT('',(-0.506874149897,3.3005,1.391971691732));
#6461 = B_SPLINE_CURVE_WITH_KNOTS('',1,(#6462,#6463),.UNSPECIFIED.,.F.,
  .F.,(2,2),(-0.,1.000000000001E-03),.PIECEWISE_BEZIER_KNOTS.);
#6462 = CARTESIAN_POINT('',(-0.506874149897,3.3005,1.391971691732));
#6463 = CARTESIAN_POINT('',(-0.506874149897,3.2995,1.391971691732));
#6464 = ORIENTED_EDGE('',*,*,#6465,.F.);
#6465 = EDGE_CURVE('',#6437,#6459,#6466,.T.);
#6466 = B_SPLINE_CURVE_WITH_KNOTS('',1,(#6467,#6468),.UNSPECIFIED.,.F.,
  .F.,(2,2),(-2.101923813299E-02,0.),.PIECEWISE_BEZIER_KNOTS.);
#6467 = CARTESIAN_POINT('',(-0.506725077708,3.3005,1.370952982229));
#6468 = CARTESIAN_POINT('',(-0.506874149897,3.3005,1.391971691732));
#6469 = ORIENTED_EDGE('',*,*,#6436,.T.);
#6470 = B_SPLINE_SURFACE_WITH_KNOTS('',1,1,(
    (#6471,#6472)
    ,(#6473,#6474
    )),.UNSPECIFIED.,.F.,.F.,.F.,(2,2),(2,2),(-9.764260759581E-22,
    2.101923813299E-02),(-1.000000000001E-03,2.982182148262E-33),
  .PIECEWISE_BEZIER_KNOTS.);
#6471 = CARTESIAN_POINT('',(-0.506874149897,3.2995,1.391971691732));
#6472 = CARTESIAN_POINT('',(-0.506874149897,3.3005,1.391971691732));
#6473 = CARTESIAN_POINT('',(-0.506725077708,3.2995,1.370952982229));
#6474 = CARTESIAN_POINT('',(-0.506725077708,3.3005,1.370952982229));
#6475 = ADVANCED_FACE('',(#6476),#6492,.F.);
#6476 = FACE_BOUND('',#6477,.T.);
#6477 = EDGE_LOOP('',(#6478,#6479,#6486,#6491));
#6478 = ORIENTED_EDGE('',*,*,#1235,.T.);
#6479 = ORIENTED_EDGE('',*,*,#6480,.F.);
#6480 = EDGE_CURVE('',#6481,#1229,#6483,.T.);
#6481 = VERTEX_POINT('',#6482);
#6482 = CARTESIAN_POINT('',(-0.441237599463,3.3005,1.392437209572));
#6483 = B_SPLINE_CURVE_WITH_KNOTS('',1,(#6484,#6485),.UNSPECIFIED.,.F.,
  .F.,(2,2),(-0.,1.E-03),.PIECEWISE_BEZIER_KNOTS.);
#6484 = CARTESIAN_POINT('',(-0.441237599463,3.3005,1.392437209572));
#6485 = CARTESIAN_POINT('',(-0.441237599463,3.2995,1.392437209572));
#6486 = ORIENTED_EDGE('',*,*,#6487,.F.);
#6487 = EDGE_CURVE('',#6459,#6481,#6488,.T.);
#6488 = B_SPLINE_CURVE_WITH_KNOTS('',1,(#6489,#6490),.UNSPECIFIED.,.F.,
  .F.,(2,2),(-6.563820122292E-02,0.),.PIECEWISE_BEZIER_KNOTS.);
#6489 = CARTESIAN_POINT('',(-0.506874149897,3.3005,1.391971691732));
#6490 = CARTESIAN_POINT('',(-0.441237599463,3.3005,1.392437209572));
#6491 = ORIENTED_EDGE('',*,*,#6458,.T.);
#6492 = B_SPLINE_SURFACE_WITH_KNOTS('',1,1,(
    (#6493,#6494)
    ,(#6495,#6496
    )),.UNSPECIFIED.,.F.,.F.,.F.,(2,2),(2,2),(-5.708453511142E-17,
    6.563820122292E-02),(-1.E-03,4.440892098501E-16),
  .PIECEWISE_BEZIER_KNOTS.);
#6493 = CARTESIAN_POINT('',(-0.441237599463,3.2995,1.392437209572));
#6494 = CARTESIAN_POINT('',(-0.441237599463,3.3005,1.392437209572));
#6495 = CARTESIAN_POINT('',(-0.506874149897,3.2995,1.391971691732));
#6496 = CARTESIAN_POINT('',(-0.506874149897,3.3005,1.391971691732));
#6497 = ADVANCED_FACE('',(#6498),#6514,.F.);
#6498 = FACE_BOUND('',#6499,.T.);
#6499 = EDGE_LOOP('',(#6500,#6501,#6508,#6513));
#6500 = ORIENTED_EDGE('',*,*,#1228,.T.);
#6501 = ORIENTED_EDGE('',*,*,#6502,.F.);
#6502 = EDGE_CURVE('',#6503,#1222,#6505,.T.);
#6503 = VERTEX_POINT('',#6504);
#6504 = CARTESIAN_POINT('',(-0.441654202991,3.3005,1.451176995952));
#6505 = B_SPLINE_CURVE_WITH_KNOTS('',1,(#6506,#6507),.UNSPECIFIED.,.F.,
  .F.,(2,2),(-0.,1.E-03),.PIECEWISE_BEZIER_KNOTS.);
#6506 = CARTESIAN_POINT('',(-0.441654202991,3.3005,1.451176995952));
#6507 = CARTESIAN_POINT('',(-0.441654202991,3.2995,1.451176995952));
#6508 = ORIENTED_EDGE('',*,*,#6509,.F.);
#6509 = EDGE_CURVE('',#6481,#6503,#6510,.T.);
#6510 = B_SPLINE_CURVE_WITH_KNOTS('',1,(#6511,#6512),.UNSPECIFIED.,.F.,
  .F.,(2,2),(-5.874126371208E-02,0.),.PIECEWISE_BEZIER_KNOTS.);
#6511 = CARTESIAN_POINT('',(-0.441237599463,3.3005,1.392437209572));
#6512 = CARTESIAN_POINT('',(-0.441654202991,3.3005,1.451176995952));
#6513 = ORIENTED_EDGE('',*,*,#6480,.T.);
#6514 = B_SPLINE_SURFACE_WITH_KNOTS('',1,1,(
    (#6515,#6516)
    ,(#6517,#6518
    )),.UNSPECIFIED.,.F.,.F.,.F.,(2,2),(2,2),(-9.764260759565E-22,
    5.874126371208E-02),(-1.E-03,4.52526235017E-35),
  .PIECEWISE_BEZIER_KNOTS.);
#6515 = CARTESIAN_POINT('',(-0.441654202991,3.2995,1.451176995952));
#6516 = CARTESIAN_POINT('',(-0.441654202991,3.3005,1.451176995952));
#6517 = CARTESIAN_POINT('',(-0.441237599463,3.2995,1.392437209572));
#6518 = CARTESIAN_POINT('',(-0.441237599463,3.3005,1.392437209572));
#6519 = ADVANCED_FACE('',(#6520),#6536,.F.);
#6520 = FACE_BOUND('',#6521,.T.);
#6521 = EDGE_LOOP('',(#6522,#6523,#6530,#6535));
#6522 = ORIENTED_EDGE('',*,*,#1221,.T.);
#6523 = ORIENTED_EDGE('',*,*,#6524,.F.);
#6524 = EDGE_CURVE('',#6525,#1215,#6527,.T.);
#6525 = VERTEX_POINT('',#6526);
#6526 = CARTESIAN_POINT('',(-0.512498514039,3.3005,1.450674542815));
#6527 = B_SPLINE_CURVE_WITH_KNOTS('',1,(#6528,#6529),.UNSPECIFIED.,.F.,
  .F.,(2,2),(-0.,1.000000000001E-03),.PIECEWISE_BEZIER_KNOTS.);
#6528 = CARTESIAN_POINT('',(-0.512498514039,3.3005,1.450674542815));
#6529 = CARTESIAN_POINT('',(-0.512498514039,3.2995,1.450674542815));
#6530 = ORIENTED_EDGE('',*,*,#6531,.F.);
#6531 = EDGE_CURVE('',#6503,#6525,#6532,.T.);
#6532 = B_SPLINE_CURVE_WITH_KNOTS('',1,(#6533,#6534),.UNSPECIFIED.,.F.,
  .F.,(2,2),(-7.084609281427E-02,0.),.PIECEWISE_BEZIER_KNOTS.);
#6533 = CARTESIAN_POINT('',(-0.441654202991,3.3005,1.451176995952));
#6534 = CARTESIAN_POINT('',(-0.512498514039,3.3005,1.450674542815));
#6535 = ORIENTED_EDGE('',*,*,#6502,.T.);
#6536 = B_SPLINE_SURFACE_WITH_KNOTS('',1,1,(
    (#6537,#6538)
    ,(#6539,#6540
    )),.UNSPECIFIED.,.F.,.F.,.F.,(2,2),(2,2),(-3.330585308167E-16,
    7.084609281427E-02),(-1.000000000001E-03,0.),
  .PIECEWISE_BEZIER_KNOTS.);
#6537 = CARTESIAN_POINT('',(-0.512498514039,3.2995,1.450674542815));
#6538 = CARTESIAN_POINT('',(-0.512498514039,3.3005,1.450674542815));
#6539 = CARTESIAN_POINT('',(-0.441654202991,3.2995,1.451176995952));
#6540 = CARTESIAN_POINT('',(-0.441654202991,3.3005,1.451176995952));
#6541 = ADVANCED_FACE('',(#6542),#6558,.F.);
#6542 = FACE_BOUND('',#6543,.T.);
#6543 = EDGE_LOOP('',(#6544,#6545,#6552,#6557));
#6544 = ORIENTED_EDGE('',*,*,#1214,.T.);
#6545 = ORIENTED_EDGE('',*,*,#6546,.F.);
#6546 = EDGE_CURVE('',#6547,#1208,#6549,.T.);
#6547 = VERTEX_POINT('',#6548);
#6548 = CARTESIAN_POINT('',(-0.512648251729,3.3005,1.471787085843));
#6549 = B_SPLINE_CURVE_WITH_KNOTS('',1,(#6550,#6551),.UNSPECIFIED.,.F.,
  .F.,(2,2),(-0.,1.000000000001E-03),.PIECEWISE_BEZIER_KNOTS.);
#6550 = CARTESIAN_POINT('',(-0.512648251729,3.3005,1.471787085843));
#6551 = CARTESIAN_POINT('',(-0.512648251729,3.2995,1.471787085843));
#6552 = ORIENTED_EDGE('',*,*,#6553,.F.);
#6553 = EDGE_CURVE('',#6525,#6547,#6554,.T.);
#6554 = B_SPLINE_CURVE_WITH_KNOTS('',1,(#6555,#6556),.UNSPECIFIED.,.F.,
  .F.,(2,2),(-2.111307401741E-02,0.),.PIECEWISE_BEZIER_KNOTS.);
#6555 = CARTESIAN_POINT('',(-0.512498514039,3.3005,1.450674542815));
#6556 = CARTESIAN_POINT('',(-0.512648251729,3.3005,1.471787085843));
#6557 = ORIENTED_EDGE('',*,*,#6524,.T.);
#6558 = B_SPLINE_SURFACE_WITH_KNOTS('',1,1,(
    (#6559,#6560)
    ,(#6561,#6562
    )),.UNSPECIFIED.,.F.,.F.,.F.,(2,2),(2,2),(-9.764260759559E-22,
    2.111307401741E-02),(-1.000000000001E-03,0.),
  .PIECEWISE_BEZIER_KNOTS.);
#6559 = CARTESIAN_POINT('',(-0.512648251729,3.2995,1.471787085843));
#6560 = CARTESIAN_POINT('',(-0.512648251729,3.3005,1.471787085843));
#6561 = CARTESIAN_POINT('',(-0.512498514039,3.2995,1.450674542815));
#6562 = CARTESIAN_POINT('',(-0.512498514039,3.3005,1.450674542815));
#6563 = ADVANCED_FACE('',(#6564),#6580,.F.);
#6564 = FACE_BOUND('',#6565,.T.);
#6565 = EDGE_LOOP('',(#6566,#6567,#6574,#6579));
#6566 = ORIENTED_EDGE('',*,*,#1207,.T.);
#6567 = ORIENTED_EDGE('',*,*,#6568,.F.);
#6568 = EDGE_CURVE('',#6569,#1201,#6571,.T.);
#6569 = VERTEX_POINT('',#6570);
#6570 = CARTESIAN_POINT('',(-0.418110975727,3.3005,1.472457577943));
#6571 = B_SPLINE_CURVE_WITH_KNOTS('',1,(#6572,#6573),.UNSPECIFIED.,.F.,
  .F.,(2,2),(-0.,1.E-03),.PIECEWISE_BEZIER_KNOTS.);
#6572 = CARTESIAN_POINT('',(-0.418110975727,3.3005,1.472457577943));
#6573 = CARTESIAN_POINT('',(-0.418110975727,3.2995,1.472457577943));
#6574 = ORIENTED_EDGE('',*,*,#6575,.F.);
#6575 = EDGE_CURVE('',#6547,#6569,#6576,.T.);
#6576 = B_SPLINE_CURVE_WITH_KNOTS('',1,(#6577,#6578),.UNSPECIFIED.,.F.,
  .F.,(2,2),(-9.453965365687E-02,0.),.PIECEWISE_BEZIER_KNOTS.);
#6577 = CARTESIAN_POINT('',(-0.512648251729,3.3005,1.471787085843));
#6578 = CARTESIAN_POINT('',(-0.418110975727,3.3005,1.472457577943));
#6579 = ORIENTED_EDGE('',*,*,#6546,.T.);
#6580 = B_SPLINE_SURFACE_WITH_KNOTS('',1,1,(
    (#6581,#6582)
    ,(#6583,#6584
    )),.UNSPECIFIED.,.F.,.F.,.F.,(2,2),(2,2),(0.,9.453965365687E-02),(
    -1.E-03,4.440892098501E-16),.PIECEWISE_BEZIER_KNOTS.);
#6581 = CARTESIAN_POINT('',(-0.418110975727,3.2995,1.472457577943));
#6582 = CARTESIAN_POINT('',(-0.418110975727,3.3005,1.472457577943));
#6583 = CARTESIAN_POINT('',(-0.512648251729,3.2995,1.471787085843));
#6584 = CARTESIAN_POINT('',(-0.512648251729,3.3005,1.471787085843));
#6585 = ADVANCED_FACE('',(#6586),#6602,.F.);
#6586 = FACE_BOUND('',#6587,.T.);
#6587 = EDGE_LOOP('',(#6588,#6589,#6596,#6601));
#6588 = ORIENTED_EDGE('',*,*,#1200,.T.);
#6589 = ORIENTED_EDGE('',*,*,#6590,.F.);
#6590 = EDGE_CURVE('',#6591,#1194,#6593,.T.);
#6591 = VERTEX_POINT('',#6592);
#6592 = CARTESIAN_POINT('',(-0.416809256076,3.3005,1.288919203888));
#6593 = B_SPLINE_CURVE_WITH_KNOTS('',1,(#6594,#6595),.UNSPECIFIED.,.F.,
  .F.,(2,2),(-0.,1.E-03),.PIECEWISE_BEZIER_KNOTS.);
#6594 = CARTESIAN_POINT('',(-0.416809256076,3.3005,1.288919203888));
#6595 = CARTESIAN_POINT('',(-0.416809256076,3.2995,1.288919203888));
#6596 = ORIENTED_EDGE('',*,*,#6597,.F.);
#6597 = EDGE_CURVE('',#6569,#6591,#6598,.T.);
#6598 = B_SPLINE_CURVE_WITH_KNOTS('',1,(#6599,#6600),.UNSPECIFIED.,.F.,
  .F.,(2,2),(-0.183542990127,0.),.PIECEWISE_BEZIER_KNOTS.);
#6599 = CARTESIAN_POINT('',(-0.418110975727,3.3005,1.472457577943));
#6600 = CARTESIAN_POINT('',(-0.416809256076,3.3005,1.288919203888));
#6601 = ORIENTED_EDGE('',*,*,#6568,.T.);
#6602 = B_SPLINE_SURFACE_WITH_KNOTS('',1,1,(
    (#6603,#6604)
    ,(#6605,#6606
    )),.UNSPECIFIED.,.F.,.F.,.F.,(2,2),(2,2),(0.,0.183542990127),(
    -1.E-03,2.407412430484E-34),.PIECEWISE_BEZIER_KNOTS.);
#6603 = CARTESIAN_POINT('',(-0.416809256076,3.2995,1.288919203888));
#6604 = CARTESIAN_POINT('',(-0.416809256076,3.3005,1.288919203888));
#6605 = CARTESIAN_POINT('',(-0.418110975727,3.2995,1.472457577943));
#6606 = CARTESIAN_POINT('',(-0.418110975727,3.3005,1.472457577943));
#6607 = ADVANCED_FACE('',(#6608),#6618,.F.);
#6608 = FACE_BOUND('',#6609,.T.);
#6609 = EDGE_LOOP('',(#6610,#6611,#6612,#6617));
#6610 = ORIENTED_EDGE('',*,*,#1193,.T.);
#6611 = ORIENTED_EDGE('',*,*,#6378,.F.);
#6612 = ORIENTED_EDGE('',*,*,#6613,.F.);
#6613 = EDGE_CURVE('',#6591,#6372,#6614,.T.);
#6614 = B_SPLINE_CURVE_WITH_KNOTS('',1,(#6615,#6616),.UNSPECIFIED.,.F.,
  .F.,(2,2),(-9.87153505184E-02,0.),.PIECEWISE_BEZIER_KNOTS.);
#6615 = CARTESIAN_POINT('',(-0.416809256076,3.3005,1.288919203888));
#6616 = CARTESIAN_POINT('',(-0.515522123922,3.3005,1.288219097));
#6617 = ORIENTED_EDGE('',*,*,#6590,.T.);
#6618 = B_SPLINE_SURFACE_WITH_KNOTS('',1,1,(
    (#6619,#6620)
    ,(#6621,#6622
    )),.UNSPECIFIED.,.F.,.F.,.F.,(2,2),(2,2),(-1.376730038099E-19,
    9.87153505184E-02),(-1.000000000001E-03,0.),
  .PIECEWISE_BEZIER_KNOTS.);
#6619 = CARTESIAN_POINT('',(-0.515522123922,3.2995,1.288219097));
#6620 = CARTESIAN_POINT('',(-0.515522123922,3.3005,1.288219097));
#6621 = CARTESIAN_POINT('',(-0.416809256076,3.2995,1.288919203888));
#6622 = CARTESIAN_POINT('',(-0.416809256076,3.3005,1.288919203888));
#6623 = ADVANCED_FACE('',(#6624),#6638,.F.);
#6624 = FACE_BOUND('',#6625,.T.);
#6625 = EDGE_LOOP('',(#6626,#6627,#6628,#6629,#6630,#6631,#6632,#6633,
    #6634,#6635,#6636,#6637));
#6626 = ORIENTED_EDGE('',*,*,#6371,.T.);
#6627 = ORIENTED_EDGE('',*,*,#6399,.T.);
#6628 = ORIENTED_EDGE('',*,*,#6421,.T.);
#6629 = ORIENTED_EDGE('',*,*,#6443,.T.);
#6630 = ORIENTED_EDGE('',*,*,#6465,.T.);
#6631 = ORIENTED_EDGE('',*,*,#6487,.T.);
#6632 = ORIENTED_EDGE('',*,*,#6509,.T.);
#6633 = ORIENTED_EDGE('',*,*,#6531,.T.);
#6634 = ORIENTED_EDGE('',*,*,#6553,.T.);
#6635 = ORIENTED_EDGE('',*,*,#6575,.T.);
#6636 = ORIENTED_EDGE('',*,*,#6597,.T.);
#6637 = ORIENTED_EDGE('',*,*,#6613,.T.);
#6638 = B_SPLINE_SURFACE_WITH_KNOTS('',1,1,(
    (#6639,#6640)
    ,(#6641,#6642
    )),.UNSPECIFIED.,.F.,.F.,.F.,(2,2),(2,2),(-0.51567053061,
    -0.416809256076),(1.288218997,1.472457477943),
  .PIECEWISE_BEZIER_KNOTS.);
#6639 = CARTESIAN_POINT('',(-0.51567053061,3.3005,1.288219097));
#6640 = CARTESIAN_POINT('',(-0.51567053061,3.3005,1.472457577943));
#6641 = CARTESIAN_POINT('',(-0.416809256076,3.3005,1.288219097));
#6642 = CARTESIAN_POINT('',(-0.416809256076,3.3005,1.472457577943));
#6643 = ADVANCED_FACE('',(#6644,#6703),#6762,.T.);
#6644 = FACE_BOUND('',#6645,.T.);
#6645 = EDGE_LOOP('',(#6646,#6655,#6664,#6673,#6682,#6691,#6698));
#6646 = ORIENTED_EDGE('',*,*,#6647,.T.);
#6647 = EDGE_CURVE('',#6648,#6650,#6652,.T.);
#6648 = VERTEX_POINT('',#6649);
#6649 = CARTESIAN_POINT('',(-0.550193611251,3.3005,1.287973194439));
#6650 = VERTEX_POINT('',#6651);
#6651 = CARTESIAN_POINT('',(-0.600676047468,3.3005,1.287615154985));
#6652 = B_SPLINE_CURVE_WITH_KNOTS('',1,(#6653,#6654),.UNSPECIFIED.,.F.,
  .F.,(2,2),(-5.048370587345E-02,0.),.PIECEWISE_BEZIER_KNOTS.);
#6653 = CARTESIAN_POINT('',(-0.550193611251,3.3005,1.287973194439));
#6654 = CARTESIAN_POINT('',(-0.600676047468,3.3005,1.287615154985));
#6655 = ORIENTED_EDGE('',*,*,#6656,.T.);
#6656 = EDGE_CURVE('',#6650,#6657,#6659,.T.);
#6657 = VERTEX_POINT('',#6658);
#6658 = CARTESIAN_POINT('',(-0.672124956608,3.3005,1.312820092825));
#6659 = B_SPLINE_CURVE_WITH_KNOTS('',3,(#6660,#6661,#6662,#6663),
  .UNSPECIFIED.,.F.,.F.,(4,4),(5.,6.),.PIECEWISE_BEZIER_KNOTS.);
#6660 = CARTESIAN_POINT('',(-0.600676047468,3.3005,1.287615154985));
#6661 = CARTESIAN_POINT('',(-0.629717523321,3.3005,1.287409182474));
#6662 = CARTESIAN_POINT('',(-0.653564882377,3.3005,1.295779328744));
#6663 = CARTESIAN_POINT('',(-0.672124956608,3.3005,1.312820092825));
#6664 = ORIENTED_EDGE('',*,*,#6665,.T.);
#6665 = EDGE_CURVE('',#6657,#6666,#6668,.T.);
#6666 = VERTEX_POINT('',#6667);
#6667 = CARTESIAN_POINT('',(-0.700290996471,3.3005,1.381028409486));
#6668 = B_SPLINE_CURVE_WITH_KNOTS('',3,(#6669,#6670,#6671,#6672),
  .UNSPECIFIED.,.F.,.F.,(4,4),(4.,5.),.PIECEWISE_BEZIER_KNOTS.);
#6669 = CARTESIAN_POINT('',(-0.672124956608,3.3005,1.312820092825));
#6670 = CARTESIAN_POINT('',(-0.69068503084,3.3005,1.329860856906));
#6671 = CARTESIAN_POINT('',(-0.700089349716,3.3005,1.352596851542));
#6672 = CARTESIAN_POINT('',(-0.700290996471,3.3005,1.381028409486));
#6673 = ORIENTED_EDGE('',*,*,#6674,.T.);
#6674 = EDGE_CURVE('',#6666,#6675,#6677,.T.);
#6675 = VERTEX_POINT('',#6676);
#6676 = CARTESIAN_POINT('',(-0.673071964308,3.3005,1.446345198286));
#6677 = B_SPLINE_CURVE_WITH_KNOTS('',3,(#6678,#6679,#6680,#6681),
  .UNSPECIFIED.,.F.,.F.,(4,4),(3.,4.),.PIECEWISE_BEZIER_KNOTS.);
#6678 = CARTESIAN_POINT('',(-0.700290996471,3.3005,1.381028409486));
#6679 = CARTESIAN_POINT('',(-0.700483991716,3.3005,1.408240131611));
#6680 = CARTESIAN_POINT('',(-0.69139512024,3.3005,1.429981227619));
#6681 = CARTESIAN_POINT('',(-0.673071964308,3.3005,1.446345198286));
#6682 = ORIENTED_EDGE('',*,*,#6683,.T.);
#6683 = EDGE_CURVE('',#6675,#6684,#6686,.T.);
#6684 = VERTEX_POINT('',#6685);
#6685 = CARTESIAN_POINT('',(-0.603854437609,3.3005,1.471140219023));
#6686 = B_SPLINE_CURVE_WITH_KNOTS('',3,(#6687,#6688,#6689,#6690),
  .UNSPECIFIED.,.F.,.F.,(4,4),(2.,3.),.PIECEWISE_BEZIER_KNOTS.);
#6687 = CARTESIAN_POINT('',(-0.673071964308,3.3005,1.446345198286));
#6688 = CARTESIAN_POINT('',(-0.654748808377,3.3005,1.462709168951));
#6689 = CARTESIAN_POINT('',(-0.631676077643,3.3005,1.470942898022));
#6690 = CARTESIAN_POINT('',(-0.603854437609,3.3005,1.471140219023));
#6691 = ORIENTED_EDGE('',*,*,#6692,.T.);
#6692 = EDGE_CURVE('',#6684,#6693,#6695,.T.);
#6693 = VERTEX_POINT('',#6694);
#6694 = CARTESIAN_POINT('',(-0.551495330901,3.3005,1.471511568493));
#6695 = B_SPLINE_CURVE_WITH_KNOTS('',1,(#6696,#6697),.UNSPECIFIED.,.F.,
  .F.,(2,2),(-5.236042356302E-02,0.),.PIECEWISE_BEZIER_KNOTS.);
#6696 = CARTESIAN_POINT('',(-0.603854437609,3.3005,1.471140219023));
#6697 = CARTESIAN_POINT('',(-0.551495330901,3.3005,1.471511568493));
#6698 = ORIENTED_EDGE('',*,*,#6699,.T.);
#6699 = EDGE_CURVE('',#6693,#6648,#6700,.T.);
#6700 = B_SPLINE_CURVE_WITH_KNOTS('',1,(#6701,#6702),.UNSPECIFIED.,.F.,
  .F.,(2,2),(-0.183542990127,0.),.PIECEWISE_BEZIER_KNOTS.);
#6701 = CARTESIAN_POINT('',(-0.551495330901,3.3005,1.471511568493));
#6702 = CARTESIAN_POINT('',(-0.550193611251,3.3005,1.287973194439));
#6703 = FACE_BOUND('',#6704,.T.);
#6704 = EDGE_LOOP('',(#6705,#6714,#6721,#6730,#6739,#6748,#6757));
#6705 = ORIENTED_EDGE('',*,*,#6706,.F.);
#6706 = EDGE_CURVE('',#6707,#6709,#6711,.T.);
#6707 = VERTEX_POINT('',#6708);
#6708 = CARTESIAN_POINT('',(-0.575038558164,3.3005,1.450230986503));
#6709 = VERTEX_POINT('',#6710);
#6710 = CARTESIAN_POINT('',(-0.574034982891,3.3005,1.308730031454));
#6711 = B_SPLINE_CURVE_WITH_KNOTS('',1,(#6712,#6713),.UNSPECIFIED.,.F.,
  .F.,(2,2),(0.,0.141504513861),.PIECEWISE_BEZIER_KNOTS.);
#6712 = CARTESIAN_POINT('',(-0.575038558164,3.3005,1.450230986503));
#6713 = CARTESIAN_POINT('',(-0.574034982891,3.3005,1.308730031454));
#6714 = ORIENTED_EDGE('',*,*,#6715,.F.);
#6715 = EDGE_CURVE('',#6716,#6707,#6718,.T.);
#6716 = VERTEX_POINT('',#6717);
#6717 = CARTESIAN_POINT('',(-0.602766364673,3.3005,1.450034331004));
#6718 = B_SPLINE_CURVE_WITH_KNOTS('',1,(#6719,#6720),.UNSPECIFIED.,.F.,
  .F.,(2,2),(-1.110195102722E-16,2.772850387625E-02),
  .PIECEWISE_BEZIER_KNOTS.);
#6719 = CARTESIAN_POINT('',(-0.602766364673,3.3005,1.450034331004));
#6720 = CARTESIAN_POINT('',(-0.575038558164,3.3005,1.450230986503));
#6721 = ORIENTED_EDGE('',*,*,#6722,.F.);
#6722 = EDGE_CURVE('',#6723,#6716,#6725,.T.);
#6723 = VERTEX_POINT('',#6724);
#6724 = CARTESIAN_POINT('',(-0.655612937136,3.3005,1.432393287256));
#6725 = B_SPLINE_CURVE_WITH_KNOTS('',3,(#6726,#6727,#6728,#6729),
  .UNSPECIFIED.,.F.,.F.,(4,4),(5.,6.),.PIECEWISE_BEZIER_KNOTS.);
#6726 = CARTESIAN_POINT('',(-0.655612937136,3.3005,1.432393287256));
#6727 = CARTESIAN_POINT('',(-0.642276599727,3.3005,1.444029977398));
#6728 = CARTESIAN_POINT('',(-0.624629575898,3.3005,1.449879269307));
#6729 = CARTESIAN_POINT('',(-0.602766364673,3.3005,1.450034331004));
#6730 = ORIENTED_EDGE('',*,*,#6731,.F.);
#6731 = EDGE_CURVE('',#6732,#6723,#6734,.T.);
#6732 = VERTEX_POINT('',#6733);
#6733 = CARTESIAN_POINT('',(-0.675373537191,3.3005,1.380548265289));
#6734 = B_SPLINE_CURVE_WITH_KNOTS('',3,(#6735,#6736,#6737,#6738),
  .UNSPECIFIED.,.F.,.F.,(4,4),(4.,5.),.PIECEWISE_BEZIER_KNOTS.);
#6735 = CARTESIAN_POINT('',(-0.675373537191,3.3005,1.380548265289));
#6736 = CARTESIAN_POINT('',(-0.675535919397,3.3005,1.403443645283));
#6737 = CARTESIAN_POINT('',(-0.668949274545,3.3005,1.420756597113));
#6738 = CARTESIAN_POINT('',(-0.655612937136,3.3005,1.432393287256));
#6739 = ORIENTED_EDGE('',*,*,#6740,.F.);
#6740 = EDGE_CURVE('',#6741,#6732,#6743,.T.);
#6741 = VERTEX_POINT('',#6742);
#6742 = CARTESIAN_POINT('',(-0.655383660577,3.3005,1.327296079485));
#6743 = B_SPLINE_CURVE_WITH_KNOTS('',3,(#6744,#6745,#6746,#6747),
  .UNSPECIFIED.,.F.,.F.,(4,4),(3.,4.),.PIECEWISE_BEZIER_KNOTS.);
#6744 = CARTESIAN_POINT('',(-0.655383660577,3.3005,1.327296079485));
#6745 = CARTESIAN_POINT('',(-0.668563279868,3.3005,1.339870767935));
#6746 = CARTESIAN_POINT('',(-0.675211154985,3.3005,1.357652885294));
#6747 = CARTESIAN_POINT('',(-0.675373537191,3.3005,1.380548265289));
#6748 = ORIENTED_EDGE('',*,*,#6749,.F.);
#6749 = EDGE_CURVE('',#6750,#6741,#6752,.T.);
#6750 = VERTEX_POINT('',#6751);
#6751 = CARTESIAN_POINT('',(-0.600683703868,3.3005,1.308541029214));
#6752 = B_SPLINE_CURVE_WITH_KNOTS('',3,(#6753,#6754,#6755,#6756),
  .UNSPECIFIED.,.F.,.F.,(4,4),(2.,3.),.PIECEWISE_BEZIER_KNOTS.);
#6753 = CARTESIAN_POINT('',(-0.600683703868,3.3005,1.308541029214));
#6754 = CARTESIAN_POINT('',(-0.624001334723,3.3005,1.308375652255));
#6755 = CARTESIAN_POINT('',(-0.642250292547,3.3005,1.314627224761));
#6756 = CARTESIAN_POINT('',(-0.655383660577,3.3005,1.327296079485));
#6757 = ORIENTED_EDGE('',*,*,#6758,.F.);
#6758 = EDGE_CURVE('',#6709,#6750,#6759,.T.);
#6759 = B_SPLINE_CURVE_WITH_KNOTS('',1,(#6760,#6761),.UNSPECIFIED.,.F.,
  .F.,(2,2),(0.,2.664939120422E-02),.PIECEWISE_BEZIER_KNOTS.);
#6760 = CARTESIAN_POINT('',(-0.574034982891,3.3005,1.308730031454));
#6761 = CARTESIAN_POINT('',(-0.600683703868,3.3005,1.308541029214));
#6762 = B_SPLINE_SURFACE_WITH_KNOTS('',1,1,(
    (#6763,#6764)
    ,(#6765,#6766
    )),.UNSPECIFIED.,.F.,.F.,.F.,(2,2),(2,2),(-0.177396019805,
    6.706366214847E-03),(-5.84588592186E-02,9.183152124671E-02),
  .PIECEWISE_BEZIER_KNOTS.);
#6763 = CARTESIAN_POINT('',(-0.700483991716,3.3005,1.287409182474));
#6764 = CARTESIAN_POINT('',(-0.550193611251,3.3005,1.287409182474));
#6765 = CARTESIAN_POINT('',(-0.700483991716,3.3005,1.471511568493));
#6766 = CARTESIAN_POINT('',(-0.550193611251,3.3005,1.471511568493));
#6767 = ADVANCED_FACE('',(#6768),#6782,.F.);
#6768 = FACE_BOUND('',#6769,.T.);
#6769 = EDGE_LOOP('',(#6770,#6771,#6776,#6777));
#6770 = ORIENTED_EDGE('',*,*,#1270,.T.);
#6771 = ORIENTED_EDGE('',*,*,#6772,.F.);
#6772 = EDGE_CURVE('',#6650,#1273,#6773,.T.);
#6773 = B_SPLINE_CURVE_WITH_KNOTS('',1,(#6774,#6775),.UNSPECIFIED.,.F.,
  .F.,(2,2),(-0.,1.000000000001E-03),.PIECEWISE_BEZIER_KNOTS.);
#6774 = CARTESIAN_POINT('',(-0.600676047468,3.3005,1.287615154985));
#6775 = CARTESIAN_POINT('',(-0.600676047468,3.2995,1.287615154985));
#6776 = ORIENTED_EDGE('',*,*,#6647,.F.);
#6777 = ORIENTED_EDGE('',*,*,#6778,.T.);
#6778 = EDGE_CURVE('',#6648,#1271,#6779,.T.);
#6779 = B_SPLINE_CURVE_WITH_KNOTS('',1,(#6780,#6781),.UNSPECIFIED.,.F.,
  .F.,(2,2),(-0.,1.E-03),.PIECEWISE_BEZIER_KNOTS.);
#6780 = CARTESIAN_POINT('',(-0.550193611251,3.3005,1.287973194439));
#6781 = CARTESIAN_POINT('',(-0.550193611251,3.2995,1.287973194439));
#6782 = B_SPLINE_SURFACE_WITH_KNOTS('',1,1,(
    (#6783,#6784)
    ,(#6785,#6786
    )),.UNSPECIFIED.,.F.,.F.,.F.,(2,2),(2,2),(-1.376730038099E-19,
    5.048370587345E-02),(-1.000000000001E-03,1.391785311374E-35),
  .PIECEWISE_BEZIER_KNOTS.);
#6783 = CARTESIAN_POINT('',(-0.600676047468,3.2995,1.287615154985));
#6784 = CARTESIAN_POINT('',(-0.600676047468,3.3005,1.287615154985));
#6785 = CARTESIAN_POINT('',(-0.550193611251,3.2995,1.287973194439));
#6786 = CARTESIAN_POINT('',(-0.550193611251,3.3005,1.287973194439));
#6787 = ADVANCED_FACE('',(#6788),#6798,.F.);
#6788 = FACE_BOUND('',#6789,.F.);
#6789 = EDGE_LOOP('',(#6790,#6791,#6792,#6797));
#6790 = ORIENTED_EDGE('',*,*,#6772,.F.);
#6791 = ORIENTED_EDGE('',*,*,#6656,.T.);
#6792 = ORIENTED_EDGE('',*,*,#6793,.T.);
#6793 = EDGE_CURVE('',#6657,#1312,#6794,.T.);
#6794 = B_SPLINE_CURVE_WITH_KNOTS('',1,(#6795,#6796),.UNSPECIFIED.,.F.,
  .F.,(2,2),(-0.,1.000000000001E-03),.PIECEWISE_BEZIER_KNOTS.);
#6795 = CARTESIAN_POINT('',(-0.672124956608,3.3005,1.312820092825));
#6796 = CARTESIAN_POINT('',(-0.672124956608,3.2995,1.312820092825));
#6797 = ORIENTED_EDGE('',*,*,#1320,.F.);
#6798 = B_SPLINE_SURFACE_WITH_KNOTS('',3,1,(
    (#6799,#6800)
    ,(#6801,#6802)
    ,(#6803,#6804)
    ,(#6805,#6806
    )),.UNSPECIFIED.,.F.,.F.,.F.,(4,4),(2,2),(5.,6.),(0.,1.),
  .PIECEWISE_BEZIER_KNOTS.);
#6799 = CARTESIAN_POINT('',(-0.600676047468,3.3005,1.287615154985));
#6800 = CARTESIAN_POINT('',(-0.600676047468,3.2995,1.287615154985));
#6801 = CARTESIAN_POINT('',(-0.629717523321,3.3005,1.287409182474));
#6802 = CARTESIAN_POINT('',(-0.629717523321,3.2995,1.287409182474));
#6803 = CARTESIAN_POINT('',(-0.653564882377,3.3005,1.295779328744));
#6804 = CARTESIAN_POINT('',(-0.653564882377,3.2995,1.295779328744));
#6805 = CARTESIAN_POINT('',(-0.672124956608,3.3005,1.312820092825));
#6806 = CARTESIAN_POINT('',(-0.672124956608,3.2995,1.312820092825));
#6807 = ADVANCED_FACE('',(#6808),#6818,.F.);
#6808 = FACE_BOUND('',#6809,.F.);
#6809 = EDGE_LOOP('',(#6810,#6811,#6812,#6817));
#6810 = ORIENTED_EDGE('',*,*,#6793,.F.);
#6811 = ORIENTED_EDGE('',*,*,#6665,.T.);
#6812 = ORIENTED_EDGE('',*,*,#6813,.T.);
#6813 = EDGE_CURVE('',#6666,#1303,#6814,.T.);
#6814 = B_SPLINE_CURVE_WITH_KNOTS('',1,(#6815,#6816),.UNSPECIFIED.,.F.,
  .F.,(2,2),(-0.,1.000000000001E-03),.PIECEWISE_BEZIER_KNOTS.);
#6815 = CARTESIAN_POINT('',(-0.700290996471,3.3005,1.381028409486));
#6816 = CARTESIAN_POINT('',(-0.700290996471,3.2995,1.381028409486));
#6817 = ORIENTED_EDGE('',*,*,#1311,.F.);
#6818 = B_SPLINE_SURFACE_WITH_KNOTS('',3,1,(
    (#6819,#6820)
    ,(#6821,#6822)
    ,(#6823,#6824)
    ,(#6825,#6826
    )),.UNSPECIFIED.,.F.,.F.,.F.,(4,4),(2,2),(4.,5.),(0.,1.),
  .PIECEWISE_BEZIER_KNOTS.);
#6819 = CARTESIAN_POINT('',(-0.672124956608,3.3005,1.312820092825));
#6820 = CARTESIAN_POINT('',(-0.672124956608,3.2995,1.312820092825));
#6821 = CARTESIAN_POINT('',(-0.69068503084,3.3005,1.329860856906));
#6822 = CARTESIAN_POINT('',(-0.69068503084,3.2995,1.329860856906));
#6823 = CARTESIAN_POINT('',(-0.700089349716,3.3005,1.352596851542));
#6824 = CARTESIAN_POINT('',(-0.700089349716,3.2995,1.352596851542));
#6825 = CARTESIAN_POINT('',(-0.700290996471,3.3005,1.381028409486));
#6826 = CARTESIAN_POINT('',(-0.700290996471,3.2995,1.381028409486));
#6827 = ADVANCED_FACE('',(#6828),#6838,.F.);
#6828 = FACE_BOUND('',#6829,.F.);
#6829 = EDGE_LOOP('',(#6830,#6831,#6832,#6837));
#6830 = ORIENTED_EDGE('',*,*,#6813,.F.);
#6831 = ORIENTED_EDGE('',*,*,#6674,.T.);
#6832 = ORIENTED_EDGE('',*,*,#6833,.T.);
#6833 = EDGE_CURVE('',#6675,#1294,#6834,.T.);
#6834 = B_SPLINE_CURVE_WITH_KNOTS('',1,(#6835,#6836),.UNSPECIFIED.,.F.,
  .F.,(2,2),(-0.,1.000000000001E-03),.PIECEWISE_BEZIER_KNOTS.);
#6835 = CARTESIAN_POINT('',(-0.673071964308,3.3005,1.446345198286));
#6836 = CARTESIAN_POINT('',(-0.673071964308,3.2995,1.446345198286));
#6837 = ORIENTED_EDGE('',*,*,#1302,.F.);
#6838 = B_SPLINE_SURFACE_WITH_KNOTS('',3,1,(
    (#6839,#6840)
    ,(#6841,#6842)
    ,(#6843,#6844)
    ,(#6845,#6846
    )),.UNSPECIFIED.,.F.,.F.,.F.,(4,4),(2,2),(3.,4.),(0.,1.),
  .PIECEWISE_BEZIER_KNOTS.);
#6839 = CARTESIAN_POINT('',(-0.700290996471,3.3005,1.381028409486));
#6840 = CARTESIAN_POINT('',(-0.700290996471,3.2995,1.381028409486));
#6841 = CARTESIAN_POINT('',(-0.700483991716,3.3005,1.408240131611));
#6842 = CARTESIAN_POINT('',(-0.700483991716,3.2995,1.408240131611));
#6843 = CARTESIAN_POINT('',(-0.69139512024,3.3005,1.429981227619));
#6844 = CARTESIAN_POINT('',(-0.69139512024,3.2995,1.429981227619));
#6845 = CARTESIAN_POINT('',(-0.673071964308,3.3005,1.446345198286));
#6846 = CARTESIAN_POINT('',(-0.673071964308,3.2995,1.446345198286));
#6847 = ADVANCED_FACE('',(#6848),#6858,.F.);
#6848 = FACE_BOUND('',#6849,.F.);
#6849 = EDGE_LOOP('',(#6850,#6851,#6852,#6857));
#6850 = ORIENTED_EDGE('',*,*,#6833,.F.);
#6851 = ORIENTED_EDGE('',*,*,#6683,.T.);
#6852 = ORIENTED_EDGE('',*,*,#6853,.T.);
#6853 = EDGE_CURVE('',#6684,#1287,#6854,.T.);
#6854 = B_SPLINE_CURVE_WITH_KNOTS('',1,(#6855,#6856),.UNSPECIFIED.,.F.,
  .F.,(2,2),(-0.,1.000000000001E-03),.PIECEWISE_BEZIER_KNOTS.);
#6855 = CARTESIAN_POINT('',(-0.603854437609,3.3005,1.471140219023));
#6856 = CARTESIAN_POINT('',(-0.603854437609,3.2995,1.471140219023));
#6857 = ORIENTED_EDGE('',*,*,#1293,.F.);
#6858 = B_SPLINE_SURFACE_WITH_KNOTS('',3,1,(
    (#6859,#6860)
    ,(#6861,#6862)
    ,(#6863,#6864)
    ,(#6865,#6866
    )),.UNSPECIFIED.,.F.,.F.,.F.,(4,4),(2,2),(2.,3.),(0.,1.),
  .PIECEWISE_BEZIER_KNOTS.);
#6859 = CARTESIAN_POINT('',(-0.673071964308,3.3005,1.446345198286));
#6860 = CARTESIAN_POINT('',(-0.673071964308,3.2995,1.446345198286));
#6861 = CARTESIAN_POINT('',(-0.654748808377,3.3005,1.462709168951));
#6862 = CARTESIAN_POINT('',(-0.654748808377,3.2995,1.462709168951));
#6863 = CARTESIAN_POINT('',(-0.631676077643,3.3005,1.470942898022));
#6864 = CARTESIAN_POINT('',(-0.631676077643,3.2995,1.470942898022));
#6865 = CARTESIAN_POINT('',(-0.603854437609,3.3005,1.471140219023));
#6866 = CARTESIAN_POINT('',(-0.603854437609,3.2995,1.471140219023));
#6867 = ADVANCED_FACE('',(#6868),#6878,.F.);
#6868 = FACE_BOUND('',#6869,.T.);
#6869 = EDGE_LOOP('',(#6870,#6871,#6876,#6877));
#6870 = ORIENTED_EDGE('',*,*,#1286,.T.);
#6871 = ORIENTED_EDGE('',*,*,#6872,.F.);
#6872 = EDGE_CURVE('',#6693,#1280,#6873,.T.);
#6873 = B_SPLINE_CURVE_WITH_KNOTS('',1,(#6874,#6875),.UNSPECIFIED.,.F.,
  .F.,(2,2),(-0.,1.000000000001E-03),.PIECEWISE_BEZIER_KNOTS.);
#6874 = CARTESIAN_POINT('',(-0.551495330901,3.3005,1.471511568493));
#6875 = CARTESIAN_POINT('',(-0.551495330901,3.2995,1.471511568493));
#6876 = ORIENTED_EDGE('',*,*,#6692,.F.);
#6877 = ORIENTED_EDGE('',*,*,#6853,.T.);
#6878 = B_SPLINE_SURFACE_WITH_KNOTS('',1,1,(
    (#6879,#6880)
    ,(#6881,#6882
    )),.UNSPECIFIED.,.F.,.F.,.F.,(2,2),(2,2),(0.,5.236042356302E-02),(
    -1.000000000001E-03,1.45761299502E-36),.PIECEWISE_BEZIER_KNOTS.);
#6879 = CARTESIAN_POINT('',(-0.551495330901,3.2995,1.471511568493));
#6880 = CARTESIAN_POINT('',(-0.551495330901,3.3005,1.471511568493));
#6881 = CARTESIAN_POINT('',(-0.603854437609,3.2995,1.471140219023));
#6882 = CARTESIAN_POINT('',(-0.603854437609,3.3005,1.471140219023));
#6883 = ADVANCED_FACE('',(#6884),#6890,.F.);
#6884 = FACE_BOUND('',#6885,.T.);
#6885 = EDGE_LOOP('',(#6886,#6887,#6888,#6889));
#6886 = ORIENTED_EDGE('',*,*,#1279,.T.);
#6887 = ORIENTED_EDGE('',*,*,#6778,.F.);
#6888 = ORIENTED_EDGE('',*,*,#6699,.F.);
#6889 = ORIENTED_EDGE('',*,*,#6872,.T.);
#6890 = B_SPLINE_SURFACE_WITH_KNOTS('',1,1,(
    (#6891,#6892)
    ,(#6893,#6894
    )),.UNSPECIFIED.,.F.,.F.,.F.,(2,2),(2,2),(0.,0.183542990127),(
    -1.000000000001E-03,0.),.PIECEWISE_BEZIER_KNOTS.);
#6891 = CARTESIAN_POINT('',(-0.550193611251,3.2995,1.287973194439));
#6892 = CARTESIAN_POINT('',(-0.550193611251,3.3005,1.287973194439));
#6893 = CARTESIAN_POINT('',(-0.551495330901,3.2995,1.471511568493));
#6894 = CARTESIAN_POINT('',(-0.551495330901,3.3005,1.471511568493));
#6895 = ADVANCED_FACE('',(#6896),#6918,.T.);
#6896 = FACE_BOUND('',#6897,.T.);
#6897 = EDGE_LOOP('',(#6898,#6907,#6912,#6913));
#6898 = ORIENTED_EDGE('',*,*,#6899,.F.);
#6899 = EDGE_CURVE('',#6900,#6902,#6904,.T.);
#6900 = VERTEX_POINT('',#6901);
#6901 = CARTESIAN_POINT('',(-0.602766364673,3.2995,1.450034331004));
#6902 = VERTEX_POINT('',#6903);
#6903 = CARTESIAN_POINT('',(-0.575038558164,3.2995,1.450230986503));
#6904 = B_SPLINE_CURVE_WITH_KNOTS('',1,(#6905,#6906),.UNSPECIFIED.,.F.,
  .F.,(2,2),(-1.110195102722E-16,2.772850387625E-02),
  .PIECEWISE_BEZIER_KNOTS.);
#6905 = CARTESIAN_POINT('',(-0.602766364673,3.2995,1.450034331004));
#6906 = CARTESIAN_POINT('',(-0.575038558164,3.2995,1.450230986503));
#6907 = ORIENTED_EDGE('',*,*,#6908,.F.);
#6908 = EDGE_CURVE('',#6716,#6900,#6909,.T.);
#6909 = B_SPLINE_CURVE_WITH_KNOTS('',1,(#6910,#6911),.UNSPECIFIED.,.F.,
  .F.,(2,2),(-0.,1.000000000001E-03),.PIECEWISE_BEZIER_KNOTS.);
#6910 = CARTESIAN_POINT('',(-0.602766364673,3.3005,1.450034331004));
#6911 = CARTESIAN_POINT('',(-0.602766364673,3.2995,1.450034331004));
#6912 = ORIENTED_EDGE('',*,*,#6715,.T.);
#6913 = ORIENTED_EDGE('',*,*,#6914,.T.);
#6914 = EDGE_CURVE('',#6707,#6902,#6915,.T.);
#6915 = B_SPLINE_CURVE_WITH_KNOTS('',1,(#6916,#6917),.UNSPECIFIED.,.F.,
  .F.,(2,2),(-0.,1.E-03),.PIECEWISE_BEZIER_KNOTS.);
#6916 = CARTESIAN_POINT('',(-0.575038558164,3.3005,1.450230986503));
#6917 = CARTESIAN_POINT('',(-0.575038558164,3.2995,1.450230986503));
#6918 = B_SPLINE_SURFACE_WITH_KNOTS('',1,1,(
    (#6919,#6920)
    ,(#6921,#6922
    )),.UNSPECIFIED.,.F.,.F.,.F.,(2,2),(2,2),(-2.772850387625E-02,
    1.11157183276E-16),(-1.000000000001E-03,8.344243113802E-38),
  .PIECEWISE_BEZIER_KNOTS.);
#6919 = CARTESIAN_POINT('',(-0.575038558164,3.2995,1.450230986503));
#6920 = CARTESIAN_POINT('',(-0.575038558164,3.3005,1.450230986503));
#6921 = CARTESIAN_POINT('',(-0.602766364673,3.2995,1.450034331004));
#6922 = CARTESIAN_POINT('',(-0.602766364673,3.3005,1.450034331004));
#6923 = ADVANCED_FACE('',(#6924),#6940,.T.);
#6924 = FACE_BOUND('',#6925,.T.);
#6925 = EDGE_LOOP('',(#6926,#6933,#6934,#6935));
#6926 = ORIENTED_EDGE('',*,*,#6927,.F.);
#6927 = EDGE_CURVE('',#6902,#6928,#6930,.T.);
#6928 = VERTEX_POINT('',#6929);
#6929 = CARTESIAN_POINT('',(-0.574034982891,3.2995,1.308730031454));
#6930 = B_SPLINE_CURVE_WITH_KNOTS('',1,(#6931,#6932),.UNSPECIFIED.,.F.,
  .F.,(2,2),(0.,0.141504513861),.PIECEWISE_BEZIER_KNOTS.);
#6931 = CARTESIAN_POINT('',(-0.575038558164,3.2995,1.450230986503));
#6932 = CARTESIAN_POINT('',(-0.574034982891,3.2995,1.308730031454));
#6933 = ORIENTED_EDGE('',*,*,#6914,.F.);
#6934 = ORIENTED_EDGE('',*,*,#6706,.T.);
#6935 = ORIENTED_EDGE('',*,*,#6936,.T.);
#6936 = EDGE_CURVE('',#6709,#6928,#6937,.T.);
#6937 = B_SPLINE_CURVE_WITH_KNOTS('',1,(#6938,#6939),.UNSPECIFIED.,.F.,
  .F.,(2,2),(-0.,1.E-03),.PIECEWISE_BEZIER_KNOTS.);
#6938 = CARTESIAN_POINT('',(-0.574034982891,3.3005,1.308730031454));
#6939 = CARTESIAN_POINT('',(-0.574034982891,3.2995,1.308730031454));
#6940 = B_SPLINE_SURFACE_WITH_KNOTS('',1,1,(
    (#6941,#6942)
    ,(#6943,#6944
    )),.UNSPECIFIED.,.F.,.F.,.F.,(2,2),(2,2),(-0.141504513861,
    9.764260759569E-22),(-1.E-03,0.),.PIECEWISE_BEZIER_KNOTS.);
#6941 = CARTESIAN_POINT('',(-0.574034982891,3.2995,1.308730031454));
#6942 = CARTESIAN_POINT('',(-0.574034982891,3.3005,1.308730031454));
#6943 = CARTESIAN_POINT('',(-0.575038558164,3.2995,1.450230986503));
#6944 = CARTESIAN_POINT('',(-0.575038558164,3.3005,1.450230986503));
#6945 = ADVANCED_FACE('',(#6946),#6962,.T.);
#6946 = FACE_BOUND('',#6947,.T.);
#6947 = EDGE_LOOP('',(#6948,#6955,#6956,#6957));
#6948 = ORIENTED_EDGE('',*,*,#6949,.F.);
#6949 = EDGE_CURVE('',#6928,#6950,#6952,.T.);
#6950 = VERTEX_POINT('',#6951);
#6951 = CARTESIAN_POINT('',(-0.600683703868,3.2995,1.308541029214));
#6952 = B_SPLINE_CURVE_WITH_KNOTS('',1,(#6953,#6954),.UNSPECIFIED.,.F.,
  .F.,(2,2),(0.,2.664939120422E-02),.PIECEWISE_BEZIER_KNOTS.);
#6953 = CARTESIAN_POINT('',(-0.574034982891,3.2995,1.308730031454));
#6954 = CARTESIAN_POINT('',(-0.600683703868,3.2995,1.308541029214));
#6955 = ORIENTED_EDGE('',*,*,#6936,.F.);
#6956 = ORIENTED_EDGE('',*,*,#6758,.T.);
#6957 = ORIENTED_EDGE('',*,*,#6958,.T.);
#6958 = EDGE_CURVE('',#6750,#6950,#6959,.T.);
#6959 = B_SPLINE_CURVE_WITH_KNOTS('',1,(#6960,#6961),.UNSPECIFIED.,.F.,
  .F.,(2,2),(-0.,1.E-03),.PIECEWISE_BEZIER_KNOTS.);
#6960 = CARTESIAN_POINT('',(-0.600683703868,3.3005,1.308541029214));
#6961 = CARTESIAN_POINT('',(-0.600683703868,3.2995,1.308541029214));
#6962 = B_SPLINE_SURFACE_WITH_KNOTS('',1,1,(
    (#6963,#6964)
    ,(#6965,#6966
    )),.UNSPECIFIED.,.F.,.F.,.F.,(2,2),(2,2),(-2.664939120422E-02,
    3.009265538106E-39),(-1.E-03,5.87512076541E-35),
  .PIECEWISE_BEZIER_KNOTS.);
#6963 = CARTESIAN_POINT('',(-0.600683703868,3.2995,1.308541029214));
#6964 = CARTESIAN_POINT('',(-0.600683703868,3.3005,1.308541029214));
#6965 = CARTESIAN_POINT('',(-0.574034982891,3.2995,1.308730031454));
#6966 = CARTESIAN_POINT('',(-0.574034982891,3.3005,1.308730031454));
#6967 = ADVANCED_FACE('',(#6968),#6986,.T.);
#6968 = FACE_BOUND('',#6969,.T.);
#6969 = EDGE_LOOP('',(#6970,#6979,#6980,#6981));
#6970 = ORIENTED_EDGE('',*,*,#6971,.F.);
#6971 = EDGE_CURVE('',#6950,#6972,#6974,.T.);
#6972 = VERTEX_POINT('',#6973);
#6973 = CARTESIAN_POINT('',(-0.655383660577,3.2995,1.327296079485));
#6974 = B_SPLINE_CURVE_WITH_KNOTS('',3,(#6975,#6976,#6977,#6978),
  .UNSPECIFIED.,.F.,.F.,(4,4),(2.,3.),.PIECEWISE_BEZIER_KNOTS.);
#6975 = CARTESIAN_POINT('',(-0.600683703868,3.2995,1.308541029214));
#6976 = CARTESIAN_POINT('',(-0.624001334723,3.2995,1.308375652255));
#6977 = CARTESIAN_POINT('',(-0.642250292547,3.2995,1.314627224761));
#6978 = CARTESIAN_POINT('',(-0.655383660577,3.2995,1.327296079485));
#6979 = ORIENTED_EDGE('',*,*,#6958,.F.);
#6980 = ORIENTED_EDGE('',*,*,#6749,.T.);
#6981 = ORIENTED_EDGE('',*,*,#6982,.T.);
#6982 = EDGE_CURVE('',#6741,#6972,#6983,.T.);
#6983 = B_SPLINE_CURVE_WITH_KNOTS('',1,(#6984,#6985),.UNSPECIFIED.,.F.,
  .F.,(2,2),(-0.,1.E-03),.PIECEWISE_BEZIER_KNOTS.);
#6984 = CARTESIAN_POINT('',(-0.655383660577,3.3005,1.327296079485));
#6985 = CARTESIAN_POINT('',(-0.655383660577,3.2995,1.327296079485));
#6986 = B_SPLINE_SURFACE_WITH_KNOTS('',3,1,(
    (#6987,#6988)
    ,(#6989,#6990)
    ,(#6991,#6992)
    ,(#6993,#6994
    )),.UNSPECIFIED.,.F.,.F.,.F.,(4,4),(2,2),(2.,3.),(0.,1.),
  .PIECEWISE_BEZIER_KNOTS.);
#6987 = CARTESIAN_POINT('',(-0.600683703868,3.3005,1.308541029214));
#6988 = CARTESIAN_POINT('',(-0.600683703868,3.2995,1.308541029214));
#6989 = CARTESIAN_POINT('',(-0.624001334723,3.3005,1.308375652255));
#6990 = CARTESIAN_POINT('',(-0.624001334723,3.2995,1.308375652255));
#6991 = CARTESIAN_POINT('',(-0.642250292547,3.3005,1.314627224761));
#6992 = CARTESIAN_POINT('',(-0.642250292547,3.2995,1.314627224761));
#6993 = CARTESIAN_POINT('',(-0.655383660577,3.3005,1.327296079485));
#6994 = CARTESIAN_POINT('',(-0.655383660577,3.2995,1.327296079485));
#6995 = ADVANCED_FACE('',(#6996),#7014,.T.);
#6996 = FACE_BOUND('',#6997,.T.);
#6997 = EDGE_LOOP('',(#6998,#7007,#7008,#7009));
#6998 = ORIENTED_EDGE('',*,*,#6999,.F.);
#6999 = EDGE_CURVE('',#6972,#7000,#7002,.T.);
#7000 = VERTEX_POINT('',#7001);
#7001 = CARTESIAN_POINT('',(-0.675373537191,3.2995,1.380548265289));
#7002 = B_SPLINE_CURVE_WITH_KNOTS('',3,(#7003,#7004,#7005,#7006),
  .UNSPECIFIED.,.F.,.F.,(4,4),(3.,4.),.PIECEWISE_BEZIER_KNOTS.);
#7003 = CARTESIAN_POINT('',(-0.655383660577,3.2995,1.327296079485));
#7004 = CARTESIAN_POINT('',(-0.668563279868,3.2995,1.339870767935));
#7005 = CARTESIAN_POINT('',(-0.675211154985,3.2995,1.357652885294));
#7006 = CARTESIAN_POINT('',(-0.675373537191,3.2995,1.380548265289));
#7007 = ORIENTED_EDGE('',*,*,#6982,.F.);
#7008 = ORIENTED_EDGE('',*,*,#6740,.T.);
#7009 = ORIENTED_EDGE('',*,*,#7010,.T.);
#7010 = EDGE_CURVE('',#6732,#7000,#7011,.T.);
#7011 = B_SPLINE_CURVE_WITH_KNOTS('',1,(#7012,#7013),.UNSPECIFIED.,.F.,
  .F.,(2,2),(-0.,1.E-03),.PIECEWISE_BEZIER_KNOTS.);
#7012 = CARTESIAN_POINT('',(-0.675373537191,3.3005,1.380548265289));
#7013 = CARTESIAN_POINT('',(-0.675373537191,3.2995,1.380548265289));
#7014 = B_SPLINE_SURFACE_WITH_KNOTS('',3,1,(
    (#7015,#7016)
    ,(#7017,#7018)
    ,(#7019,#7020)
    ,(#7021,#7022
    )),.UNSPECIFIED.,.F.,.F.,.F.,(4,4),(2,2),(3.,4.),(0.,1.),
  .PIECEWISE_BEZIER_KNOTS.);
#7015 = CARTESIAN_POINT('',(-0.655383660577,3.3005,1.327296079485));
#7016 = CARTESIAN_POINT('',(-0.655383660577,3.2995,1.327296079485));
#7017 = CARTESIAN_POINT('',(-0.668563279868,3.3005,1.339870767935));
#7018 = CARTESIAN_POINT('',(-0.668563279868,3.2995,1.339870767935));
#7019 = CARTESIAN_POINT('',(-0.675211154985,3.3005,1.357652885294));
#7020 = CARTESIAN_POINT('',(-0.675211154985,3.2995,1.357652885294));
#7021 = CARTESIAN_POINT('',(-0.675373537191,3.3005,1.380548265289));
#7022 = CARTESIAN_POINT('',(-0.675373537191,3.2995,1.380548265289));
#7023 = ADVANCED_FACE('',(#7024),#7042,.T.);
#7024 = FACE_BOUND('',#7025,.T.);
#7025 = EDGE_LOOP('',(#7026,#7035,#7036,#7037));
#7026 = ORIENTED_EDGE('',*,*,#7027,.F.);
#7027 = EDGE_CURVE('',#7000,#7028,#7030,.T.);
#7028 = VERTEX_POINT('',#7029);
#7029 = CARTESIAN_POINT('',(-0.655612937136,3.2995,1.432393287256));
#7030 = B_SPLINE_CURVE_WITH_KNOTS('',3,(#7031,#7032,#7033,#7034),
  .UNSPECIFIED.,.F.,.F.,(4,4),(4.,5.),.PIECEWISE_BEZIER_KNOTS.);
#7031 = CARTESIAN_POINT('',(-0.675373537191,3.2995,1.380548265289));
#7032 = CARTESIAN_POINT('',(-0.675535919397,3.2995,1.403443645283));
#7033 = CARTESIAN_POINT('',(-0.668949274545,3.2995,1.420756597113));
#7034 = CARTESIAN_POINT('',(-0.655612937136,3.2995,1.432393287256));
#7035 = ORIENTED_EDGE('',*,*,#7010,.F.);
#7036 = ORIENTED_EDGE('',*,*,#6731,.T.);
#7037 = ORIENTED_EDGE('',*,*,#7038,.T.);
#7038 = EDGE_CURVE('',#6723,#7028,#7039,.T.);
#7039 = B_SPLINE_CURVE_WITH_KNOTS('',1,(#7040,#7041),.UNSPECIFIED.,.F.,
  .F.,(2,2),(-0.,1.E-03),.PIECEWISE_BEZIER_KNOTS.);
#7040 = CARTESIAN_POINT('',(-0.655612937136,3.3005,1.432393287256));
#7041 = CARTESIAN_POINT('',(-0.655612937136,3.2995,1.432393287256));
#7042 = B_SPLINE_SURFACE_WITH_KNOTS('',3,1,(
    (#7043,#7044)
    ,(#7045,#7046)
    ,(#7047,#7048)
    ,(#7049,#7050
    )),.UNSPECIFIED.,.F.,.F.,.F.,(4,4),(2,2),(4.,5.),(0.,1.),
  .PIECEWISE_BEZIER_KNOTS.);
#7043 = CARTESIAN_POINT('',(-0.675373537191,3.3005,1.380548265289));
#7044 = CARTESIAN_POINT('',(-0.675373537191,3.2995,1.380548265289));
#7045 = CARTESIAN_POINT('',(-0.675535919397,3.3005,1.403443645283));
#7046 = CARTESIAN_POINT('',(-0.675535919397,3.2995,1.403443645283));
#7047 = CARTESIAN_POINT('',(-0.668949274545,3.3005,1.420756597113));
#7048 = CARTESIAN_POINT('',(-0.668949274545,3.2995,1.420756597113));
#7049 = CARTESIAN_POINT('',(-0.655612937136,3.3005,1.432393287256));
#7050 = CARTESIAN_POINT('',(-0.655612937136,3.2995,1.432393287256));
#7051 = ADVANCED_FACE('',(#7052),#7064,.T.);
#7052 = FACE_BOUND('',#7053,.T.);
#7053 = EDGE_LOOP('',(#7054,#7061,#7062,#7063));
#7054 = ORIENTED_EDGE('',*,*,#7055,.F.);
#7055 = EDGE_CURVE('',#7028,#6900,#7056,.T.);
#7056 = B_SPLINE_CURVE_WITH_KNOTS('',3,(#7057,#7058,#7059,#7060),
  .UNSPECIFIED.,.F.,.F.,(4,4),(5.,6.),.PIECEWISE_BEZIER_KNOTS.);
#7057 = CARTESIAN_POINT('',(-0.655612937136,3.2995,1.432393287256));
#7058 = CARTESIAN_POINT('',(-0.642276599727,3.2995,1.444029977398));
#7059 = CARTESIAN_POINT('',(-0.624629575898,3.2995,1.449879269307));
#7060 = CARTESIAN_POINT('',(-0.602766364673,3.2995,1.450034331004));
#7061 = ORIENTED_EDGE('',*,*,#7038,.F.);
#7062 = ORIENTED_EDGE('',*,*,#6722,.T.);
#7063 = ORIENTED_EDGE('',*,*,#6908,.T.);
#7064 = B_SPLINE_SURFACE_WITH_KNOTS('',3,1,(
    (#7065,#7066)
    ,(#7067,#7068)
    ,(#7069,#7070)
    ,(#7071,#7072
    )),.UNSPECIFIED.,.F.,.F.,.F.,(4,4),(2,2),(5.,6.),(0.,1.),
  .PIECEWISE_BEZIER_KNOTS.);
#7065 = CARTESIAN_POINT('',(-0.655612937136,3.3005,1.432393287256));
#7066 = CARTESIAN_POINT('',(-0.655612937136,3.2995,1.432393287256));
#7067 = CARTESIAN_POINT('',(-0.642276599727,3.3005,1.444029977398));
#7068 = CARTESIAN_POINT('',(-0.642276599727,3.2995,1.444029977398));
#7069 = CARTESIAN_POINT('',(-0.624629575898,3.3005,1.449879269307));
#7070 = CARTESIAN_POINT('',(-0.624629575898,3.2995,1.449879269307));
#7071 = CARTESIAN_POINT('',(-0.602766364673,3.3005,1.450034331004));
#7072 = CARTESIAN_POINT('',(-0.602766364673,3.2995,1.450034331004));
#7073 = ADVANCED_FACE('',(#7074),#7083,.F.);
#7074 = FACE_BOUND('',#7075,.T.);
#7075 = EDGE_LOOP('',(#7076,#7077,#7078,#7079,#7080,#7081,#7082));
#7076 = ORIENTED_EDGE('',*,*,#7055,.T.);
#7077 = ORIENTED_EDGE('',*,*,#6899,.T.);
#7078 = ORIENTED_EDGE('',*,*,#6927,.T.);
#7079 = ORIENTED_EDGE('',*,*,#6949,.T.);
#7080 = ORIENTED_EDGE('',*,*,#6971,.T.);
#7081 = ORIENTED_EDGE('',*,*,#6999,.T.);
#7082 = ORIENTED_EDGE('',*,*,#7027,.T.);
#7083 = B_SPLINE_SURFACE_WITH_KNOTS('',1,1,(
    (#7084,#7085)
    ,(#7086,#7087
    )),.UNSPECIFIED.,.F.,.F.,.F.,(2,2),(2,2),(1.649769113497,
    1.791624447745),(2.624464080603,2.725965017109),
  .PIECEWISE_BEZIER_KNOTS.);
#7084 = CARTESIAN_POINT('',(-0.675535919397,3.2995,1.450230986503));
#7085 = CARTESIAN_POINT('',(-0.574034982891,3.2995,1.450230986503));
#7086 = CARTESIAN_POINT('',(-0.675535919397,3.2995,1.308375652255));
#7087 = CARTESIAN_POINT('',(-0.574034982891,3.2995,1.308375652255));
#7088 = ADVANCED_FACE('',(#7089,#7147),#7195,.F.);
#7089 = FACE_BOUND('',#7090,.T.);
#7090 = EDGE_LOOP('',(#7091,#7100,#7107,#7114,#7121,#7128,#7135,#7142));
#7091 = ORIENTED_EDGE('',*,*,#7092,.T.);
#7092 = EDGE_CURVE('',#7093,#7095,#7097,.T.);
#7093 = VERTEX_POINT('',#7094);
#7094 = CARTESIAN_POINT('',(-0.874951439779,3.3005,1.285669896019));
#7095 = VERTEX_POINT('',#7096);
#7096 = CARTESIAN_POINT('',(-0.806347183627,3.3005,1.469704068202));
#7097 = B_SPLINE_CURVE_WITH_KNOTS('',1,(#7098,#7099),.UNSPECIFIED.,.F.,
  .F.,(2,2),(-0.196405500161,0.),.PIECEWISE_BEZIER_KNOTS.);
#7098 = CARTESIAN_POINT('',(-0.874951439779,3.3005,1.285669896019));
#7099 = CARTESIAN_POINT('',(-0.806347183627,3.3005,1.469704068202));
#7100 = ORIENTED_EDGE('',*,*,#7101,.T.);
#7101 = EDGE_CURVE('',#7095,#7102,#7104,.T.);
#7102 = VERTEX_POINT('',#7103);
#7103 = CARTESIAN_POINT('',(-0.781012131993,3.3005,1.46988375343));
#7104 = B_SPLINE_CURVE_WITH_KNOTS('',1,(#7105,#7106),.UNSPECIFIED.,.F.,
  .F.,(2,2),(-2.533568882239E-02,0.),.PIECEWISE_BEZIER_KNOTS.);
#7105 = CARTESIAN_POINT('',(-0.806347183627,3.3005,1.469704068202));
#7106 = CARTESIAN_POINT('',(-0.781012131993,3.3005,1.46988375343));
#7107 = ORIENTED_EDGE('',*,*,#7108,.T.);
#7108 = EDGE_CURVE('',#7102,#7109,#7111,.T.);
#7109 = VERTEX_POINT('',#7110);
#7110 = CARTESIAN_POINT('',(-0.709804436539,3.3005,1.286841177503));
#7111 = B_SPLINE_CURVE_WITH_KNOTS('',1,(#7112,#7113),.UNSPECIFIED.,.F.,
  .F.,(2,2),(-0.196405500161,0.),.PIECEWISE_BEZIER_KNOTS.);
#7112 = CARTESIAN_POINT('',(-0.781012131993,3.3005,1.46988375343));
#7113 = CARTESIAN_POINT('',(-0.709804436539,3.3005,1.286841177503));
#7114 = ORIENTED_EDGE('',*,*,#7115,.T.);
#7115 = EDGE_CURVE('',#7109,#7116,#7118,.T.);
#7116 = VERTEX_POINT('',#7117);
#7117 = CARTESIAN_POINT('',(-0.735983989894,3.3005,1.286655502768));
#7118 = B_SPLINE_CURVE_WITH_KNOTS('',1,(#7119,#7120),.UNSPECIFIED.,.F.,
  .F.,(2,2),(-2.618021178214E-02,-0.),.PIECEWISE_BEZIER_KNOTS.);
#7119 = CARTESIAN_POINT('',(-0.709804436539,3.3005,1.286841177503));
#7120 = CARTESIAN_POINT('',(-0.735983989894,3.3005,1.286655502768));
#7121 = ORIENTED_EDGE('',*,*,#7122,.T.);
#7122 = EDGE_CURVE('',#7116,#7123,#7125,.T.);
#7123 = VERTEX_POINT('',#7124);
#7124 = CARTESIAN_POINT('',(-0.753980735464,3.3005,1.336731324252));
#7125 = B_SPLINE_CURVE_WITH_KNOTS('',1,(#7126,#7127),.UNSPECIFIED.,.F.,
  .F.,(2,2),(-5.321156592742E-02,0.),.PIECEWISE_BEZIER_KNOTS.);
#7126 = CARTESIAN_POINT('',(-0.735983989894,3.3005,1.286655502768));
#7127 = CARTESIAN_POINT('',(-0.753980735464,3.3005,1.336731324252));
#7128 = ORIENTED_EDGE('',*,*,#7129,.T.);
#7129 = EDGE_CURVE('',#7123,#7130,#7132,.T.);
#7130 = VERTEX_POINT('',#7131);
#7131 = CARTESIAN_POINT('',(-0.830408141225,3.3005,1.336189273815));
#7132 = B_SPLINE_CURVE_WITH_KNOTS('',1,(#7133,#7134),.UNSPECIFIED.,.F.,
  .F.,(2,2),(-7.642932794454E-02,-0.),.PIECEWISE_BEZIER_KNOTS.);
#7133 = CARTESIAN_POINT('',(-0.753980735464,3.3005,1.336731324252));
#7134 = CARTESIAN_POINT('',(-0.830408141225,3.3005,1.336189273815));
#7135 = ORIENTED_EDGE('',*,*,#7136,.T.);
#7136 = EDGE_CURVE('',#7130,#7137,#7139,.T.);
#7137 = VERTEX_POINT('',#7138);
#7138 = CARTESIAN_POINT('',(-0.848771886426,3.3005,1.285855570754));
#7139 = B_SPLINE_CURVE_WITH_KNOTS('',1,(#7140,#7141),.UNSPECIFIED.,.F.,
  .F.,(2,2),(-5.357899590022E-02,-0.),.PIECEWISE_BEZIER_KNOTS.);
#7140 = CARTESIAN_POINT('',(-0.830408141225,3.3005,1.336189273815));
#7141 = CARTESIAN_POINT('',(-0.848771886426,3.3005,1.285855570754));
#7142 = ORIENTED_EDGE('',*,*,#7143,.T.);
#7143 = EDGE_CURVE('',#7137,#7093,#7144,.T.);
#7144 = B_SPLINE_CURVE_WITH_KNOTS('',1,(#7145,#7146),.UNSPECIFIED.,.F.,
  .F.,(2,2),(-2.618021178088E-02,-0.),.PIECEWISE_BEZIER_KNOTS.);
#7145 = CARTESIAN_POINT('',(-0.848771886426,3.3005,1.285855570754));
#7146 = CARTESIAN_POINT('',(-0.874951439779,3.3005,1.285669896019));
#7147 = FACE_BOUND('',#7148,.T.);
#7148 = EDGE_LOOP('',(#7149,#7158,#7165,#7174,#7181,#7190));
#7149 = ORIENTED_EDGE('',*,*,#7150,.F.);
#7150 = EDGE_CURVE('',#7151,#7153,#7155,.T.);
#7151 = VERTEX_POINT('',#7152);
#7152 = CARTESIAN_POINT('',(-0.761634493117,3.3005,1.357415293115));
#7153 = VERTEX_POINT('',#7154);
#7154 = CARTESIAN_POINT('',(-0.823236201996,3.3005,1.356978391811));
#7155 = B_SPLINE_CURVE_WITH_KNOTS('',1,(#7156,#7157),.UNSPECIFIED.,.F.,
  .F.,(2,2),(0.,6.160325818928E-02),.PIECEWISE_BEZIER_KNOTS.);
#7156 = CARTESIAN_POINT('',(-0.761634493117,3.3005,1.357415293115));
#7157 = CARTESIAN_POINT('',(-0.823236201996,3.3005,1.356978391811));
#7158 = ORIENTED_EDGE('',*,*,#7159,.F.);
#7159 = EDGE_CURVE('',#7160,#7151,#7162,.T.);
#7160 = VERTEX_POINT('',#7161);
#7161 = CARTESIAN_POINT('',(-0.789621851238,3.3005,1.433507289592));
#7162 = B_SPLINE_CURVE_WITH_KNOTS('',1,(#7163,#7164),.UNSPECIFIED.,.F.,
  .F.,(2,2),(2.467202305105E-16,8.107579258041E-02),
  .PIECEWISE_BEZIER_KNOTS.);
#7163 = CARTESIAN_POINT('',(-0.789621851238,3.3005,1.433507289592));
#7164 = CARTESIAN_POINT('',(-0.761634493117,3.3005,1.357415293115));
#7165 = ORIENTED_EDGE('',*,*,#7166,.F.);
#7166 = EDGE_CURVE('',#7167,#7160,#7169,.T.);
#7167 = VERTEX_POINT('',#7168);
#7168 = CARTESIAN_POINT('',(-0.79271569764,3.3005,1.44634118643));
#7169 = B_SPLINE_CURVE_WITH_KNOTS('',3,(#7170,#7171,#7172,#7173),
  .UNSPECIFIED.,.F.,.F.,(4,4),(3.,4.),.PIECEWISE_BEZIER_KNOTS.);
#7170 = CARTESIAN_POINT('',(-0.79271569764,3.3005,1.44634118643));
#7171 = CARTESIAN_POINT('',(-0.791785014607,3.3005,1.440811330739));
#7172 = CARTESIAN_POINT('',(-0.790769149561,3.3005,1.436501976367));
#7173 = CARTESIAN_POINT('',(-0.789621851238,3.3005,1.433507289592));
#7174 = ORIENTED_EDGE('',*,*,#7175,.F.);
#7175 = EDGE_CURVE('',#7176,#7167,#7178,.T.);
#7176 = VERTEX_POINT('',#7177);
#7177 = CARTESIAN_POINT('',(-0.793278698788,3.3005,1.446337193425));
#7178 = B_SPLINE_CURVE_WITH_KNOTS('',1,(#7179,#7180),.UNSPECIFIED.,.F.,
  .F.,(2,2),(0.,5.630153077493E-04),.PIECEWISE_BEZIER_KNOTS.);
#7179 = CARTESIAN_POINT('',(-0.793278698788,3.3005,1.446337193425));
#7180 = CARTESIAN_POINT('',(-0.79271569764,3.3005,1.44634118643));
#7181 = ORIENTED_EDGE('',*,*,#7182,.F.);
#7182 = EDGE_CURVE('',#7183,#7176,#7185,.T.);
#7183 = VERTEX_POINT('',#7184);
#7184 = CARTESIAN_POINT('',(-0.796049447671,3.3005,1.433461702784));
#7185 = B_SPLINE_CURVE_WITH_KNOTS('',3,(#7186,#7187,#7188,#7189),
  .UNSPECIFIED.,.F.,.F.,(4,4),(1.,2.),.PIECEWISE_BEZIER_KNOTS.);
#7186 = CARTESIAN_POINT('',(-0.796049447671,3.3005,1.433461702784));
#7187 = CARTESIAN_POINT('',(-0.795175997711,3.3005,1.436001530205));
#7188 = CARTESIAN_POINT('',(-0.794267610002,3.3005,1.44023069382));
#7189 = CARTESIAN_POINT('',(-0.793278698788,3.3005,1.446337193425));
#7190 = ORIENTED_EDGE('',*,*,#7191,.F.);
#7191 = EDGE_CURVE('',#7153,#7183,#7192,.T.);
#7192 = B_SPLINE_CURVE_WITH_KNOTS('',1,(#7193,#7194),.UNSPECIFIED.,.F.,
  .F.,(2,2),(0.,8.117152498401E-02),.PIECEWISE_BEZIER_KNOTS.);
#7193 = CARTESIAN_POINT('',(-0.823236201996,3.3005,1.356978391811));
#7194 = CARTESIAN_POINT('',(-0.796049447671,3.3005,1.433461702784));
#7195 = B_SPLINE_SURFACE_WITH_KNOTS('',1,1,(
    (#7196,#7197)
    ,(#7198,#7199
    )),.UNSPECIFIED.,.F.,.F.,.F.,(2,2),(2,2),(-1.46988365343,
    -1.285669796019),(-0.874951439779,-0.709804436539),
  .PIECEWISE_BEZIER_KNOTS.);
#7196 = CARTESIAN_POINT('',(-0.874951439779,3.3005,1.46988375343));
#7197 = CARTESIAN_POINT('',(-0.709804436539,3.3005,1.46988375343));
#7198 = CARTESIAN_POINT('',(-0.874951439779,3.3005,1.285669896019));
#7199 = CARTESIAN_POINT('',(-0.709804436539,3.3005,1.285669896019));
#7200 = ADVANCED_FACE('',(#7201),#7215,.F.);
#7201 = FACE_BOUND('',#7202,.T.);
#7202 = EDGE_LOOP('',(#7203,#7204,#7209,#7210));
#7203 = ORIENTED_EDGE('',*,*,#1329,.T.);
#7204 = ORIENTED_EDGE('',*,*,#7205,.F.);
#7205 = EDGE_CURVE('',#7095,#1332,#7206,.T.);
#7206 = B_SPLINE_CURVE_WITH_KNOTS('',1,(#7207,#7208),.UNSPECIFIED.,.F.,
  .F.,(2,2),(-0.,1.000000000001E-03),.PIECEWISE_BEZIER_KNOTS.);
#7207 = CARTESIAN_POINT('',(-0.806347183627,3.3005,1.469704068202));
#7208 = CARTESIAN_POINT('',(-0.806347183627,3.2995,1.469704068202));
#7209 = ORIENTED_EDGE('',*,*,#7092,.F.);
#7210 = ORIENTED_EDGE('',*,*,#7211,.T.);
#7211 = EDGE_CURVE('',#7093,#1330,#7212,.T.);
#7212 = B_SPLINE_CURVE_WITH_KNOTS('',1,(#7213,#7214),.UNSPECIFIED.,.F.,
  .F.,(2,2),(-0.,1.E-03),.PIECEWISE_BEZIER_KNOTS.);
#7213 = CARTESIAN_POINT('',(-0.874951439779,3.3005,1.285669896019));
#7214 = CARTESIAN_POINT('',(-0.874951439779,3.2995,1.285669896019));
#7215 = B_SPLINE_SURFACE_WITH_KNOTS('',1,1,(
    (#7216,#7217)
    ,(#7218,#7219
    )),.UNSPECIFIED.,.F.,.F.,.F.,(2,2),(2,2),(-0.,0.196405500161),(
    -1.000000000001E-03,3.631327046419E-33),.PIECEWISE_BEZIER_KNOTS.);
#7216 = CARTESIAN_POINT('',(-0.806347183627,3.2995,1.469704068202));
#7217 = CARTESIAN_POINT('',(-0.806347183627,3.3005,1.469704068202));
#7218 = CARTESIAN_POINT('',(-0.874951439779,3.2995,1.285669896019));
#7219 = CARTESIAN_POINT('',(-0.874951439779,3.3005,1.285669896019));
#7220 = ADVANCED_FACE('',(#7221),#7231,.F.);
#7221 = FACE_BOUND('',#7222,.T.);
#7222 = EDGE_LOOP('',(#7223,#7224,#7229,#7230));
#7223 = ORIENTED_EDGE('',*,*,#1380,.T.);
#7224 = ORIENTED_EDGE('',*,*,#7225,.F.);
#7225 = EDGE_CURVE('',#7102,#1374,#7226,.T.);
#7226 = B_SPLINE_CURVE_WITH_KNOTS('',1,(#7227,#7228),.UNSPECIFIED.,.F.,
  .F.,(2,2),(-0.,1.000000000001E-03),.PIECEWISE_BEZIER_KNOTS.);
#7227 = CARTESIAN_POINT('',(-0.781012131993,3.3005,1.46988375343));
#7228 = CARTESIAN_POINT('',(-0.781012131993,3.2995,1.46988375343));
#7229 = ORIENTED_EDGE('',*,*,#7101,.F.);
#7230 = ORIENTED_EDGE('',*,*,#7205,.T.);
#7231 = B_SPLINE_SURFACE_WITH_KNOTS('',1,1,(
    (#7232,#7233)
    ,(#7234,#7235
    )),.UNSPECIFIED.,.F.,.F.,.F.,(2,2),(2,2),(-1.574779975302E-18,
    2.533568882239E-02),(-1.000000000001E-03,5.966809324774E-35),
  .PIECEWISE_BEZIER_KNOTS.);
#7232 = CARTESIAN_POINT('',(-0.781012131993,3.2995,1.46988375343));
#7233 = CARTESIAN_POINT('',(-0.781012131993,3.3005,1.46988375343));
#7234 = CARTESIAN_POINT('',(-0.806347183627,3.2995,1.469704068202));
#7235 = CARTESIAN_POINT('',(-0.806347183627,3.3005,1.469704068202));
#7236 = ADVANCED_FACE('',(#7237),#7247,.F.);
#7237 = FACE_BOUND('',#7238,.T.);
#7238 = EDGE_LOOP('',(#7239,#7240,#7245,#7246));
#7239 = ORIENTED_EDGE('',*,*,#1373,.T.);
#7240 = ORIENTED_EDGE('',*,*,#7241,.F.);
#7241 = EDGE_CURVE('',#7109,#1367,#7242,.T.);
#7242 = B_SPLINE_CURVE_WITH_KNOTS('',1,(#7243,#7244),.UNSPECIFIED.,.F.,
  .F.,(2,2),(-0.,1.000000000001E-03),.PIECEWISE_BEZIER_KNOTS.);
#7243 = CARTESIAN_POINT('',(-0.709804436539,3.3005,1.286841177503));
#7244 = CARTESIAN_POINT('',(-0.709804436539,3.2995,1.286841177503));
#7245 = ORIENTED_EDGE('',*,*,#7108,.F.);
#7246 = ORIENTED_EDGE('',*,*,#7225,.T.);
#7247 = B_SPLINE_SURFACE_WITH_KNOTS('',1,1,(
    (#7248,#7249)
    ,(#7250,#7251
    )),.UNSPECIFIED.,.F.,.F.,.F.,(2,2),(2,2),(-2.069372620556E-16,
    0.196405500161),(-1.000000000001E-03,0.),.PIECEWISE_BEZIER_KNOTS.);
#7248 = CARTESIAN_POINT('',(-0.709804436539,3.2995,1.286841177503));
#7249 = CARTESIAN_POINT('',(-0.709804436539,3.3005,1.286841177503));
#7250 = CARTESIAN_POINT('',(-0.781012131993,3.2995,1.46988375343));
#7251 = CARTESIAN_POINT('',(-0.781012131993,3.3005,1.46988375343));
#7252 = ADVANCED_FACE('',(#7253),#7263,.F.);
#7253 = FACE_BOUND('',#7254,.T.);
#7254 = EDGE_LOOP('',(#7255,#7256,#7261,#7262));
#7255 = ORIENTED_EDGE('',*,*,#1366,.T.);
#7256 = ORIENTED_EDGE('',*,*,#7257,.F.);
#7257 = EDGE_CURVE('',#7116,#1360,#7258,.T.);
#7258 = B_SPLINE_CURVE_WITH_KNOTS('',1,(#7259,#7260),.UNSPECIFIED.,.F.,
  .F.,(2,2),(-0.,1.000000000001E-03),.PIECEWISE_BEZIER_KNOTS.);
#7259 = CARTESIAN_POINT('',(-0.735983989894,3.3005,1.286655502768));
#7260 = CARTESIAN_POINT('',(-0.735983989894,3.2995,1.286655502768));
#7261 = ORIENTED_EDGE('',*,*,#7115,.F.);
#7262 = ORIENTED_EDGE('',*,*,#7241,.T.);
#7263 = B_SPLINE_SURFACE_WITH_KNOTS('',1,1,(
    (#7264,#7265)
    ,(#7266,#7267
    )),.UNSPECIFIED.,.F.,.F.,.F.,(2,2),(2,2),(-2.236138005198E-16,
    2.618021178214E-02),(-1.000000000001E-03,1.181748136444E-37),
  .PIECEWISE_BEZIER_KNOTS.);
#7264 = CARTESIAN_POINT('',(-0.735983989894,3.2995,1.286655502768));
#7265 = CARTESIAN_POINT('',(-0.735983989894,3.3005,1.286655502768));
#7266 = CARTESIAN_POINT('',(-0.709804436539,3.2995,1.286841177503));
#7267 = CARTESIAN_POINT('',(-0.709804436539,3.3005,1.286841177503));
#7268 = ADVANCED_FACE('',(#7269),#7279,.F.);
#7269 = FACE_BOUND('',#7270,.T.);
#7270 = EDGE_LOOP('',(#7271,#7272,#7277,#7278));
#7271 = ORIENTED_EDGE('',*,*,#1359,.T.);
#7272 = ORIENTED_EDGE('',*,*,#7273,.F.);
#7273 = EDGE_CURVE('',#7123,#1353,#7274,.T.);
#7274 = B_SPLINE_CURVE_WITH_KNOTS('',1,(#7275,#7276),.UNSPECIFIED.,.F.,
  .F.,(2,2),(-0.,1.000000000001E-03),.PIECEWISE_BEZIER_KNOTS.);
#7275 = CARTESIAN_POINT('',(-0.753980735464,3.3005,1.336731324252));
#7276 = CARTESIAN_POINT('',(-0.753980735464,3.2995,1.336731324252));
#7277 = ORIENTED_EDGE('',*,*,#7122,.F.);
#7278 = ORIENTED_EDGE('',*,*,#7257,.T.);
#7279 = B_SPLINE_SURFACE_WITH_KNOTS('',1,1,(
    (#7280,#7281)
    ,(#7282,#7283
    )),.UNSPECIFIED.,.F.,.F.,.F.,(2,2),(2,2),(-4.656371773046E-20,
    5.321156592742E-02),(-1.000000000001E-03,0.),
  .PIECEWISE_BEZIER_KNOTS.);
#7280 = CARTESIAN_POINT('',(-0.753980735464,3.2995,1.336731324252));
#7281 = CARTESIAN_POINT('',(-0.753980735464,3.3005,1.336731324252));
#7282 = CARTESIAN_POINT('',(-0.735983989894,3.2995,1.286655502768));
#7283 = CARTESIAN_POINT('',(-0.735983989894,3.3005,1.286655502768));
#7284 = ADVANCED_FACE('',(#7285),#7295,.F.);
#7285 = FACE_BOUND('',#7286,.T.);
#7286 = EDGE_LOOP('',(#7287,#7288,#7293,#7294));
#7287 = ORIENTED_EDGE('',*,*,#1352,.T.);
#7288 = ORIENTED_EDGE('',*,*,#7289,.F.);
#7289 = EDGE_CURVE('',#7130,#1346,#7290,.T.);
#7290 = B_SPLINE_CURVE_WITH_KNOTS('',1,(#7291,#7292),.UNSPECIFIED.,.F.,
  .F.,(2,2),(-0.,1.000000000001E-03),.PIECEWISE_BEZIER_KNOTS.);
#7291 = CARTESIAN_POINT('',(-0.830408141225,3.3005,1.336189273815));
#7292 = CARTESIAN_POINT('',(-0.830408141225,3.2995,1.336189273815));
#7293 = ORIENTED_EDGE('',*,*,#7129,.F.);
#7294 = ORIENTED_EDGE('',*,*,#7273,.T.);
#7295 = B_SPLINE_SURFACE_WITH_KNOTS('',1,1,(
    (#7296,#7297)
    ,(#7298,#7299
    )),.UNSPECIFIED.,.F.,.F.,.F.,(2,2),(2,2),(-1.125942902475E-16,
    7.642932794454E-02),(-1.000000000001E-03,1.048540960933E-34),
  .PIECEWISE_BEZIER_KNOTS.);
#7296 = CARTESIAN_POINT('',(-0.830408141225,3.2995,1.336189273815));
#7297 = CARTESIAN_POINT('',(-0.830408141225,3.3005,1.336189273815));
#7298 = CARTESIAN_POINT('',(-0.753980735464,3.2995,1.336731324252));
#7299 = CARTESIAN_POINT('',(-0.753980735464,3.3005,1.336731324252));
#7300 = ADVANCED_FACE('',(#7301),#7311,.F.);
#7301 = FACE_BOUND('',#7302,.T.);
#7302 = EDGE_LOOP('',(#7303,#7304,#7309,#7310));
#7303 = ORIENTED_EDGE('',*,*,#1345,.T.);
#7304 = ORIENTED_EDGE('',*,*,#7305,.F.);
#7305 = EDGE_CURVE('',#7137,#1339,#7306,.T.);
#7306 = B_SPLINE_CURVE_WITH_KNOTS('',1,(#7307,#7308),.UNSPECIFIED.,.F.,
  .F.,(2,2),(-0.,1.000000000001E-03),.PIECEWISE_BEZIER_KNOTS.);
#7307 = CARTESIAN_POINT('',(-0.848771886426,3.3005,1.285855570754));
#7308 = CARTESIAN_POINT('',(-0.848771886426,3.2995,1.285855570754));
#7309 = ORIENTED_EDGE('',*,*,#7136,.F.);
#7310 = ORIENTED_EDGE('',*,*,#7289,.T.);
#7311 = B_SPLINE_SURFACE_WITH_KNOTS('',1,1,(
    (#7312,#7313)
    ,(#7314,#7315
    )),.UNSPECIFIED.,.F.,.F.,.F.,(2,2),(2,2),(-4.718743801969E-20,
    5.357899590022E-02),(-1.000000000001E-03,0.),
  .PIECEWISE_BEZIER_KNOTS.);
#7312 = CARTESIAN_POINT('',(-0.848771886426,3.2995,1.285855570754));
#7313 = CARTESIAN_POINT('',(-0.848771886426,3.3005,1.285855570754));
#7314 = CARTESIAN_POINT('',(-0.830408141225,3.2995,1.336189273815));
#7315 = CARTESIAN_POINT('',(-0.830408141225,3.3005,1.336189273815));
#7316 = ADVANCED_FACE('',(#7317),#7323,.F.);
#7317 = FACE_BOUND('',#7318,.T.);
#7318 = EDGE_LOOP('',(#7319,#7320,#7321,#7322));
#7319 = ORIENTED_EDGE('',*,*,#1338,.T.);
#7320 = ORIENTED_EDGE('',*,*,#7211,.F.);
#7321 = ORIENTED_EDGE('',*,*,#7143,.F.);
#7322 = ORIENTED_EDGE('',*,*,#7305,.T.);
#7323 = B_SPLINE_SURFACE_WITH_KNOTS('',1,1,(
    (#7324,#7325)
    ,(#7326,#7327
    )),.UNSPECIFIED.,.F.,.F.,.F.,(2,2),(2,2),(-1.376730038099E-19,
    2.618021178088E-02),(-1.000000000001E-03,1.033494633243E-34),
  .PIECEWISE_BEZIER_KNOTS.);
#7324 = CARTESIAN_POINT('',(-0.874951439779,3.2995,1.285669896019));
#7325 = CARTESIAN_POINT('',(-0.874951439779,3.3005,1.285669896019));
#7326 = CARTESIAN_POINT('',(-0.848771886426,3.2995,1.285855570754));
#7327 = CARTESIAN_POINT('',(-0.848771886426,3.3005,1.285855570754));
#7328 = ADVANCED_FACE('',(#7329),#7351,.T.);
#7329 = FACE_BOUND('',#7330,.T.);
#7330 = EDGE_LOOP('',(#7331,#7340,#7345,#7346));
#7331 = ORIENTED_EDGE('',*,*,#7332,.F.);
#7332 = EDGE_CURVE('',#7333,#7335,#7337,.T.);
#7333 = VERTEX_POINT('',#7334);
#7334 = CARTESIAN_POINT('',(-0.761634493117,3.2995,1.357415293115));
#7335 = VERTEX_POINT('',#7336);
#7336 = CARTESIAN_POINT('',(-0.823236201996,3.2995,1.356978391811));
#7337 = B_SPLINE_CURVE_WITH_KNOTS('',1,(#7338,#7339),.UNSPECIFIED.,.F.,
  .F.,(2,2),(3.362080907673E-16,6.160325818928E-02),
  .PIECEWISE_BEZIER_KNOTS.);
#7338 = CARTESIAN_POINT('',(-0.761634493117,3.2995,1.357415293115));
#7339 = CARTESIAN_POINT('',(-0.823236201996,3.2995,1.356978391811));
#7340 = ORIENTED_EDGE('',*,*,#7341,.F.);
#7341 = EDGE_CURVE('',#7151,#7333,#7342,.T.);
#7342 = B_SPLINE_CURVE_WITH_KNOTS('',1,(#7343,#7344),.UNSPECIFIED.,.F.,
  .F.,(2,2),(-0.,1.000000000001E-03),.PIECEWISE_BEZIER_KNOTS.);
#7343 = CARTESIAN_POINT('',(-0.761634493117,3.3005,1.357415293115));
#7344 = CARTESIAN_POINT('',(-0.761634493117,3.2995,1.357415293115));
#7345 = ORIENTED_EDGE('',*,*,#7150,.T.);
#7346 = ORIENTED_EDGE('',*,*,#7347,.T.);
#7347 = EDGE_CURVE('',#7153,#7335,#7348,.T.);
#7348 = B_SPLINE_CURVE_WITH_KNOTS('',1,(#7349,#7350),.UNSPECIFIED.,.F.,
  .F.,(2,2),(-0.,1.E-03),.PIECEWISE_BEZIER_KNOTS.);
#7349 = CARTESIAN_POINT('',(-0.823236201996,3.3005,1.356978391811));
#7350 = CARTESIAN_POINT('',(-0.823236201996,3.2995,1.356978391811));
#7351 = B_SPLINE_SURFACE_WITH_KNOTS('',1,1,(
    (#7352,#7353)
    ,(#7354,#7355
    )),.UNSPECIFIED.,.F.,.F.,.F.,(2,2),(2,2),(-6.160325818928E-02,0.),(
    -1.000000000001E-03,0.),.PIECEWISE_BEZIER_KNOTS.);
#7352 = CARTESIAN_POINT('',(-0.823236201996,3.2995,1.356978391811));
#7353 = CARTESIAN_POINT('',(-0.823236201996,3.3005,1.356978391811));
#7354 = CARTESIAN_POINT('',(-0.761634493117,3.2995,1.357415293115));
#7355 = CARTESIAN_POINT('',(-0.761634493117,3.3005,1.357415293115));
#7356 = ADVANCED_FACE('',(#7357),#7373,.T.);
#7357 = FACE_BOUND('',#7358,.T.);
#7358 = EDGE_LOOP('',(#7359,#7366,#7367,#7368));
#7359 = ORIENTED_EDGE('',*,*,#7360,.F.);
#7360 = EDGE_CURVE('',#7335,#7361,#7363,.T.);
#7361 = VERTEX_POINT('',#7362);
#7362 = CARTESIAN_POINT('',(-0.796049447671,3.2995,1.433461702784));
#7363 = B_SPLINE_CURVE_WITH_KNOTS('',1,(#7364,#7365),.UNSPECIFIED.,.F.,
  .F.,(2,2),(0.,8.117152498401E-02),.PIECEWISE_BEZIER_KNOTS.);
#7364 = CARTESIAN_POINT('',(-0.823236201996,3.2995,1.356978391811));
#7365 = CARTESIAN_POINT('',(-0.796049447671,3.2995,1.433461702784));
#7366 = ORIENTED_EDGE('',*,*,#7347,.F.);
#7367 = ORIENTED_EDGE('',*,*,#7191,.T.);
#7368 = ORIENTED_EDGE('',*,*,#7369,.T.);
#7369 = EDGE_CURVE('',#7183,#7361,#7370,.T.);
#7370 = B_SPLINE_CURVE_WITH_KNOTS('',1,(#7371,#7372),.UNSPECIFIED.,.F.,
  .F.,(2,2),(-0.,1.E-03),.PIECEWISE_BEZIER_KNOTS.);
#7371 = CARTESIAN_POINT('',(-0.796049447671,3.3005,1.433461702784));
#7372 = CARTESIAN_POINT('',(-0.796049447671,3.2995,1.433461702784));
#7373 = B_SPLINE_SURFACE_WITH_KNOTS('',1,1,(
    (#7374,#7375)
    ,(#7376,#7377
    )),.UNSPECIFIED.,.F.,.F.,.F.,(2,2),(2,2),(-8.117152498401E-02,
    4.611193725436E-20),(-1.E-03,0.),.PIECEWISE_BEZIER_KNOTS.);
#7374 = CARTESIAN_POINT('',(-0.796049447671,3.2995,1.433461702784));
#7375 = CARTESIAN_POINT('',(-0.796049447671,3.3005,1.433461702784));
#7376 = CARTESIAN_POINT('',(-0.823236201996,3.2995,1.356978391811));
#7377 = CARTESIAN_POINT('',(-0.823236201996,3.3005,1.356978391811));
#7378 = ADVANCED_FACE('',(#7379),#7397,.T.);
#7379 = FACE_BOUND('',#7380,.T.);
#7380 = EDGE_LOOP('',(#7381,#7390,#7391,#7392));
#7381 = ORIENTED_EDGE('',*,*,#7382,.F.);
#7382 = EDGE_CURVE('',#7361,#7383,#7385,.T.);
#7383 = VERTEX_POINT('',#7384);
#7384 = CARTESIAN_POINT('',(-0.793278698788,3.2995,1.446337193425));
#7385 = B_SPLINE_CURVE_WITH_KNOTS('',3,(#7386,#7387,#7388,#7389),
  .UNSPECIFIED.,.F.,.F.,(4,4),(1.,2.),.PIECEWISE_BEZIER_KNOTS.);
#7386 = CARTESIAN_POINT('',(-0.796049447671,3.2995,1.433461702784));
#7387 = CARTESIAN_POINT('',(-0.795175997711,3.2995,1.436001530205));
#7388 = CARTESIAN_POINT('',(-0.794267610002,3.2995,1.44023069382));
#7389 = CARTESIAN_POINT('',(-0.793278698788,3.2995,1.446337193425));
#7390 = ORIENTED_EDGE('',*,*,#7369,.F.);
#7391 = ORIENTED_EDGE('',*,*,#7182,.T.);
#7392 = ORIENTED_EDGE('',*,*,#7393,.T.);
#7393 = EDGE_CURVE('',#7176,#7383,#7394,.T.);
#7394 = B_SPLINE_CURVE_WITH_KNOTS('',1,(#7395,#7396),.UNSPECIFIED.,.F.,
  .F.,(2,2),(-0.,1.E-03),.PIECEWISE_BEZIER_KNOTS.);
#7395 = CARTESIAN_POINT('',(-0.793278698788,3.3005,1.446337193425));
#7396 = CARTESIAN_POINT('',(-0.793278698788,3.2995,1.446337193425));
#7397 = B_SPLINE_SURFACE_WITH_KNOTS('',3,1,(
    (#7398,#7399)
    ,(#7400,#7401)
    ,(#7402,#7403)
    ,(#7404,#7405
    )),.UNSPECIFIED.,.F.,.F.,.F.,(4,4),(2,2),(1.,2.),(0.,1.),
  .PIECEWISE_BEZIER_KNOTS.);
#7398 = CARTESIAN_POINT('',(-0.796049447671,3.3005,1.433461702784));
#7399 = CARTESIAN_POINT('',(-0.796049447671,3.2995,1.433461702784));
#7400 = CARTESIAN_POINT('',(-0.795175997711,3.3005,1.436001530205));
#7401 = CARTESIAN_POINT('',(-0.795175997711,3.2995,1.436001530205));
#7402 = CARTESIAN_POINT('',(-0.794267610002,3.3005,1.44023069382));
#7403 = CARTESIAN_POINT('',(-0.794267610002,3.2995,1.44023069382));
#7404 = CARTESIAN_POINT('',(-0.793278698788,3.3005,1.446337193425));
#7405 = CARTESIAN_POINT('',(-0.793278698788,3.2995,1.446337193425));
#7406 = ADVANCED_FACE('',(#7407),#7423,.T.);
#7407 = FACE_BOUND('',#7408,.T.);
#7408 = EDGE_LOOP('',(#7409,#7416,#7417,#7418));
#7409 = ORIENTED_EDGE('',*,*,#7410,.F.);
#7410 = EDGE_CURVE('',#7383,#7411,#7413,.T.);
#7411 = VERTEX_POINT('',#7412);
#7412 = CARTESIAN_POINT('',(-0.79271569764,3.2995,1.44634118643));
#7413 = B_SPLINE_CURVE_WITH_KNOTS('',1,(#7414,#7415),.UNSPECIFIED.,.F.,
  .F.,(2,2),(0.,5.630153077493E-04),.PIECEWISE_BEZIER_KNOTS.);
#7414 = CARTESIAN_POINT('',(-0.793278698788,3.2995,1.446337193425));
#7415 = CARTESIAN_POINT('',(-0.79271569764,3.2995,1.44634118643));
#7416 = ORIENTED_EDGE('',*,*,#7393,.F.);
#7417 = ORIENTED_EDGE('',*,*,#7175,.T.);
#7418 = ORIENTED_EDGE('',*,*,#7419,.T.);
#7419 = EDGE_CURVE('',#7167,#7411,#7420,.T.);
#7420 = B_SPLINE_CURVE_WITH_KNOTS('',1,(#7421,#7422),.UNSPECIFIED.,.F.,
  .F.,(2,2),(-0.,1.E-03),.PIECEWISE_BEZIER_KNOTS.);
#7421 = CARTESIAN_POINT('',(-0.79271569764,3.3005,1.44634118643));
#7422 = CARTESIAN_POINT('',(-0.79271569764,3.2995,1.44634118643));
#7423 = B_SPLINE_SURFACE_WITH_KNOTS('',1,1,(
    (#7424,#7425)
    ,(#7426,#7427
    )),.UNSPECIFIED.,.F.,.F.,.F.,(2,2),(2,2),(-5.630153077493E-04,
    1.376730038099E-19),(-1.000000000001E-03,0.),
  .PIECEWISE_BEZIER_KNOTS.);
#7424 = CARTESIAN_POINT('',(-0.79271569764,3.2995,1.44634118643));
#7425 = CARTESIAN_POINT('',(-0.79271569764,3.3005,1.44634118643));
#7426 = CARTESIAN_POINT('',(-0.793278698788,3.2995,1.446337193425));
#7427 = CARTESIAN_POINT('',(-0.793278698788,3.3005,1.446337193425));
#7428 = ADVANCED_FACE('',(#7429),#7447,.T.);
#7429 = FACE_BOUND('',#7430,.T.);
#7430 = EDGE_LOOP('',(#7431,#7440,#7441,#7442));
#7431 = ORIENTED_EDGE('',*,*,#7432,.F.);
#7432 = EDGE_CURVE('',#7411,#7433,#7435,.T.);
#7433 = VERTEX_POINT('',#7434);
#7434 = CARTESIAN_POINT('',(-0.789621851238,3.2995,1.433507289592));
#7435 = B_SPLINE_CURVE_WITH_KNOTS('',3,(#7436,#7437,#7438,#7439),
  .UNSPECIFIED.,.F.,.F.,(4,4),(3.,4.),.PIECEWISE_BEZIER_KNOTS.);
#7436 = CARTESIAN_POINT('',(-0.79271569764,3.2995,1.44634118643));
#7437 = CARTESIAN_POINT('',(-0.791785014607,3.2995,1.440811330739));
#7438 = CARTESIAN_POINT('',(-0.790769149561,3.2995,1.436501976367));
#7439 = CARTESIAN_POINT('',(-0.789621851238,3.2995,1.433507289592));
#7440 = ORIENTED_EDGE('',*,*,#7419,.F.);
#7441 = ORIENTED_EDGE('',*,*,#7166,.T.);
#7442 = ORIENTED_EDGE('',*,*,#7443,.T.);
#7443 = EDGE_CURVE('',#7160,#7433,#7444,.T.);
#7444 = B_SPLINE_CURVE_WITH_KNOTS('',1,(#7445,#7446),.UNSPECIFIED.,.F.,
  .F.,(2,2),(4.440892098501E-16,1.E-03),.PIECEWISE_BEZIER_KNOTS.);
#7445 = CARTESIAN_POINT('',(-0.789621851238,3.3005,1.433507289592));
#7446 = CARTESIAN_POINT('',(-0.789621851238,3.2995,1.433507289592));
#7447 = B_SPLINE_SURFACE_WITH_KNOTS('',3,1,(
    (#7448,#7449)
    ,(#7450,#7451)
    ,(#7452,#7453)
    ,(#7454,#7455
    )),.UNSPECIFIED.,.F.,.F.,.F.,(4,4),(2,2),(3.,4.),(0.,1.),
  .PIECEWISE_BEZIER_KNOTS.);
#7448 = CARTESIAN_POINT('',(-0.79271569764,3.3005,1.44634118643));
#7449 = CARTESIAN_POINT('',(-0.79271569764,3.2995,1.44634118643));
#7450 = CARTESIAN_POINT('',(-0.791785014607,3.3005,1.440811330739));
#7451 = CARTESIAN_POINT('',(-0.791785014607,3.2995,1.440811330739));
#7452 = CARTESIAN_POINT('',(-0.790769149561,3.3005,1.436501976367));
#7453 = CARTESIAN_POINT('',(-0.790769149561,3.2995,1.436501976367));
#7454 = CARTESIAN_POINT('',(-0.789621851238,3.3005,1.433507289592));
#7455 = CARTESIAN_POINT('',(-0.789621851238,3.2995,1.433507289592));
#7456 = ADVANCED_FACE('',(#7457),#7467,.T.);
#7457 = FACE_BOUND('',#7458,.T.);
#7458 = EDGE_LOOP('',(#7459,#7464,#7465,#7466));
#7459 = ORIENTED_EDGE('',*,*,#7460,.F.);
#7460 = EDGE_CURVE('',#7433,#7333,#7461,.T.);
#7461 = B_SPLINE_CURVE_WITH_KNOTS('',1,(#7462,#7463),.UNSPECIFIED.,.F.,
  .F.,(2,2),(0.,8.107579258041E-02),.PIECEWISE_BEZIER_KNOTS.);
#7462 = CARTESIAN_POINT('',(-0.789621851238,3.2995,1.433507289592));
#7463 = CARTESIAN_POINT('',(-0.761634493117,3.2995,1.357415293115));
#7464 = ORIENTED_EDGE('',*,*,#7443,.F.);
#7465 = ORIENTED_EDGE('',*,*,#7159,.T.);
#7466 = ORIENTED_EDGE('',*,*,#7341,.T.);
#7467 = B_SPLINE_SURFACE_WITH_KNOTS('',1,1,(
    (#7468,#7469)
    ,(#7470,#7471
    )),.UNSPECIFIED.,.F.,.F.,.F.,(2,2),(2,2),(-8.107579258041E-02,
    4.752590688092E-20),(-1.000000000001E-03,6.162975822039E-33),
  .PIECEWISE_BEZIER_KNOTS.);
#7468 = CARTESIAN_POINT('',(-0.761634493117,3.2995,1.357415293115));
#7469 = CARTESIAN_POINT('',(-0.761634493117,3.3005,1.357415293115));
#7470 = CARTESIAN_POINT('',(-0.789621851238,3.2995,1.433507289592));
#7471 = CARTESIAN_POINT('',(-0.789621851238,3.3005,1.433507289592));
#7472 = ADVANCED_FACE('',(#7473),#7481,.F.);
#7473 = FACE_BOUND('',#7474,.T.);
#7474 = EDGE_LOOP('',(#7475,#7476,#7477,#7478,#7479,#7480));
#7475 = ORIENTED_EDGE('',*,*,#7460,.T.);
#7476 = ORIENTED_EDGE('',*,*,#7332,.T.);
#7477 = ORIENTED_EDGE('',*,*,#7360,.T.);
#7478 = ORIENTED_EDGE('',*,*,#7382,.T.);
#7479 = ORIENTED_EDGE('',*,*,#7410,.T.);
#7480 = ORIENTED_EDGE('',*,*,#7432,.T.);
#7481 = B_SPLINE_SURFACE_WITH_KNOTS('',1,1,(
    (#7482,#7483)
    ,(#7484,#7485
    )),.UNSPECIFIED.,.F.,.F.,.F.,(2,2),(2,2),(1.65365891357,
    1.743021708189),(2.476763798004,2.538365506883),
  .PIECEWISE_BEZIER_KNOTS.);
#7482 = CARTESIAN_POINT('',(-0.823236201996,3.2995,1.44634118643));
#7483 = CARTESIAN_POINT('',(-0.761634493117,3.2995,1.44634118643));
#7484 = CARTESIAN_POINT('',(-0.823236201996,3.2995,1.356978391811));
#7485 = CARTESIAN_POINT('',(-0.761634493117,3.2995,1.356978391811));
#7486 = ADVANCED_FACE('',(#7487,#7776),#7801,.F.);
#7487 = FACE_BOUND('',#7488,.T.);
#7488 = EDGE_LOOP('',(#7489,#7500,#7509,#7518,#7527,#7536,#7545,#7554,
    #7563,#7572,#7581,#7590,#7599,#7608,#7615,#7622,#7629,#7638,#7647,
    #7656,#7665,#7674,#7683,#7692,#7701,#7710,#7719,#7726,#7735,#7744,
    #7753,#7760,#7769));
#7489 = ORIENTED_EDGE('',*,*,#7490,.T.);
#7490 = EDGE_CURVE('',#7491,#7493,#7495,.T.);
#7491 = VERTEX_POINT('',#7492);
#7492 = CARTESIAN_POINT('',(0.240510116355,3.3005,1.47564523365));
#7493 = VERTEX_POINT('',#7494);
#7494 = CARTESIAN_POINT('',(0.368486637343,3.3005,1.647508460896));
#7495 = B_SPLINE_CURVE_WITH_KNOTS('',3,(#7496,#7497,#7498,#7499),
  .UNSPECIFIED.,.F.,.F.,(4,4),(35.,36.),.PIECEWISE_BEZIER_KNOTS.);
#7496 = CARTESIAN_POINT('',(0.240510116355,3.3005,1.47564523365));
#7497 = CARTESIAN_POINT('',(0.24125973025,3.3005,1.553950782942));
#7498 = CARTESIAN_POINT('',(0.294271741867,3.3005,1.623492027564));
#7499 = CARTESIAN_POINT('',(0.368486637343,3.3005,1.647508460896));
#7500 = ORIENTED_EDGE('',*,*,#7501,.T.);
#7501 = EDGE_CURVE('',#7493,#7502,#7504,.T.);
#7502 = VERTEX_POINT('',#7503);
#7503 = CARTESIAN_POINT('',(0.43822221456,3.3005,1.751098423759));
#7504 = B_SPLINE_CURVE_WITH_KNOTS('',3,(#7505,#7506,#7507,#7508),
  .UNSPECIFIED.,.F.,.F.,(4,4),(0.,1.),.PIECEWISE_BEZIER_KNOTS.);
#7505 = CARTESIAN_POINT('',(0.368486637343,3.3005,1.647508460896));
#7506 = CARTESIAN_POINT('',(0.382563294379,3.3005,1.686758438843));
#7507 = CARTESIAN_POINT('',(0.407107269086,3.3005,1.722167638128));
#7508 = CARTESIAN_POINT('',(0.43822221456,3.3005,1.751098423759));
#7509 = ORIENTED_EDGE('',*,*,#7510,.T.);
#7510 = EDGE_CURVE('',#7502,#7511,#7513,.T.);
#7511 = VERTEX_POINT('',#7512);
#7512 = CARTESIAN_POINT('',(0.615212643094,3.3005,1.820213951649));
#7513 = B_SPLINE_CURVE_WITH_KNOTS('',3,(#7514,#7515,#7516,#7517),
  .UNSPECIFIED.,.F.,.F.,(4,4),(1.,2.),.PIECEWISE_BEZIER_KNOTS.);
#7514 = CARTESIAN_POINT('',(0.43822221456,3.3005,1.751098423759));
#7515 = CARTESIAN_POINT('',(0.487504471097,3.3005,1.794513110555));
#7516 = CARTESIAN_POINT('',(0.549965689661,3.3005,1.81975119697));
#7517 = CARTESIAN_POINT('',(0.615212643094,3.3005,1.820213951649));
#7518 = ORIENTED_EDGE('',*,*,#7519,.T.);
#7519 = EDGE_CURVE('',#7511,#7520,#7522,.T.);
#7520 = VERTEX_POINT('',#7521);
#7521 = CARTESIAN_POINT('',(0.772166279992,3.3005,1.770431937956));
#7522 = B_SPLINE_CURVE_WITH_KNOTS('',3,(#7523,#7524,#7525,#7526),
  .UNSPECIFIED.,.F.,.F.,(4,4),(2.,3.),.PIECEWISE_BEZIER_KNOTS.);
#7523 = CARTESIAN_POINT('',(0.615212643094,3.3005,1.820213951649));
#7524 = CARTESIAN_POINT('',(0.672629957137,3.3005,1.820621175731));
#7525 = CARTESIAN_POINT('',(0.726262035238,3.3005,1.802731487954));
#7526 = CARTESIAN_POINT('',(0.772166279992,3.3005,1.770431937956));
#7527 = ORIENTED_EDGE('',*,*,#7528,.T.);
#7528 = EDGE_CURVE('',#7520,#7529,#7531,.T.);
#7529 = VERTEX_POINT('',#7530);
#7530 = CARTESIAN_POINT('',(0.829990818161,3.3005,1.713421841774));
#7531 = B_SPLINE_CURVE_WITH_KNOTS('',3,(#7532,#7533,#7534,#7535),
  .UNSPECIFIED.,.F.,.F.,(4,4),(3.,4.),.PIECEWISE_BEZIER_KNOTS.);
#7532 = CARTESIAN_POINT('',(0.772166279992,3.3005,1.770431937956));
#7533 = CARTESIAN_POINT('',(0.794461315264,3.3005,1.754930002061));
#7534 = CARTESIAN_POINT('',(0.812869283651,3.3005,1.735485487306));
#7535 = CARTESIAN_POINT('',(0.829990818161,3.3005,1.713421841774));
#7536 = ORIENTED_EDGE('',*,*,#7537,.T.);
#7537 = EDGE_CURVE('',#7529,#7538,#7540,.T.);
#7538 = VERTEX_POINT('',#7539);
#7539 = CARTESIAN_POINT('',(0.859985896615,3.3005,1.716244584504));
#7540 = B_SPLINE_CURVE_WITH_KNOTS('',3,(#7541,#7542,#7543,#7544),
  .UNSPECIFIED.,.F.,.F.,(4,4),(4.,5.),.PIECEWISE_BEZIER_KNOTS.);
#7541 = CARTESIAN_POINT('',(0.829990818161,3.3005,1.713421841774));
#7542 = CARTESIAN_POINT('',(0.840421065626,3.3005,1.714800826498));
#7543 = CARTESIAN_POINT('',(0.849546394022,3.3005,1.716170543826));
#7544 = CARTESIAN_POINT('',(0.859985896615,3.3005,1.716244584504));
#7545 = ORIENTED_EDGE('',*,*,#7546,.T.);
#7546 = EDGE_CURVE('',#7538,#7547,#7549,.T.);
#7547 = VERTEX_POINT('',#7548);
#7548 = CARTESIAN_POINT('',(1.01049813402,3.3005,1.654671842481));
#7549 = B_SPLINE_CURVE_WITH_KNOTS('',3,(#7550,#7551,#7552,#7553),
  .UNSPECIFIED.,.F.,.F.,(4,4),(5.,6.),.PIECEWISE_BEZIER_KNOTS.);
#7550 = CARTESIAN_POINT('',(0.859985896615,3.3005,1.716244584504));
#7551 = CARTESIAN_POINT('',(0.916098279056,3.3005,1.716642553545));
#7552 = CARTESIAN_POINT('',(0.969758109978,3.3005,1.694838050652));
#7553 = CARTESIAN_POINT('',(1.01049813402,3.3005,1.654671842481));
#7554 = ORIENTED_EDGE('',*,*,#7555,.T.);
#7555 = EDGE_CURVE('',#7547,#7556,#7558,.T.);
#7556 = VERTEX_POINT('',#7557);
#7557 = CARTESIAN_POINT('',(1.072885385638,3.3005,1.506343795723));
#7558 = B_SPLINE_CURVE_WITH_KNOTS('',3,(#7559,#7560,#7561,#7562),
  .UNSPECIFIED.,.F.,.F.,(4,4),(6.,7.),.PIECEWISE_BEZIER_KNOTS.);
#7559 = CARTESIAN_POINT('',(1.01049813402,3.3005,1.654671842481));
#7560 = CARTESIAN_POINT('',(1.049923993023,3.3005,1.615801335917));
#7561 = CARTESIAN_POINT('',(1.072487416685,3.3005,1.562456165718));
#7562 = CARTESIAN_POINT('',(1.072885385638,3.3005,1.506343795723));
#7563 = ORIENTED_EDGE('',*,*,#7564,.T.);
#7564 = EDGE_CURVE('',#7556,#7565,#7567,.T.);
#7565 = VERTEX_POINT('',#7566);
#7566 = CARTESIAN_POINT('',(1.019086752232,3.3005,1.363716753193));
#7567 = B_SPLINE_CURVE_WITH_KNOTS('',3,(#7568,#7569,#7570,#7571),
  .UNSPECIFIED.,.F.,.F.,(4,4),(7.,8.),.PIECEWISE_BEZIER_KNOTS.);
#7568 = CARTESIAN_POINT('',(1.072885385638,3.3005,1.506343795723));
#7569 = CARTESIAN_POINT('',(1.073255589381,3.3005,1.454146232976));
#7570 = CARTESIAN_POINT('',(1.054042452143,3.3005,1.403114762983));
#7571 = CARTESIAN_POINT('',(1.019086752232,3.3005,1.363716753193));
#7572 = ORIENTED_EDGE('',*,*,#7573,.T.);
#7573 = EDGE_CURVE('',#7565,#7574,#7576,.T.);
#7574 = VERTEX_POINT('',#7575);
#7575 = CARTESIAN_POINT('',(0.915135871161,3.3005,1.300339280367));
#7576 = B_SPLINE_CURVE_WITH_KNOTS('',3,(#7577,#7578,#7579,#7580),
  .UNSPECIFIED.,.F.,.F.,(4,4),(8.,9.),.PIECEWISE_BEZIER_KNOTS.);
#7577 = CARTESIAN_POINT('',(1.019086752232,3.3005,1.363716753193));
#7578 = CARTESIAN_POINT('',(0.990600217598,3.3005,1.332194583592));
#7579 = CARTESIAN_POINT('',(0.955514934144,3.3005,1.311065690809));
#7580 = CARTESIAN_POINT('',(0.915135871161,3.3005,1.300339280367));
#7581 = ORIENTED_EDGE('',*,*,#7582,.T.);
#7582 = EDGE_CURVE('',#7574,#7583,#7585,.T.);
#7583 = VERTEX_POINT('',#7584);
#7584 = CARTESIAN_POINT('',(0.791795993486,3.3005,1.210724199675));
#7585 = B_SPLINE_CURVE_WITH_KNOTS('',3,(#7586,#7587,#7588,#7589),
  .UNSPECIFIED.,.F.,.F.,(4,4),(9.,10.),.PIECEWISE_BEZIER_KNOTS.);
#7586 = CARTESIAN_POINT('',(0.915135871161,3.3005,1.300339280367));
#7587 = CARTESIAN_POINT('',(0.898541864523,3.3005,1.248021401385));
#7588 = CARTESIAN_POINT('',(0.849213332419,3.3005,1.211131423934));
#7589 = CARTESIAN_POINT('',(0.791795993486,3.3005,1.210724199675));
#7590 = ORIENTED_EDGE('',*,*,#7591,.T.);
#7591 = EDGE_CURVE('',#7583,#7592,#7594,.T.);
#7592 = VERTEX_POINT('',#7593);
#7593 = CARTESIAN_POINT('',(0.660376577261,3.3005,1.340292597182));
#7594 = B_SPLINE_CURVE_WITH_KNOTS('',3,(#7595,#7596,#7597,#7598),
  .UNSPECIFIED.,.F.,.F.,(4,4),(10.,11.),.PIECEWISE_BEZIER_KNOTS.);
#7595 = CARTESIAN_POINT('',(0.791795993486,3.3005,1.210724199675));
#7596 = CARTESIAN_POINT('',(0.72002434471,3.3005,1.210215169528));
#7597 = CARTESIAN_POINT('',(0.660885607409,3.3005,1.268520948406));
#7598 = CARTESIAN_POINT('',(0.660376577261,3.3005,1.340292597182));
#7599 = ORIENTED_EDGE('',*,*,#7600,.T.);
#7600 = EDGE_CURVE('',#7592,#7601,#7603,.T.);
#7601 = VERTEX_POINT('',#7602);
#7602 = CARTESIAN_POINT('',(0.660284026326,3.3005,1.35334198787));
#7603 = B_SPLINE_CURVE_WITH_KNOTS('',3,(#7604,#7605,#7606,#7607),
  .UNSPECIFIED.,.F.,.F.,(4,4),(11.,12.),.PIECEWISE_BEZIER_KNOTS.);
#7604 = CARTESIAN_POINT('',(0.660376577261,3.3005,1.340292597182));
#7605 = CARTESIAN_POINT('',(0.660348812051,3.3005,1.344207404433));
#7606 = CARTESIAN_POINT('',(0.660321046841,3.3005,1.348122211683));
#7607 = CARTESIAN_POINT('',(0.660284026326,3.3005,1.35334198787));
#7608 = ORIENTED_EDGE('',*,*,#7609,.T.);
#7609 = EDGE_CURVE('',#7601,#7610,#7612,.T.);
#7610 = VERTEX_POINT('',#7611);
#7611 = CARTESIAN_POINT('',(0.476907679823,3.3005,1.448611760871));
#7612 = B_SPLINE_CURVE_WITH_KNOTS('',1,(#7613,#7614),.UNSPECIFIED.,.F.,
  .F.,(2,2),(-1.023682016611E-16,0.206647560121),
  .PIECEWISE_BEZIER_KNOTS.);
#7613 = CARTESIAN_POINT('',(0.660284026326,3.3005,1.35334198787));
#7614 = CARTESIAN_POINT('',(0.476907679823,3.3005,1.448611760871));
#7615 = ORIENTED_EDGE('',*,*,#7616,.T.);
#7616 = EDGE_CURVE('',#7610,#7617,#7619,.T.);
#7617 = VERTEX_POINT('',#7618);
#7618 = CARTESIAN_POINT('',(0.516870250975,3.3005,1.518060454203));
#7619 = B_SPLINE_CURVE_WITH_KNOTS('',1,(#7620,#7621),.UNSPECIFIED.,.F.,
  .F.,(2,2),(0.,8.01257018601E-02),.PIECEWISE_BEZIER_KNOTS.);
#7620 = CARTESIAN_POINT('',(0.476907679823,3.3005,1.448611760871));
#7621 = CARTESIAN_POINT('',(0.516870250975,3.3005,1.518060454203));
#7622 = ORIENTED_EDGE('',*,*,#7623,.T.);
#7623 = EDGE_CURVE('',#7617,#7624,#7626,.T.);
#7624 = VERTEX_POINT('',#7625);
#7625 = CARTESIAN_POINT('',(0.692379937748,3.3005,1.427954901902));
#7626 = B_SPLINE_CURVE_WITH_KNOTS('',1,(#7627,#7628),.UNSPECIFIED.,.F.,
  .F.,(2,2),(0.,0.197288268041),.PIECEWISE_BEZIER_KNOTS.);
#7627 = CARTESIAN_POINT('',(0.516870250975,3.3005,1.518060454203));
#7628 = CARTESIAN_POINT('',(0.692379937748,3.3005,1.427954901902));
#7629 = ORIENTED_EDGE('',*,*,#7630,.T.);
#7630 = EDGE_CURVE('',#7624,#7631,#7633,.T.);
#7631 = VERTEX_POINT('',#7632);
#7632 = CARTESIAN_POINT('',(0.789935694751,3.3005,1.473016957277));
#7633 = B_SPLINE_CURVE_WITH_KNOTS('',3,(#7634,#7635,#7636,#7637),
  .UNSPECIFIED.,.F.,.F.,(4,4),(15.,16.),.PIECEWISE_BEZIER_KNOTS.);
#7634 = CARTESIAN_POINT('',(0.692379937748,3.3005,1.427954901902));
#7635 = CARTESIAN_POINT('',(0.715674474028,3.3005,1.455525218936));
#7636 = CARTESIAN_POINT('',(0.750787522691,3.3005,1.47273930447));
#7637 = CARTESIAN_POINT('',(0.789935694751,3.3005,1.473016957277));
#7638 = ORIENTED_EDGE('',*,*,#7639,.T.);
#7639 = EDGE_CURVE('',#7631,#7640,#7642,.T.);
#7640 = VERTEX_POINT('',#7641);
#7641 = CARTESIAN_POINT('',(0.913210798439,3.3005,1.38776095253));
#7642 = B_SPLINE_CURVE_WITH_KNOTS('',3,(#7643,#7644,#7645,#7646),
  .UNSPECIFIED.,.F.,.F.,(4,4),(16.,17.),.PIECEWISE_BEZIER_KNOTS.);
#7643 = CARTESIAN_POINT('',(0.789935694751,3.3005,1.473016957277));
#7644 = CARTESIAN_POINT('',(0.846048089637,3.3005,1.473414926407));
#7645 = CARTESIAN_POINT('',(0.894589962793,3.3005,1.437219080798));
#7646 = CARTESIAN_POINT('',(0.913210798439,3.3005,1.38776095253));
#7647 = ORIENTED_EDGE('',*,*,#7648,.T.);
#7648 = EDGE_CURVE('',#7640,#7649,#7651,.T.);
#7649 = VERTEX_POINT('',#7650);
#7650 = CARTESIAN_POINT('',(0.990655673878,3.3005,1.508370662417));
#7651 = B_SPLINE_CURVE_WITH_KNOTS('',3,(#7652,#7653,#7654,#7655),
  .UNSPECIFIED.,.F.,.F.,(4,4),(17.,18.),.PIECEWISE_BEZIER_KNOTS.);
#7652 = CARTESIAN_POINT('',(0.913210798439,3.3005,1.38776095253));
#7653 = CARTESIAN_POINT('',(0.958735584309,3.3005,1.408963910881));
#7654 = CARTESIAN_POINT('',(0.99103513275,3.3005,1.454868155623));
#7655 = CARTESIAN_POINT('',(0.990655673878,3.3005,1.508370662417));
#7656 = ORIENTED_EDGE('',*,*,#7657,.T.);
#7657 = EDGE_CURVE('',#7649,#7658,#7660,.T.);
#7658 = VERTEX_POINT('',#7659);
#7659 = CARTESIAN_POINT('',(0.859236257654,3.3005,1.637939059924));
#7660 = B_SPLINE_CURVE_WITH_KNOTS('',3,(#7661,#7662,#7663,#7664),
  .UNSPECIFIED.,.F.,.F.,(4,4),(18.,19.),.PIECEWISE_BEZIER_KNOTS.);
#7661 = CARTESIAN_POINT('',(0.990655673878,3.3005,1.508370662417));
#7662 = CARTESIAN_POINT('',(0.990146643731,3.3005,1.580142311194));
#7663 = CARTESIAN_POINT('',(0.93100790643,3.3005,1.638448090071));
#7664 = CARTESIAN_POINT('',(0.859236257654,3.3005,1.637939059924));
#7665 = ORIENTED_EDGE('',*,*,#7666,.T.);
#7666 = EDGE_CURVE('',#7658,#7667,#7669,.T.);
#7667 = VERTEX_POINT('',#7668);
#7668 = CARTESIAN_POINT('',(0.790213323375,3.3005,1.617874454004));
#7669 = B_SPLINE_CURVE_WITH_KNOTS('',3,(#7670,#7671,#7672,#7673),
  .UNSPECIFIED.,.F.,.F.,(4,4),(19.,20.),.PIECEWISE_BEZIER_KNOTS.);
#7670 = CARTESIAN_POINT('',(0.859236257654,3.3005,1.637939059924));
#7671 = CARTESIAN_POINT('',(0.834442420327,3.3005,1.637763213182));
#7672 = CARTESIAN_POINT('',(0.809704113597,3.3005,1.629757727049));
#7673 = CARTESIAN_POINT('',(0.790213323375,3.3005,1.617874454004));
#7674 = ORIENTED_EDGE('',*,*,#7675,.T.);
#7675 = EDGE_CURVE('',#7667,#7676,#7678,.T.);
#7676 = VERTEX_POINT('',#7677);
#7677 = CARTESIAN_POINT('',(0.614463029552,3.3005,1.741908352577));
#7678 = B_SPLINE_CURVE_WITH_KNOTS('',3,(#7679,#7680,#7681,#7682),
  .UNSPECIFIED.,.F.,.F.,(4,4),(20.,21.),.PIECEWISE_BEZIER_KNOTS.);
#7679 = CARTESIAN_POINT('',(0.790213323375,3.3005,1.617874454004));
#7680 = CARTESIAN_POINT('',(0.764901226191,3.3005,1.690775125593));
#7681 = CARTESIAN_POINT('',(0.696674180922,3.3005,1.742491423402));
#7682 = CARTESIAN_POINT('',(0.614463029552,3.3005,1.741908352577));
#7683 = ORIENTED_EDGE('',*,*,#7684,.T.);
#7684 = EDGE_CURVE('',#7676,#7685,#7687,.T.);
#7685 = VERTEX_POINT('',#7686);
#7686 = CARTESIAN_POINT('',(0.432928446637,3.3005,1.577495255893));
#7687 = B_SPLINE_CURVE_WITH_KNOTS('',3,(#7688,#7689,#7690,#7691),
  .UNSPECIFIED.,.F.,.F.,(4,4),(21.,22.),.PIECEWISE_BEZIER_KNOTS.);
#7688 = CARTESIAN_POINT('',(0.614463029552,3.3005,1.741908352577));
#7689 = CARTESIAN_POINT('',(0.520507406652,3.3005,1.741241985768));
#7690 = CARTESIAN_POINT('',(0.44272009268,3.3005,1.668915031377));
#7691 = CARTESIAN_POINT('',(0.432928446637,3.3005,1.577495255893));
#7692 = ORIENTED_EDGE('',*,*,#7693,.T.);
#7693 = EDGE_CURVE('',#7685,#7694,#7696,.T.);
#7694 = VERTEX_POINT('',#7695);
#7695 = CARTESIAN_POINT('',(0.422488944044,3.3005,1.577421215215));
#7696 = B_SPLINE_CURVE_WITH_KNOTS('',3,(#7697,#7698,#7699,#7700),
  .UNSPECIFIED.,.F.,.F.,(4,4),(22.,23.),.PIECEWISE_BEZIER_KNOTS.);
#7697 = CARTESIAN_POINT('',(0.432928446637,3.3005,1.577495255893));
#7698 = CARTESIAN_POINT('',(0.429013639388,3.3005,1.577467490683));
#7699 = CARTESIAN_POINT('',(0.426403751294,3.3005,1.577448980425));
#7700 = CARTESIAN_POINT('',(0.422488944044,3.3005,1.577421215215));
#7701 = ORIENTED_EDGE('',*,*,#7702,.T.);
#7702 = EDGE_CURVE('',#7694,#7703,#7705,.T.);
#7703 = VERTEX_POINT('',#7704);
#7704 = CARTESIAN_POINT('',(0.321425603873,3.3005,1.474914080587));
#7705 = B_SPLINE_CURVE_WITH_KNOTS('',3,(#7706,#7707,#7708,#7709),
  .UNSPECIFIED.,.F.,.F.,(4,4),(23.,24.),.PIECEWISE_BEZIER_KNOTS.);
#7706 = CARTESIAN_POINT('',(0.422488944044,3.3005,1.577421215215));
#7707 = CARTESIAN_POINT('',(0.366376574047,3.3005,1.577023246261));
#7708 = CARTESIAN_POINT('',(0.32102763492,3.3005,1.531026450583));
#7709 = CARTESIAN_POINT('',(0.321425603873,3.3005,1.474914080587));
#7710 = ORIENTED_EDGE('',*,*,#7711,.T.);
#7711 = EDGE_CURVE('',#7703,#7712,#7714,.T.);
#7712 = VERTEX_POINT('',#7713);
#7713 = CARTESIAN_POINT('',(0.416103124001,3.3005,1.373795209996));
#7714 = B_SPLINE_CURVE_WITH_KNOTS('',3,(#7715,#7716,#7717,#7718),
  .UNSPECIFIED.,.F.,.F.,(4,4),(24.,25.),.PIECEWISE_BEZIER_KNOTS.);
#7715 = CARTESIAN_POINT('',(0.321425603873,3.3005,1.474914080587));
#7716 = CARTESIAN_POINT('',(0.321805062746,3.3005,1.421411573793));
#7717 = CARTESIAN_POINT('',(0.362572827109,3.3005,1.377330558198));
#7718 = CARTESIAN_POINT('',(0.416103124001,3.3005,1.373795209996));
#7719 = ORIENTED_EDGE('',*,*,#7720,.T.);
#7720 = EDGE_CURVE('',#7712,#7721,#7723,.T.);
#7721 = VERTEX_POINT('',#7722);
#7722 = CARTESIAN_POINT('',(0.474825382091,3.3005,1.374211689207));
#7723 = B_SPLINE_CURVE_WITH_KNOTS('',1,(#7724,#7725),.UNSPECIFIED.,.F.,
  .F.,(2,2),(-5.550975513611E-17,5.872373498076E-02),
  .PIECEWISE_BEZIER_KNOTS.);
#7724 = CARTESIAN_POINT('',(0.416103124001,3.3005,1.373795209996));
#7725 = CARTESIAN_POINT('',(0.474825382091,3.3005,1.374211689207));
#7726 = ORIENTED_EDGE('',*,*,#7727,.T.);
#7727 = EDGE_CURVE('',#7721,#7728,#7730,.T.);
#7728 = VERTEX_POINT('',#7729);
#7729 = CARTESIAN_POINT('',(0.482645741639,3.3005,1.375572138784));
#7730 = B_SPLINE_CURVE_WITH_KNOTS('',3,(#7731,#7732,#7733,#7734),
  .UNSPECIFIED.,.F.,.F.,(4,4),(26.,27.),.PIECEWISE_BEZIER_KNOTS.);
#7731 = CARTESIAN_POINT('',(0.474825382091,3.3005,1.374211689207));
#7732 = CARTESIAN_POINT('',(0.477435270184,3.3005,1.374230199465));
#7733 = CARTESIAN_POINT('',(0.480035903325,3.3005,1.375553628879));
#7734 = CARTESIAN_POINT('',(0.482645741639,3.3005,1.375572138784));
#7735 = ORIENTED_EDGE('',*,*,#7736,.T.);
#7736 = EDGE_CURVE('',#7728,#7737,#7739,.T.);
#7737 = VERTEX_POINT('',#7738);
#7738 = CARTESIAN_POINT('',(0.523385740615,3.3005,1.335405955327));
#7739 = B_SPLINE_CURVE_WITH_KNOTS('',3,(#7740,#7741,#7742,#7743),
  .UNSPECIFIED.,.F.,.F.,(4,4),(27.,28.),.PIECEWISE_BEZIER_KNOTS.);
#7740 = CARTESIAN_POINT('',(0.482645741639,3.3005,1.375572138784));
#7741 = CARTESIAN_POINT('',(0.504829715762,3.3005,1.375729475445));
#7742 = CARTESIAN_POINT('',(0.523228404307,3.3005,1.357589879671));
#7743 = CARTESIAN_POINT('',(0.523385740615,3.3005,1.335405955327));
#7744 = ORIENTED_EDGE('',*,*,#7745,.T.);
#7745 = EDGE_CURVE('',#7737,#7746,#7748,.T.);
#7746 = VERTEX_POINT('',#7747);
#7747 = CARTESIAN_POINT('',(0.485829395473,3.3005,1.294684466255));
#7748 = B_SPLINE_CURVE_WITH_KNOTS('',3,(#7749,#7750,#7751,#7752),
  .UNSPECIFIED.,.F.,.F.,(4,4),(28.,29.),.PIECEWISE_BEZIER_KNOTS.);
#7749 = CARTESIAN_POINT('',(0.523385740615,3.3005,1.335405955327));
#7750 = CARTESIAN_POINT('',(0.523533821971,3.3005,1.31452695014));
#7751 = CARTESIAN_POINT('',(0.506699195487,3.3005,1.29613746712));
#7752 = CARTESIAN_POINT('',(0.485829395473,3.3005,1.294684466255));
#7753 = ORIENTED_EDGE('',*,*,#7754,.T.);
#7754 = EDGE_CURVE('',#7746,#7755,#7757,.T.);
#7755 = VERTEX_POINT('',#7756);
#7756 = CARTESIAN_POINT('',(0.408838020289,3.3005,1.294138415945));
#7757 = B_SPLINE_CURVE_WITH_KNOTS('',1,(#7758,#7759),.UNSPECIFIED.,.F.,
  .F.,(2,2),(5.550975513611E-17,7.699331155107E-02),
  .PIECEWISE_BEZIER_KNOTS.);
#7758 = CARTESIAN_POINT('',(0.485829395473,3.3005,1.294684466255));
#7759 = CARTESIAN_POINT('',(0.408838020289,3.3005,1.294138415945));
#7760 = ORIENTED_EDGE('',*,*,#7761,.T.);
#7761 = EDGE_CURVE('',#7755,#7762,#7764,.T.);
#7762 = VERTEX_POINT('',#7763);
#7763 = CARTESIAN_POINT('',(0.289672105742,3.3005,1.352018460661));
#7764 = B_SPLINE_CURVE_WITH_KNOTS('',3,(#7765,#7766,#7767,#7768),
  .UNSPECIFIED.,.F.,.F.,(4,4),(33.,34.),.PIECEWISE_BEZIER_KNOTS.);
#7765 = CARTESIAN_POINT('',(0.408838020289,3.3005,1.294138415945));
#7766 = CARTESIAN_POINT('',(0.363137387677,3.3005,1.29772929492));
#7767 = CARTESIAN_POINT('',(0.321231245814,3.3005,1.318312186821));
#7768 = CARTESIAN_POINT('',(0.289672105742,3.3005,1.352018460661));
#7769 = ORIENTED_EDGE('',*,*,#7770,.T.);
#7770 = EDGE_CURVE('',#7762,#7491,#7771,.T.);
#7771 = B_SPLINE_CURVE_WITH_KNOTS('',3,(#7772,#7773,#7774,#7775),
  .UNSPECIFIED.,.F.,.F.,(4,4),(34.,35.),.PIECEWISE_BEZIER_KNOTS.);
#7772 = CARTESIAN_POINT('',(0.289672105742,3.3005,1.352018460661));
#7773 = CARTESIAN_POINT('',(0.25811291589,3.3005,1.385724734147));
#7774 = CARTESIAN_POINT('',(0.24083404463,3.3005,1.429972366247));
#7775 = CARTESIAN_POINT('',(0.240510116355,3.3005,1.47564523365));
#7776 = FACE_BOUND('',#7777,.T.);
#7777 = EDGE_LOOP('',(#7778,#7792));
#7778 = ORIENTED_EDGE('',*,*,#7779,.F.);
#7779 = EDGE_CURVE('',#7780,#7782,#7784,.T.);
#7780 = VERTEX_POINT('',#7781);
#7781 = CARTESIAN_POINT('',(0.792545632624,3.3005,1.289029699365));
#7782 = VERTEX_POINT('',#7783);
#7783 = CARTESIAN_POINT('',(0.791823735042,3.3005,1.390814986543));
#7784 = B_SPLINE_CURVE_WITH_KNOTS('',3,(#7785,#7786,#7787,#7788,#7789,
    #7790,#7791),.UNSPECIFIED.,.F.,.F.,(4,3,4),(0.,1.,2.),
  .PIECEWISE_BEZIER_KNOTS.);
#7785 = CARTESIAN_POINT('',(0.792545632624,3.3005,1.289029699365));
#7786 = CARTESIAN_POINT('',(0.763836988048,3.3005,1.288826087412));
#7787 = CARTESIAN_POINT('',(0.741486421957,3.3005,1.312157693809));
#7788 = CARTESIAN_POINT('',(0.741292065133,3.3005,1.33956139434));
#7789 = CARTESIAN_POINT('',(0.741088453004,3.3005,1.368270063806));
#7790 = CARTESIAN_POINT('',(0.764420009622,3.3005,1.390620629543));
#7791 = CARTESIAN_POINT('',(0.791823735042,3.3005,1.390814986543));
#7792 = ORIENTED_EDGE('',*,*,#7793,.F.);
#7793 = EDGE_CURVE('',#7782,#7780,#7794,.T.);
#7794 = B_SPLINE_CURVE_WITH_KNOTS('',3,(#7795,#7796,#7797,#7798,#7799,
    #7800),.UNSPECIFIED.,.F.,.F.,(4,2,4),(2.,3.,4.),.UNSPECIFIED.);
#7795 = CARTESIAN_POINT('',(0.791823735042,3.3005,1.390814986543));
#7796 = CARTESIAN_POINT('',(0.819227460462,3.3005,1.391009343544));
#7797 = CARTESIAN_POINT('',(0.842873690403,3.3005,1.368991961035));
#7798 = CARTESIAN_POINT('',(0.843280914662,3.3005,1.311574622102));
#7799 = CARTESIAN_POINT('',(0.819949358043,3.3005,1.289224056365));
#7800 = CARTESIAN_POINT('',(0.792545632624,3.3005,1.289029699365));
#7801 = B_SPLINE_SURFACE_WITH_KNOTS('',1,1,(
    (#7802,#7803)
    ,(#7804,#7805
    )),.UNSPECIFIED.,.F.,.F.,.F.,(2,2),(2,2),(-0.238685909973,
    0.37172009623),(-3.643877990125E-02,0.796306693125),
  .PIECEWISE_BEZIER_KNOTS.);
#7802 = CARTESIAN_POINT('',(0.240510116355,3.3005,1.820621175731));
#7803 = CARTESIAN_POINT('',(1.073255589381,3.3005,1.820621175731));
#7804 = CARTESIAN_POINT('',(0.240510116355,3.3005,1.210215169528));
#7805 = CARTESIAN_POINT('',(1.073255589381,3.3005,1.210215169528));
#7806 = ADVANCED_FACE('',(#7807),#7821,.F.);
#7807 = FACE_BOUND('',#7808,.F.);
#7808 = EDGE_LOOP('',(#7809,#7814,#7815,#7820));
#7809 = ORIENTED_EDGE('',*,*,#7810,.F.);
#7810 = EDGE_CURVE('',#7491,#1388,#7811,.T.);
#7811 = B_SPLINE_CURVE_WITH_KNOTS('',1,(#7812,#7813),.UNSPECIFIED.,.F.,
  .F.,(2,2),(-0.,1.E-03),.PIECEWISE_BEZIER_KNOTS.);
#7812 = CARTESIAN_POINT('',(0.240510116355,3.3005,1.47564523365));
#7813 = CARTESIAN_POINT('',(0.240510116355,3.2995,1.47564523365));
#7814 = ORIENTED_EDGE('',*,*,#7490,.T.);
#7815 = ORIENTED_EDGE('',*,*,#7816,.T.);
#7816 = EDGE_CURVE('',#7493,#1390,#7817,.T.);
#7817 = B_SPLINE_CURVE_WITH_KNOTS('',1,(#7818,#7819),.UNSPECIFIED.,.F.,
  .F.,(2,2),(-0.,1.000000000001E-03),.PIECEWISE_BEZIER_KNOTS.);
#7818 = CARTESIAN_POINT('',(0.368486637343,3.3005,1.647508460896));
#7819 = CARTESIAN_POINT('',(0.368486637343,3.2995,1.647508460896));
#7820 = ORIENTED_EDGE('',*,*,#1387,.F.);
#7821 = B_SPLINE_SURFACE_WITH_KNOTS('',3,1,(
    (#7822,#7823)
    ,(#7824,#7825)
    ,(#7826,#7827)
    ,(#7828,#7829
    )),.UNSPECIFIED.,.F.,.F.,.F.,(4,4),(2,2),(35.,36.),(0.,1.),
  .PIECEWISE_BEZIER_KNOTS.);
#7822 = CARTESIAN_POINT('',(0.240510116355,3.3005,1.47564523365));
#7823 = CARTESIAN_POINT('',(0.240510116355,3.2995,1.47564523365));
#7824 = CARTESIAN_POINT('',(0.24125973025,3.3005,1.553950782942));
#7825 = CARTESIAN_POINT('',(0.24125973025,3.2995,1.553950782942));
#7826 = CARTESIAN_POINT('',(0.294271741867,3.3005,1.623492027564));
#7827 = CARTESIAN_POINT('',(0.294271741867,3.2995,1.623492027564));
#7828 = CARTESIAN_POINT('',(0.368486637343,3.3005,1.647508460896));
#7829 = CARTESIAN_POINT('',(0.368486637343,3.2995,1.647508460896));
#7830 = ADVANCED_FACE('',(#7831),#7841,.F.);
#7831 = FACE_BOUND('',#7832,.F.);
#7832 = EDGE_LOOP('',(#7833,#7834,#7835,#7840));
#7833 = ORIENTED_EDGE('',*,*,#7816,.F.);
#7834 = ORIENTED_EDGE('',*,*,#7501,.T.);
#7835 = ORIENTED_EDGE('',*,*,#7836,.T.);
#7836 = EDGE_CURVE('',#7502,#1659,#7837,.T.);
#7837 = B_SPLINE_CURVE_WITH_KNOTS('',1,(#7838,#7839),.UNSPECIFIED.,.F.,
  .F.,(2,2),(-0.,1.000000000001E-03),.PIECEWISE_BEZIER_KNOTS.);
#7838 = CARTESIAN_POINT('',(0.43822221456,3.3005,1.751098423759));
#7839 = CARTESIAN_POINT('',(0.43822221456,3.2995,1.751098423759));
#7840 = ORIENTED_EDGE('',*,*,#1667,.F.);
#7841 = B_SPLINE_SURFACE_WITH_KNOTS('',3,1,(
    (#7842,#7843)
    ,(#7844,#7845)
    ,(#7846,#7847)
    ,(#7848,#7849
    )),.UNSPECIFIED.,.F.,.F.,.F.,(4,4),(2,2),(0.,1.),(0.,1.),
  .PIECEWISE_BEZIER_KNOTS.);
#7842 = CARTESIAN_POINT('',(0.368486637343,3.3005,1.647508460896));
#7843 = CARTESIAN_POINT('',(0.368486637343,3.2995,1.647508460896));
#7844 = CARTESIAN_POINT('',(0.382563294379,3.3005,1.686758438843));
#7845 = CARTESIAN_POINT('',(0.382563294379,3.2995,1.686758438843));
#7846 = CARTESIAN_POINT('',(0.407107269086,3.3005,1.722167638128));
#7847 = CARTESIAN_POINT('',(0.407107269086,3.2995,1.722167638128));
#7848 = CARTESIAN_POINT('',(0.43822221456,3.3005,1.751098423759));
#7849 = CARTESIAN_POINT('',(0.43822221456,3.2995,1.751098423759));
#7850 = ADVANCED_FACE('',(#7851),#7861,.F.);
#7851 = FACE_BOUND('',#7852,.F.);
#7852 = EDGE_LOOP('',(#7853,#7854,#7855,#7860));
#7853 = ORIENTED_EDGE('',*,*,#7836,.F.);
#7854 = ORIENTED_EDGE('',*,*,#7510,.T.);
#7855 = ORIENTED_EDGE('',*,*,#7856,.T.);
#7856 = EDGE_CURVE('',#7511,#1650,#7857,.T.);
#7857 = B_SPLINE_CURVE_WITH_KNOTS('',1,(#7858,#7859),.UNSPECIFIED.,.F.,
  .F.,(2,2),(-0.,1.000000000001E-03),.PIECEWISE_BEZIER_KNOTS.);
#7858 = CARTESIAN_POINT('',(0.615212643094,3.3005,1.820213951649));
#7859 = CARTESIAN_POINT('',(0.615212643094,3.2995,1.820213951649));
#7860 = ORIENTED_EDGE('',*,*,#1658,.F.);
#7861 = B_SPLINE_SURFACE_WITH_KNOTS('',3,1,(
    (#7862,#7863)
    ,(#7864,#7865)
    ,(#7866,#7867)
    ,(#7868,#7869
    )),.UNSPECIFIED.,.F.,.F.,.F.,(4,4),(2,2),(1.,2.),(0.,1.),
  .PIECEWISE_BEZIER_KNOTS.);
#7862 = CARTESIAN_POINT('',(0.43822221456,3.3005,1.751098423759));
#7863 = CARTESIAN_POINT('',(0.43822221456,3.2995,1.751098423759));
#7864 = CARTESIAN_POINT('',(0.487504471097,3.3005,1.794513110555));
#7865 = CARTESIAN_POINT('',(0.487504471097,3.2995,1.794513110555));
#7866 = CARTESIAN_POINT('',(0.549965689661,3.3005,1.81975119697));
#7867 = CARTESIAN_POINT('',(0.549965689661,3.2995,1.81975119697));
#7868 = CARTESIAN_POINT('',(0.615212643094,3.3005,1.820213951649));
#7869 = CARTESIAN_POINT('',(0.615212643094,3.2995,1.820213951649));
#7870 = ADVANCED_FACE('',(#7871),#7881,.F.);
#7871 = FACE_BOUND('',#7872,.F.);
#7872 = EDGE_LOOP('',(#7873,#7874,#7875,#7880));
#7873 = ORIENTED_EDGE('',*,*,#7856,.F.);
#7874 = ORIENTED_EDGE('',*,*,#7519,.T.);
#7875 = ORIENTED_EDGE('',*,*,#7876,.T.);
#7876 = EDGE_CURVE('',#7520,#1641,#7877,.T.);
#7877 = B_SPLINE_CURVE_WITH_KNOTS('',1,(#7878,#7879),.UNSPECIFIED.,.F.,
  .F.,(2,2),(-0.,1.000000000001E-03),.PIECEWISE_BEZIER_KNOTS.);
#7878 = CARTESIAN_POINT('',(0.772166279992,3.3005,1.770431937956));
#7879 = CARTESIAN_POINT('',(0.772166279992,3.2995,1.770431937956));
#7880 = ORIENTED_EDGE('',*,*,#1649,.F.);
#7881 = B_SPLINE_SURFACE_WITH_KNOTS('',3,1,(
    (#7882,#7883)
    ,(#7884,#7885)
    ,(#7886,#7887)
    ,(#7888,#7889
    )),.UNSPECIFIED.,.F.,.F.,.F.,(4,4),(2,2),(2.,3.),(0.,1.),
  .PIECEWISE_BEZIER_KNOTS.);
#7882 = CARTESIAN_POINT('',(0.615212643094,3.3005,1.820213951649));
#7883 = CARTESIAN_POINT('',(0.615212643094,3.2995,1.820213951649));
#7884 = CARTESIAN_POINT('',(0.672629957137,3.3005,1.820621175731));
#7885 = CARTESIAN_POINT('',(0.672629957137,3.2995,1.820621175731));
#7886 = CARTESIAN_POINT('',(0.726262035238,3.3005,1.802731487954));
#7887 = CARTESIAN_POINT('',(0.726262035238,3.2995,1.802731487954));
#7888 = CARTESIAN_POINT('',(0.772166279992,3.3005,1.770431937956));
#7889 = CARTESIAN_POINT('',(0.772166279992,3.2995,1.770431937956));
#7890 = ADVANCED_FACE('',(#7891),#7901,.F.);
#7891 = FACE_BOUND('',#7892,.F.);
#7892 = EDGE_LOOP('',(#7893,#7894,#7895,#7900));
#7893 = ORIENTED_EDGE('',*,*,#7876,.F.);
#7894 = ORIENTED_EDGE('',*,*,#7528,.T.);
#7895 = ORIENTED_EDGE('',*,*,#7896,.T.);
#7896 = EDGE_CURVE('',#7529,#1632,#7897,.T.);
#7897 = B_SPLINE_CURVE_WITH_KNOTS('',1,(#7898,#7899),.UNSPECIFIED.,.F.,
  .F.,(2,2),(-0.,1.000000000001E-03),.PIECEWISE_BEZIER_KNOTS.);
#7898 = CARTESIAN_POINT('',(0.829990818161,3.3005,1.713421841774));
#7899 = CARTESIAN_POINT('',(0.829990818161,3.2995,1.713421841774));
#7900 = ORIENTED_EDGE('',*,*,#1640,.F.);
#7901 = B_SPLINE_SURFACE_WITH_KNOTS('',3,1,(
    (#7902,#7903)
    ,(#7904,#7905)
    ,(#7906,#7907)
    ,(#7908,#7909
    )),.UNSPECIFIED.,.F.,.F.,.F.,(4,4),(2,2),(3.,4.),(0.,1.),
  .PIECEWISE_BEZIER_KNOTS.);
#7902 = CARTESIAN_POINT('',(0.772166279992,3.3005,1.770431937956));
#7903 = CARTESIAN_POINT('',(0.772166279992,3.2995,1.770431937956));
#7904 = CARTESIAN_POINT('',(0.794461315264,3.3005,1.754930002061));
#7905 = CARTESIAN_POINT('',(0.794461315264,3.2995,1.754930002061));
#7906 = CARTESIAN_POINT('',(0.812869283651,3.3005,1.735485487306));
#7907 = CARTESIAN_POINT('',(0.812869283651,3.2995,1.735485487306));
#7908 = CARTESIAN_POINT('',(0.829990818161,3.3005,1.713421841774));
#7909 = CARTESIAN_POINT('',(0.829990818161,3.2995,1.713421841774));
#7910 = ADVANCED_FACE('',(#7911),#7921,.F.);
#7911 = FACE_BOUND('',#7912,.F.);
#7912 = EDGE_LOOP('',(#7913,#7914,#7915,#7920));
#7913 = ORIENTED_EDGE('',*,*,#7896,.F.);
#7914 = ORIENTED_EDGE('',*,*,#7537,.T.);
#7915 = ORIENTED_EDGE('',*,*,#7916,.T.);
#7916 = EDGE_CURVE('',#7538,#1623,#7917,.T.);
#7917 = B_SPLINE_CURVE_WITH_KNOTS('',1,(#7918,#7919),.UNSPECIFIED.,.F.,
  .F.,(2,2),(-0.,1.000000000001E-03),.PIECEWISE_BEZIER_KNOTS.);
#7918 = CARTESIAN_POINT('',(0.859985896615,3.3005,1.716244584504));
#7919 = CARTESIAN_POINT('',(0.859985896615,3.2995,1.716244584504));
#7920 = ORIENTED_EDGE('',*,*,#1631,.F.);
#7921 = B_SPLINE_SURFACE_WITH_KNOTS('',3,1,(
    (#7922,#7923)
    ,(#7924,#7925)
    ,(#7926,#7927)
    ,(#7928,#7929
    )),.UNSPECIFIED.,.F.,.F.,.F.,(4,4),(2,2),(4.,5.),(0.,1.),
  .PIECEWISE_BEZIER_KNOTS.);
#7922 = CARTESIAN_POINT('',(0.829990818161,3.3005,1.713421841774));
#7923 = CARTESIAN_POINT('',(0.829990818161,3.2995,1.713421841774));
#7924 = CARTESIAN_POINT('',(0.840421065626,3.3005,1.714800826498));
#7925 = CARTESIAN_POINT('',(0.840421065626,3.2995,1.714800826498));
#7926 = CARTESIAN_POINT('',(0.849546394022,3.3005,1.716170543826));
#7927 = CARTESIAN_POINT('',(0.849546394022,3.2995,1.716170543826));
#7928 = CARTESIAN_POINT('',(0.859985896615,3.3005,1.716244584504));
#7929 = CARTESIAN_POINT('',(0.859985896615,3.2995,1.716244584504));
#7930 = ADVANCED_FACE('',(#7931),#7941,.F.);
#7931 = FACE_BOUND('',#7932,.F.);
#7932 = EDGE_LOOP('',(#7933,#7934,#7935,#7940));
#7933 = ORIENTED_EDGE('',*,*,#7916,.F.);
#7934 = ORIENTED_EDGE('',*,*,#7546,.T.);
#7935 = ORIENTED_EDGE('',*,*,#7936,.T.);
#7936 = EDGE_CURVE('',#7547,#1614,#7937,.T.);
#7937 = B_SPLINE_CURVE_WITH_KNOTS('',1,(#7938,#7939),.UNSPECIFIED.,.F.,
  .F.,(2,2),(-0.,1.000000000001E-03),.PIECEWISE_BEZIER_KNOTS.);
#7938 = CARTESIAN_POINT('',(1.01049813402,3.3005,1.654671842481));
#7939 = CARTESIAN_POINT('',(1.01049813402,3.2995,1.654671842481));
#7940 = ORIENTED_EDGE('',*,*,#1622,.F.);
#7941 = B_SPLINE_SURFACE_WITH_KNOTS('',3,1,(
    (#7942,#7943)
    ,(#7944,#7945)
    ,(#7946,#7947)
    ,(#7948,#7949
    )),.UNSPECIFIED.,.F.,.F.,.F.,(4,4),(2,2),(5.,6.),(0.,1.),
  .PIECEWISE_BEZIER_KNOTS.);
#7942 = CARTESIAN_POINT('',(0.859985896615,3.3005,1.716244584504));
#7943 = CARTESIAN_POINT('',(0.859985896615,3.2995,1.716244584504));
#7944 = CARTESIAN_POINT('',(0.916098279056,3.3005,1.716642553545));
#7945 = CARTESIAN_POINT('',(0.916098279056,3.2995,1.716642553545));
#7946 = CARTESIAN_POINT('',(0.969758109978,3.3005,1.694838050652));
#7947 = CARTESIAN_POINT('',(0.969758109978,3.2995,1.694838050652));
#7948 = CARTESIAN_POINT('',(1.01049813402,3.3005,1.654671842481));
#7949 = CARTESIAN_POINT('',(1.01049813402,3.2995,1.654671842481));
#7950 = ADVANCED_FACE('',(#7951),#7961,.F.);
#7951 = FACE_BOUND('',#7952,.F.);
#7952 = EDGE_LOOP('',(#7953,#7954,#7955,#7960));
#7953 = ORIENTED_EDGE('',*,*,#7936,.F.);
#7954 = ORIENTED_EDGE('',*,*,#7555,.T.);
#7955 = ORIENTED_EDGE('',*,*,#7956,.T.);
#7956 = EDGE_CURVE('',#7556,#1605,#7957,.T.);
#7957 = B_SPLINE_CURVE_WITH_KNOTS('',1,(#7958,#7959),.UNSPECIFIED.,.F.,
  .F.,(2,2),(-0.,1.000000000001E-03),.PIECEWISE_BEZIER_KNOTS.);
#7958 = CARTESIAN_POINT('',(1.072885385638,3.3005,1.506343795723));
#7959 = CARTESIAN_POINT('',(1.072885385638,3.2995,1.506343795723));
#7960 = ORIENTED_EDGE('',*,*,#1613,.F.);
#7961 = B_SPLINE_SURFACE_WITH_KNOTS('',3,1,(
    (#7962,#7963)
    ,(#7964,#7965)
    ,(#7966,#7967)
    ,(#7968,#7969
    )),.UNSPECIFIED.,.F.,.F.,.F.,(4,4),(2,2),(6.,7.),(0.,1.),
  .PIECEWISE_BEZIER_KNOTS.);
#7962 = CARTESIAN_POINT('',(1.01049813402,3.3005,1.654671842481));
#7963 = CARTESIAN_POINT('',(1.01049813402,3.2995,1.654671842481));
#7964 = CARTESIAN_POINT('',(1.049923993023,3.3005,1.615801335917));
#7965 = CARTESIAN_POINT('',(1.049923993023,3.2995,1.615801335917));
#7966 = CARTESIAN_POINT('',(1.072487416685,3.3005,1.562456165718));
#7967 = CARTESIAN_POINT('',(1.072487416685,3.2995,1.562456165718));
#7968 = CARTESIAN_POINT('',(1.072885385638,3.3005,1.506343795723));
#7969 = CARTESIAN_POINT('',(1.072885385638,3.2995,1.506343795723));
#7970 = ADVANCED_FACE('',(#7971),#7981,.F.);
#7971 = FACE_BOUND('',#7972,.F.);
#7972 = EDGE_LOOP('',(#7973,#7974,#7975,#7980));
#7973 = ORIENTED_EDGE('',*,*,#7956,.F.);
#7974 = ORIENTED_EDGE('',*,*,#7564,.T.);
#7975 = ORIENTED_EDGE('',*,*,#7976,.T.);
#7976 = EDGE_CURVE('',#7565,#1596,#7977,.T.);
#7977 = B_SPLINE_CURVE_WITH_KNOTS('',1,(#7978,#7979),.UNSPECIFIED.,.F.,
  .F.,(2,2),(-0.,1.000000000001E-03),.PIECEWISE_BEZIER_KNOTS.);
#7978 = CARTESIAN_POINT('',(1.019086752232,3.3005,1.363716753193));
#7979 = CARTESIAN_POINT('',(1.019086752232,3.2995,1.363716753193));
#7980 = ORIENTED_EDGE('',*,*,#1604,.F.);
#7981 = B_SPLINE_SURFACE_WITH_KNOTS('',3,1,(
    (#7982,#7983)
    ,(#7984,#7985)
    ,(#7986,#7987)
    ,(#7988,#7989
    )),.UNSPECIFIED.,.F.,.F.,.F.,(4,4),(2,2),(7.,8.),(0.,1.),
  .PIECEWISE_BEZIER_KNOTS.);
#7982 = CARTESIAN_POINT('',(1.072885385638,3.3005,1.506343795723));
#7983 = CARTESIAN_POINT('',(1.072885385638,3.2995,1.506343795723));
#7984 = CARTESIAN_POINT('',(1.073255589381,3.3005,1.454146232976));
#7985 = CARTESIAN_POINT('',(1.073255589381,3.2995,1.454146232976));
#7986 = CARTESIAN_POINT('',(1.054042452143,3.3005,1.403114762983));
#7987 = CARTESIAN_POINT('',(1.054042452143,3.2995,1.403114762983));
#7988 = CARTESIAN_POINT('',(1.019086752232,3.3005,1.363716753193));
#7989 = CARTESIAN_POINT('',(1.019086752232,3.2995,1.363716753193));
#7990 = ADVANCED_FACE('',(#7991),#8001,.F.);
#7991 = FACE_BOUND('',#7992,.F.);
#7992 = EDGE_LOOP('',(#7993,#7994,#7995,#8000));
#7993 = ORIENTED_EDGE('',*,*,#7976,.F.);
#7994 = ORIENTED_EDGE('',*,*,#7573,.T.);
#7995 = ORIENTED_EDGE('',*,*,#7996,.T.);
#7996 = EDGE_CURVE('',#7574,#1587,#7997,.T.);
#7997 = B_SPLINE_CURVE_WITH_KNOTS('',1,(#7998,#7999),.UNSPECIFIED.,.F.,
  .F.,(2,2),(-0.,1.000000000001E-03),.PIECEWISE_BEZIER_KNOTS.);
#7998 = CARTESIAN_POINT('',(0.915135871161,3.3005,1.300339280367));
#7999 = CARTESIAN_POINT('',(0.915135871161,3.2995,1.300339280367));
#8000 = ORIENTED_EDGE('',*,*,#1595,.F.);
#8001 = B_SPLINE_SURFACE_WITH_KNOTS('',3,1,(
    (#8002,#8003)
    ,(#8004,#8005)
    ,(#8006,#8007)
    ,(#8008,#8009
    )),.UNSPECIFIED.,.F.,.F.,.F.,(4,4),(2,2),(8.,9.),(0.,1.),
  .PIECEWISE_BEZIER_KNOTS.);
#8002 = CARTESIAN_POINT('',(1.019086752232,3.3005,1.363716753193));
#8003 = CARTESIAN_POINT('',(1.019086752232,3.2995,1.363716753193));
#8004 = CARTESIAN_POINT('',(0.990600217598,3.3005,1.332194583592));
#8005 = CARTESIAN_POINT('',(0.990600217598,3.2995,1.332194583592));
#8006 = CARTESIAN_POINT('',(0.955514934144,3.3005,1.311065690809));
#8007 = CARTESIAN_POINT('',(0.955514934144,3.2995,1.311065690809));
#8008 = CARTESIAN_POINT('',(0.915135871161,3.3005,1.300339280367));
#8009 = CARTESIAN_POINT('',(0.915135871161,3.2995,1.300339280367));
#8010 = ADVANCED_FACE('',(#8011),#8021,.F.);
#8011 = FACE_BOUND('',#8012,.F.);
#8012 = EDGE_LOOP('',(#8013,#8014,#8015,#8020));
#8013 = ORIENTED_EDGE('',*,*,#7996,.F.);
#8014 = ORIENTED_EDGE('',*,*,#7582,.T.);
#8015 = ORIENTED_EDGE('',*,*,#8016,.T.);
#8016 = EDGE_CURVE('',#7583,#1578,#8017,.T.);
#8017 = B_SPLINE_CURVE_WITH_KNOTS('',1,(#8018,#8019),.UNSPECIFIED.,.F.,
  .F.,(2,2),(-0.,1.000000000001E-03),.PIECEWISE_BEZIER_KNOTS.);
#8018 = CARTESIAN_POINT('',(0.791795993486,3.3005,1.210724199675));
#8019 = CARTESIAN_POINT('',(0.791795993486,3.2995,1.210724199675));
#8020 = ORIENTED_EDGE('',*,*,#1586,.F.);
#8021 = B_SPLINE_SURFACE_WITH_KNOTS('',3,1,(
    (#8022,#8023)
    ,(#8024,#8025)
    ,(#8026,#8027)
    ,(#8028,#8029
    )),.UNSPECIFIED.,.F.,.F.,.F.,(4,4),(2,2),(9.,10.),(0.,1.),
  .PIECEWISE_BEZIER_KNOTS.);
#8022 = CARTESIAN_POINT('',(0.915135871161,3.3005,1.300339280367));
#8023 = CARTESIAN_POINT('',(0.915135871161,3.2995,1.300339280367));
#8024 = CARTESIAN_POINT('',(0.898541864523,3.3005,1.248021401385));
#8025 = CARTESIAN_POINT('',(0.898541864523,3.2995,1.248021401385));
#8026 = CARTESIAN_POINT('',(0.849213332419,3.3005,1.211131423934));
#8027 = CARTESIAN_POINT('',(0.849213332419,3.2995,1.211131423934));
#8028 = CARTESIAN_POINT('',(0.791795993486,3.3005,1.210724199675));
#8029 = CARTESIAN_POINT('',(0.791795993486,3.2995,1.210724199675));
#8030 = ADVANCED_FACE('',(#8031),#8041,.F.);
#8031 = FACE_BOUND('',#8032,.F.);
#8032 = EDGE_LOOP('',(#8033,#8034,#8035,#8040));
#8033 = ORIENTED_EDGE('',*,*,#8016,.F.);
#8034 = ORIENTED_EDGE('',*,*,#7591,.T.);
#8035 = ORIENTED_EDGE('',*,*,#8036,.T.);
#8036 = EDGE_CURVE('',#7592,#1569,#8037,.T.);
#8037 = B_SPLINE_CURVE_WITH_KNOTS('',1,(#8038,#8039),.UNSPECIFIED.,.F.,
  .F.,(2,2),(-0.,1.E-03),.PIECEWISE_BEZIER_KNOTS.);
#8038 = CARTESIAN_POINT('',(0.660376577261,3.3005,1.340292597182));
#8039 = CARTESIAN_POINT('',(0.660376577261,3.2995,1.340292597182));
#8040 = ORIENTED_EDGE('',*,*,#1577,.F.);
#8041 = B_SPLINE_SURFACE_WITH_KNOTS('',3,1,(
    (#8042,#8043)
    ,(#8044,#8045)
    ,(#8046,#8047)
    ,(#8048,#8049
    )),.UNSPECIFIED.,.F.,.F.,.F.,(4,4),(2,2),(10.,11.),(0.,1.),
  .PIECEWISE_BEZIER_KNOTS.);
#8042 = CARTESIAN_POINT('',(0.791795993486,3.3005,1.210724199675));
#8043 = CARTESIAN_POINT('',(0.791795993486,3.2995,1.210724199675));
#8044 = CARTESIAN_POINT('',(0.72002434471,3.3005,1.210215169528));
#8045 = CARTESIAN_POINT('',(0.72002434471,3.2995,1.210215169528));
#8046 = CARTESIAN_POINT('',(0.660885607409,3.3005,1.268520948406));
#8047 = CARTESIAN_POINT('',(0.660885607409,3.2995,1.268520948406));
#8048 = CARTESIAN_POINT('',(0.660376577261,3.3005,1.340292597182));
#8049 = CARTESIAN_POINT('',(0.660376577261,3.2995,1.340292597182));
#8050 = ADVANCED_FACE('',(#8051),#8061,.F.);
#8051 = FACE_BOUND('',#8052,.T.);
#8052 = EDGE_LOOP('',(#8053,#8054,#8059,#8060));
#8053 = ORIENTED_EDGE('',*,*,#1568,.T.);
#8054 = ORIENTED_EDGE('',*,*,#8055,.F.);
#8055 = EDGE_CURVE('',#7601,#1562,#8056,.T.);
#8056 = B_SPLINE_CURVE_WITH_KNOTS('',1,(#8057,#8058),.UNSPECIFIED.,.F.,
  .F.,(2,2),(-0.,1.E-03),.PIECEWISE_BEZIER_KNOTS.);
#8057 = CARTESIAN_POINT('',(0.660284026326,3.3005,1.35334198787));
#8058 = CARTESIAN_POINT('',(0.660284026326,3.2995,1.35334198787));
#8059 = ORIENTED_EDGE('',*,*,#7600,.F.);
#8060 = ORIENTED_EDGE('',*,*,#8036,.T.);
#8061 = B_SPLINE_SURFACE_WITH_KNOTS('',1,1,(
    (#8062,#8063)
    ,(#8064,#8065
    )),.UNSPECIFIED.,.F.,.F.,.F.,(2,2),(2,2),(-1.304971888545E-02,0.),(
    -1.E-03,2.244912091426E-33),.PIECEWISE_BEZIER_KNOTS.);
#8062 = CARTESIAN_POINT('',(0.660284026326,3.2995,1.35334198787));
#8063 = CARTESIAN_POINT('',(0.660284026326,3.3005,1.35334198787));
#8064 = CARTESIAN_POINT('',(0.660376577261,3.2995,1.340292597182));
#8065 = CARTESIAN_POINT('',(0.660376577261,3.3005,1.340292597182));
#8066 = ADVANCED_FACE('',(#8067),#8077,.F.);
#8067 = FACE_BOUND('',#8068,.T.);
#8068 = EDGE_LOOP('',(#8069,#8070,#8075,#8076));
#8069 = ORIENTED_EDGE('',*,*,#1561,.T.);
#8070 = ORIENTED_EDGE('',*,*,#8071,.F.);
#8071 = EDGE_CURVE('',#7610,#1555,#8072,.T.);
#8072 = B_SPLINE_CURVE_WITH_KNOTS('',1,(#8073,#8074),.UNSPECIFIED.,.F.,
  .F.,(2,2),(-0.,1.E-03),.PIECEWISE_BEZIER_KNOTS.);
#8073 = CARTESIAN_POINT('',(0.476907679823,3.3005,1.448611760871));
#8074 = CARTESIAN_POINT('',(0.476907679823,3.2995,1.448611760871));
#8075 = ORIENTED_EDGE('',*,*,#7609,.F.);
#8076 = ORIENTED_EDGE('',*,*,#8055,.T.);
#8077 = B_SPLINE_SURFACE_WITH_KNOTS('',1,1,(
    (#8078,#8079)
    ,(#8080,#8081
    )),.UNSPECIFIED.,.F.,.F.,.F.,(2,2),(2,2),(-0.206647560121,
    1.023682016611E-16),(-1.E-03,3.248775022115E-33),
  .PIECEWISE_BEZIER_KNOTS.);
#8078 = CARTESIAN_POINT('',(0.476907679823,3.2995,1.448611760871));
#8079 = CARTESIAN_POINT('',(0.476907679823,3.3005,1.448611760871));
#8080 = CARTESIAN_POINT('',(0.660284026326,3.2995,1.35334198787));
#8081 = CARTESIAN_POINT('',(0.660284026326,3.3005,1.35334198787));
#8082 = ADVANCED_FACE('',(#8083),#8093,.F.);
#8083 = FACE_BOUND('',#8084,.T.);
#8084 = EDGE_LOOP('',(#8085,#8086,#8091,#8092));
#8085 = ORIENTED_EDGE('',*,*,#1554,.T.);
#8086 = ORIENTED_EDGE('',*,*,#8087,.F.);
#8087 = EDGE_CURVE('',#7617,#1548,#8088,.T.);
#8088 = B_SPLINE_CURVE_WITH_KNOTS('',1,(#8089,#8090),.UNSPECIFIED.,.F.,
  .F.,(2,2),(-0.,1.E-03),.PIECEWISE_BEZIER_KNOTS.);
#8089 = CARTESIAN_POINT('',(0.516870250975,3.3005,1.518060454203));
#8090 = CARTESIAN_POINT('',(0.516870250975,3.2995,1.518060454203));
#8091 = ORIENTED_EDGE('',*,*,#7616,.F.);
#8092 = ORIENTED_EDGE('',*,*,#8071,.T.);
#8093 = B_SPLINE_SURFACE_WITH_KNOTS('',1,1,(
    (#8094,#8095)
    ,(#8096,#8097
    )),.UNSPECIFIED.,.F.,.F.,.F.,(2,2),(2,2),(-8.01257018601E-02,
    3.322332204421E-16),(-1.E-03,4.938127632877E-34),
  .PIECEWISE_BEZIER_KNOTS.);
#8094 = CARTESIAN_POINT('',(0.516870250975,3.2995,1.518060454203));
#8095 = CARTESIAN_POINT('',(0.516870250975,3.3005,1.518060454203));
#8096 = CARTESIAN_POINT('',(0.476907679823,3.2995,1.448611760871));
#8097 = CARTESIAN_POINT('',(0.476907679823,3.3005,1.448611760871));
#8098 = ADVANCED_FACE('',(#8099),#8109,.F.);
#8099 = FACE_BOUND('',#8100,.T.);
#8100 = EDGE_LOOP('',(#8101,#8102,#8107,#8108));
#8101 = ORIENTED_EDGE('',*,*,#1547,.T.);
#8102 = ORIENTED_EDGE('',*,*,#8103,.F.);
#8103 = EDGE_CURVE('',#7624,#1539,#8104,.T.);
#8104 = B_SPLINE_CURVE_WITH_KNOTS('',1,(#8105,#8106),.UNSPECIFIED.,.F.,
  .F.,(2,2),(-0.,1.000000000001E-03),.PIECEWISE_BEZIER_KNOTS.);
#8105 = CARTESIAN_POINT('',(0.692379937748,3.3005,1.427954901902));
#8106 = CARTESIAN_POINT('',(0.692379937748,3.2995,1.427954901902));
#8107 = ORIENTED_EDGE('',*,*,#7623,.F.);
#8108 = ORIENTED_EDGE('',*,*,#8087,.T.);
#8109 = B_SPLINE_SURFACE_WITH_KNOTS('',1,1,(
    (#8110,#8111)
    ,(#8112,#8113
    )),.UNSPECIFIED.,.F.,.F.,.F.,(2,2),(2,2),(-0.197288268041,
    2.028245466482E-16),(-1.000000000001E-03,0.),
  .PIECEWISE_BEZIER_KNOTS.);
#8110 = CARTESIAN_POINT('',(0.692379937748,3.2995,1.427954901902));
#8111 = CARTESIAN_POINT('',(0.692379937748,3.3005,1.427954901902));
#8112 = CARTESIAN_POINT('',(0.516870250975,3.2995,1.518060454203));
#8113 = CARTESIAN_POINT('',(0.516870250975,3.3005,1.518060454203));
#8114 = ADVANCED_FACE('',(#8115),#8125,.F.);
#8115 = FACE_BOUND('',#8116,.F.);
#8116 = EDGE_LOOP('',(#8117,#8118,#8119,#8124));
#8117 = ORIENTED_EDGE('',*,*,#8103,.F.);
#8118 = ORIENTED_EDGE('',*,*,#7630,.T.);
#8119 = ORIENTED_EDGE('',*,*,#8120,.T.);
#8120 = EDGE_CURVE('',#7631,#1530,#8121,.T.);
#8121 = B_SPLINE_CURVE_WITH_KNOTS('',1,(#8122,#8123),.UNSPECIFIED.,.F.,
  .F.,(2,2),(-0.,1.000000000001E-03),.PIECEWISE_BEZIER_KNOTS.);
#8122 = CARTESIAN_POINT('',(0.789935694751,3.3005,1.473016957277));
#8123 = CARTESIAN_POINT('',(0.789935694751,3.2995,1.473016957277));
#8124 = ORIENTED_EDGE('',*,*,#1538,.F.);
#8125 = B_SPLINE_SURFACE_WITH_KNOTS('',3,1,(
    (#8126,#8127)
    ,(#8128,#8129)
    ,(#8130,#8131)
    ,(#8132,#8133
    )),.UNSPECIFIED.,.F.,.F.,.F.,(4,4),(2,2),(15.,16.),(0.,1.),
  .PIECEWISE_BEZIER_KNOTS.);
#8126 = CARTESIAN_POINT('',(0.692379937748,3.3005,1.427954901902));
#8127 = CARTESIAN_POINT('',(0.692379937748,3.2995,1.427954901902));
#8128 = CARTESIAN_POINT('',(0.715674474028,3.3005,1.455525218936));
#8129 = CARTESIAN_POINT('',(0.715674474028,3.2995,1.455525218936));
#8130 = CARTESIAN_POINT('',(0.750787522691,3.3005,1.47273930447));
#8131 = CARTESIAN_POINT('',(0.750787522691,3.2995,1.47273930447));
#8132 = CARTESIAN_POINT('',(0.789935694751,3.3005,1.473016957277));
#8133 = CARTESIAN_POINT('',(0.789935694751,3.2995,1.473016957277));
#8134 = ADVANCED_FACE('',(#8135),#8145,.F.);
#8135 = FACE_BOUND('',#8136,.F.);
#8136 = EDGE_LOOP('',(#8137,#8138,#8139,#8144));
#8137 = ORIENTED_EDGE('',*,*,#8120,.F.);
#8138 = ORIENTED_EDGE('',*,*,#7639,.T.);
#8139 = ORIENTED_EDGE('',*,*,#8140,.T.);
#8140 = EDGE_CURVE('',#7640,#1521,#8141,.T.);
#8141 = B_SPLINE_CURVE_WITH_KNOTS('',1,(#8142,#8143),.UNSPECIFIED.,.F.,
  .F.,(2,2),(-0.,1.000000000001E-03),.PIECEWISE_BEZIER_KNOTS.);
#8142 = CARTESIAN_POINT('',(0.913210798439,3.3005,1.38776095253));
#8143 = CARTESIAN_POINT('',(0.913210798439,3.2995,1.38776095253));
#8144 = ORIENTED_EDGE('',*,*,#1529,.F.);
#8145 = B_SPLINE_SURFACE_WITH_KNOTS('',3,1,(
    (#8146,#8147)
    ,(#8148,#8149)
    ,(#8150,#8151)
    ,(#8152,#8153
    )),.UNSPECIFIED.,.F.,.F.,.F.,(4,4),(2,2),(16.,17.),(0.,1.),
  .PIECEWISE_BEZIER_KNOTS.);
#8146 = CARTESIAN_POINT('',(0.789935694751,3.3005,1.473016957277));
#8147 = CARTESIAN_POINT('',(0.789935694751,3.2995,1.473016957277));
#8148 = CARTESIAN_POINT('',(0.846048089637,3.3005,1.473414926407));
#8149 = CARTESIAN_POINT('',(0.846048089637,3.2995,1.473414926407));
#8150 = CARTESIAN_POINT('',(0.894589962793,3.3005,1.437219080798));
#8151 = CARTESIAN_POINT('',(0.894589962793,3.2995,1.437219080798));
#8152 = CARTESIAN_POINT('',(0.913210798439,3.3005,1.38776095253));
#8153 = CARTESIAN_POINT('',(0.913210798439,3.2995,1.38776095253));
#8154 = ADVANCED_FACE('',(#8155),#8165,.F.);
#8155 = FACE_BOUND('',#8156,.F.);
#8156 = EDGE_LOOP('',(#8157,#8158,#8159,#8164));
#8157 = ORIENTED_EDGE('',*,*,#8140,.F.);
#8158 = ORIENTED_EDGE('',*,*,#7648,.T.);
#8159 = ORIENTED_EDGE('',*,*,#8160,.T.);
#8160 = EDGE_CURVE('',#7649,#1512,#8161,.T.);
#8161 = B_SPLINE_CURVE_WITH_KNOTS('',1,(#8162,#8163),.UNSPECIFIED.,.F.,
  .F.,(2,2),(-0.,1.000000000001E-03),.PIECEWISE_BEZIER_KNOTS.);
#8162 = CARTESIAN_POINT('',(0.990655673878,3.3005,1.508370662417));
#8163 = CARTESIAN_POINT('',(0.990655673878,3.2995,1.508370662417));
#8164 = ORIENTED_EDGE('',*,*,#1520,.F.);
#8165 = B_SPLINE_SURFACE_WITH_KNOTS('',3,1,(
    (#8166,#8167)
    ,(#8168,#8169)
    ,(#8170,#8171)
    ,(#8172,#8173
    )),.UNSPECIFIED.,.F.,.F.,.F.,(4,4),(2,2),(17.,18.),(0.,1.),
  .PIECEWISE_BEZIER_KNOTS.);
#8166 = CARTESIAN_POINT('',(0.913210798439,3.3005,1.38776095253));
#8167 = CARTESIAN_POINT('',(0.913210798439,3.2995,1.38776095253));
#8168 = CARTESIAN_POINT('',(0.958735584309,3.3005,1.408963910881));
#8169 = CARTESIAN_POINT('',(0.958735584309,3.2995,1.408963910881));
#8170 = CARTESIAN_POINT('',(0.99103513275,3.3005,1.454868155623));
#8171 = CARTESIAN_POINT('',(0.99103513275,3.2995,1.454868155623));
#8172 = CARTESIAN_POINT('',(0.990655673878,3.3005,1.508370662417));
#8173 = CARTESIAN_POINT('',(0.990655673878,3.2995,1.508370662417));
#8174 = ADVANCED_FACE('',(#8175),#8185,.F.);
#8175 = FACE_BOUND('',#8176,.F.);
#8176 = EDGE_LOOP('',(#8177,#8178,#8179,#8184));
#8177 = ORIENTED_EDGE('',*,*,#8160,.F.);
#8178 = ORIENTED_EDGE('',*,*,#7657,.T.);
#8179 = ORIENTED_EDGE('',*,*,#8180,.T.);
#8180 = EDGE_CURVE('',#7658,#1503,#8181,.T.);
#8181 = B_SPLINE_CURVE_WITH_KNOTS('',1,(#8182,#8183),.UNSPECIFIED.,.F.,
  .F.,(2,2),(-0.,1.000000000001E-03),.PIECEWISE_BEZIER_KNOTS.);
#8182 = CARTESIAN_POINT('',(0.859236257654,3.3005,1.637939059924));
#8183 = CARTESIAN_POINT('',(0.859236257654,3.2995,1.637939059924));
#8184 = ORIENTED_EDGE('',*,*,#1511,.F.);
#8185 = B_SPLINE_SURFACE_WITH_KNOTS('',3,1,(
    (#8186,#8187)
    ,(#8188,#8189)
    ,(#8190,#8191)
    ,(#8192,#8193
    )),.UNSPECIFIED.,.F.,.F.,.F.,(4,4),(2,2),(18.,19.),(0.,1.),
  .PIECEWISE_BEZIER_KNOTS.);
#8186 = CARTESIAN_POINT('',(0.990655673878,3.3005,1.508370662417));
#8187 = CARTESIAN_POINT('',(0.990655673878,3.2995,1.508370662417));
#8188 = CARTESIAN_POINT('',(0.990146643731,3.3005,1.580142311194));
#8189 = CARTESIAN_POINT('',(0.990146643731,3.2995,1.580142311194));
#8190 = CARTESIAN_POINT('',(0.93100790643,3.3005,1.638448090071));
#8191 = CARTESIAN_POINT('',(0.93100790643,3.2995,1.638448090071));
#8192 = CARTESIAN_POINT('',(0.859236257654,3.3005,1.637939059924));
#8193 = CARTESIAN_POINT('',(0.859236257654,3.2995,1.637939059924));
#8194 = ADVANCED_FACE('',(#8195),#8205,.F.);
#8195 = FACE_BOUND('',#8196,.F.);
#8196 = EDGE_LOOP('',(#8197,#8198,#8199,#8204));
#8197 = ORIENTED_EDGE('',*,*,#8180,.F.);
#8198 = ORIENTED_EDGE('',*,*,#7666,.T.);
#8199 = ORIENTED_EDGE('',*,*,#8200,.T.);
#8200 = EDGE_CURVE('',#7667,#1494,#8201,.T.);
#8201 = B_SPLINE_CURVE_WITH_KNOTS('',1,(#8202,#8203),.UNSPECIFIED.,.F.,
  .F.,(2,2),(-0.,1.000000000001E-03),.PIECEWISE_BEZIER_KNOTS.);
#8202 = CARTESIAN_POINT('',(0.790213323375,3.3005,1.617874454004));
#8203 = CARTESIAN_POINT('',(0.790213323375,3.2995,1.617874454004));
#8204 = ORIENTED_EDGE('',*,*,#1502,.F.);
#8205 = B_SPLINE_SURFACE_WITH_KNOTS('',3,1,(
    (#8206,#8207)
    ,(#8208,#8209)
    ,(#8210,#8211)
    ,(#8212,#8213
    )),.UNSPECIFIED.,.F.,.F.,.F.,(4,4),(2,2),(19.,20.),(0.,1.),
  .PIECEWISE_BEZIER_KNOTS.);
#8206 = CARTESIAN_POINT('',(0.859236257654,3.3005,1.637939059924));
#8207 = CARTESIAN_POINT('',(0.859236257654,3.2995,1.637939059924));
#8208 = CARTESIAN_POINT('',(0.834442420327,3.3005,1.637763213182));
#8209 = CARTESIAN_POINT('',(0.834442420327,3.2995,1.637763213182));
#8210 = CARTESIAN_POINT('',(0.809704113597,3.3005,1.629757727049));
#8211 = CARTESIAN_POINT('',(0.809704113597,3.2995,1.629757727049));
#8212 = CARTESIAN_POINT('',(0.790213323375,3.3005,1.617874454004));
#8213 = CARTESIAN_POINT('',(0.790213323375,3.2995,1.617874454004));
#8214 = ADVANCED_FACE('',(#8215),#8225,.F.);
#8215 = FACE_BOUND('',#8216,.F.);
#8216 = EDGE_LOOP('',(#8217,#8218,#8219,#8224));
#8217 = ORIENTED_EDGE('',*,*,#8200,.F.);
#8218 = ORIENTED_EDGE('',*,*,#7675,.T.);
#8219 = ORIENTED_EDGE('',*,*,#8220,.T.);
#8220 = EDGE_CURVE('',#7676,#1485,#8221,.T.);
#8221 = B_SPLINE_CURVE_WITH_KNOTS('',1,(#8222,#8223),.UNSPECIFIED.,.F.,
  .F.,(2,2),(-0.,1.000000000001E-03),.PIECEWISE_BEZIER_KNOTS.);
#8222 = CARTESIAN_POINT('',(0.614463029552,3.3005,1.741908352577));
#8223 = CARTESIAN_POINT('',(0.614463029552,3.2995,1.741908352577));
#8224 = ORIENTED_EDGE('',*,*,#1493,.F.);
#8225 = B_SPLINE_SURFACE_WITH_KNOTS('',3,1,(
    (#8226,#8227)
    ,(#8228,#8229)
    ,(#8230,#8231)
    ,(#8232,#8233
    )),.UNSPECIFIED.,.F.,.F.,.F.,(4,4),(2,2),(20.,21.),(0.,1.),
  .PIECEWISE_BEZIER_KNOTS.);
#8226 = CARTESIAN_POINT('',(0.790213323375,3.3005,1.617874454004));
#8227 = CARTESIAN_POINT('',(0.790213323375,3.2995,1.617874454004));
#8228 = CARTESIAN_POINT('',(0.764901226191,3.3005,1.690775125593));
#8229 = CARTESIAN_POINT('',(0.764901226191,3.2995,1.690775125593));
#8230 = CARTESIAN_POINT('',(0.696674180922,3.3005,1.742491423402));
#8231 = CARTESIAN_POINT('',(0.696674180922,3.2995,1.742491423402));
#8232 = CARTESIAN_POINT('',(0.614463029552,3.3005,1.741908352577));
#8233 = CARTESIAN_POINT('',(0.614463029552,3.2995,1.741908352577));
#8234 = ADVANCED_FACE('',(#8235),#8245,.F.);
#8235 = FACE_BOUND('',#8236,.F.);
#8236 = EDGE_LOOP('',(#8237,#8238,#8239,#8244));
#8237 = ORIENTED_EDGE('',*,*,#8220,.F.);
#8238 = ORIENTED_EDGE('',*,*,#7684,.T.);
#8239 = ORIENTED_EDGE('',*,*,#8240,.T.);
#8240 = EDGE_CURVE('',#7685,#1476,#8241,.T.);
#8241 = B_SPLINE_CURVE_WITH_KNOTS('',1,(#8242,#8243),.UNSPECIFIED.,.F.,
  .F.,(2,2),(-0.,1.E-03),.PIECEWISE_BEZIER_KNOTS.);
#8242 = CARTESIAN_POINT('',(0.432928446637,3.3005,1.577495255893));
#8243 = CARTESIAN_POINT('',(0.432928446637,3.2995,1.577495255893));
#8244 = ORIENTED_EDGE('',*,*,#1484,.F.);
#8245 = B_SPLINE_SURFACE_WITH_KNOTS('',3,1,(
    (#8246,#8247)
    ,(#8248,#8249)
    ,(#8250,#8251)
    ,(#8252,#8253
    )),.UNSPECIFIED.,.F.,.F.,.F.,(4,4),(2,2),(21.,22.),(0.,1.),
  .PIECEWISE_BEZIER_KNOTS.);
#8246 = CARTESIAN_POINT('',(0.614463029552,3.3005,1.741908352577));
#8247 = CARTESIAN_POINT('',(0.614463029552,3.2995,1.741908352577));
#8248 = CARTESIAN_POINT('',(0.520507406652,3.3005,1.741241985768));
#8249 = CARTESIAN_POINT('',(0.520507406652,3.2995,1.741241985768));
#8250 = CARTESIAN_POINT('',(0.44272009268,3.3005,1.668915031377));
#8251 = CARTESIAN_POINT('',(0.44272009268,3.2995,1.668915031377));
#8252 = CARTESIAN_POINT('',(0.432928446637,3.3005,1.577495255893));
#8253 = CARTESIAN_POINT('',(0.432928446637,3.2995,1.577495255893));
#8254 = ADVANCED_FACE('',(#8255),#8265,.F.);
#8255 = FACE_BOUND('',#8256,.T.);
#8256 = EDGE_LOOP('',(#8257,#8258,#8263,#8264));
#8257 = ORIENTED_EDGE('',*,*,#1475,.T.);
#8258 = ORIENTED_EDGE('',*,*,#8259,.F.);
#8259 = EDGE_CURVE('',#7694,#1467,#8260,.T.);
#8260 = B_SPLINE_CURVE_WITH_KNOTS('',1,(#8261,#8262),.UNSPECIFIED.,.F.,
  .F.,(2,2),(-0.,1.000000000001E-03),.PIECEWISE_BEZIER_KNOTS.);
#8261 = CARTESIAN_POINT('',(0.422488944044,3.3005,1.577421215215));
#8262 = CARTESIAN_POINT('',(0.422488944044,3.2995,1.577421215215));
#8263 = ORIENTED_EDGE('',*,*,#7693,.F.);
#8264 = ORIENTED_EDGE('',*,*,#8240,.T.);
#8265 = B_SPLINE_SURFACE_WITH_KNOTS('',1,1,(
    (#8266,#8267)
    ,(#8268,#8269
    )),.UNSPECIFIED.,.F.,.F.,.F.,(2,2),(2,2),(-1.043976515171E-02,0.),(
    -1.000000000001E-03,0.),.PIECEWISE_BEZIER_KNOTS.);
#8266 = CARTESIAN_POINT('',(0.422488944044,3.2995,1.577421215215));
#8267 = CARTESIAN_POINT('',(0.422488944044,3.3005,1.577421215215));
#8268 = CARTESIAN_POINT('',(0.432928446637,3.2995,1.577495255893));
#8269 = CARTESIAN_POINT('',(0.432928446637,3.3005,1.577495255893));
#8270 = ADVANCED_FACE('',(#8271),#8281,.F.);
#8271 = FACE_BOUND('',#8272,.F.);
#8272 = EDGE_LOOP('',(#8273,#8274,#8275,#8280));
#8273 = ORIENTED_EDGE('',*,*,#8259,.F.);
#8274 = ORIENTED_EDGE('',*,*,#7702,.T.);
#8275 = ORIENTED_EDGE('',*,*,#8276,.T.);
#8276 = EDGE_CURVE('',#7703,#1458,#8277,.T.);
#8277 = B_SPLINE_CURVE_WITH_KNOTS('',1,(#8278,#8279),.UNSPECIFIED.,.F.,
  .F.,(2,2),(-0.,1.000000000001E-03),.PIECEWISE_BEZIER_KNOTS.);
#8278 = CARTESIAN_POINT('',(0.321425603873,3.3005,1.474914080587));
#8279 = CARTESIAN_POINT('',(0.321425603873,3.2995,1.474914080587));
#8280 = ORIENTED_EDGE('',*,*,#1466,.F.);
#8281 = B_SPLINE_SURFACE_WITH_KNOTS('',3,1,(
    (#8282,#8283)
    ,(#8284,#8285)
    ,(#8286,#8287)
    ,(#8288,#8289
    )),.UNSPECIFIED.,.F.,.F.,.F.,(4,4),(2,2),(23.,24.),(0.,1.),
  .PIECEWISE_BEZIER_KNOTS.);
#8282 = CARTESIAN_POINT('',(0.422488944044,3.3005,1.577421215215));
#8283 = CARTESIAN_POINT('',(0.422488944044,3.2995,1.577421215215));
#8284 = CARTESIAN_POINT('',(0.366376574047,3.3005,1.577023246261));
#8285 = CARTESIAN_POINT('',(0.366376574047,3.2995,1.577023246261));
#8286 = CARTESIAN_POINT('',(0.32102763492,3.3005,1.531026450583));
#8287 = CARTESIAN_POINT('',(0.32102763492,3.2995,1.531026450583));
#8288 = CARTESIAN_POINT('',(0.321425603873,3.3005,1.474914080587));
#8289 = CARTESIAN_POINT('',(0.321425603873,3.2995,1.474914080587));
#8290 = ADVANCED_FACE('',(#8291),#8301,.F.);
#8291 = FACE_BOUND('',#8292,.F.);
#8292 = EDGE_LOOP('',(#8293,#8294,#8295,#8300));
#8293 = ORIENTED_EDGE('',*,*,#8276,.F.);
#8294 = ORIENTED_EDGE('',*,*,#7711,.T.);
#8295 = ORIENTED_EDGE('',*,*,#8296,.T.);
#8296 = EDGE_CURVE('',#7712,#1451,#8297,.T.);
#8297 = B_SPLINE_CURVE_WITH_KNOTS('',1,(#8298,#8299),.UNSPECIFIED.,.F.,
  .F.,(2,2),(-0.,1.E-03),.PIECEWISE_BEZIER_KNOTS.);
#8298 = CARTESIAN_POINT('',(0.416103124001,3.3005,1.373795209996));
#8299 = CARTESIAN_POINT('',(0.416103124001,3.2995,1.373795209996));
#8300 = ORIENTED_EDGE('',*,*,#1457,.F.);
#8301 = B_SPLINE_SURFACE_WITH_KNOTS('',3,1,(
    (#8302,#8303)
    ,(#8304,#8305)
    ,(#8306,#8307)
    ,(#8308,#8309
    )),.UNSPECIFIED.,.F.,.F.,.F.,(4,4),(2,2),(24.,25.),(0.,1.),
  .PIECEWISE_BEZIER_KNOTS.);
#8302 = CARTESIAN_POINT('',(0.321425603873,3.3005,1.474914080587));
#8303 = CARTESIAN_POINT('',(0.321425603873,3.2995,1.474914080587));
#8304 = CARTESIAN_POINT('',(0.321805062746,3.3005,1.421411573793));
#8305 = CARTESIAN_POINT('',(0.321805062746,3.2995,1.421411573793));
#8306 = CARTESIAN_POINT('',(0.362572827109,3.3005,1.377330558198));
#8307 = CARTESIAN_POINT('',(0.362572827109,3.2995,1.377330558198));
#8308 = CARTESIAN_POINT('',(0.416103124001,3.3005,1.373795209996));
#8309 = CARTESIAN_POINT('',(0.416103124001,3.2995,1.373795209996));
#8310 = ADVANCED_FACE('',(#8311),#8321,.F.);
#8311 = FACE_BOUND('',#8312,.T.);
#8312 = EDGE_LOOP('',(#8313,#8314,#8319,#8320));
#8313 = ORIENTED_EDGE('',*,*,#1450,.T.);
#8314 = ORIENTED_EDGE('',*,*,#8315,.F.);
#8315 = EDGE_CURVE('',#7721,#1442,#8316,.T.);
#8316 = B_SPLINE_CURVE_WITH_KNOTS('',1,(#8317,#8318),.UNSPECIFIED.,.F.,
  .F.,(2,2),(-0.,1.000000000001E-03),.PIECEWISE_BEZIER_KNOTS.);
#8317 = CARTESIAN_POINT('',(0.474825382091,3.3005,1.374211689207));
#8318 = CARTESIAN_POINT('',(0.474825382091,3.2995,1.374211689207));
#8319 = ORIENTED_EDGE('',*,*,#7720,.F.);
#8320 = ORIENTED_EDGE('',*,*,#8296,.T.);
#8321 = B_SPLINE_SURFACE_WITH_KNOTS('',1,1,(
    (#8322,#8323)
    ,(#8324,#8325
    )),.UNSPECIFIED.,.F.,.F.,.F.,(2,2),(2,2),(-5.872373498076E-02,
    5.564742813992E-17),(-1.000000000001E-03,4.095422318265E-35),
  .PIECEWISE_BEZIER_KNOTS.);
#8322 = CARTESIAN_POINT('',(0.474825382091,3.2995,1.374211689207));
#8323 = CARTESIAN_POINT('',(0.474825382091,3.3005,1.374211689207));
#8324 = CARTESIAN_POINT('',(0.416103124001,3.2995,1.373795209996));
#8325 = CARTESIAN_POINT('',(0.416103124001,3.3005,1.373795209996));
#8326 = ADVANCED_FACE('',(#8327),#8337,.F.);
#8327 = FACE_BOUND('',#8328,.F.);
#8328 = EDGE_LOOP('',(#8329,#8330,#8331,#8336));
#8329 = ORIENTED_EDGE('',*,*,#8315,.F.);
#8330 = ORIENTED_EDGE('',*,*,#7727,.T.);
#8331 = ORIENTED_EDGE('',*,*,#8332,.T.);
#8332 = EDGE_CURVE('',#7728,#1433,#8333,.T.);
#8333 = B_SPLINE_CURVE_WITH_KNOTS('',1,(#8334,#8335),.UNSPECIFIED.,.F.,
  .F.,(2,2),(-0.,1.000000000001E-03),.PIECEWISE_BEZIER_KNOTS.);
#8334 = CARTESIAN_POINT('',(0.482645741639,3.3005,1.375572138784));
#8335 = CARTESIAN_POINT('',(0.482645741639,3.2995,1.375572138784));
#8336 = ORIENTED_EDGE('',*,*,#1441,.F.);
#8337 = B_SPLINE_SURFACE_WITH_KNOTS('',3,1,(
    (#8338,#8339)
    ,(#8340,#8341)
    ,(#8342,#8343)
    ,(#8344,#8345
    )),.UNSPECIFIED.,.F.,.F.,.F.,(4,4),(2,2),(26.,27.),(0.,1.),
  .PIECEWISE_BEZIER_KNOTS.);
#8338 = CARTESIAN_POINT('',(0.474825382091,3.3005,1.374211689207));
#8339 = CARTESIAN_POINT('',(0.474825382091,3.2995,1.374211689207));
#8340 = CARTESIAN_POINT('',(0.477435270184,3.3005,1.374230199465));
#8341 = CARTESIAN_POINT('',(0.477435270184,3.2995,1.374230199465));
#8342 = CARTESIAN_POINT('',(0.480035903325,3.3005,1.375553628879));
#8343 = CARTESIAN_POINT('',(0.480035903325,3.2995,1.375553628879));
#8344 = CARTESIAN_POINT('',(0.482645741639,3.3005,1.375572138784));
#8345 = CARTESIAN_POINT('',(0.482645741639,3.2995,1.375572138784));
#8346 = ADVANCED_FACE('',(#8347),#8357,.F.);
#8347 = FACE_BOUND('',#8348,.F.);
#8348 = EDGE_LOOP('',(#8349,#8350,#8351,#8356));
#8349 = ORIENTED_EDGE('',*,*,#8332,.F.);
#8350 = ORIENTED_EDGE('',*,*,#7736,.T.);
#8351 = ORIENTED_EDGE('',*,*,#8352,.T.);
#8352 = EDGE_CURVE('',#7737,#1424,#8353,.T.);
#8353 = B_SPLINE_CURVE_WITH_KNOTS('',1,(#8354,#8355),.UNSPECIFIED.,.F.,
  .F.,(2,2),(-0.,1.000000000001E-03),.PIECEWISE_BEZIER_KNOTS.);
#8354 = CARTESIAN_POINT('',(0.523385740615,3.3005,1.335405955327));
#8355 = CARTESIAN_POINT('',(0.523385740615,3.2995,1.335405955327));
#8356 = ORIENTED_EDGE('',*,*,#1432,.F.);
#8357 = B_SPLINE_SURFACE_WITH_KNOTS('',3,1,(
    (#8358,#8359)
    ,(#8360,#8361)
    ,(#8362,#8363)
    ,(#8364,#8365
    )),.UNSPECIFIED.,.F.,.F.,.F.,(4,4),(2,2),(27.,28.),(0.,1.),
  .PIECEWISE_BEZIER_KNOTS.);
#8358 = CARTESIAN_POINT('',(0.482645741639,3.3005,1.375572138784));
#8359 = CARTESIAN_POINT('',(0.482645741639,3.2995,1.375572138784));
#8360 = CARTESIAN_POINT('',(0.504829715762,3.3005,1.375729475445));
#8361 = CARTESIAN_POINT('',(0.504829715762,3.2995,1.375729475445));
#8362 = CARTESIAN_POINT('',(0.523228404307,3.3005,1.357589879671));
#8363 = CARTESIAN_POINT('',(0.523228404307,3.2995,1.357589879671));
#8364 = CARTESIAN_POINT('',(0.523385740615,3.3005,1.335405955327));
#8365 = CARTESIAN_POINT('',(0.523385740615,3.2995,1.335405955327));
#8366 = ADVANCED_FACE('',(#8367),#8377,.F.);
#8367 = FACE_BOUND('',#8368,.F.);
#8368 = EDGE_LOOP('',(#8369,#8370,#8371,#8376));
#8369 = ORIENTED_EDGE('',*,*,#8352,.F.);
#8370 = ORIENTED_EDGE('',*,*,#7745,.T.);
#8371 = ORIENTED_EDGE('',*,*,#8372,.T.);
#8372 = EDGE_CURVE('',#7746,#1417,#8373,.T.);
#8373 = B_SPLINE_CURVE_WITH_KNOTS('',1,(#8374,#8375),.UNSPECIFIED.,.F.,
  .F.,(2,2),(-0.,1.E-03),.PIECEWISE_BEZIER_KNOTS.);
#8374 = CARTESIAN_POINT('',(0.485829395473,3.3005,1.294684466255));
#8375 = CARTESIAN_POINT('',(0.485829395473,3.2995,1.294684466255));
#8376 = ORIENTED_EDGE('',*,*,#1423,.F.);
#8377 = B_SPLINE_SURFACE_WITH_KNOTS('',3,1,(
    (#8378,#8379)
    ,(#8380,#8381)
    ,(#8382,#8383)
    ,(#8384,#8385
    )),.UNSPECIFIED.,.F.,.F.,.F.,(4,4),(2,2),(28.,29.),(0.,1.),
  .PIECEWISE_BEZIER_KNOTS.);
#8378 = CARTESIAN_POINT('',(0.523385740615,3.3005,1.335405955327));
#8379 = CARTESIAN_POINT('',(0.523385740615,3.2995,1.335405955327));
#8380 = CARTESIAN_POINT('',(0.523533821971,3.3005,1.31452695014));
#8381 = CARTESIAN_POINT('',(0.523533821971,3.2995,1.31452695014));
#8382 = CARTESIAN_POINT('',(0.506699195487,3.3005,1.29613746712));
#8383 = CARTESIAN_POINT('',(0.506699195487,3.2995,1.29613746712));
#8384 = CARTESIAN_POINT('',(0.485829395473,3.3005,1.294684466255));
#8385 = CARTESIAN_POINT('',(0.485829395473,3.2995,1.294684466255));
#8386 = ADVANCED_FACE('',(#8387),#8397,.F.);
#8387 = FACE_BOUND('',#8388,.T.);
#8388 = EDGE_LOOP('',(#8389,#8390,#8395,#8396));
#8389 = ORIENTED_EDGE('',*,*,#1416,.T.);
#8390 = ORIENTED_EDGE('',*,*,#8391,.F.);
#8391 = EDGE_CURVE('',#7755,#1408,#8392,.T.);
#8392 = B_SPLINE_CURVE_WITH_KNOTS('',1,(#8393,#8394),.UNSPECIFIED.,.F.,
  .F.,(2,2),(-0.,1.000000000001E-03),.PIECEWISE_BEZIER_KNOTS.);
#8393 = CARTESIAN_POINT('',(0.408838020289,3.3005,1.294138415945));
#8394 = CARTESIAN_POINT('',(0.408838020289,3.2995,1.294138415945));
#8395 = ORIENTED_EDGE('',*,*,#7754,.F.);
#8396 = ORIENTED_EDGE('',*,*,#8372,.T.);
#8397 = B_SPLINE_SURFACE_WITH_KNOTS('',1,1,(
    (#8398,#8399)
    ,(#8400,#8401
    )),.UNSPECIFIED.,.F.,.F.,.F.,(2,2),(2,2),(-3.914905709612E-03,
    7.307840584146E-02),(-1.000000000001E-03,4.727250531832E-35),
  .PIECEWISE_BEZIER_KNOTS.);
#8398 = CARTESIAN_POINT('',(0.408838020289,3.2995,1.294138415945));
#8399 = CARTESIAN_POINT('',(0.408838020289,3.3005,1.294138415945));
#8400 = CARTESIAN_POINT('',(0.485829395473,3.2995,1.294684466255));
#8401 = CARTESIAN_POINT('',(0.485829395473,3.3005,1.294684466255));
#8402 = ADVANCED_FACE('',(#8403),#8413,.F.);
#8403 = FACE_BOUND('',#8404,.F.);
#8404 = EDGE_LOOP('',(#8405,#8406,#8407,#8412));
#8405 = ORIENTED_EDGE('',*,*,#8391,.F.);
#8406 = ORIENTED_EDGE('',*,*,#7761,.T.);
#8407 = ORIENTED_EDGE('',*,*,#8408,.T.);
#8408 = EDGE_CURVE('',#7762,#1399,#8409,.T.);
#8409 = B_SPLINE_CURVE_WITH_KNOTS('',1,(#8410,#8411),.UNSPECIFIED.,.F.,
  .F.,(2,2),(-0.,1.000000000001E-03),.PIECEWISE_BEZIER_KNOTS.);
#8410 = CARTESIAN_POINT('',(0.289672105742,3.3005,1.352018460661));
#8411 = CARTESIAN_POINT('',(0.289672105742,3.2995,1.352018460661));
#8412 = ORIENTED_EDGE('',*,*,#1407,.F.);
#8413 = B_SPLINE_SURFACE_WITH_KNOTS('',3,1,(
    (#8414,#8415)
    ,(#8416,#8417)
    ,(#8418,#8419)
    ,(#8420,#8421
    )),.UNSPECIFIED.,.F.,.F.,.F.,(4,4),(2,2),(33.,34.),(0.,1.),
  .PIECEWISE_BEZIER_KNOTS.);
#8414 = CARTESIAN_POINT('',(0.408838020289,3.3005,1.294138415945));
#8415 = CARTESIAN_POINT('',(0.408838020289,3.2995,1.294138415945));
#8416 = CARTESIAN_POINT('',(0.363137387677,3.3005,1.29772929492));
#8417 = CARTESIAN_POINT('',(0.363137387677,3.2995,1.29772929492));
#8418 = CARTESIAN_POINT('',(0.321231245814,3.3005,1.318312186821));
#8419 = CARTESIAN_POINT('',(0.321231245814,3.2995,1.318312186821));
#8420 = CARTESIAN_POINT('',(0.289672105742,3.3005,1.352018460661));
#8421 = CARTESIAN_POINT('',(0.289672105742,3.2995,1.352018460661));
#8422 = ADVANCED_FACE('',(#8423),#8429,.F.);
#8423 = FACE_BOUND('',#8424,.F.);
#8424 = EDGE_LOOP('',(#8425,#8426,#8427,#8428));
#8425 = ORIENTED_EDGE('',*,*,#8408,.F.);
#8426 = ORIENTED_EDGE('',*,*,#7770,.T.);
#8427 = ORIENTED_EDGE('',*,*,#7810,.T.);
#8428 = ORIENTED_EDGE('',*,*,#1398,.F.);
#8429 = B_SPLINE_SURFACE_WITH_KNOTS('',3,1,(
    (#8430,#8431)
    ,(#8432,#8433)
    ,(#8434,#8435)
    ,(#8436,#8437
    )),.UNSPECIFIED.,.F.,.F.,.F.,(4,4),(2,2),(34.,35.),(0.,1.),
  .PIECEWISE_BEZIER_KNOTS.);
#8430 = CARTESIAN_POINT('',(0.289672105742,3.3005,1.352018460661));
#8431 = CARTESIAN_POINT('',(0.289672105742,3.2995,1.352018460661));
#8432 = CARTESIAN_POINT('',(0.25811291589,3.3005,1.385724734147));
#8433 = CARTESIAN_POINT('',(0.25811291589,3.2995,1.385724734147));
#8434 = CARTESIAN_POINT('',(0.24083404463,3.3005,1.429972366247));
#8435 = CARTESIAN_POINT('',(0.24083404463,3.2995,1.429972366247));
#8436 = CARTESIAN_POINT('',(0.240510116355,3.3005,1.47564523365));
#8437 = CARTESIAN_POINT('',(0.240510116355,3.2995,1.47564523365));
#8438 = ADVANCED_FACE('',(#8439),#8466,.T.);
#8439 = FACE_BOUND('',#8440,.T.);
#8440 = EDGE_LOOP('',(#8441,#8455,#8460,#8461));
#8441 = ORIENTED_EDGE('',*,*,#8442,.F.);
#8442 = EDGE_CURVE('',#8443,#8445,#8447,.T.);
#8443 = VERTEX_POINT('',#8444);
#8444 = CARTESIAN_POINT('',(0.792545632624,3.2995,1.289029699365));
#8445 = VERTEX_POINT('',#8446);
#8446 = CARTESIAN_POINT('',(0.791823735042,3.2995,1.390814986543));
#8447 = B_SPLINE_CURVE_WITH_KNOTS('',3,(#8448,#8449,#8450,#8451,#8452,
    #8453,#8454),.UNSPECIFIED.,.F.,.F.,(4,3,4),(0.,1.,2.),
  .PIECEWISE_BEZIER_KNOTS.);
#8448 = CARTESIAN_POINT('',(0.792545632624,3.2995,1.289029699365));
#8449 = CARTESIAN_POINT('',(0.763836988048,3.2995,1.288826087412));
#8450 = CARTESIAN_POINT('',(0.741486421957,3.2995,1.312157693809));
#8451 = CARTESIAN_POINT('',(0.741292065133,3.2995,1.33956139434));
#8452 = CARTESIAN_POINT('',(0.741088453004,3.2995,1.368270063806));
#8453 = CARTESIAN_POINT('',(0.764420009622,3.2995,1.390620629543));
#8454 = CARTESIAN_POINT('',(0.791823735042,3.2995,1.390814986543));
#8455 = ORIENTED_EDGE('',*,*,#8456,.F.);
#8456 = EDGE_CURVE('',#7780,#8443,#8457,.T.);
#8457 = B_SPLINE_CURVE_WITH_KNOTS('',1,(#8458,#8459),.UNSPECIFIED.,.F.,
  .F.,(2,2),(-0.,1.000000000001E-03),.PIECEWISE_BEZIER_KNOTS.);
#8458 = CARTESIAN_POINT('',(0.792545632624,3.3005,1.289029699365));
#8459 = CARTESIAN_POINT('',(0.792545632624,3.2995,1.289029699365));
#8460 = ORIENTED_EDGE('',*,*,#7779,.T.);
#8461 = ORIENTED_EDGE('',*,*,#8462,.T.);
#8462 = EDGE_CURVE('',#7782,#8445,#8463,.T.);
#8463 = B_SPLINE_CURVE_WITH_KNOTS('',1,(#8464,#8465),.UNSPECIFIED.,.F.,
  .F.,(2,2),(-0.,1.E-03),.PIECEWISE_BEZIER_KNOTS.);
#8464 = CARTESIAN_POINT('',(0.791823735042,3.3005,1.390814986543));
#8465 = CARTESIAN_POINT('',(0.791823735042,3.2995,1.390814986543));
#8466 = B_SPLINE_SURFACE_WITH_KNOTS('',3,1,(
    (#8467,#8468)
    ,(#8469,#8470)
    ,(#8471,#8472)
    ,(#8473,#8474)
    ,(#8475,#8476)
    ,(#8477,#8478)
    ,(#8479,#8480
    )),.UNSPECIFIED.,.F.,.F.,.F.,(4,3,4),(2,2),(0.,1.,2.),(0.,1.),
  .PIECEWISE_BEZIER_KNOTS.);
#8467 = CARTESIAN_POINT('',(0.792545632624,3.3005,1.289029699365));
#8468 = CARTESIAN_POINT('',(0.792545632624,3.2995,1.289029699365));
#8469 = CARTESIAN_POINT('',(0.763836988048,3.3005,1.288826087412));
#8470 = CARTESIAN_POINT('',(0.763836988048,3.2995,1.288826087412));
#8471 = CARTESIAN_POINT('',(0.741486421957,3.3005,1.312157693809));
#8472 = CARTESIAN_POINT('',(0.741486421957,3.2995,1.312157693809));
#8473 = CARTESIAN_POINT('',(0.741292065133,3.3005,1.33956139434));
#8474 = CARTESIAN_POINT('',(0.741292065133,3.2995,1.33956139434));
#8475 = CARTESIAN_POINT('',(0.741088453004,3.3005,1.368270063806));
#8476 = CARTESIAN_POINT('',(0.741088453004,3.2995,1.368270063806));
#8477 = CARTESIAN_POINT('',(0.764420009622,3.3005,1.390620629543));
#8478 = CARTESIAN_POINT('',(0.764420009622,3.2995,1.390620629543));
#8479 = CARTESIAN_POINT('',(0.791823735042,3.3005,1.390814986543));
#8480 = CARTESIAN_POINT('',(0.791823735042,3.2995,1.390814986543));
#8481 = ADVANCED_FACE('',(#8482),#8496,.T.);
#8482 = FACE_BOUND('',#8483,.T.);
#8483 = EDGE_LOOP('',(#8484,#8493,#8494,#8495));
#8484 = ORIENTED_EDGE('',*,*,#8485,.F.);
#8485 = EDGE_CURVE('',#8445,#8443,#8486,.T.);
#8486 = B_SPLINE_CURVE_WITH_KNOTS('',3,(#8487,#8488,#8489,#8490,#8491,
    #8492),.UNSPECIFIED.,.F.,.F.,(4,2,4),(2.,3.,4.),.UNSPECIFIED.);
#8487 = CARTESIAN_POINT('',(0.791823735042,3.2995,1.390814986543));
#8488 = CARTESIAN_POINT('',(0.819227460462,3.2995,1.391009343544));
#8489 = CARTESIAN_POINT('',(0.842873690403,3.2995,1.368991961035));
#8490 = CARTESIAN_POINT('',(0.843280914662,3.2995,1.311574622102));
#8491 = CARTESIAN_POINT('',(0.819949358043,3.2995,1.289224056365));
#8492 = CARTESIAN_POINT('',(0.792545632624,3.2995,1.289029699365));
#8493 = ORIENTED_EDGE('',*,*,#8462,.F.);
#8494 = ORIENTED_EDGE('',*,*,#7793,.T.);
#8495 = ORIENTED_EDGE('',*,*,#8456,.T.);
#8496 = B_SPLINE_SURFACE_WITH_KNOTS('',3,1,(
    (#8497,#8498)
    ,(#8499,#8500)
    ,(#8501,#8502)
    ,(#8503,#8504)
    ,(#8505,#8506)
    ,(#8507,#8508
    )),.UNSPECIFIED.,.F.,.F.,.F.,(4,2,4),(2,2),(2.,3.,4.),(0.,1.),
  .UNSPECIFIED.);
#8497 = CARTESIAN_POINT('',(0.791823735042,3.3005,1.390814986543));
#8498 = CARTESIAN_POINT('',(0.791823735042,3.2995,1.390814986543));
#8499 = CARTESIAN_POINT('',(0.819227460462,3.3005,1.391009343544));
#8500 = CARTESIAN_POINT('',(0.819227460462,3.2995,1.391009343544));
#8501 = CARTESIAN_POINT('',(0.842873690403,3.3005,1.368991961035));
#8502 = CARTESIAN_POINT('',(0.842873690403,3.2995,1.368991961035));
#8503 = CARTESIAN_POINT('',(0.843280914662,3.3005,1.311574622102));
#8504 = CARTESIAN_POINT('',(0.843280914662,3.2995,1.311574622102));
#8505 = CARTESIAN_POINT('',(0.819949358043,3.3005,1.289224056365));
#8506 = CARTESIAN_POINT('',(0.819949358043,3.2995,1.289224056365));
#8507 = CARTESIAN_POINT('',(0.792545632624,3.3005,1.289029699365));
#8508 = CARTESIAN_POINT('',(0.792545632624,3.2995,1.289029699365));
#8509 = ADVANCED_FACE('',(#8510),#8514,.F.);
#8510 = FACE_BOUND('',#8511,.T.);
#8511 = EDGE_LOOP('',(#8512,#8513));
#8512 = ORIENTED_EDGE('',*,*,#8485,.T.);
#8513 = ORIENTED_EDGE('',*,*,#8442,.T.);
#8514 = B_SPLINE_SURFACE_WITH_KNOTS('',1,1,(
    (#8515,#8516)
    ,(#8517,#8518
    )),.UNSPECIFIED.,.F.,.F.,.F.,(2,2),(2,2),(1.708990756456,
    1.811174012588),(4.041088453004,4.143280914662),
  .PIECEWISE_BEZIER_KNOTS.);
#8515 = CARTESIAN_POINT('',(0.741088453004,3.2995,1.391009343544));
#8516 = CARTESIAN_POINT('',(0.843280914662,3.2995,1.391009343544));
#8517 = CARTESIAN_POINT('',(0.741088453004,3.2995,1.288826087412));
#8518 = CARTESIAN_POINT('',(0.843280914662,3.2995,1.288826087412));
#8519 = ADVANCED_FACE('',(#8520),#8534,.T.);
#8520 = FACE_BOUND('',#8521,.T.);
#8521 = EDGE_LOOP('',(#8522,#8523,#8528,#8529));
#8522 = ORIENTED_EDGE('',*,*,#72,.T.);
#8523 = ORIENTED_EDGE('',*,*,#8524,.F.);
#8524 = EDGE_CURVE('',#102,#66,#8525,.T.);
#8525 = B_SPLINE_CURVE_WITH_KNOTS('',1,(#8526,#8527),.UNSPECIFIED.,.F.,
  .F.,(2,2),(0.,0.15),.PIECEWISE_BEZIER_KNOTS.);
#8526 = CARTESIAN_POINT('',(-3.5,0.740867717948,1.355034911066));
#8527 = CARTESIAN_POINT('',(-3.35,0.740867717948,1.355034911066));
#8528 = ORIENTED_EDGE('',*,*,#101,.T.);
#8529 = ORIENTED_EDGE('',*,*,#8530,.T.);
#8530 = EDGE_CURVE('',#95,#24,#8531,.T.);
#8531 = B_SPLINE_CURVE_WITH_KNOTS('',1,(#8532,#8533),.UNSPECIFIED.,.F.,
  .F.,(2,2),(0.,0.15),.PIECEWISE_BEZIER_KNOTS.);
#8532 = CARTESIAN_POINT('',(-3.5,-0.741867717948,1.355034911066));
#8533 = CARTESIAN_POINT('',(-3.35,-0.741867717948,1.355034911066));
#8534 = B_SPLINE_SURFACE_WITH_KNOTS('',1,1,(
    (#8535,#8536)
    ,(#8537,#8538
    )),.UNSPECIFIED.,.F.,.F.,.F.,(2,2),(2,2),(0.,0.15),(0.,
    1.482735435897),.PIECEWISE_BEZIER_KNOTS.);
#8535 = CARTESIAN_POINT('',(-3.5,-0.741867717948,1.355034911066));
#8536 = CARTESIAN_POINT('',(-3.5,0.740867717948,1.355034911066));
#8537 = CARTESIAN_POINT('',(-3.35,-0.741867717948,1.355034911066));
#8538 = CARTESIAN_POINT('',(-3.35,0.740867717948,1.355034911066));
#8539 = ADVANCED_FACE('',(#8540),#8548,.T.);
#8540 = FACE_BOUND('',#8541,.T.);
#8541 = EDGE_LOOP('',(#8542,#8543,#8544,#8545,#8546,#8547));
#8542 = ORIENTED_EDGE('',*,*,#21,.T.);
#8543 = ORIENTED_EDGE('',*,*,#8530,.F.);
#8544 = ORIENTED_EDGE('',*,*,#94,.T.);
#8545 = ORIENTED_EDGE('',*,*,#222,.F.);
#8546 = ORIENTED_EDGE('',*,*,#1777,.F.);
#8547 = ORIENTED_EDGE('',*,*,#165,.T.);
#8548 = B_SPLINE_SURFACE_WITH_KNOTS('',1,1,(
    (#8549,#8550)
    ,(#8551,#8552
    )),.UNSPECIFIED.,.F.,.F.,.F.,(2,2),(2,2),(-0.2,0.),(-0.796386393381,
    -0.398193196691),.PIECEWISE_BEZIER_KNOTS.);
#8549 = CARTESIAN_POINT('',(-3.3,-0.741867717948,1.355034911066));
#8550 = CARTESIAN_POINT('',(-3.3,-0.741867717948,1.753228107757));
#8551 = CARTESIAN_POINT('',(-3.5,-0.741867717948,1.355034911066));
#8552 = CARTESIAN_POINT('',(-3.5,-0.741867717948,1.753228107757));
#8553 = ADVANCED_FACE('',(#8554),#8562,.T.);
#8554 = FACE_BOUND('',#8555,.T.);
#8555 = EDGE_LOOP('',(#8556,#8557,#8558,#8559,#8560,#8561));
#8556 = ORIENTED_EDGE('',*,*,#65,.T.);
#8557 = ORIENTED_EDGE('',*,*,#197,.T.);
#8558 = ORIENTED_EDGE('',*,*,#1791,.F.);
#8559 = ORIENTED_EDGE('',*,*,#246,.F.);
#8560 = ORIENTED_EDGE('',*,*,#108,.T.);
#8561 = ORIENTED_EDGE('',*,*,#8524,.T.);
#8562 = B_SPLINE_SURFACE_WITH_KNOTS('',1,1,(
    (#8563,#8564)
    ,(#8565,#8566
    )),.UNSPECIFIED.,.F.,.F.,.F.,(2,2),(2,2),(0.,0.2),(-0.796386393381,
    -0.398193196691),.PIECEWISE_BEZIER_KNOTS.);
#8563 = CARTESIAN_POINT('',(-3.5,0.740867717948,1.355034911066));
#8564 = CARTESIAN_POINT('',(-3.5,0.740867717948,1.753228107757));
#8565 = CARTESIAN_POINT('',(-3.3,0.740867717948,1.355034911066));
#8566 = CARTESIAN_POINT('',(-3.3,0.740867717948,1.753228107757));
#8567 = ADVANCED_FACE('',(#8568),#8582,.T.);
#8568 = FACE_BOUND('',#8569,.T.);
#8569 = EDGE_LOOP('',(#8570,#8575,#8576,#8581));
#8570 = ORIENTED_EDGE('',*,*,#8571,.F.);
#8571 = EDGE_CURVE('',#1685,#1937,#8572,.T.);
#8572 = B_SPLINE_CURVE_WITH_KNOTS('',1,(#8573,#8574),.UNSPECIFIED.,.F.,
  .F.,(2,2),(0.,0.212132034356),.PIECEWISE_BEZIER_KNOTS.);
#8573 = CARTESIAN_POINT('',(3.3,2.8995,2.9500001));
#8574 = CARTESIAN_POINT('',(3.15,2.8995,3.1000001));
#8575 = ORIENTED_EDGE('',*,*,#2106,.F.);
#8576 = ORIENTED_EDGE('',*,*,#8577,.F.);
#8577 = EDGE_CURVE('',#1944,#730,#8578,.T.);
#8578 = B_SPLINE_CURVE_WITH_KNOTS('',1,(#8579,#8580),.UNSPECIFIED.,.F.,
  .F.,(2,2),(0.,0.212132034356),.PIECEWISE_BEZIER_KNOTS.);
#8579 = CARTESIAN_POINT('',(2.9,3.1495,3.1000001));
#8580 = CARTESIAN_POINT('',(2.9,3.2995,2.9500001));
#8581 = ORIENTED_EDGE('',*,*,#1943,.F.);
#8582 = ( BOUNDED_SURFACE() B_SPLINE_SURFACE(2,1,(
    (#8583,#8584)
    ,(#8585,#8586)
    ,(#8587,#8588
)),.UNSPECIFIED.,.F.,.F.,.F.) B_SPLINE_SURFACE_WITH_KNOTS((3,3),(2,2),(
    1.570796326795,3.14159265359),(-1.665334536938E-16,0.212132034356),
.PIECEWISE_BEZIER_KNOTS.) GEOMETRIC_REPRESENTATION_ITEM() 
RATIONAL_B_SPLINE_SURFACE((
    (1.,1.)
    ,(0.707106781187,0.707106781187)
,(1.,1.))) REPRESENTATION_ITEM('') SURFACE() );
#8583 = CARTESIAN_POINT('',(2.9,3.1495,3.1000001));
#8584 = CARTESIAN_POINT('',(2.9,3.2995,2.9500001));
#8585 = CARTESIAN_POINT('',(3.15,3.1495,3.1000001));
#8586 = CARTESIAN_POINT('',(3.3,3.2995,2.9500001));
#8587 = CARTESIAN_POINT('',(3.15,2.8995,3.1000001));
#8588 = CARTESIAN_POINT('',(3.3,2.8995,2.9500001));
#8589 = ADVANCED_FACE('',(#8590),#8600,.T.);
#8590 = FACE_BOUND('',#8591,.T.);
#8591 = EDGE_LOOP('',(#8592,#8593,#8594,#8599));
#8592 = ORIENTED_EDGE('',*,*,#8577,.T.);
#8593 = ORIENTED_EDGE('',*,*,#729,.F.);
#8594 = ORIENTED_EDGE('',*,*,#8595,.F.);
#8595 = EDGE_CURVE('',#1952,#723,#8596,.T.);
#8596 = B_SPLINE_CURVE_WITH_KNOTS('',1,(#8597,#8598),.UNSPECIFIED.,.F.,
  .F.,(2,2),(0.,0.212132034356),.PIECEWISE_BEZIER_KNOTS.);
#8597 = CARTESIAN_POINT('',(-2.9,3.1495,3.1000001));
#8598 = CARTESIAN_POINT('',(-2.9,3.2995,2.9500001));
#8599 = ORIENTED_EDGE('',*,*,#1951,.F.);
#8600 = B_SPLINE_SURFACE_WITH_KNOTS('',1,1,(
    (#8601,#8602)
    ,(#8603,#8604
    )),.UNSPECIFIED.,.F.,.F.,.F.,(2,2),(2,2),(-2.9,2.9),(0.,
    0.212132034356),.PIECEWISE_BEZIER_KNOTS.);
#8601 = CARTESIAN_POINT('',(-2.9,3.1495,3.1000001));
#8602 = CARTESIAN_POINT('',(-2.9,3.2995,2.9500001));
#8603 = CARTESIAN_POINT('',(2.9,3.1495,3.1000001));
#8604 = CARTESIAN_POINT('',(2.9,3.2995,2.9500001));
#8605 = ADVANCED_FACE('',(#8606),#8616,.T.);
#8606 = FACE_BOUND('',#8607,.T.);
#8607 = EDGE_LOOP('',(#8608,#8609,#8610,#8615));
#8608 = ORIENTED_EDGE('',*,*,#8571,.T.);
#8609 = ORIENTED_EDGE('',*,*,#1936,.F.);
#8610 = ORIENTED_EDGE('',*,*,#8611,.F.);
#8611 = EDGE_CURVE('',#1692,#1929,#8612,.T.);
#8612 = B_SPLINE_CURVE_WITH_KNOTS('',1,(#8613,#8614),.UNSPECIFIED.,.F.,
  .F.,(2,2),(0.,0.212132034356),.PIECEWISE_BEZIER_KNOTS.);
#8613 = CARTESIAN_POINT('',(3.3,-2.9005,2.9500001));
#8614 = CARTESIAN_POINT('',(3.15,-2.9005,3.1000001));
#8615 = ORIENTED_EDGE('',*,*,#1691,.F.);
#8616 = B_SPLINE_SURFACE_WITH_KNOTS('',1,1,(
    (#8617,#8618)
    ,(#8619,#8620
    )),.UNSPECIFIED.,.F.,.F.,.F.,(2,2),(2,2),(-2.9,2.9),(
    -5.551115123126E-17,0.212132034356),.PIECEWISE_BEZIER_KNOTS.);
#8617 = CARTESIAN_POINT('',(3.15,2.8995,3.1000001));
#8618 = CARTESIAN_POINT('',(3.3,2.8995,2.9500001));
#8619 = CARTESIAN_POINT('',(3.15,-2.9005,3.1000001));
#8620 = CARTESIAN_POINT('',(3.3,-2.9005,2.9500001));
#8621 = ADVANCED_FACE('',(#8622),#8632,.T.);
#8622 = FACE_BOUND('',#8623,.T.);
#8623 = EDGE_LOOP('',(#8624,#8625,#8626,#8631));
#8624 = ORIENTED_EDGE('',*,*,#8595,.T.);
#8625 = ORIENTED_EDGE('',*,*,#2087,.F.);
#8626 = ORIENTED_EDGE('',*,*,#8627,.F.);
#8627 = EDGE_CURVE('',#1905,#1814,#8628,.T.);
#8628 = B_SPLINE_CURVE_WITH_KNOTS('',1,(#8629,#8630),.UNSPECIFIED.,.F.,
  .F.,(2,2),(0.,0.212132034356),.PIECEWISE_BEZIER_KNOTS.);
#8629 = CARTESIAN_POINT('',(-3.15,2.8995,3.1000001));
#8630 = CARTESIAN_POINT('',(-3.3,2.8995,2.9500001));
#8631 = ORIENTED_EDGE('',*,*,#1958,.F.);
#8632 = ( BOUNDED_SURFACE() B_SPLINE_SURFACE(2,1,(
    (#8633,#8634)
    ,(#8635,#8636)
    ,(#8637,#8638
)),.UNSPECIFIED.,.F.,.F.,.F.) B_SPLINE_SURFACE_WITH_KNOTS((3,3),(2,2),(
    0.,1.570796326795),(-1.570092458684E-16,0.212132034356),
.PIECEWISE_BEZIER_KNOTS.) GEOMETRIC_REPRESENTATION_ITEM() 
RATIONAL_B_SPLINE_SURFACE((
    (1.,1.)
    ,(0.707106781187,0.707106781187)
,(1.,1.))) REPRESENTATION_ITEM('') SURFACE() );
#8633 = CARTESIAN_POINT('',(-3.15,2.8995,3.1000001));
#8634 = CARTESIAN_POINT('',(-3.3,2.8995,2.9500001));
#8635 = CARTESIAN_POINT('',(-3.15,3.1495,3.1000001));
#8636 = CARTESIAN_POINT('',(-3.3,3.2995,2.9500001));
#8637 = CARTESIAN_POINT('',(-2.9,3.1495,3.1000001));
#8638 = CARTESIAN_POINT('',(-2.9,3.2995,2.9500001));
#8639 = ADVANCED_FACE('',(#8640),#8650,.T.);
#8640 = FACE_BOUND('',#8641,.T.);
#8641 = EDGE_LOOP('',(#8642,#8643,#8644,#8649));
#8642 = ORIENTED_EDGE('',*,*,#8611,.T.);
#8643 = ORIENTED_EDGE('',*,*,#1928,.F.);
#8644 = ORIENTED_EDGE('',*,*,#8645,.F.);
#8645 = EDGE_CURVE('',#1871,#1922,#8646,.T.);
#8646 = B_SPLINE_CURVE_WITH_KNOTS('',1,(#8647,#8648),.UNSPECIFIED.,.F.,
  .F.,(2,2),(0.,0.212132034356),.PIECEWISE_BEZIER_KNOTS.);
#8647 = CARTESIAN_POINT('',(2.9,-3.3005,2.9500001));
#8648 = CARTESIAN_POINT('',(2.9,-3.1505,3.1000001));
#8649 = ORIENTED_EDGE('',*,*,#2049,.F.);
#8650 = ( BOUNDED_SURFACE() B_SPLINE_SURFACE(2,1,(
    (#8651,#8652)
    ,(#8653,#8654)
    ,(#8655,#8656
)),.UNSPECIFIED.,.F.,.F.,.F.) B_SPLINE_SURFACE_WITH_KNOTS((3,3),(2,2),(
    3.14159265359,4.712388980385),(-1.665334536938E-16,0.212132034356),
.PIECEWISE_BEZIER_KNOTS.) GEOMETRIC_REPRESENTATION_ITEM() 
RATIONAL_B_SPLINE_SURFACE((
    (1.,1.)
    ,(0.707106781187,0.707106781187)
,(1.,1.))) REPRESENTATION_ITEM('') SURFACE() );
#8651 = CARTESIAN_POINT('',(3.15,-2.9005,3.1000001));
#8652 = CARTESIAN_POINT('',(3.3,-2.9005,2.9500001));
#8653 = CARTESIAN_POINT('',(3.15,-3.1505,3.1000001));
#8654 = CARTESIAN_POINT('',(3.3,-3.3005,2.9500001));
#8655 = CARTESIAN_POINT('',(2.9,-3.1505,3.1000001));
#8656 = CARTESIAN_POINT('',(2.9,-3.3005,2.9500001));
#8657 = ADVANCED_FACE('',(#8658),#8668,.T.);
#8658 = FACE_BOUND('',#8659,.T.);
#8659 = EDGE_LOOP('',(#8660,#8661,#8662,#8667));
#8660 = ORIENTED_EDGE('',*,*,#8627,.T.);
#8661 = ORIENTED_EDGE('',*,*,#1813,.F.);
#8662 = ORIENTED_EDGE('',*,*,#8663,.F.);
#8663 = EDGE_CURVE('',#1907,#1807,#8664,.T.);
#8664 = B_SPLINE_CURVE_WITH_KNOTS('',1,(#8665,#8666),.UNSPECIFIED.,.F.,
  .F.,(2,2),(0.,0.212132034356),.PIECEWISE_BEZIER_KNOTS.);
#8665 = CARTESIAN_POINT('',(-3.15,-2.9005,3.1000001));
#8666 = CARTESIAN_POINT('',(-3.3,-2.9005,2.9500001));
#8667 = ORIENTED_EDGE('',*,*,#1904,.F.);
#8668 = B_SPLINE_SURFACE_WITH_KNOTS('',1,1,(
    (#8669,#8670)
    ,(#8671,#8672
    )),.UNSPECIFIED.,.F.,.F.,.F.,(2,2),(2,2),(-2.9,2.9),(
    -4.453055789543E-17,0.212132034356),.PIECEWISE_BEZIER_KNOTS.);
#8669 = CARTESIAN_POINT('',(-3.15,-2.9005,3.1000001));
#8670 = CARTESIAN_POINT('',(-3.3,-2.9005,2.9500001));
#8671 = CARTESIAN_POINT('',(-3.15,2.8995,3.1000001));
#8672 = CARTESIAN_POINT('',(-3.3,2.8995,2.9500001));
#8673 = ADVANCED_FACE('',(#8674),#8684,.T.);
#8674 = FACE_BOUND('',#8675,.T.);
#8675 = EDGE_LOOP('',(#8676,#8677,#8678,#8683));
#8676 = ORIENTED_EDGE('',*,*,#8645,.T.);
#8677 = ORIENTED_EDGE('',*,*,#1921,.F.);
#8678 = ORIENTED_EDGE('',*,*,#8679,.F.);
#8679 = EDGE_CURVE('',#1878,#1914,#8680,.T.);
#8680 = B_SPLINE_CURVE_WITH_KNOTS('',1,(#8681,#8682),.UNSPECIFIED.,.F.,
  .F.,(2,2),(0.,0.212132034356),.PIECEWISE_BEZIER_KNOTS.);
#8681 = CARTESIAN_POINT('',(-2.9,-3.3005,2.9500001));
#8682 = CARTESIAN_POINT('',(-2.9,-3.1505,3.1000001));
#8683 = ORIENTED_EDGE('',*,*,#1877,.F.);
#8684 = B_SPLINE_SURFACE_WITH_KNOTS('',1,1,(
    (#8685,#8686)
    ,(#8687,#8688
    )),.UNSPECIFIED.,.F.,.F.,.F.,(2,2),(2,2),(-2.9,2.9),(0.,
    0.212132034356),.PIECEWISE_BEZIER_KNOTS.);
#8685 = CARTESIAN_POINT('',(2.9,-3.1505,3.1000001));
#8686 = CARTESIAN_POINT('',(2.9,-3.3005,2.9500001));
#8687 = CARTESIAN_POINT('',(-2.9,-3.1505,3.1000001));
#8688 = CARTESIAN_POINT('',(-2.9,-3.3005,2.9500001));
#8689 = ADVANCED_FACE('',(#8690),#8696,.T.);
#8690 = FACE_BOUND('',#8691,.T.);
#8691 = EDGE_LOOP('',(#8692,#8693,#8694,#8695));
#8692 = ORIENTED_EDGE('',*,*,#8663,.T.);
#8693 = ORIENTED_EDGE('',*,*,#2068,.F.);
#8694 = ORIENTED_EDGE('',*,*,#8679,.T.);
#8695 = ORIENTED_EDGE('',*,*,#1913,.F.);
#8696 = ( BOUNDED_SURFACE() B_SPLINE_SURFACE(2,1,(
    (#8697,#8698)
    ,(#8699,#8700)
    ,(#8701,#8702
)),.UNSPECIFIED.,.F.,.F.,.F.) B_SPLINE_SURFACE_WITH_KNOTS((3,3),(2,2),(
    4.712388980385,6.28318530718),(-1.665334536938E-16,0.212132034356),
.PIECEWISE_BEZIER_KNOTS.) GEOMETRIC_REPRESENTATION_ITEM() 
RATIONAL_B_SPLINE_SURFACE((
    (1.,1.)
    ,(0.707106781187,0.707106781187)
,(1.,1.))) REPRESENTATION_ITEM('') SURFACE() );
#8697 = CARTESIAN_POINT('',(-2.9,-3.1505,3.1000001));
#8698 = CARTESIAN_POINT('',(-2.9,-3.3005,2.9500001));
#8699 = CARTESIAN_POINT('',(-3.15,-3.1505,3.1000001));
#8700 = CARTESIAN_POINT('',(-3.3,-3.3005,2.9500001));
#8701 = CARTESIAN_POINT('',(-3.15,-2.9005,3.1000001));
#8702 = CARTESIAN_POINT('',(-3.3,-2.9005,2.9500001));
#8703 = ( GEOMETRIC_REPRESENTATION_CONTEXT(3) 
GLOBAL_UNCERTAINTY_ASSIGNED_CONTEXT((#8707)) 
GLOBAL_UNIT_ASSIGNED_CONTEXT((#8704,#8705,#8706)) REPRESENTATION_CONTEXT
('Context #1','3D Context with UNIT and UNCERTAINTY') );
#8704 = ( LENGTH_UNIT() NAMED_UNIT(*) SI_UNIT(.MILLI.,.METRE.) );
#8705 = ( NAMED_UNIT(*) PLANE_ANGLE_UNIT() SI_UNIT($,.RADIAN.) );
#8706 = ( NAMED_UNIT(*) SI_UNIT($,.STERADIAN.) SOLID_ANGLE_UNIT() );
#8707 = UNCERTAINTY_MEASURE_WITH_UNIT(LENGTH_MEASURE(1.E-07),#8704,
  'distance_accuracy_value','confusion accuracy');
#8708 = PRODUCT_RELATED_PRODUCT_CATEGORY('part',$,(#7));
#8709 = MECHANICAL_DESIGN_GEOMETRIC_PRESENTATION_REPRESENTATION('',(
    #8710,#8720,#8728,#8735,#8742,#8749,#8756,#8763,#8771,#8778,#8785,
    #8792,#8799,#8806,#8814,#8821,#8828,#8835,#8842,#8849,#8856,#8863,
    #8870,#8877,#8884,#8891,#8898,#8905,#8912,#8919,#8926,#8933,#8940,
    #8947,#8954,#8961,#8968,#8975,#8982,#8989,#8996,#9003,#9010,#9017,
    #9025,#9032,#9039,#9046,#9053,#9060,#9067,#9074,#9081,#9088,#9095,
    #9102,#9109,#9116,#9123,#9130,#9137,#9144,#9151,#9158,#9165,#9172,
    #9179,#9186,#9193,#9200,#9207,#9214,#9221,#9228,#9235,#9242,#9249,
    #9256,#9263,#9270,#9277,#9284,#9291,#9298,#9305,#9312,#9319,#9326,
    #9333,#9340,#9347,#9354,#9361,#9368,#9375,#9382,#9389,#9396,#9403,
    #9410,#9417,#9424,#9431,#9438,#9445,#9452,#9459,#9466,#9473,#9480,
    #9487,#9494,#9501,#9508,#9515,#9522,#9529,#9536,#9543,#9550,#9557,
    #9564,#9571,#9578,#9585,#9592,#9599,#9606,#9613,#9620,#9627,#9634,
    #9641,#9648,#9655,#9662,#9669,#9676,#9683,#9690,#9697,#9704,#9711,
    #9718,#9725,#9732,#9739,#9746,#9753,#9760,#9767,#9774,#9781,#9788,
    #9795,#9802,#9809,#9816,#9823,#9830,#9837,#9844,#9851,#9858,#9865,
    #9872,#9879,#9886,#9893,#9900,#9907,#9914,#9921,#9928,#9935,#9942,
    #9949,#9956,#9963,#9970,#9977,#9984,#9991,#9998,#10005,#10012,#10019
    ,#10026,#10033,#10040,#10047,#10054,#10061,#10068,#10075,#10082,
    #10089,#10096,#10103,#10110,#10117,#10124,#10131,#10138,#10145,
    #10152,#10159,#10166,#10173,#10180,#10187,#10194,#10201,#10208,
    #10215,#10222,#10229,#10236,#10243,#10250,#10257,#10264,#10271,
    #10278,#10285,#10292,#10299,#10306,#10313,#10320,#10327,#10334,
    #10341,#10348,#10355,#10362,#10369,#10376,#10383,#10390,#10397,
    #10404,#10411,#10418,#10425,#10432,#10439,#10446,#10453,#10460,
    #10467,#10474,#10481,#10488,#10495,#10502,#10509,#10516,#10523,
    #10530,#10537,#10544,#10551,#10558,#10565,#10572,#10579,#10586,
    #10593,#10600,#10607,#10614,#10621,#10628,#10635,#10642,#10649,
    #10656),#8703);
#8710 = STYLED_ITEM('color',(#8711),#15);
#8711 = PRESENTATION_STYLE_ASSIGNMENT((#8712,#8718));
#8712 = SURFACE_STYLE_USAGE(.BOTH.,#8713);
#8713 = SURFACE_SIDE_STYLE('',(#8714));
#8714 = SURFACE_STYLE_FILL_AREA(#8715);
#8715 = FILL_AREA_STYLE('',(#8716));
#8716 = FILL_AREA_STYLE_COLOUR('',#8717);
#8717 = DRAUGHTING_PRE_DEFINED_COLOUR('white');
#8718 = CURVE_STYLE('',#8719,POSITIVE_LENGTH_MEASURE(0.1),#8717);
#8719 = DRAUGHTING_PRE_DEFINED_CURVE_FONT('continuous');
#8720 = OVER_RIDING_STYLED_ITEM('overriding color',(#8721),#17,#8710);
#8721 = PRESENTATION_STYLE_ASSIGNMENT((#8722));
#8722 = SURFACE_STYLE_USAGE(.BOTH.,#8723);
#8723 = SURFACE_SIDE_STYLE('',(#8724));
#8724 = SURFACE_STYLE_FILL_AREA(#8725);
#8725 = FILL_AREA_STYLE('',(#8726));
#8726 = FILL_AREA_STYLE_COLOUR('',#8727);
#8727 = COLOUR_RGB('',0.850980378684,0.850980378684,0.850980378684);
#8728 = OVER_RIDING_STYLED_ITEM('overriding color',(#8729),#81,#8710);
#8729 = PRESENTATION_STYLE_ASSIGNMENT((#8730));
#8730 = SURFACE_STYLE_USAGE(.BOTH.,#8731);
#8731 = SURFACE_SIDE_STYLE('',(#8732));
#8732 = SURFACE_STYLE_FILL_AREA(#8733);
#8733 = FILL_AREA_STYLE('',(#8734));
#8734 = FILL_AREA_STYLE_COLOUR('',#8727);
#8735 = OVER_RIDING_STYLED_ITEM('overriding color',(#8736),#145,#8710);
#8736 = PRESENTATION_STYLE_ASSIGNMENT((#8737));
#8737 = SURFACE_STYLE_USAGE(.BOTH.,#8738);
#8738 = SURFACE_SIDE_STYLE('',(#8739));
#8739 = SURFACE_STYLE_FILL_AREA(#8740);
#8740 = FILL_AREA_STYLE('',(#8741));
#8741 = FILL_AREA_STYLE_COLOUR('',#8727);
#8742 = OVER_RIDING_STYLED_ITEM('overriding color',(#8743),#177,#8710);
#8743 = PRESENTATION_STYLE_ASSIGNMENT((#8744));
#8744 = SURFACE_STYLE_USAGE(.BOTH.,#8745);
#8745 = SURFACE_SIDE_STYLE('',(#8746));
#8746 = SURFACE_STYLE_FILL_AREA(#8747);
#8747 = FILL_AREA_STYLE('',(#8748));
#8748 = FILL_AREA_STYLE_COLOUR('',#8727);
#8749 = OVER_RIDING_STYLED_ITEM('overriding color',(#8750),#209,#8710);
#8750 = PRESENTATION_STYLE_ASSIGNMENT((#8751));
#8751 = SURFACE_STYLE_USAGE(.BOTH.,#8752);
#8752 = SURFACE_SIDE_STYLE('',(#8753));
#8753 = SURFACE_STYLE_FILL_AREA(#8754);
#8754 = FILL_AREA_STYLE('',(#8755));
#8755 = FILL_AREA_STYLE_COLOUR('',#8727);
#8756 = OVER_RIDING_STYLED_ITEM('overriding color',(#8757),#241,#8710);
#8757 = PRESENTATION_STYLE_ASSIGNMENT((#8758));
#8758 = SURFACE_STYLE_USAGE(.BOTH.,#8759);
#8759 = SURFACE_SIDE_STYLE('',(#8760));
#8760 = SURFACE_STYLE_FILL_AREA(#8761);
#8761 = FILL_AREA_STYLE('',(#8762));
#8762 = FILL_AREA_STYLE_COLOUR('',#8727);
#8763 = OVER_RIDING_STYLED_ITEM('overriding color',(#8764),#273,#8710);
#8764 = PRESENTATION_STYLE_ASSIGNMENT((#8765));
#8765 = SURFACE_STYLE_USAGE(.BOTH.,#8766);
#8766 = SURFACE_SIDE_STYLE('',(#8767));
#8767 = SURFACE_STYLE_FILL_AREA(#8768);
#8768 = FILL_AREA_STYLE('',(#8769));
#8769 = FILL_AREA_STYLE_COLOUR('',#8770);
#8770 = COLOUR_RGB('',0.647058827698,0.647058827698,0.647058827698);
#8771 = OVER_RIDING_STYLED_ITEM('overriding color',(#8772),#1678,#8710);
#8772 = PRESENTATION_STYLE_ASSIGNMENT((#8773));
#8773 = SURFACE_STYLE_USAGE(.BOTH.,#8774);
#8774 = SURFACE_SIDE_STYLE('',(#8775));
#8775 = SURFACE_STYLE_FILL_AREA(#8776);
#8776 = FILL_AREA_STYLE('',(#8777));
#8777 = FILL_AREA_STYLE_COLOUR('',#8770);
#8778 = OVER_RIDING_STYLED_ITEM('overriding color',(#8779),#1772,#8710);
#8779 = PRESENTATION_STYLE_ASSIGNMENT((#8780));
#8780 = SURFACE_STYLE_USAGE(.BOTH.,#8781);
#8781 = SURFACE_SIDE_STYLE('',(#8782));
#8782 = SURFACE_STYLE_FILL_AREA(#8783);
#8783 = FILL_AREA_STYLE('',(#8784));
#8784 = FILL_AREA_STYLE_COLOUR('',#8770);
#8785 = OVER_RIDING_STYLED_ITEM('overriding color',(#8786),#1864,#8710);
#8786 = PRESENTATION_STYLE_ASSIGNMENT((#8787));
#8787 = SURFACE_STYLE_USAGE(.BOTH.,#8788);
#8788 = SURFACE_SIDE_STYLE('',(#8789));
#8789 = SURFACE_STYLE_FILL_AREA(#8790);
#8790 = FILL_AREA_STYLE('',(#8791));
#8791 = FILL_AREA_STYLE_COLOUR('',#8770);
#8792 = OVER_RIDING_STYLED_ITEM('overriding color',(#8793),#1900,#8710);
#8793 = PRESENTATION_STYLE_ASSIGNMENT((#8794));
#8794 = SURFACE_STYLE_USAGE(.BOTH.,#8795);
#8795 = SURFACE_SIDE_STYLE('',(#8796));
#8796 = SURFACE_STYLE_FILL_AREA(#8797);
#8797 = FILL_AREA_STYLE('',(#8798));
#8798 = FILL_AREA_STYLE_COLOUR('',#8770);
#8799 = OVER_RIDING_STYLED_ITEM('overriding color',(#8800),#1968,#8710);
#8800 = PRESENTATION_STYLE_ASSIGNMENT((#8801));
#8801 = SURFACE_STYLE_USAGE(.BOTH.,#8802);
#8802 = SURFACE_SIDE_STYLE('',(#8803));
#8803 = SURFACE_STYLE_FILL_AREA(#8804);
#8804 = FILL_AREA_STYLE('',(#8805));
#8805 = FILL_AREA_STYLE_COLOUR('',#8770);
#8806 = OVER_RIDING_STYLED_ITEM('overriding color',(#8807),#2044,#8710);
#8807 = PRESENTATION_STYLE_ASSIGNMENT((#8808));
#8808 = SURFACE_STYLE_USAGE(.BOTH.,#8809);
#8809 = SURFACE_SIDE_STYLE('',(#8810));
#8810 = SURFACE_STYLE_FILL_AREA(#8811);
#8811 = FILL_AREA_STYLE('',(#8812));
#8812 = FILL_AREA_STYLE_COLOUR('',#8813);
#8813 = COLOUR_RGB('',0.752941164258,0.752941164258,0.752941164258);
#8814 = OVER_RIDING_STYLED_ITEM('overriding color',(#8815),#2063,#8710);
#8815 = PRESENTATION_STYLE_ASSIGNMENT((#8816));
#8816 = SURFACE_STYLE_USAGE(.BOTH.,#8817);
#8817 = SURFACE_SIDE_STYLE('',(#8818));
#8818 = SURFACE_STYLE_FILL_AREA(#8819);
#8819 = FILL_AREA_STYLE('',(#8820));
#8820 = FILL_AREA_STYLE_COLOUR('',#8813);
#8821 = OVER_RIDING_STYLED_ITEM('overriding color',(#8822),#2082,#8710);
#8822 = PRESENTATION_STYLE_ASSIGNMENT((#8823));
#8823 = SURFACE_STYLE_USAGE(.BOTH.,#8824);
#8824 = SURFACE_SIDE_STYLE('',(#8825));
#8825 = SURFACE_STYLE_FILL_AREA(#8826);
#8826 = FILL_AREA_STYLE('',(#8827));
#8827 = FILL_AREA_STYLE_COLOUR('',#8813);
#8828 = OVER_RIDING_STYLED_ITEM('overriding color',(#8829),#2101,#8710);
#8829 = PRESENTATION_STYLE_ASSIGNMENT((#8830));
#8830 = SURFACE_STYLE_USAGE(.BOTH.,#8831);
#8831 = SURFACE_SIDE_STYLE('',(#8832));
#8832 = SURFACE_STYLE_FILL_AREA(#8833);
#8833 = FILL_AREA_STYLE('',(#8834));
#8834 = FILL_AREA_STYLE_COLOUR('',#8813);
#8835 = OVER_RIDING_STYLED_ITEM('overriding color',(#8836),#2120,#8710);
#8836 = PRESENTATION_STYLE_ASSIGNMENT((#8837));
#8837 = SURFACE_STYLE_USAGE(.BOTH.,#8838);
#8838 = SURFACE_SIDE_STYLE('',(#8839));
#8839 = SURFACE_STYLE_FILL_AREA(#8840);
#8840 = FILL_AREA_STYLE('',(#8841));
#8841 = FILL_AREA_STYLE_COLOUR('',#8813);
#8842 = OVER_RIDING_STYLED_ITEM('overriding color',(#8843),#2148,#8710);
#8843 = PRESENTATION_STYLE_ASSIGNMENT((#8844));
#8844 = SURFACE_STYLE_USAGE(.BOTH.,#8845);
#8845 = SURFACE_SIDE_STYLE('',(#8846));
#8846 = SURFACE_STYLE_FILL_AREA(#8847);
#8847 = FILL_AREA_STYLE('',(#8848));
#8848 = FILL_AREA_STYLE_COLOUR('',#8813);
#8849 = OVER_RIDING_STYLED_ITEM('overriding color',(#8850),#2176,#8710);
#8850 = PRESENTATION_STYLE_ASSIGNMENT((#8851));
#8851 = SURFACE_STYLE_USAGE(.BOTH.,#8852);
#8852 = SURFACE_SIDE_STYLE('',(#8853));
#8853 = SURFACE_STYLE_FILL_AREA(#8854);
#8854 = FILL_AREA_STYLE('',(#8855));
#8855 = FILL_AREA_STYLE_COLOUR('',#8813);
#8856 = OVER_RIDING_STYLED_ITEM('overriding color',(#8857),#2192,#8710);
#8857 = PRESENTATION_STYLE_ASSIGNMENT((#8858));
#8858 = SURFACE_STYLE_USAGE(.BOTH.,#8859);
#8859 = SURFACE_SIDE_STYLE('',(#8860));
#8860 = SURFACE_STYLE_FILL_AREA(#8861);
#8861 = FILL_AREA_STYLE('',(#8862));
#8862 = FILL_AREA_STYLE_COLOUR('',#8813);
#8863 = OVER_RIDING_STYLED_ITEM('overriding color',(#8864),#2208,#8710);
#8864 = PRESENTATION_STYLE_ASSIGNMENT((#8865));
#8865 = SURFACE_STYLE_USAGE(.BOTH.,#8866);
#8866 = SURFACE_SIDE_STYLE('',(#8867));
#8867 = SURFACE_STYLE_FILL_AREA(#8868);
#8868 = FILL_AREA_STYLE('',(#8869));
#8869 = FILL_AREA_STYLE_COLOUR('',#8813);
#8870 = OVER_RIDING_STYLED_ITEM('overriding color',(#8871),#2220,#8710);
#8871 = PRESENTATION_STYLE_ASSIGNMENT((#8872));
#8872 = SURFACE_STYLE_USAGE(.BOTH.,#8873);
#8873 = SURFACE_SIDE_STYLE('',(#8874));
#8874 = SURFACE_STYLE_FILL_AREA(#8875);
#8875 = FILL_AREA_STYLE('',(#8876));
#8876 = FILL_AREA_STYLE_COLOUR('',#8813);
#8877 = OVER_RIDING_STYLED_ITEM('overriding color',(#8878),#2236,#8710);
#8878 = PRESENTATION_STYLE_ASSIGNMENT((#8879));
#8879 = SURFACE_STYLE_USAGE(.BOTH.,#8880);
#8880 = SURFACE_SIDE_STYLE('',(#8881));
#8881 = SURFACE_STYLE_FILL_AREA(#8882);
#8882 = FILL_AREA_STYLE('',(#8883));
#8883 = FILL_AREA_STYLE_COLOUR('',#8813);
#8884 = OVER_RIDING_STYLED_ITEM('overriding color',(#8885),#2252,#8710);
#8885 = PRESENTATION_STYLE_ASSIGNMENT((#8886));
#8886 = SURFACE_STYLE_USAGE(.BOTH.,#8887);
#8887 = SURFACE_SIDE_STYLE('',(#8888));
#8888 = SURFACE_STYLE_FILL_AREA(#8889);
#8889 = FILL_AREA_STYLE('',(#8890));
#8890 = FILL_AREA_STYLE_COLOUR('',#8813);
#8891 = OVER_RIDING_STYLED_ITEM('overriding color',(#8892),#2264,#8710);
#8892 = PRESENTATION_STYLE_ASSIGNMENT((#8893));
#8893 = SURFACE_STYLE_USAGE(.BOTH.,#8894);
#8894 = SURFACE_SIDE_STYLE('',(#8895));
#8895 = SURFACE_STYLE_FILL_AREA(#8896);
#8896 = FILL_AREA_STYLE('',(#8897));
#8897 = FILL_AREA_STYLE_COLOUR('',#8727);
#8898 = OVER_RIDING_STYLED_ITEM('overriding color',(#8899),#2296,#8710);
#8899 = PRESENTATION_STYLE_ASSIGNMENT((#8900));
#8900 = SURFACE_STYLE_USAGE(.BOTH.,#8901);
#8901 = SURFACE_SIDE_STYLE('',(#8902));
#8902 = SURFACE_STYLE_FILL_AREA(#8903);
#8903 = FILL_AREA_STYLE('',(#8904));
#8904 = FILL_AREA_STYLE_COLOUR('',#8727);
#8905 = OVER_RIDING_STYLED_ITEM('overriding color',(#8906),#2324,#8710);
#8906 = PRESENTATION_STYLE_ASSIGNMENT((#8907));
#8907 = SURFACE_STYLE_USAGE(.BOTH.,#8908);
#8908 = SURFACE_SIDE_STYLE('',(#8909));
#8909 = SURFACE_STYLE_FILL_AREA(#8910);
#8910 = FILL_AREA_STYLE('',(#8911));
#8911 = FILL_AREA_STYLE_COLOUR('',#8727);
#8912 = OVER_RIDING_STYLED_ITEM('overriding color',(#8913),#2352,#8710);
#8913 = PRESENTATION_STYLE_ASSIGNMENT((#8914));
#8914 = SURFACE_STYLE_USAGE(.BOTH.,#8915);
#8915 = SURFACE_SIDE_STYLE('',(#8916));
#8916 = SURFACE_STYLE_FILL_AREA(#8917);
#8917 = FILL_AREA_STYLE('',(#8918));
#8918 = FILL_AREA_STYLE_COLOUR('',#8727);
#8919 = OVER_RIDING_STYLED_ITEM('overriding color',(#8920),#2380,#8710);
#8920 = PRESENTATION_STYLE_ASSIGNMENT((#8921));
#8921 = SURFACE_STYLE_USAGE(.BOTH.,#8922);
#8922 = SURFACE_SIDE_STYLE('',(#8923));
#8923 = SURFACE_STYLE_FILL_AREA(#8924);
#8924 = FILL_AREA_STYLE('',(#8925));
#8925 = FILL_AREA_STYLE_COLOUR('',#8727);
#8926 = OVER_RIDING_STYLED_ITEM('overriding color',(#8927),#2404,#8710);
#8927 = PRESENTATION_STYLE_ASSIGNMENT((#8928));
#8928 = SURFACE_STYLE_USAGE(.BOTH.,#8929);
#8929 = SURFACE_SIDE_STYLE('',(#8930));
#8930 = SURFACE_STYLE_FILL_AREA(#8931);
#8931 = FILL_AREA_STYLE('',(#8932));
#8932 = FILL_AREA_STYLE_COLOUR('',#8727);
#8933 = OVER_RIDING_STYLED_ITEM('overriding color',(#8934),#2422,#8710);
#8934 = PRESENTATION_STYLE_ASSIGNMENT((#8935));
#8935 = SURFACE_STYLE_USAGE(.BOTH.,#8936);
#8936 = SURFACE_SIDE_STYLE('',(#8937));
#8937 = SURFACE_STYLE_FILL_AREA(#8938);
#8938 = FILL_AREA_STYLE('',(#8939));
#8939 = FILL_AREA_STYLE_COLOUR('',#8727);
#8940 = OVER_RIDING_STYLED_ITEM('overriding color',(#8941),#2440,#8710);
#8941 = PRESENTATION_STYLE_ASSIGNMENT((#8942));
#8942 = SURFACE_STYLE_USAGE(.BOTH.,#8943);
#8943 = SURFACE_SIDE_STYLE('',(#8944));
#8944 = SURFACE_STYLE_FILL_AREA(#8945);
#8945 = FILL_AREA_STYLE('',(#8946));
#8946 = FILL_AREA_STYLE_COLOUR('',#8727);
#8947 = OVER_RIDING_STYLED_ITEM('overriding color',(#8948),#2514,#8710);
#8948 = PRESENTATION_STYLE_ASSIGNMENT((#8949));
#8949 = SURFACE_STYLE_USAGE(.BOTH.,#8950);
#8950 = SURFACE_SIDE_STYLE('',(#8951));
#8951 = SURFACE_STYLE_FILL_AREA(#8952);
#8952 = FILL_AREA_STYLE('',(#8953));
#8953 = FILL_AREA_STYLE_COLOUR('',#8727);
#8954 = OVER_RIDING_STYLED_ITEM('overriding color',(#8955),#2588,#8710);
#8955 = PRESENTATION_STYLE_ASSIGNMENT((#8956));
#8956 = SURFACE_STYLE_USAGE(.BOTH.,#8957);
#8957 = SURFACE_SIDE_STYLE('',(#8958));
#8958 = SURFACE_STYLE_FILL_AREA(#8959);
#8959 = FILL_AREA_STYLE('',(#8960));
#8960 = FILL_AREA_STYLE_COLOUR('',#8727);
#8961 = OVER_RIDING_STYLED_ITEM('overriding color',(#8962),#2606,#8710);
#8962 = PRESENTATION_STYLE_ASSIGNMENT((#8963));
#8963 = SURFACE_STYLE_USAGE(.BOTH.,#8964);
#8964 = SURFACE_SIDE_STYLE('',(#8965));
#8965 = SURFACE_STYLE_FILL_AREA(#8966);
#8966 = FILL_AREA_STYLE('',(#8967));
#8967 = FILL_AREA_STYLE_COLOUR('',#8727);
#8968 = OVER_RIDING_STYLED_ITEM('overriding color',(#8969),#2622,#8710);
#8969 = PRESENTATION_STYLE_ASSIGNMENT((#8970));
#8970 = SURFACE_STYLE_USAGE(.BOTH.,#8971);
#8971 = SURFACE_SIDE_STYLE('',(#8972));
#8972 = SURFACE_STYLE_FILL_AREA(#8973);
#8973 = FILL_AREA_STYLE('',(#8974));
#8974 = FILL_AREA_STYLE_COLOUR('',#8727);
#8975 = OVER_RIDING_STYLED_ITEM('overriding color',(#8976),#2640,#8710);
#8976 = PRESENTATION_STYLE_ASSIGNMENT((#8977));
#8977 = SURFACE_STYLE_USAGE(.BOTH.,#8978);
#8978 = SURFACE_SIDE_STYLE('',(#8979));
#8979 = SURFACE_STYLE_FILL_AREA(#8980);
#8980 = FILL_AREA_STYLE('',(#8981));
#8981 = FILL_AREA_STYLE_COLOUR('',#8727);
#8982 = OVER_RIDING_STYLED_ITEM('overriding color',(#8983),#2656,#8710);
#8983 = PRESENTATION_STYLE_ASSIGNMENT((#8984));
#8984 = SURFACE_STYLE_USAGE(.BOTH.,#8985);
#8985 = SURFACE_SIDE_STYLE('',(#8986));
#8986 = SURFACE_STYLE_FILL_AREA(#8987);
#8987 = FILL_AREA_STYLE('',(#8988));
#8988 = FILL_AREA_STYLE_COLOUR('',#8727);
#8989 = OVER_RIDING_STYLED_ITEM('overriding color',(#8990),#2672,#8710);
#8990 = PRESENTATION_STYLE_ASSIGNMENT((#8991));
#8991 = SURFACE_STYLE_USAGE(.BOTH.,#8992);
#8992 = SURFACE_SIDE_STYLE('',(#8993));
#8993 = SURFACE_STYLE_FILL_AREA(#8994);
#8994 = FILL_AREA_STYLE('',(#8995));
#8995 = FILL_AREA_STYLE_COLOUR('',#8727);
#8996 = OVER_RIDING_STYLED_ITEM('overriding color',(#8997),#2688,#8710);
#8997 = PRESENTATION_STYLE_ASSIGNMENT((#8998));
#8998 = SURFACE_STYLE_USAGE(.BOTH.,#8999);
#8999 = SURFACE_SIDE_STYLE('',(#9000));
#9000 = SURFACE_STYLE_FILL_AREA(#9001);
#9001 = FILL_AREA_STYLE('',(#9002));
#9002 = FILL_AREA_STYLE_COLOUR('',#8727);
#9003 = OVER_RIDING_STYLED_ITEM('overriding color',(#9004),#2706,#8710);
#9004 = PRESENTATION_STYLE_ASSIGNMENT((#9005));
#9005 = SURFACE_STYLE_USAGE(.BOTH.,#9006);
#9006 = SURFACE_SIDE_STYLE('',(#9007));
#9007 = SURFACE_STYLE_FILL_AREA(#9008);
#9008 = FILL_AREA_STYLE('',(#9009));
#9009 = FILL_AREA_STYLE_COLOUR('',#8727);
#9010 = OVER_RIDING_STYLED_ITEM('overriding color',(#9011),#2722,#8710);
#9011 = PRESENTATION_STYLE_ASSIGNMENT((#9012));
#9012 = SURFACE_STYLE_USAGE(.BOTH.,#9013);
#9013 = SURFACE_SIDE_STYLE('',(#9014));
#9014 = SURFACE_STYLE_FILL_AREA(#9015);
#9015 = FILL_AREA_STYLE('',(#9016));
#9016 = FILL_AREA_STYLE_COLOUR('',#8727);
#9017 = OVER_RIDING_STYLED_ITEM('overriding color',(#9018),#2736,#8710);
#9018 = PRESENTATION_STYLE_ASSIGNMENT((#9019));
#9019 = SURFACE_STYLE_USAGE(.BOTH.,#9020);
#9020 = SURFACE_SIDE_STYLE('',(#9021));
#9021 = SURFACE_STYLE_FILL_AREA(#9022);
#9022 = FILL_AREA_STYLE('',(#9023));
#9023 = FILL_AREA_STYLE_COLOUR('',#9024);
#9024 = DRAUGHTING_PRE_DEFINED_COLOUR('black');
#9025 = OVER_RIDING_STYLED_ITEM('overriding color',(#9026),#2764,#8710);
#9026 = PRESENTATION_STYLE_ASSIGNMENT((#9027));
#9027 = SURFACE_STYLE_USAGE(.BOTH.,#9028);
#9028 = SURFACE_SIDE_STYLE('',(#9029));
#9029 = SURFACE_STYLE_FILL_AREA(#9030);
#9030 = FILL_AREA_STYLE('',(#9031));
#9031 = FILL_AREA_STYLE_COLOUR('',#9024);
#9032 = OVER_RIDING_STYLED_ITEM('overriding color',(#9033),#2786,#8710);
#9033 = PRESENTATION_STYLE_ASSIGNMENT((#9034));
#9034 = SURFACE_STYLE_USAGE(.BOTH.,#9035);
#9035 = SURFACE_SIDE_STYLE('',(#9036));
#9036 = SURFACE_STYLE_FILL_AREA(#9037);
#9037 = FILL_AREA_STYLE('',(#9038));
#9038 = FILL_AREA_STYLE_COLOUR('',#9024);
#9039 = OVER_RIDING_STYLED_ITEM('overriding color',(#9040),#2808,#8710);
#9040 = PRESENTATION_STYLE_ASSIGNMENT((#9041));
#9041 = SURFACE_STYLE_USAGE(.BOTH.,#9042);
#9042 = SURFACE_SIDE_STYLE('',(#9043));
#9043 = SURFACE_STYLE_FILL_AREA(#9044);
#9044 = FILL_AREA_STYLE('',(#9045));
#9045 = FILL_AREA_STYLE_COLOUR('',#9024);
#9046 = OVER_RIDING_STYLED_ITEM('overriding color',(#9047),#2830,#8710);
#9047 = PRESENTATION_STYLE_ASSIGNMENT((#9048));
#9048 = SURFACE_STYLE_USAGE(.BOTH.,#9049);
#9049 = SURFACE_SIDE_STYLE('',(#9050));
#9050 = SURFACE_STYLE_FILL_AREA(#9051);
#9051 = FILL_AREA_STYLE('',(#9052));
#9052 = FILL_AREA_STYLE_COLOUR('',#9024);
#9053 = OVER_RIDING_STYLED_ITEM('overriding color',(#9054),#2852,#8710);
#9054 = PRESENTATION_STYLE_ASSIGNMENT((#9055));
#9055 = SURFACE_STYLE_USAGE(.BOTH.,#9056);
#9056 = SURFACE_SIDE_STYLE('',(#9057));
#9057 = SURFACE_STYLE_FILL_AREA(#9058);
#9058 = FILL_AREA_STYLE('',(#9059));
#9059 = FILL_AREA_STYLE_COLOUR('',#9024);
#9060 = OVER_RIDING_STYLED_ITEM('overriding color',(#9061),#2868,#8710);
#9061 = PRESENTATION_STYLE_ASSIGNMENT((#9062));
#9062 = SURFACE_STYLE_USAGE(.BOTH.,#9063);
#9063 = SURFACE_SIDE_STYLE('',(#9064));
#9064 = SURFACE_STYLE_FILL_AREA(#9065);
#9065 = FILL_AREA_STYLE('',(#9066));
#9066 = FILL_AREA_STYLE_COLOUR('',#9024);
#9067 = OVER_RIDING_STYLED_ITEM('overriding color',(#9068),#2882,#8710);
#9068 = PRESENTATION_STYLE_ASSIGNMENT((#9069));
#9069 = SURFACE_STYLE_USAGE(.BOTH.,#9070);
#9070 = SURFACE_SIDE_STYLE('',(#9071));
#9071 = SURFACE_STYLE_FILL_AREA(#9072);
#9072 = FILL_AREA_STYLE('',(#9073));
#9073 = FILL_AREA_STYLE_COLOUR('',#9024);
#9074 = OVER_RIDING_STYLED_ITEM('overriding color',(#9075),#2916,#8710);
#9075 = PRESENTATION_STYLE_ASSIGNMENT((#9076));
#9076 = SURFACE_STYLE_USAGE(.BOTH.,#9077);
#9077 = SURFACE_SIDE_STYLE('',(#9078));
#9078 = SURFACE_STYLE_FILL_AREA(#9079);
#9079 = FILL_AREA_STYLE('',(#9080));
#9080 = FILL_AREA_STYLE_COLOUR('',#9024);
#9081 = OVER_RIDING_STYLED_ITEM('overriding color',(#9082),#2938,#8710);
#9082 = PRESENTATION_STYLE_ASSIGNMENT((#9083));
#9083 = SURFACE_STYLE_USAGE(.BOTH.,#9084);
#9084 = SURFACE_SIDE_STYLE('',(#9085));
#9085 = SURFACE_STYLE_FILL_AREA(#9086);
#9086 = FILL_AREA_STYLE('',(#9087));
#9087 = FILL_AREA_STYLE_COLOUR('',#9024);
#9088 = OVER_RIDING_STYLED_ITEM('overriding color',(#9089),#2966,#8710);
#9089 = PRESENTATION_STYLE_ASSIGNMENT((#9090));
#9090 = SURFACE_STYLE_USAGE(.BOTH.,#9091);
#9091 = SURFACE_SIDE_STYLE('',(#9092));
#9092 = SURFACE_STYLE_FILL_AREA(#9093);
#9093 = FILL_AREA_STYLE('',(#9094));
#9094 = FILL_AREA_STYLE_COLOUR('',#9024);
#9095 = OVER_RIDING_STYLED_ITEM('overriding color',(#9096),#2994,#8710);
#9096 = PRESENTATION_STYLE_ASSIGNMENT((#9097));
#9097 = SURFACE_STYLE_USAGE(.BOTH.,#9098);
#9098 = SURFACE_SIDE_STYLE('',(#9099));
#9099 = SURFACE_STYLE_FILL_AREA(#9100);
#9100 = FILL_AREA_STYLE('',(#9101));
#9101 = FILL_AREA_STYLE_COLOUR('',#9024);
#9102 = OVER_RIDING_STYLED_ITEM('overriding color',(#9103),#3022,#8710);
#9103 = PRESENTATION_STYLE_ASSIGNMENT((#9104));
#9104 = SURFACE_STYLE_USAGE(.BOTH.,#9105);
#9105 = SURFACE_SIDE_STYLE('',(#9106));
#9106 = SURFACE_STYLE_FILL_AREA(#9107);
#9107 = FILL_AREA_STYLE('',(#9108));
#9108 = FILL_AREA_STYLE_COLOUR('',#9024);
#9109 = OVER_RIDING_STYLED_ITEM('overriding color',(#9110),#3050,#8710);
#9110 = PRESENTATION_STYLE_ASSIGNMENT((#9111));
#9111 = SURFACE_STYLE_USAGE(.BOTH.,#9112);
#9112 = SURFACE_SIDE_STYLE('',(#9113));
#9113 = SURFACE_STYLE_FILL_AREA(#9114);
#9114 = FILL_AREA_STYLE('',(#9115));
#9115 = FILL_AREA_STYLE_COLOUR('',#9024);
#9116 = OVER_RIDING_STYLED_ITEM('overriding color',(#9117),#3078,#8710);
#9117 = PRESENTATION_STYLE_ASSIGNMENT((#9118));
#9118 = SURFACE_STYLE_USAGE(.BOTH.,#9119);
#9119 = SURFACE_SIDE_STYLE('',(#9120));
#9120 = SURFACE_STYLE_FILL_AREA(#9121);
#9121 = FILL_AREA_STYLE('',(#9122));
#9122 = FILL_AREA_STYLE_COLOUR('',#9024);
#9123 = OVER_RIDING_STYLED_ITEM('overriding color',(#9124),#3106,#8710);
#9124 = PRESENTATION_STYLE_ASSIGNMENT((#9125));
#9125 = SURFACE_STYLE_USAGE(.BOTH.,#9126);
#9126 = SURFACE_SIDE_STYLE('',(#9127));
#9127 = SURFACE_STYLE_FILL_AREA(#9128);
#9128 = FILL_AREA_STYLE('',(#9129));
#9129 = FILL_AREA_STYLE_COLOUR('',#9024);
#9130 = OVER_RIDING_STYLED_ITEM('overriding color',(#9131),#3128,#8710);
#9131 = PRESENTATION_STYLE_ASSIGNMENT((#9132));
#9132 = SURFACE_STYLE_USAGE(.BOTH.,#9133);
#9133 = SURFACE_SIDE_STYLE('',(#9134));
#9134 = SURFACE_STYLE_FILL_AREA(#9135);
#9135 = FILL_AREA_STYLE('',(#9136));
#9136 = FILL_AREA_STYLE_COLOUR('',#9024);
#9137 = OVER_RIDING_STYLED_ITEM('overriding color',(#9138),#3156,#8710);
#9138 = PRESENTATION_STYLE_ASSIGNMENT((#9139));
#9139 = SURFACE_STYLE_USAGE(.BOTH.,#9140);
#9140 = SURFACE_SIDE_STYLE('',(#9141));
#9141 = SURFACE_STYLE_FILL_AREA(#9142);
#9142 = FILL_AREA_STYLE('',(#9143));
#9143 = FILL_AREA_STYLE_COLOUR('',#9024);
#9144 = OVER_RIDING_STYLED_ITEM('overriding color',(#9145),#3184,#8710);
#9145 = PRESENTATION_STYLE_ASSIGNMENT((#9146));
#9146 = SURFACE_STYLE_USAGE(.BOTH.,#9147);
#9147 = SURFACE_SIDE_STYLE('',(#9148));
#9148 = SURFACE_STYLE_FILL_AREA(#9149);
#9149 = FILL_AREA_STYLE('',(#9150));
#9150 = FILL_AREA_STYLE_COLOUR('',#9024);
#9151 = OVER_RIDING_STYLED_ITEM('overriding color',(#9152),#3212,#8710);
#9152 = PRESENTATION_STYLE_ASSIGNMENT((#9153));
#9153 = SURFACE_STYLE_USAGE(.BOTH.,#9154);
#9154 = SURFACE_SIDE_STYLE('',(#9155));
#9155 = SURFACE_STYLE_FILL_AREA(#9156);
#9156 = FILL_AREA_STYLE('',(#9157));
#9157 = FILL_AREA_STYLE_COLOUR('',#9024);
#9158 = OVER_RIDING_STYLED_ITEM('overriding color',(#9159),#3240,#8710);
#9159 = PRESENTATION_STYLE_ASSIGNMENT((#9160));
#9160 = SURFACE_STYLE_USAGE(.BOTH.,#9161);
#9161 = SURFACE_SIDE_STYLE('',(#9162));
#9162 = SURFACE_STYLE_FILL_AREA(#9163);
#9163 = FILL_AREA_STYLE('',(#9164));
#9164 = FILL_AREA_STYLE_COLOUR('',#9024);
#9165 = OVER_RIDING_STYLED_ITEM('overriding color',(#9166),#3262,#8710);
#9166 = PRESENTATION_STYLE_ASSIGNMENT((#9167));
#9167 = SURFACE_STYLE_USAGE(.BOTH.,#9168);
#9168 = SURFACE_SIDE_STYLE('',(#9169));
#9169 = SURFACE_STYLE_FILL_AREA(#9170);
#9170 = FILL_AREA_STYLE('',(#9171));
#9171 = FILL_AREA_STYLE_COLOUR('',#9024);
#9172 = OVER_RIDING_STYLED_ITEM('overriding color',(#9173),#3284,#8710);
#9173 = PRESENTATION_STYLE_ASSIGNMENT((#9174));
#9174 = SURFACE_STYLE_USAGE(.BOTH.,#9175);
#9175 = SURFACE_SIDE_STYLE('',(#9176));
#9176 = SURFACE_STYLE_FILL_AREA(#9177);
#9177 = FILL_AREA_STYLE('',(#9178));
#9178 = FILL_AREA_STYLE_COLOUR('',#9024);
#9179 = OVER_RIDING_STYLED_ITEM('overriding color',(#9180),#3312,#8710);
#9180 = PRESENTATION_STYLE_ASSIGNMENT((#9181));
#9181 = SURFACE_STYLE_USAGE(.BOTH.,#9182);
#9182 = SURFACE_SIDE_STYLE('',(#9183));
#9183 = SURFACE_STYLE_FILL_AREA(#9184);
#9184 = FILL_AREA_STYLE('',(#9185));
#9185 = FILL_AREA_STYLE_COLOUR('',#9024);
#9186 = OVER_RIDING_STYLED_ITEM('overriding color',(#9187),#3334,#8710);
#9187 = PRESENTATION_STYLE_ASSIGNMENT((#9188));
#9188 = SURFACE_STYLE_USAGE(.BOTH.,#9189);
#9189 = SURFACE_SIDE_STYLE('',(#9190));
#9190 = SURFACE_STYLE_FILL_AREA(#9191);
#9191 = FILL_AREA_STYLE('',(#9192));
#9192 = FILL_AREA_STYLE_COLOUR('',#9024);
#9193 = OVER_RIDING_STYLED_ITEM('overriding color',(#9194),#3356,#8710);
#9194 = PRESENTATION_STYLE_ASSIGNMENT((#9195));
#9195 = SURFACE_STYLE_USAGE(.BOTH.,#9196);
#9196 = SURFACE_SIDE_STYLE('',(#9197));
#9197 = SURFACE_STYLE_FILL_AREA(#9198);
#9198 = FILL_AREA_STYLE('',(#9199));
#9199 = FILL_AREA_STYLE_COLOUR('',#9024);
#9200 = OVER_RIDING_STYLED_ITEM('overriding color',(#9201),#3378,#8710);
#9201 = PRESENTATION_STYLE_ASSIGNMENT((#9202));
#9202 = SURFACE_STYLE_USAGE(.BOTH.,#9203);
#9203 = SURFACE_SIDE_STYLE('',(#9204));
#9204 = SURFACE_STYLE_FILL_AREA(#9205);
#9205 = FILL_AREA_STYLE('',(#9206));
#9206 = FILL_AREA_STYLE_COLOUR('',#9024);
#9207 = OVER_RIDING_STYLED_ITEM('overriding color',(#9208),#3400,#8710);
#9208 = PRESENTATION_STYLE_ASSIGNMENT((#9209));
#9209 = SURFACE_STYLE_USAGE(.BOTH.,#9210);
#9210 = SURFACE_SIDE_STYLE('',(#9211));
#9211 = SURFACE_STYLE_FILL_AREA(#9212);
#9212 = FILL_AREA_STYLE('',(#9213));
#9213 = FILL_AREA_STYLE_COLOUR('',#9024);
#9214 = OVER_RIDING_STYLED_ITEM('overriding color',(#9215),#3422,#8710);
#9215 = PRESENTATION_STYLE_ASSIGNMENT((#9216));
#9216 = SURFACE_STYLE_USAGE(.BOTH.,#9217);
#9217 = SURFACE_SIDE_STYLE('',(#9218));
#9218 = SURFACE_STYLE_FILL_AREA(#9219);
#9219 = FILL_AREA_STYLE('',(#9220));
#9220 = FILL_AREA_STYLE_COLOUR('',#9024);
#9221 = OVER_RIDING_STYLED_ITEM('overriding color',(#9222),#3444,#8710);
#9222 = PRESENTATION_STYLE_ASSIGNMENT((#9223));
#9223 = SURFACE_STYLE_USAGE(.BOTH.,#9224);
#9224 = SURFACE_SIDE_STYLE('',(#9225));
#9225 = SURFACE_STYLE_FILL_AREA(#9226);
#9226 = FILL_AREA_STYLE('',(#9227));
#9227 = FILL_AREA_STYLE_COLOUR('',#9024);
#9228 = OVER_RIDING_STYLED_ITEM('overriding color',(#9229),#3466,#8710);
#9229 = PRESENTATION_STYLE_ASSIGNMENT((#9230));
#9230 = SURFACE_STYLE_USAGE(.BOTH.,#9231);
#9231 = SURFACE_SIDE_STYLE('',(#9232));
#9232 = SURFACE_STYLE_FILL_AREA(#9233);
#9233 = FILL_AREA_STYLE('',(#9234));
#9234 = FILL_AREA_STYLE_COLOUR('',#9024);
#9235 = OVER_RIDING_STYLED_ITEM('overriding color',(#9236),#3488,#8710);
#9236 = PRESENTATION_STYLE_ASSIGNMENT((#9237));
#9237 = SURFACE_STYLE_USAGE(.BOTH.,#9238);
#9238 = SURFACE_SIDE_STYLE('',(#9239));
#9239 = SURFACE_STYLE_FILL_AREA(#9240);
#9240 = FILL_AREA_STYLE('',(#9241));
#9241 = FILL_AREA_STYLE_COLOUR('',#9024);
#9242 = OVER_RIDING_STYLED_ITEM('overriding color',(#9243),#3510,#8710);
#9243 = PRESENTATION_STYLE_ASSIGNMENT((#9244));
#9244 = SURFACE_STYLE_USAGE(.BOTH.,#9245);
#9245 = SURFACE_SIDE_STYLE('',(#9246));
#9246 = SURFACE_STYLE_FILL_AREA(#9247);
#9247 = FILL_AREA_STYLE('',(#9248));
#9248 = FILL_AREA_STYLE_COLOUR('',#9024);
#9249 = OVER_RIDING_STYLED_ITEM('overriding color',(#9250),#3532,#8710);
#9250 = PRESENTATION_STYLE_ASSIGNMENT((#9251));
#9251 = SURFACE_STYLE_USAGE(.BOTH.,#9252);
#9252 = SURFACE_SIDE_STYLE('',(#9253));
#9253 = SURFACE_STYLE_FILL_AREA(#9254);
#9254 = FILL_AREA_STYLE('',(#9255));
#9255 = FILL_AREA_STYLE_COLOUR('',#9024);
#9256 = OVER_RIDING_STYLED_ITEM('overriding color',(#9257),#3548,#8710);
#9257 = PRESENTATION_STYLE_ASSIGNMENT((#9258));
#9258 = SURFACE_STYLE_USAGE(.BOTH.,#9259);
#9259 = SURFACE_SIDE_STYLE('',(#9260));
#9260 = SURFACE_STYLE_FILL_AREA(#9261);
#9261 = FILL_AREA_STYLE('',(#9262));
#9262 = FILL_AREA_STYLE_COLOUR('',#9024);
#9263 = OVER_RIDING_STYLED_ITEM('overriding color',(#9264),#3568,#8710);
#9264 = PRESENTATION_STYLE_ASSIGNMENT((#9265));
#9265 = SURFACE_STYLE_USAGE(.BOTH.,#9266);
#9266 = SURFACE_SIDE_STYLE('',(#9267));
#9267 = SURFACE_STYLE_FILL_AREA(#9268);
#9268 = FILL_AREA_STYLE('',(#9269));
#9269 = FILL_AREA_STYLE_COLOUR('',#9024);
#9270 = OVER_RIDING_STYLED_ITEM('overriding color',(#9271),#3692,#8710);
#9271 = PRESENTATION_STYLE_ASSIGNMENT((#9272));
#9272 = SURFACE_STYLE_USAGE(.BOTH.,#9273);
#9273 = SURFACE_SIDE_STYLE('',(#9274));
#9274 = SURFACE_STYLE_FILL_AREA(#9275);
#9275 = FILL_AREA_STYLE('',(#9276));
#9276 = FILL_AREA_STYLE_COLOUR('',#9024);
#9277 = OVER_RIDING_STYLED_ITEM('overriding color',(#9278),#3712,#8710);
#9278 = PRESENTATION_STYLE_ASSIGNMENT((#9279));
#9279 = SURFACE_STYLE_USAGE(.BOTH.,#9280);
#9280 = SURFACE_SIDE_STYLE('',(#9281));
#9281 = SURFACE_STYLE_FILL_AREA(#9282);
#9282 = FILL_AREA_STYLE('',(#9283));
#9283 = FILL_AREA_STYLE_COLOUR('',#9024);
#9284 = OVER_RIDING_STYLED_ITEM('overriding color',(#9285),#3732,#8710);
#9285 = PRESENTATION_STYLE_ASSIGNMENT((#9286));
#9286 = SURFACE_STYLE_USAGE(.BOTH.,#9287);
#9287 = SURFACE_SIDE_STYLE('',(#9288));
#9288 = SURFACE_STYLE_FILL_AREA(#9289);
#9289 = FILL_AREA_STYLE('',(#9290));
#9290 = FILL_AREA_STYLE_COLOUR('',#9024);
#9291 = OVER_RIDING_STYLED_ITEM('overriding color',(#9292),#3752,#8710);
#9292 = PRESENTATION_STYLE_ASSIGNMENT((#9293));
#9293 = SURFACE_STYLE_USAGE(.BOTH.,#9294);
#9294 = SURFACE_SIDE_STYLE('',(#9295));
#9295 = SURFACE_STYLE_FILL_AREA(#9296);
#9296 = FILL_AREA_STYLE('',(#9297));
#9297 = FILL_AREA_STYLE_COLOUR('',#9024);
#9298 = OVER_RIDING_STYLED_ITEM('overriding color',(#9299),#3772,#8710);
#9299 = PRESENTATION_STYLE_ASSIGNMENT((#9300));
#9300 = SURFACE_STYLE_USAGE(.BOTH.,#9301);
#9301 = SURFACE_SIDE_STYLE('',(#9302));
#9302 = SURFACE_STYLE_FILL_AREA(#9303);
#9303 = FILL_AREA_STYLE('',(#9304));
#9304 = FILL_AREA_STYLE_COLOUR('',#9024);
#9305 = OVER_RIDING_STYLED_ITEM('overriding color',(#9306),#3792,#8710);
#9306 = PRESENTATION_STYLE_ASSIGNMENT((#9307));
#9307 = SURFACE_STYLE_USAGE(.BOTH.,#9308);
#9308 = SURFACE_SIDE_STYLE('',(#9309));
#9309 = SURFACE_STYLE_FILL_AREA(#9310);
#9310 = FILL_AREA_STYLE('',(#9311));
#9311 = FILL_AREA_STYLE_COLOUR('',#9024);
#9312 = OVER_RIDING_STYLED_ITEM('overriding color',(#9313),#3808,#8710);
#9313 = PRESENTATION_STYLE_ASSIGNMENT((#9314));
#9314 = SURFACE_STYLE_USAGE(.BOTH.,#9315);
#9315 = SURFACE_SIDE_STYLE('',(#9316));
#9316 = SURFACE_STYLE_FILL_AREA(#9317);
#9317 = FILL_AREA_STYLE('',(#9318));
#9318 = FILL_AREA_STYLE_COLOUR('',#9024);
#9319 = OVER_RIDING_STYLED_ITEM('overriding color',(#9320),#3820,#8710);
#9320 = PRESENTATION_STYLE_ASSIGNMENT((#9321));
#9321 = SURFACE_STYLE_USAGE(.BOTH.,#9322);
#9322 = SURFACE_SIDE_STYLE('',(#9323));
#9323 = SURFACE_STYLE_FILL_AREA(#9324);
#9324 = FILL_AREA_STYLE('',(#9325));
#9325 = FILL_AREA_STYLE_COLOUR('',#9024);
#9326 = OVER_RIDING_STYLED_ITEM('overriding color',(#9327),#3848,#8710);
#9327 = PRESENTATION_STYLE_ASSIGNMENT((#9328));
#9328 = SURFACE_STYLE_USAGE(.BOTH.,#9329);
#9329 = SURFACE_SIDE_STYLE('',(#9330));
#9330 = SURFACE_STYLE_FILL_AREA(#9331);
#9331 = FILL_AREA_STYLE('',(#9332));
#9332 = FILL_AREA_STYLE_COLOUR('',#9024);
#9333 = OVER_RIDING_STYLED_ITEM('overriding color',(#9334),#3870,#8710);
#9334 = PRESENTATION_STYLE_ASSIGNMENT((#9335));
#9335 = SURFACE_STYLE_USAGE(.BOTH.,#9336);
#9336 = SURFACE_SIDE_STYLE('',(#9337));
#9337 = SURFACE_STYLE_FILL_AREA(#9338);
#9338 = FILL_AREA_STYLE('',(#9339));
#9339 = FILL_AREA_STYLE_COLOUR('',#9024);
#9340 = OVER_RIDING_STYLED_ITEM('overriding color',(#9341),#3892,#8710);
#9341 = PRESENTATION_STYLE_ASSIGNMENT((#9342));
#9342 = SURFACE_STYLE_USAGE(.BOTH.,#9343);
#9343 = SURFACE_SIDE_STYLE('',(#9344));
#9344 = SURFACE_STYLE_FILL_AREA(#9345);
#9345 = FILL_AREA_STYLE('',(#9346));
#9346 = FILL_AREA_STYLE_COLOUR('',#9024);
#9347 = OVER_RIDING_STYLED_ITEM('overriding color',(#9348),#3920,#8710);
#9348 = PRESENTATION_STYLE_ASSIGNMENT((#9349));
#9349 = SURFACE_STYLE_USAGE(.BOTH.,#9350);
#9350 = SURFACE_SIDE_STYLE('',(#9351));
#9351 = SURFACE_STYLE_FILL_AREA(#9352);
#9352 = FILL_AREA_STYLE('',(#9353));
#9353 = FILL_AREA_STYLE_COLOUR('',#9024);
#9354 = OVER_RIDING_STYLED_ITEM('overriding color',(#9355),#3948,#8710);
#9355 = PRESENTATION_STYLE_ASSIGNMENT((#9356));
#9356 = SURFACE_STYLE_USAGE(.BOTH.,#9357);
#9357 = SURFACE_SIDE_STYLE('',(#9358));
#9358 = SURFACE_STYLE_FILL_AREA(#9359);
#9359 = FILL_AREA_STYLE('',(#9360));
#9360 = FILL_AREA_STYLE_COLOUR('',#9024);
#9361 = OVER_RIDING_STYLED_ITEM('overriding color',(#9362),#3976,#8710);
#9362 = PRESENTATION_STYLE_ASSIGNMENT((#9363));
#9363 = SURFACE_STYLE_USAGE(.BOTH.,#9364);
#9364 = SURFACE_SIDE_STYLE('',(#9365));
#9365 = SURFACE_STYLE_FILL_AREA(#9366);
#9366 = FILL_AREA_STYLE('',(#9367));
#9367 = FILL_AREA_STYLE_COLOUR('',#9024);
#9368 = OVER_RIDING_STYLED_ITEM('overriding color',(#9369),#3998,#8710);
#9369 = PRESENTATION_STYLE_ASSIGNMENT((#9370));
#9370 = SURFACE_STYLE_USAGE(.BOTH.,#9371);
#9371 = SURFACE_SIDE_STYLE('',(#9372));
#9372 = SURFACE_STYLE_FILL_AREA(#9373);
#9373 = FILL_AREA_STYLE('',(#9374));
#9374 = FILL_AREA_STYLE_COLOUR('',#8770);
#9375 = OVER_RIDING_STYLED_ITEM('overriding color',(#9376),#4013,#8710);
#9376 = PRESENTATION_STYLE_ASSIGNMENT((#9377));
#9377 = SURFACE_STYLE_USAGE(.BOTH.,#9378);
#9378 = SURFACE_SIDE_STYLE('',(#9379));
#9379 = SURFACE_STYLE_FILL_AREA(#9380);
#9380 = FILL_AREA_STYLE('',(#9381));
#9381 = FILL_AREA_STYLE_COLOUR('',#9024);
#9382 = OVER_RIDING_STYLED_ITEM('overriding color',(#9383),#4125,#8710);
#9383 = PRESENTATION_STYLE_ASSIGNMENT((#9384));
#9384 = SURFACE_STYLE_USAGE(.BOTH.,#9385);
#9385 = SURFACE_SIDE_STYLE('',(#9386));
#9386 = SURFACE_STYLE_FILL_AREA(#9387);
#9387 = FILL_AREA_STYLE('',(#9388));
#9388 = FILL_AREA_STYLE_COLOUR('',#9024);
#9389 = OVER_RIDING_STYLED_ITEM('overriding color',(#9390),#4145,#8710);
#9390 = PRESENTATION_STYLE_ASSIGNMENT((#9391));
#9391 = SURFACE_STYLE_USAGE(.BOTH.,#9392);
#9392 = SURFACE_SIDE_STYLE('',(#9393));
#9393 = SURFACE_STYLE_FILL_AREA(#9394);
#9394 = FILL_AREA_STYLE('',(#9395));
#9395 = FILL_AREA_STYLE_COLOUR('',#9024);
#9396 = OVER_RIDING_STYLED_ITEM('overriding color',(#9397),#4161,#8710);
#9397 = PRESENTATION_STYLE_ASSIGNMENT((#9398));
#9398 = SURFACE_STYLE_USAGE(.BOTH.,#9399);
#9399 = SURFACE_SIDE_STYLE('',(#9400));
#9400 = SURFACE_STYLE_FILL_AREA(#9401);
#9401 = FILL_AREA_STYLE('',(#9402));
#9402 = FILL_AREA_STYLE_COLOUR('',#9024);
#9403 = OVER_RIDING_STYLED_ITEM('overriding color',(#9404),#4177,#8710);
#9404 = PRESENTATION_STYLE_ASSIGNMENT((#9405));
#9405 = SURFACE_STYLE_USAGE(.BOTH.,#9406);
#9406 = SURFACE_SIDE_STYLE('',(#9407));
#9407 = SURFACE_STYLE_FILL_AREA(#9408);
#9408 = FILL_AREA_STYLE('',(#9409));
#9409 = FILL_AREA_STYLE_COLOUR('',#9024);
#9410 = OVER_RIDING_STYLED_ITEM('overriding color',(#9411),#4193,#8710);
#9411 = PRESENTATION_STYLE_ASSIGNMENT((#9412));
#9412 = SURFACE_STYLE_USAGE(.BOTH.,#9413);
#9413 = SURFACE_SIDE_STYLE('',(#9414));
#9414 = SURFACE_STYLE_FILL_AREA(#9415);
#9415 = FILL_AREA_STYLE('',(#9416));
#9416 = FILL_AREA_STYLE_COLOUR('',#9024);
#9417 = OVER_RIDING_STYLED_ITEM('overriding color',(#9418),#4209,#8710);
#9418 = PRESENTATION_STYLE_ASSIGNMENT((#9419));
#9419 = SURFACE_STYLE_USAGE(.BOTH.,#9420);
#9420 = SURFACE_SIDE_STYLE('',(#9421));
#9421 = SURFACE_STYLE_FILL_AREA(#9422);
#9422 = FILL_AREA_STYLE('',(#9423));
#9423 = FILL_AREA_STYLE_COLOUR('',#9024);
#9424 = OVER_RIDING_STYLED_ITEM('overriding color',(#9425),#4225,#8710);
#9425 = PRESENTATION_STYLE_ASSIGNMENT((#9426));
#9426 = SURFACE_STYLE_USAGE(.BOTH.,#9427);
#9427 = SURFACE_SIDE_STYLE('',(#9428));
#9428 = SURFACE_STYLE_FILL_AREA(#9429);
#9429 = FILL_AREA_STYLE('',(#9430));
#9430 = FILL_AREA_STYLE_COLOUR('',#9024);
#9431 = OVER_RIDING_STYLED_ITEM('overriding color',(#9432),#4241,#8710);
#9432 = PRESENTATION_STYLE_ASSIGNMENT((#9433));
#9433 = SURFACE_STYLE_USAGE(.BOTH.,#9434);
#9434 = SURFACE_SIDE_STYLE('',(#9435));
#9435 = SURFACE_STYLE_FILL_AREA(#9436);
#9436 = FILL_AREA_STYLE('',(#9437));
#9437 = FILL_AREA_STYLE_COLOUR('',#9024);
#9438 = OVER_RIDING_STYLED_ITEM('overriding color',(#9439),#4253,#8710);
#9439 = PRESENTATION_STYLE_ASSIGNMENT((#9440));
#9440 = SURFACE_STYLE_USAGE(.BOTH.,#9441);
#9441 = SURFACE_SIDE_STYLE('',(#9442));
#9442 = SURFACE_STYLE_FILL_AREA(#9443);
#9443 = FILL_AREA_STYLE('',(#9444));
#9444 = FILL_AREA_STYLE_COLOUR('',#9024);
#9445 = OVER_RIDING_STYLED_ITEM('overriding color',(#9446),#4281,#8710);
#9446 = PRESENTATION_STYLE_ASSIGNMENT((#9447));
#9447 = SURFACE_STYLE_USAGE(.BOTH.,#9448);
#9448 = SURFACE_SIDE_STYLE('',(#9449));
#9449 = SURFACE_STYLE_FILL_AREA(#9450);
#9450 = FILL_AREA_STYLE('',(#9451));
#9451 = FILL_AREA_STYLE_COLOUR('',#9024);
#9452 = OVER_RIDING_STYLED_ITEM('overriding color',(#9453),#4303,#8710);
#9453 = PRESENTATION_STYLE_ASSIGNMENT((#9454));
#9454 = SURFACE_STYLE_USAGE(.BOTH.,#9455);
#9455 = SURFACE_SIDE_STYLE('',(#9456));
#9456 = SURFACE_STYLE_FILL_AREA(#9457);
#9457 = FILL_AREA_STYLE('',(#9458));
#9458 = FILL_AREA_STYLE_COLOUR('',#9024);
#9459 = OVER_RIDING_STYLED_ITEM('overriding color',(#9460),#4331,#8710);
#9460 = PRESENTATION_STYLE_ASSIGNMENT((#9461));
#9461 = SURFACE_STYLE_USAGE(.BOTH.,#9462);
#9462 = SURFACE_SIDE_STYLE('',(#9463));
#9463 = SURFACE_STYLE_FILL_AREA(#9464);
#9464 = FILL_AREA_STYLE('',(#9465));
#9465 = FILL_AREA_STYLE_COLOUR('',#9024);
#9466 = OVER_RIDING_STYLED_ITEM('overriding color',(#9467),#4353,#8710);
#9467 = PRESENTATION_STYLE_ASSIGNMENT((#9468));
#9468 = SURFACE_STYLE_USAGE(.BOTH.,#9469);
#9469 = SURFACE_SIDE_STYLE('',(#9470));
#9470 = SURFACE_STYLE_FILL_AREA(#9471);
#9471 = FILL_AREA_STYLE('',(#9472));
#9472 = FILL_AREA_STYLE_COLOUR('',#9024);
#9473 = OVER_RIDING_STYLED_ITEM('overriding color',(#9474),#4381,#8710);
#9474 = PRESENTATION_STYLE_ASSIGNMENT((#9475));
#9475 = SURFACE_STYLE_USAGE(.BOTH.,#9476);
#9476 = SURFACE_SIDE_STYLE('',(#9477));
#9477 = SURFACE_STYLE_FILL_AREA(#9478);
#9478 = FILL_AREA_STYLE('',(#9479));
#9479 = FILL_AREA_STYLE_COLOUR('',#9024);
#9480 = OVER_RIDING_STYLED_ITEM('overriding color',(#9481),#4397,#8710);
#9481 = PRESENTATION_STYLE_ASSIGNMENT((#9482));
#9482 = SURFACE_STYLE_USAGE(.BOTH.,#9483);
#9483 = SURFACE_SIDE_STYLE('',(#9484));
#9484 = SURFACE_STYLE_FILL_AREA(#9485);
#9485 = FILL_AREA_STYLE('',(#9486));
#9486 = FILL_AREA_STYLE_COLOUR('',#8770);
#9487 = OVER_RIDING_STYLED_ITEM('overriding color',(#9488),#4411,#8710);
#9488 = PRESENTATION_STYLE_ASSIGNMENT((#9489));
#9489 = SURFACE_STYLE_USAGE(.BOTH.,#9490);
#9490 = SURFACE_SIDE_STYLE('',(#9491));
#9491 = SURFACE_STYLE_FILL_AREA(#9492);
#9492 = FILL_AREA_STYLE('',(#9493));
#9493 = FILL_AREA_STYLE_COLOUR('',#9024);
#9494 = OVER_RIDING_STYLED_ITEM('overriding color',(#9495),#4439,#8710);
#9495 = PRESENTATION_STYLE_ASSIGNMENT((#9496));
#9496 = SURFACE_STYLE_USAGE(.BOTH.,#9497);
#9497 = SURFACE_SIDE_STYLE('',(#9498));
#9498 = SURFACE_STYLE_FILL_AREA(#9499);
#9499 = FILL_AREA_STYLE('',(#9500));
#9500 = FILL_AREA_STYLE_COLOUR('',#9024);
#9501 = OVER_RIDING_STYLED_ITEM('overriding color',(#9502),#4461,#8710);
#9502 = PRESENTATION_STYLE_ASSIGNMENT((#9503));
#9503 = SURFACE_STYLE_USAGE(.BOTH.,#9504);
#9504 = SURFACE_SIDE_STYLE('',(#9505));
#9505 = SURFACE_STYLE_FILL_AREA(#9506);
#9506 = FILL_AREA_STYLE('',(#9507));
#9507 = FILL_AREA_STYLE_COLOUR('',#9024);
#9508 = OVER_RIDING_STYLED_ITEM('overriding color',(#9509),#4483,#8710);
#9509 = PRESENTATION_STYLE_ASSIGNMENT((#9510));
#9510 = SURFACE_STYLE_USAGE(.BOTH.,#9511);
#9511 = SURFACE_SIDE_STYLE('',(#9512));
#9512 = SURFACE_STYLE_FILL_AREA(#9513);
#9513 = FILL_AREA_STYLE('',(#9514));
#9514 = FILL_AREA_STYLE_COLOUR('',#9024);
#9515 = OVER_RIDING_STYLED_ITEM('overriding color',(#9516),#4505,#8710);
#9516 = PRESENTATION_STYLE_ASSIGNMENT((#9517));
#9517 = SURFACE_STYLE_USAGE(.BOTH.,#9518);
#9518 = SURFACE_SIDE_STYLE('',(#9519));
#9519 = SURFACE_STYLE_FILL_AREA(#9520);
#9520 = FILL_AREA_STYLE('',(#9521));
#9521 = FILL_AREA_STYLE_COLOUR('',#9024);
#9522 = OVER_RIDING_STYLED_ITEM('overriding color',(#9523),#4527,#8710);
#9523 = PRESENTATION_STYLE_ASSIGNMENT((#9524));
#9524 = SURFACE_STYLE_USAGE(.BOTH.,#9525);
#9525 = SURFACE_SIDE_STYLE('',(#9526));
#9526 = SURFACE_STYLE_FILL_AREA(#9527);
#9527 = FILL_AREA_STYLE('',(#9528));
#9528 = FILL_AREA_STYLE_COLOUR('',#9024);
#9529 = OVER_RIDING_STYLED_ITEM('overriding color',(#9530),#4549,#8710);
#9530 = PRESENTATION_STYLE_ASSIGNMENT((#9531));
#9531 = SURFACE_STYLE_USAGE(.BOTH.,#9532);
#9532 = SURFACE_SIDE_STYLE('',(#9533));
#9533 = SURFACE_STYLE_FILL_AREA(#9534);
#9534 = FILL_AREA_STYLE('',(#9535));
#9535 = FILL_AREA_STYLE_COLOUR('',#9024);
#9536 = OVER_RIDING_STYLED_ITEM('overriding color',(#9537),#4571,#8710);
#9537 = PRESENTATION_STYLE_ASSIGNMENT((#9538));
#9538 = SURFACE_STYLE_USAGE(.BOTH.,#9539);
#9539 = SURFACE_SIDE_STYLE('',(#9540));
#9540 = SURFACE_STYLE_FILL_AREA(#9541);
#9541 = FILL_AREA_STYLE('',(#9542));
#9542 = FILL_AREA_STYLE_COLOUR('',#9024);
#9543 = OVER_RIDING_STYLED_ITEM('overriding color',(#9544),#4593,#8710);
#9544 = PRESENTATION_STYLE_ASSIGNMENT((#9545));
#9545 = SURFACE_STYLE_USAGE(.BOTH.,#9546);
#9546 = SURFACE_SIDE_STYLE('',(#9547));
#9547 = SURFACE_STYLE_FILL_AREA(#9548);
#9548 = FILL_AREA_STYLE('',(#9549));
#9549 = FILL_AREA_STYLE_COLOUR('',#9024);
#9550 = OVER_RIDING_STYLED_ITEM('overriding color',(#9551),#4615,#8710);
#9551 = PRESENTATION_STYLE_ASSIGNMENT((#9552));
#9552 = SURFACE_STYLE_USAGE(.BOTH.,#9553);
#9553 = SURFACE_SIDE_STYLE('',(#9554));
#9554 = SURFACE_STYLE_FILL_AREA(#9555);
#9555 = FILL_AREA_STYLE('',(#9556));
#9556 = FILL_AREA_STYLE_COLOUR('',#9024);
#9557 = OVER_RIDING_STYLED_ITEM('overriding color',(#9558),#4637,#8710);
#9558 = PRESENTATION_STYLE_ASSIGNMENT((#9559));
#9559 = SURFACE_STYLE_USAGE(.BOTH.,#9560);
#9560 = SURFACE_SIDE_STYLE('',(#9561));
#9561 = SURFACE_STYLE_FILL_AREA(#9562);
#9562 = FILL_AREA_STYLE('',(#9563));
#9563 = FILL_AREA_STYLE_COLOUR('',#9024);
#9564 = OVER_RIDING_STYLED_ITEM('overriding color',(#9565),#4659,#8710);
#9565 = PRESENTATION_STYLE_ASSIGNMENT((#9566));
#9566 = SURFACE_STYLE_USAGE(.BOTH.,#9567);
#9567 = SURFACE_SIDE_STYLE('',(#9568));
#9568 = SURFACE_STYLE_FILL_AREA(#9569);
#9569 = FILL_AREA_STYLE('',(#9570));
#9570 = FILL_AREA_STYLE_COLOUR('',#9024);
#9571 = OVER_RIDING_STYLED_ITEM('overriding color',(#9572),#4675,#8710);
#9572 = PRESENTATION_STYLE_ASSIGNMENT((#9573));
#9573 = SURFACE_STYLE_USAGE(.BOTH.,#9574);
#9574 = SURFACE_SIDE_STYLE('',(#9575));
#9575 = SURFACE_STYLE_FILL_AREA(#9576);
#9576 = FILL_AREA_STYLE('',(#9577));
#9577 = FILL_AREA_STYLE_COLOUR('',#9024);
#9578 = OVER_RIDING_STYLED_ITEM('overriding color',(#9579),#4695,#8710);
#9579 = PRESENTATION_STYLE_ASSIGNMENT((#9580));
#9580 = SURFACE_STYLE_USAGE(.BOTH.,#9581);
#9581 = SURFACE_SIDE_STYLE('',(#9582));
#9582 = SURFACE_STYLE_FILL_AREA(#9583);
#9583 = FILL_AREA_STYLE('',(#9584));
#9584 = FILL_AREA_STYLE_COLOUR('',#9024);
#9585 = OVER_RIDING_STYLED_ITEM('overriding color',(#9586),#4887,#8710);
#9586 = PRESENTATION_STYLE_ASSIGNMENT((#9587));
#9587 = SURFACE_STYLE_USAGE(.BOTH.,#9588);
#9588 = SURFACE_SIDE_STYLE('',(#9589));
#9589 = SURFACE_STYLE_FILL_AREA(#9590);
#9590 = FILL_AREA_STYLE('',(#9591));
#9591 = FILL_AREA_STYLE_COLOUR('',#9024);
#9592 = OVER_RIDING_STYLED_ITEM('overriding color',(#9593),#4911,#8710);
#9593 = PRESENTATION_STYLE_ASSIGNMENT((#9594));
#9594 = SURFACE_STYLE_USAGE(.BOTH.,#9595);
#9595 = SURFACE_SIDE_STYLE('',(#9596));
#9596 = SURFACE_STYLE_FILL_AREA(#9597);
#9597 = FILL_AREA_STYLE('',(#9598));
#9598 = FILL_AREA_STYLE_COLOUR('',#9024);
#9599 = OVER_RIDING_STYLED_ITEM('overriding color',(#9600),#4927,#8710);
#9600 = PRESENTATION_STYLE_ASSIGNMENT((#9601));
#9601 = SURFACE_STYLE_USAGE(.BOTH.,#9602);
#9602 = SURFACE_SIDE_STYLE('',(#9603));
#9603 = SURFACE_STYLE_FILL_AREA(#9604);
#9604 = FILL_AREA_STYLE('',(#9605));
#9605 = FILL_AREA_STYLE_COLOUR('',#9024);
#9606 = OVER_RIDING_STYLED_ITEM('overriding color',(#9607),#4947,#8710);
#9607 = PRESENTATION_STYLE_ASSIGNMENT((#9608));
#9608 = SURFACE_STYLE_USAGE(.BOTH.,#9609);
#9609 = SURFACE_SIDE_STYLE('',(#9610));
#9610 = SURFACE_STYLE_FILL_AREA(#9611);
#9611 = FILL_AREA_STYLE('',(#9612));
#9612 = FILL_AREA_STYLE_COLOUR('',#9024);
#9613 = OVER_RIDING_STYLED_ITEM('overriding color',(#9614),#4967,#8710);
#9614 = PRESENTATION_STYLE_ASSIGNMENT((#9615));
#9615 = SURFACE_STYLE_USAGE(.BOTH.,#9616);
#9616 = SURFACE_SIDE_STYLE('',(#9617));
#9617 = SURFACE_STYLE_FILL_AREA(#9618);
#9618 = FILL_AREA_STYLE('',(#9619));
#9619 = FILL_AREA_STYLE_COLOUR('',#9024);
#9620 = OVER_RIDING_STYLED_ITEM('overriding color',(#9621),#4983,#8710);
#9621 = PRESENTATION_STYLE_ASSIGNMENT((#9622));
#9622 = SURFACE_STYLE_USAGE(.BOTH.,#9623);
#9623 = SURFACE_SIDE_STYLE('',(#9624));
#9624 = SURFACE_STYLE_FILL_AREA(#9625);
#9625 = FILL_AREA_STYLE('',(#9626));
#9626 = FILL_AREA_STYLE_COLOUR('',#9024);
#9627 = OVER_RIDING_STYLED_ITEM('overriding color',(#9628),#5003,#8710);
#9628 = PRESENTATION_STYLE_ASSIGNMENT((#9629));
#9629 = SURFACE_STYLE_USAGE(.BOTH.,#9630);
#9630 = SURFACE_SIDE_STYLE('',(#9631));
#9631 = SURFACE_STYLE_FILL_AREA(#9632);
#9632 = FILL_AREA_STYLE('',(#9633));
#9633 = FILL_AREA_STYLE_COLOUR('',#9024);
#9634 = OVER_RIDING_STYLED_ITEM('overriding color',(#9635),#5023,#8710);
#9635 = PRESENTATION_STYLE_ASSIGNMENT((#9636));
#9636 = SURFACE_STYLE_USAGE(.BOTH.,#9637);
#9637 = SURFACE_SIDE_STYLE('',(#9638));
#9638 = SURFACE_STYLE_FILL_AREA(#9639);
#9639 = FILL_AREA_STYLE('',(#9640));
#9640 = FILL_AREA_STYLE_COLOUR('',#9024);
#9641 = OVER_RIDING_STYLED_ITEM('overriding color',(#9642),#5043,#8710);
#9642 = PRESENTATION_STYLE_ASSIGNMENT((#9643));
#9643 = SURFACE_STYLE_USAGE(.BOTH.,#9644);
#9644 = SURFACE_SIDE_STYLE('',(#9645));
#9645 = SURFACE_STYLE_FILL_AREA(#9646);
#9646 = FILL_AREA_STYLE('',(#9647));
#9647 = FILL_AREA_STYLE_COLOUR('',#9024);
#9648 = OVER_RIDING_STYLED_ITEM('overriding color',(#9649),#5063,#8710);
#9649 = PRESENTATION_STYLE_ASSIGNMENT((#9650));
#9650 = SURFACE_STYLE_USAGE(.BOTH.,#9651);
#9651 = SURFACE_SIDE_STYLE('',(#9652));
#9652 = SURFACE_STYLE_FILL_AREA(#9653);
#9653 = FILL_AREA_STYLE('',(#9654));
#9654 = FILL_AREA_STYLE_COLOUR('',#9024);
#9655 = OVER_RIDING_STYLED_ITEM('overriding color',(#9656),#5079,#8710);
#9656 = PRESENTATION_STYLE_ASSIGNMENT((#9657));
#9657 = SURFACE_STYLE_USAGE(.BOTH.,#9658);
#9658 = SURFACE_SIDE_STYLE('',(#9659));
#9659 = SURFACE_STYLE_FILL_AREA(#9660);
#9660 = FILL_AREA_STYLE('',(#9661));
#9661 = FILL_AREA_STYLE_COLOUR('',#9024);
#9662 = OVER_RIDING_STYLED_ITEM('overriding color',(#9663),#5095,#8710);
#9663 = PRESENTATION_STYLE_ASSIGNMENT((#9664));
#9664 = SURFACE_STYLE_USAGE(.BOTH.,#9665);
#9665 = SURFACE_SIDE_STYLE('',(#9666));
#9666 = SURFACE_STYLE_FILL_AREA(#9667);
#9667 = FILL_AREA_STYLE('',(#9668));
#9668 = FILL_AREA_STYLE_COLOUR('',#9024);
#9669 = OVER_RIDING_STYLED_ITEM('overriding color',(#9670),#5111,#8710);
#9670 = PRESENTATION_STYLE_ASSIGNMENT((#9671));
#9671 = SURFACE_STYLE_USAGE(.BOTH.,#9672);
#9672 = SURFACE_SIDE_STYLE('',(#9673));
#9673 = SURFACE_STYLE_FILL_AREA(#9674);
#9674 = FILL_AREA_STYLE('',(#9675));
#9675 = FILL_AREA_STYLE_COLOUR('',#9024);
#9676 = OVER_RIDING_STYLED_ITEM('overriding color',(#9677),#5127,#8710);
#9677 = PRESENTATION_STYLE_ASSIGNMENT((#9678));
#9678 = SURFACE_STYLE_USAGE(.BOTH.,#9679);
#9679 = SURFACE_SIDE_STYLE('',(#9680));
#9680 = SURFACE_STYLE_FILL_AREA(#9681);
#9681 = FILL_AREA_STYLE('',(#9682));
#9682 = FILL_AREA_STYLE_COLOUR('',#9024);
#9683 = OVER_RIDING_STYLED_ITEM('overriding color',(#9684),#5143,#8710);
#9684 = PRESENTATION_STYLE_ASSIGNMENT((#9685));
#9685 = SURFACE_STYLE_USAGE(.BOTH.,#9686);
#9686 = SURFACE_SIDE_STYLE('',(#9687));
#9687 = SURFACE_STYLE_FILL_AREA(#9688);
#9688 = FILL_AREA_STYLE('',(#9689));
#9689 = FILL_AREA_STYLE_COLOUR('',#9024);
#9690 = OVER_RIDING_STYLED_ITEM('overriding color',(#9691),#5177,#8710);
#9691 = PRESENTATION_STYLE_ASSIGNMENT((#9692));
#9692 = SURFACE_STYLE_USAGE(.BOTH.,#9693);
#9693 = SURFACE_SIDE_STYLE('',(#9694));
#9694 = SURFACE_STYLE_FILL_AREA(#9695);
#9695 = FILL_AREA_STYLE('',(#9696));
#9696 = FILL_AREA_STYLE_COLOUR('',#9024);
#9697 = OVER_RIDING_STYLED_ITEM('overriding color',(#9698),#5205,#8710);
#9698 = PRESENTATION_STYLE_ASSIGNMENT((#9699));
#9699 = SURFACE_STYLE_USAGE(.BOTH.,#9700);
#9700 = SURFACE_SIDE_STYLE('',(#9701));
#9701 = SURFACE_STYLE_FILL_AREA(#9702);
#9702 = FILL_AREA_STYLE('',(#9703));
#9703 = FILL_AREA_STYLE_COLOUR('',#9024);
#9704 = OVER_RIDING_STYLED_ITEM('overriding color',(#9705),#5233,#8710);
#9705 = PRESENTATION_STYLE_ASSIGNMENT((#9706));
#9706 = SURFACE_STYLE_USAGE(.BOTH.,#9707);
#9707 = SURFACE_SIDE_STYLE('',(#9708));
#9708 = SURFACE_STYLE_FILL_AREA(#9709);
#9709 = FILL_AREA_STYLE('',(#9710));
#9710 = FILL_AREA_STYLE_COLOUR('',#9024);
#9711 = OVER_RIDING_STYLED_ITEM('overriding color',(#9712),#5261,#8710);
#9712 = PRESENTATION_STYLE_ASSIGNMENT((#9713));
#9713 = SURFACE_STYLE_USAGE(.BOTH.,#9714);
#9714 = SURFACE_SIDE_STYLE('',(#9715));
#9715 = SURFACE_STYLE_FILL_AREA(#9716);
#9716 = FILL_AREA_STYLE('',(#9717));
#9717 = FILL_AREA_STYLE_COLOUR('',#9024);
#9718 = OVER_RIDING_STYLED_ITEM('overriding color',(#9719),#5289,#8710);
#9719 = PRESENTATION_STYLE_ASSIGNMENT((#9720));
#9720 = SURFACE_STYLE_USAGE(.BOTH.,#9721);
#9721 = SURFACE_SIDE_STYLE('',(#9722));
#9722 = SURFACE_STYLE_FILL_AREA(#9723);
#9723 = FILL_AREA_STYLE('',(#9724));
#9724 = FILL_AREA_STYLE_COLOUR('',#9024);
#9725 = OVER_RIDING_STYLED_ITEM('overriding color',(#9726),#5317,#8710);
#9726 = PRESENTATION_STYLE_ASSIGNMENT((#9727));
#9727 = SURFACE_STYLE_USAGE(.BOTH.,#9728);
#9728 = SURFACE_SIDE_STYLE('',(#9729));
#9729 = SURFACE_STYLE_FILL_AREA(#9730);
#9730 = FILL_AREA_STYLE('',(#9731));
#9731 = FILL_AREA_STYLE_COLOUR('',#9024);
#9732 = OVER_RIDING_STYLED_ITEM('overriding color',(#9733),#5339,#8710);
#9733 = PRESENTATION_STYLE_ASSIGNMENT((#9734));
#9734 = SURFACE_STYLE_USAGE(.BOTH.,#9735);
#9735 = SURFACE_SIDE_STYLE('',(#9736));
#9736 = SURFACE_STYLE_FILL_AREA(#9737);
#9737 = FILL_AREA_STYLE('',(#9738));
#9738 = FILL_AREA_STYLE_COLOUR('',#9024);
#9739 = OVER_RIDING_STYLED_ITEM('overriding color',(#9740),#5355,#8710);
#9740 = PRESENTATION_STYLE_ASSIGNMENT((#9741));
#9741 = SURFACE_STYLE_USAGE(.BOTH.,#9742);
#9742 = SURFACE_SIDE_STYLE('',(#9743));
#9743 = SURFACE_STYLE_FILL_AREA(#9744);
#9744 = FILL_AREA_STYLE('',(#9745));
#9745 = FILL_AREA_STYLE_COLOUR('',#8770);
#9746 = OVER_RIDING_STYLED_ITEM('overriding color',(#9747),#5371,#8710);
#9747 = PRESENTATION_STYLE_ASSIGNMENT((#9748));
#9748 = SURFACE_STYLE_USAGE(.BOTH.,#9749);
#9749 = SURFACE_SIDE_STYLE('',(#9750));
#9750 = SURFACE_STYLE_FILL_AREA(#9751);
#9751 = FILL_AREA_STYLE('',(#9752));
#9752 = FILL_AREA_STYLE_COLOUR('',#9024);
#9753 = OVER_RIDING_STYLED_ITEM('overriding color',(#9754),#5405,#8710);
#9754 = PRESENTATION_STYLE_ASSIGNMENT((#9755));
#9755 = SURFACE_STYLE_USAGE(.BOTH.,#9756);
#9756 = SURFACE_SIDE_STYLE('',(#9757));
#9757 = SURFACE_STYLE_FILL_AREA(#9758);
#9758 = FILL_AREA_STYLE('',(#9759));
#9759 = FILL_AREA_STYLE_COLOUR('',#9024);
#9760 = OVER_RIDING_STYLED_ITEM('overriding color',(#9761),#5427,#8710);
#9761 = PRESENTATION_STYLE_ASSIGNMENT((#9762));
#9762 = SURFACE_STYLE_USAGE(.BOTH.,#9763);
#9763 = SURFACE_SIDE_STYLE('',(#9764));
#9764 = SURFACE_STYLE_FILL_AREA(#9765);
#9765 = FILL_AREA_STYLE('',(#9766));
#9766 = FILL_AREA_STYLE_COLOUR('',#9024);
#9767 = OVER_RIDING_STYLED_ITEM('overriding color',(#9768),#5455,#8710);
#9768 = PRESENTATION_STYLE_ASSIGNMENT((#9769));
#9769 = SURFACE_STYLE_USAGE(.BOTH.,#9770);
#9770 = SURFACE_SIDE_STYLE('',(#9771));
#9771 = SURFACE_STYLE_FILL_AREA(#9772);
#9772 = FILL_AREA_STYLE('',(#9773));
#9773 = FILL_AREA_STYLE_COLOUR('',#9024);
#9774 = OVER_RIDING_STYLED_ITEM('overriding color',(#9775),#5483,#8710);
#9775 = PRESENTATION_STYLE_ASSIGNMENT((#9776));
#9776 = SURFACE_STYLE_USAGE(.BOTH.,#9777);
#9777 = SURFACE_SIDE_STYLE('',(#9778));
#9778 = SURFACE_STYLE_FILL_AREA(#9779);
#9779 = FILL_AREA_STYLE('',(#9780));
#9780 = FILL_AREA_STYLE_COLOUR('',#9024);
#9781 = OVER_RIDING_STYLED_ITEM('overriding color',(#9782),#5511,#8710);
#9782 = PRESENTATION_STYLE_ASSIGNMENT((#9783));
#9783 = SURFACE_STYLE_USAGE(.BOTH.,#9784);
#9784 = SURFACE_SIDE_STYLE('',(#9785));
#9785 = SURFACE_STYLE_FILL_AREA(#9786);
#9786 = FILL_AREA_STYLE('',(#9787));
#9787 = FILL_AREA_STYLE_COLOUR('',#9024);
#9788 = OVER_RIDING_STYLED_ITEM('overriding color',(#9789),#5539,#8710);
#9789 = PRESENTATION_STYLE_ASSIGNMENT((#9790));
#9790 = SURFACE_STYLE_USAGE(.BOTH.,#9791);
#9791 = SURFACE_SIDE_STYLE('',(#9792));
#9792 = SURFACE_STYLE_FILL_AREA(#9793);
#9793 = FILL_AREA_STYLE('',(#9794));
#9794 = FILL_AREA_STYLE_COLOUR('',#9024);
#9795 = OVER_RIDING_STYLED_ITEM('overriding color',(#9796),#5567,#8710);
#9796 = PRESENTATION_STYLE_ASSIGNMENT((#9797));
#9797 = SURFACE_STYLE_USAGE(.BOTH.,#9798);
#9798 = SURFACE_SIDE_STYLE('',(#9799));
#9799 = SURFACE_STYLE_FILL_AREA(#9800);
#9800 = FILL_AREA_STYLE('',(#9801));
#9801 = FILL_AREA_STYLE_COLOUR('',#9024);
#9802 = OVER_RIDING_STYLED_ITEM('overriding color',(#9803),#5595,#8710);
#9803 = PRESENTATION_STYLE_ASSIGNMENT((#9804));
#9804 = SURFACE_STYLE_USAGE(.BOTH.,#9805);
#9805 = SURFACE_SIDE_STYLE('',(#9806));
#9806 = SURFACE_STYLE_FILL_AREA(#9807);
#9807 = FILL_AREA_STYLE('',(#9808));
#9808 = FILL_AREA_STYLE_COLOUR('',#9024);
#9809 = OVER_RIDING_STYLED_ITEM('overriding color',(#9810),#5623,#8710);
#9810 = PRESENTATION_STYLE_ASSIGNMENT((#9811));
#9811 = SURFACE_STYLE_USAGE(.BOTH.,#9812);
#9812 = SURFACE_SIDE_STYLE('',(#9813));
#9813 = SURFACE_STYLE_FILL_AREA(#9814);
#9814 = FILL_AREA_STYLE('',(#9815));
#9815 = FILL_AREA_STYLE_COLOUR('',#9024);
#9816 = OVER_RIDING_STYLED_ITEM('overriding color',(#9817),#5651,#8710);
#9817 = PRESENTATION_STYLE_ASSIGNMENT((#9818));
#9818 = SURFACE_STYLE_USAGE(.BOTH.,#9819);
#9819 = SURFACE_SIDE_STYLE('',(#9820));
#9820 = SURFACE_STYLE_FILL_AREA(#9821);
#9821 = FILL_AREA_STYLE('',(#9822));
#9822 = FILL_AREA_STYLE_COLOUR('',#9024);
#9823 = OVER_RIDING_STYLED_ITEM('overriding color',(#9824),#5679,#8710);
#9824 = PRESENTATION_STYLE_ASSIGNMENT((#9825));
#9825 = SURFACE_STYLE_USAGE(.BOTH.,#9826);
#9826 = SURFACE_SIDE_STYLE('',(#9827));
#9827 = SURFACE_STYLE_FILL_AREA(#9828);
#9828 = FILL_AREA_STYLE('',(#9829));
#9829 = FILL_AREA_STYLE_COLOUR('',#9024);
#9830 = OVER_RIDING_STYLED_ITEM('overriding color',(#9831),#5707,#8710);
#9831 = PRESENTATION_STYLE_ASSIGNMENT((#9832));
#9832 = SURFACE_STYLE_USAGE(.BOTH.,#9833);
#9833 = SURFACE_SIDE_STYLE('',(#9834));
#9834 = SURFACE_STYLE_FILL_AREA(#9835);
#9835 = FILL_AREA_STYLE('',(#9836));
#9836 = FILL_AREA_STYLE_COLOUR('',#9024);
#9837 = OVER_RIDING_STYLED_ITEM('overriding color',(#9838),#5729,#8710);
#9838 = PRESENTATION_STYLE_ASSIGNMENT((#9839));
#9839 = SURFACE_STYLE_USAGE(.BOTH.,#9840);
#9840 = SURFACE_SIDE_STYLE('',(#9841));
#9841 = SURFACE_STYLE_FILL_AREA(#9842);
#9842 = FILL_AREA_STYLE('',(#9843));
#9843 = FILL_AREA_STYLE_COLOUR('',#9024);
#9844 = OVER_RIDING_STYLED_ITEM('overriding color',(#9845),#5757,#8710);
#9845 = PRESENTATION_STYLE_ASSIGNMENT((#9846));
#9846 = SURFACE_STYLE_USAGE(.BOTH.,#9847);
#9847 = SURFACE_SIDE_STYLE('',(#9848));
#9848 = SURFACE_STYLE_FILL_AREA(#9849);
#9849 = FILL_AREA_STYLE('',(#9850));
#9850 = FILL_AREA_STYLE_COLOUR('',#9024);
#9851 = OVER_RIDING_STYLED_ITEM('overriding color',(#9852),#5785,#8710);
#9852 = PRESENTATION_STYLE_ASSIGNMENT((#9853));
#9853 = SURFACE_STYLE_USAGE(.BOTH.,#9854);
#9854 = SURFACE_SIDE_STYLE('',(#9855));
#9855 = SURFACE_STYLE_FILL_AREA(#9856);
#9856 = FILL_AREA_STYLE('',(#9857));
#9857 = FILL_AREA_STYLE_COLOUR('',#9024);
#9858 = OVER_RIDING_STYLED_ITEM('overriding color',(#9859),#5813,#8710);
#9859 = PRESENTATION_STYLE_ASSIGNMENT((#9860));
#9860 = SURFACE_STYLE_USAGE(.BOTH.,#9861);
#9861 = SURFACE_SIDE_STYLE('',(#9862));
#9862 = SURFACE_STYLE_FILL_AREA(#9863);
#9863 = FILL_AREA_STYLE('',(#9864));
#9864 = FILL_AREA_STYLE_COLOUR('',#9024);
#9865 = OVER_RIDING_STYLED_ITEM('overriding color',(#9866),#5841,#8710);
#9866 = PRESENTATION_STYLE_ASSIGNMENT((#9867));
#9867 = SURFACE_STYLE_USAGE(.BOTH.,#9868);
#9868 = SURFACE_SIDE_STYLE('',(#9869));
#9869 = SURFACE_STYLE_FILL_AREA(#9870);
#9870 = FILL_AREA_STYLE('',(#9871));
#9871 = FILL_AREA_STYLE_COLOUR('',#9024);
#9872 = OVER_RIDING_STYLED_ITEM('overriding color',(#9873),#5869,#8710);
#9873 = PRESENTATION_STYLE_ASSIGNMENT((#9874));
#9874 = SURFACE_STYLE_USAGE(.BOTH.,#9875);
#9875 = SURFACE_SIDE_STYLE('',(#9876));
#9876 = SURFACE_STYLE_FILL_AREA(#9877);
#9877 = FILL_AREA_STYLE('',(#9878));
#9878 = FILL_AREA_STYLE_COLOUR('',#9024);
#9879 = OVER_RIDING_STYLED_ITEM('overriding color',(#9880),#5897,#8710);
#9880 = PRESENTATION_STYLE_ASSIGNMENT((#9881));
#9881 = SURFACE_STYLE_USAGE(.BOTH.,#9882);
#9882 = SURFACE_SIDE_STYLE('',(#9883));
#9883 = SURFACE_STYLE_FILL_AREA(#9884);
#9884 = FILL_AREA_STYLE('',(#9885));
#9885 = FILL_AREA_STYLE_COLOUR('',#9024);
#9886 = OVER_RIDING_STYLED_ITEM('overriding color',(#9887),#5925,#8710);
#9887 = PRESENTATION_STYLE_ASSIGNMENT((#9888));
#9888 = SURFACE_STYLE_USAGE(.BOTH.,#9889);
#9889 = SURFACE_SIDE_STYLE('',(#9890));
#9890 = SURFACE_STYLE_FILL_AREA(#9891);
#9891 = FILL_AREA_STYLE('',(#9892));
#9892 = FILL_AREA_STYLE_COLOUR('',#9024);
#9893 = OVER_RIDING_STYLED_ITEM('overriding color',(#9894),#5947,#8710);
#9894 = PRESENTATION_STYLE_ASSIGNMENT((#9895));
#9895 = SURFACE_STYLE_USAGE(.BOTH.,#9896);
#9896 = SURFACE_SIDE_STYLE('',(#9897));
#9897 = SURFACE_STYLE_FILL_AREA(#9898);
#9898 = FILL_AREA_STYLE('',(#9899));
#9899 = FILL_AREA_STYLE_COLOUR('',#9024);
#9900 = OVER_RIDING_STYLED_ITEM('overriding color',(#9901),#5976,#8710);
#9901 = PRESENTATION_STYLE_ASSIGNMENT((#9902));
#9902 = SURFACE_STYLE_USAGE(.BOTH.,#9903);
#9903 = SURFACE_SIDE_STYLE('',(#9904));
#9904 = SURFACE_STYLE_FILL_AREA(#9905);
#9905 = FILL_AREA_STYLE('',(#9906));
#9906 = FILL_AREA_STYLE_COLOUR('',#9024);
#9907 = OVER_RIDING_STYLED_ITEM('overriding color',(#9908),#6004,#8710);
#9908 = PRESENTATION_STYLE_ASSIGNMENT((#9909));
#9909 = SURFACE_STYLE_USAGE(.BOTH.,#9910);
#9910 = SURFACE_SIDE_STYLE('',(#9911));
#9911 = SURFACE_STYLE_FILL_AREA(#9912);
#9912 = FILL_AREA_STYLE('',(#9913));
#9913 = FILL_AREA_STYLE_COLOUR('',#9024);
#9914 = OVER_RIDING_STYLED_ITEM('overriding color',(#9915),#6026,#8710);
#9915 = PRESENTATION_STYLE_ASSIGNMENT((#9916));
#9916 = SURFACE_STYLE_USAGE(.BOTH.,#9917);
#9917 = SURFACE_SIDE_STYLE('',(#9918));
#9918 = SURFACE_STYLE_FILL_AREA(#9919);
#9919 = FILL_AREA_STYLE('',(#9920));
#9920 = FILL_AREA_STYLE_COLOUR('',#9024);
#9921 = OVER_RIDING_STYLED_ITEM('overriding color',(#9922),#6054,#8710);
#9922 = PRESENTATION_STYLE_ASSIGNMENT((#9923));
#9923 = SURFACE_STYLE_USAGE(.BOTH.,#9924);
#9924 = SURFACE_SIDE_STYLE('',(#9925));
#9925 = SURFACE_STYLE_FILL_AREA(#9926);
#9926 = FILL_AREA_STYLE('',(#9927));
#9927 = FILL_AREA_STYLE_COLOUR('',#9024);
#9928 = OVER_RIDING_STYLED_ITEM('overriding color',(#9929),#6076,#8710);
#9929 = PRESENTATION_STYLE_ASSIGNMENT((#9930));
#9930 = SURFACE_STYLE_USAGE(.BOTH.,#9931);
#9931 = SURFACE_SIDE_STYLE('',(#9932));
#9932 = SURFACE_STYLE_FILL_AREA(#9933);
#9933 = FILL_AREA_STYLE('',(#9934));
#9934 = FILL_AREA_STYLE_COLOUR('',#9024);
#9935 = OVER_RIDING_STYLED_ITEM('overriding color',(#9936),#6098,#8710);
#9936 = PRESENTATION_STYLE_ASSIGNMENT((#9937));
#9937 = SURFACE_STYLE_USAGE(.BOTH.,#9938);
#9938 = SURFACE_SIDE_STYLE('',(#9939));
#9939 = SURFACE_STYLE_FILL_AREA(#9940);
#9940 = FILL_AREA_STYLE('',(#9941));
#9941 = FILL_AREA_STYLE_COLOUR('',#9024);
#9942 = OVER_RIDING_STYLED_ITEM('overriding color',(#9943),#6120,#8710);
#9943 = PRESENTATION_STYLE_ASSIGNMENT((#9944));
#9944 = SURFACE_STYLE_USAGE(.BOTH.,#9945);
#9945 = SURFACE_SIDE_STYLE('',(#9946));
#9946 = SURFACE_STYLE_FILL_AREA(#9947);
#9947 = FILL_AREA_STYLE('',(#9948));
#9948 = FILL_AREA_STYLE_COLOUR('',#9024);
#9949 = OVER_RIDING_STYLED_ITEM('overriding color',(#9950),#6142,#8710);
#9950 = PRESENTATION_STYLE_ASSIGNMENT((#9951));
#9951 = SURFACE_STYLE_USAGE(.BOTH.,#9952);
#9952 = SURFACE_SIDE_STYLE('',(#9953));
#9953 = SURFACE_STYLE_FILL_AREA(#9954);
#9954 = FILL_AREA_STYLE('',(#9955));
#9955 = FILL_AREA_STYLE_COLOUR('',#9024);
#9956 = OVER_RIDING_STYLED_ITEM('overriding color',(#9957),#6164,#8710);
#9957 = PRESENTATION_STYLE_ASSIGNMENT((#9958));
#9958 = SURFACE_STYLE_USAGE(.BOTH.,#9959);
#9959 = SURFACE_SIDE_STYLE('',(#9960));
#9960 = SURFACE_STYLE_FILL_AREA(#9961);
#9961 = FILL_AREA_STYLE('',(#9962));
#9962 = FILL_AREA_STYLE_COLOUR('',#9024);
#9963 = OVER_RIDING_STYLED_ITEM('overriding color',(#9964),#6186,#8710);
#9964 = PRESENTATION_STYLE_ASSIGNMENT((#9965));
#9965 = SURFACE_STYLE_USAGE(.BOTH.,#9966);
#9966 = SURFACE_SIDE_STYLE('',(#9967));
#9967 = SURFACE_STYLE_FILL_AREA(#9968);
#9968 = FILL_AREA_STYLE('',(#9969));
#9969 = FILL_AREA_STYLE_COLOUR('',#9024);
#9970 = OVER_RIDING_STYLED_ITEM('overriding color',(#9971),#6214,#8710);
#9971 = PRESENTATION_STYLE_ASSIGNMENT((#9972));
#9972 = SURFACE_STYLE_USAGE(.BOTH.,#9973);
#9973 = SURFACE_SIDE_STYLE('',(#9974));
#9974 = SURFACE_STYLE_FILL_AREA(#9975);
#9975 = FILL_AREA_STYLE('',(#9976));
#9976 = FILL_AREA_STYLE_COLOUR('',#9024);
#9977 = OVER_RIDING_STYLED_ITEM('overriding color',(#9978),#6242,#8710);
#9978 = PRESENTATION_STYLE_ASSIGNMENT((#9979));
#9979 = SURFACE_STYLE_USAGE(.BOTH.,#9980);
#9980 = SURFACE_SIDE_STYLE('',(#9981));
#9981 = SURFACE_STYLE_FILL_AREA(#9982);
#9982 = FILL_AREA_STYLE('',(#9983));
#9983 = FILL_AREA_STYLE_COLOUR('',#9024);
#9984 = OVER_RIDING_STYLED_ITEM('overriding color',(#9985),#6264,#8710);
#9985 = PRESENTATION_STYLE_ASSIGNMENT((#9986));
#9986 = SURFACE_STYLE_USAGE(.BOTH.,#9987);
#9987 = SURFACE_SIDE_STYLE('',(#9988));
#9988 = SURFACE_STYLE_FILL_AREA(#9989);
#9989 = FILL_AREA_STYLE('',(#9990));
#9990 = FILL_AREA_STYLE_COLOUR('',#9024);
#9991 = OVER_RIDING_STYLED_ITEM('overriding color',(#9992),#6292,#8710);
#9992 = PRESENTATION_STYLE_ASSIGNMENT((#9993));
#9993 = SURFACE_STYLE_USAGE(.BOTH.,#9994);
#9994 = SURFACE_SIDE_STYLE('',(#9995));
#9995 = SURFACE_STYLE_FILL_AREA(#9996);
#9996 = FILL_AREA_STYLE('',(#9997));
#9997 = FILL_AREA_STYLE_COLOUR('',#9024);
#9998 = OVER_RIDING_STYLED_ITEM('overriding color',(#9999),#6320,#8710);
#9999 = PRESENTATION_STYLE_ASSIGNMENT((#10000));
#10000 = SURFACE_STYLE_USAGE(.BOTH.,#10001);
#10001 = SURFACE_SIDE_STYLE('',(#10002));
#10002 = SURFACE_STYLE_FILL_AREA(#10003);
#10003 = FILL_AREA_STYLE('',(#10004));
#10004 = FILL_AREA_STYLE_COLOUR('',#9024);
#10005 = OVER_RIDING_STYLED_ITEM('overriding color',(#10006),#6336,#8710
  );
#10006 = PRESENTATION_STYLE_ASSIGNMENT((#10007));
#10007 = SURFACE_STYLE_USAGE(.BOTH.,#10008);
#10008 = SURFACE_SIDE_STYLE('',(#10009));
#10009 = SURFACE_STYLE_FILL_AREA(#10010);
#10010 = FILL_AREA_STYLE('',(#10011));
#10011 = FILL_AREA_STYLE_COLOUR('',#9024);
#10012 = OVER_RIDING_STYLED_ITEM('overriding color',(#10013),#6359,#8710
  );
#10013 = PRESENTATION_STYLE_ASSIGNMENT((#10014));
#10014 = SURFACE_STYLE_USAGE(.BOTH.,#10015);
#10015 = SURFACE_SIDE_STYLE('',(#10016));
#10016 = SURFACE_STYLE_FILL_AREA(#10017);
#10017 = FILL_AREA_STYLE('',(#10018));
#10018 = FILL_AREA_STYLE_COLOUR('',#9024);
#10019 = OVER_RIDING_STYLED_ITEM('overriding color',(#10020),#6387,#8710
  );
#10020 = PRESENTATION_STYLE_ASSIGNMENT((#10021));
#10021 = SURFACE_STYLE_USAGE(.BOTH.,#10022);
#10022 = SURFACE_SIDE_STYLE('',(#10023));
#10023 = SURFACE_STYLE_FILL_AREA(#10024);
#10024 = FILL_AREA_STYLE('',(#10025));
#10025 = FILL_AREA_STYLE_COLOUR('',#9024);
#10026 = OVER_RIDING_STYLED_ITEM('overriding color',(#10027),#6409,#8710
  );
#10027 = PRESENTATION_STYLE_ASSIGNMENT((#10028));
#10028 = SURFACE_STYLE_USAGE(.BOTH.,#10029);
#10029 = SURFACE_SIDE_STYLE('',(#10030));
#10030 = SURFACE_STYLE_FILL_AREA(#10031);
#10031 = FILL_AREA_STYLE('',(#10032));
#10032 = FILL_AREA_STYLE_COLOUR('',#9024);
#10033 = OVER_RIDING_STYLED_ITEM('overriding color',(#10034),#6431,#8710
  );
#10034 = PRESENTATION_STYLE_ASSIGNMENT((#10035));
#10035 = SURFACE_STYLE_USAGE(.BOTH.,#10036);
#10036 = SURFACE_SIDE_STYLE('',(#10037));
#10037 = SURFACE_STYLE_FILL_AREA(#10038);
#10038 = FILL_AREA_STYLE('',(#10039));
#10039 = FILL_AREA_STYLE_COLOUR('',#9024);
#10040 = OVER_RIDING_STYLED_ITEM('overriding color',(#10041),#6453,#8710
  );
#10041 = PRESENTATION_STYLE_ASSIGNMENT((#10042));
#10042 = SURFACE_STYLE_USAGE(.BOTH.,#10043);
#10043 = SURFACE_SIDE_STYLE('',(#10044));
#10044 = SURFACE_STYLE_FILL_AREA(#10045);
#10045 = FILL_AREA_STYLE('',(#10046));
#10046 = FILL_AREA_STYLE_COLOUR('',#9024);
#10047 = OVER_RIDING_STYLED_ITEM('overriding color',(#10048),#6475,#8710
  );
#10048 = PRESENTATION_STYLE_ASSIGNMENT((#10049));
#10049 = SURFACE_STYLE_USAGE(.BOTH.,#10050);
#10050 = SURFACE_SIDE_STYLE('',(#10051));
#10051 = SURFACE_STYLE_FILL_AREA(#10052);
#10052 = FILL_AREA_STYLE('',(#10053));
#10053 = FILL_AREA_STYLE_COLOUR('',#9024);
#10054 = OVER_RIDING_STYLED_ITEM('overriding color',(#10055),#6497,#8710
  );
#10055 = PRESENTATION_STYLE_ASSIGNMENT((#10056));
#10056 = SURFACE_STYLE_USAGE(.BOTH.,#10057);
#10057 = SURFACE_SIDE_STYLE('',(#10058));
#10058 = SURFACE_STYLE_FILL_AREA(#10059);
#10059 = FILL_AREA_STYLE('',(#10060));
#10060 = FILL_AREA_STYLE_COLOUR('',#9024);
#10061 = OVER_RIDING_STYLED_ITEM('overriding color',(#10062),#6519,#8710
  );
#10062 = PRESENTATION_STYLE_ASSIGNMENT((#10063));
#10063 = SURFACE_STYLE_USAGE(.BOTH.,#10064);
#10064 = SURFACE_SIDE_STYLE('',(#10065));
#10065 = SURFACE_STYLE_FILL_AREA(#10066);
#10066 = FILL_AREA_STYLE('',(#10067));
#10067 = FILL_AREA_STYLE_COLOUR('',#9024);
#10068 = OVER_RIDING_STYLED_ITEM('overriding color',(#10069),#6541,#8710
  );
#10069 = PRESENTATION_STYLE_ASSIGNMENT((#10070));
#10070 = SURFACE_STYLE_USAGE(.BOTH.,#10071);
#10071 = SURFACE_SIDE_STYLE('',(#10072));
#10072 = SURFACE_STYLE_FILL_AREA(#10073);
#10073 = FILL_AREA_STYLE('',(#10074));
#10074 = FILL_AREA_STYLE_COLOUR('',#9024);
#10075 = OVER_RIDING_STYLED_ITEM('overriding color',(#10076),#6563,#8710
  );
#10076 = PRESENTATION_STYLE_ASSIGNMENT((#10077));
#10077 = SURFACE_STYLE_USAGE(.BOTH.,#10078);
#10078 = SURFACE_SIDE_STYLE('',(#10079));
#10079 = SURFACE_STYLE_FILL_AREA(#10080);
#10080 = FILL_AREA_STYLE('',(#10081));
#10081 = FILL_AREA_STYLE_COLOUR('',#9024);
#10082 = OVER_RIDING_STYLED_ITEM('overriding color',(#10083),#6585,#8710
  );
#10083 = PRESENTATION_STYLE_ASSIGNMENT((#10084));
#10084 = SURFACE_STYLE_USAGE(.BOTH.,#10085);
#10085 = SURFACE_SIDE_STYLE('',(#10086));
#10086 = SURFACE_STYLE_FILL_AREA(#10087);
#10087 = FILL_AREA_STYLE('',(#10088));
#10088 = FILL_AREA_STYLE_COLOUR('',#9024);
#10089 = OVER_RIDING_STYLED_ITEM('overriding color',(#10090),#6607,#8710
  );
#10090 = PRESENTATION_STYLE_ASSIGNMENT((#10091));
#10091 = SURFACE_STYLE_USAGE(.BOTH.,#10092);
#10092 = SURFACE_SIDE_STYLE('',(#10093));
#10093 = SURFACE_STYLE_FILL_AREA(#10094);
#10094 = FILL_AREA_STYLE('',(#10095));
#10095 = FILL_AREA_STYLE_COLOUR('',#9024);
#10096 = OVER_RIDING_STYLED_ITEM('overriding color',(#10097),#6623,#8710
  );
#10097 = PRESENTATION_STYLE_ASSIGNMENT((#10098));
#10098 = SURFACE_STYLE_USAGE(.BOTH.,#10099);
#10099 = SURFACE_SIDE_STYLE('',(#10100));
#10100 = SURFACE_STYLE_FILL_AREA(#10101);
#10101 = FILL_AREA_STYLE('',(#10102));
#10102 = FILL_AREA_STYLE_COLOUR('',#9024);
#10103 = OVER_RIDING_STYLED_ITEM('overriding color',(#10104),#6643,#8710
  );
#10104 = PRESENTATION_STYLE_ASSIGNMENT((#10105));
#10105 = SURFACE_STYLE_USAGE(.BOTH.,#10106);
#10106 = SURFACE_SIDE_STYLE('',(#10107));
#10107 = SURFACE_STYLE_FILL_AREA(#10108);
#10108 = FILL_AREA_STYLE('',(#10109));
#10109 = FILL_AREA_STYLE_COLOUR('',#9024);
#10110 = OVER_RIDING_STYLED_ITEM('overriding color',(#10111),#6767,#8710
  );
#10111 = PRESENTATION_STYLE_ASSIGNMENT((#10112));
#10112 = SURFACE_STYLE_USAGE(.BOTH.,#10113);
#10113 = SURFACE_SIDE_STYLE('',(#10114));
#10114 = SURFACE_STYLE_FILL_AREA(#10115);
#10115 = FILL_AREA_STYLE('',(#10116));
#10116 = FILL_AREA_STYLE_COLOUR('',#9024);
#10117 = OVER_RIDING_STYLED_ITEM('overriding color',(#10118),#6787,#8710
  );
#10118 = PRESENTATION_STYLE_ASSIGNMENT((#10119));
#10119 = SURFACE_STYLE_USAGE(.BOTH.,#10120);
#10120 = SURFACE_SIDE_STYLE('',(#10121));
#10121 = SURFACE_STYLE_FILL_AREA(#10122);
#10122 = FILL_AREA_STYLE('',(#10123));
#10123 = FILL_AREA_STYLE_COLOUR('',#9024);
#10124 = OVER_RIDING_STYLED_ITEM('overriding color',(#10125),#6807,#8710
  );
#10125 = PRESENTATION_STYLE_ASSIGNMENT((#10126));
#10126 = SURFACE_STYLE_USAGE(.BOTH.,#10127);
#10127 = SURFACE_SIDE_STYLE('',(#10128));
#10128 = SURFACE_STYLE_FILL_AREA(#10129);
#10129 = FILL_AREA_STYLE('',(#10130));
#10130 = FILL_AREA_STYLE_COLOUR('',#9024);
#10131 = OVER_RIDING_STYLED_ITEM('overriding color',(#10132),#6827,#8710
  );
#10132 = PRESENTATION_STYLE_ASSIGNMENT((#10133));
#10133 = SURFACE_STYLE_USAGE(.BOTH.,#10134);
#10134 = SURFACE_SIDE_STYLE('',(#10135));
#10135 = SURFACE_STYLE_FILL_AREA(#10136);
#10136 = FILL_AREA_STYLE('',(#10137));
#10137 = FILL_AREA_STYLE_COLOUR('',#9024);
#10138 = OVER_RIDING_STYLED_ITEM('overriding color',(#10139),#6847,#8710
  );
#10139 = PRESENTATION_STYLE_ASSIGNMENT((#10140));
#10140 = SURFACE_STYLE_USAGE(.BOTH.,#10141);
#10141 = SURFACE_SIDE_STYLE('',(#10142));
#10142 = SURFACE_STYLE_FILL_AREA(#10143);
#10143 = FILL_AREA_STYLE('',(#10144));
#10144 = FILL_AREA_STYLE_COLOUR('',#9024);
#10145 = OVER_RIDING_STYLED_ITEM('overriding color',(#10146),#6867,#8710
  );
#10146 = PRESENTATION_STYLE_ASSIGNMENT((#10147));
#10147 = SURFACE_STYLE_USAGE(.BOTH.,#10148);
#10148 = SURFACE_SIDE_STYLE('',(#10149));
#10149 = SURFACE_STYLE_FILL_AREA(#10150);
#10150 = FILL_AREA_STYLE('',(#10151));
#10151 = FILL_AREA_STYLE_COLOUR('',#9024);
#10152 = OVER_RIDING_STYLED_ITEM('overriding color',(#10153),#6883,#8710
  );
#10153 = PRESENTATION_STYLE_ASSIGNMENT((#10154));
#10154 = SURFACE_STYLE_USAGE(.BOTH.,#10155);
#10155 = SURFACE_SIDE_STYLE('',(#10156));
#10156 = SURFACE_STYLE_FILL_AREA(#10157);
#10157 = FILL_AREA_STYLE('',(#10158));
#10158 = FILL_AREA_STYLE_COLOUR('',#9024);
#10159 = OVER_RIDING_STYLED_ITEM('overriding color',(#10160),#6895,#8710
  );
#10160 = PRESENTATION_STYLE_ASSIGNMENT((#10161));
#10161 = SURFACE_STYLE_USAGE(.BOTH.,#10162);
#10162 = SURFACE_SIDE_STYLE('',(#10163));
#10163 = SURFACE_STYLE_FILL_AREA(#10164);
#10164 = FILL_AREA_STYLE('',(#10165));
#10165 = FILL_AREA_STYLE_COLOUR('',#9024);
#10166 = OVER_RIDING_STYLED_ITEM('overriding color',(#10167),#6923,#8710
  );
#10167 = PRESENTATION_STYLE_ASSIGNMENT((#10168));
#10168 = SURFACE_STYLE_USAGE(.BOTH.,#10169);
#10169 = SURFACE_SIDE_STYLE('',(#10170));
#10170 = SURFACE_STYLE_FILL_AREA(#10171);
#10171 = FILL_AREA_STYLE('',(#10172));
#10172 = FILL_AREA_STYLE_COLOUR('',#9024);
#10173 = OVER_RIDING_STYLED_ITEM('overriding color',(#10174),#6945,#8710
  );
#10174 = PRESENTATION_STYLE_ASSIGNMENT((#10175));
#10175 = SURFACE_STYLE_USAGE(.BOTH.,#10176);
#10176 = SURFACE_SIDE_STYLE('',(#10177));
#10177 = SURFACE_STYLE_FILL_AREA(#10178);
#10178 = FILL_AREA_STYLE('',(#10179));
#10179 = FILL_AREA_STYLE_COLOUR('',#9024);
#10180 = OVER_RIDING_STYLED_ITEM('overriding color',(#10181),#6967,#8710
  );
#10181 = PRESENTATION_STYLE_ASSIGNMENT((#10182));
#10182 = SURFACE_STYLE_USAGE(.BOTH.,#10183);
#10183 = SURFACE_SIDE_STYLE('',(#10184));
#10184 = SURFACE_STYLE_FILL_AREA(#10185);
#10185 = FILL_AREA_STYLE('',(#10186));
#10186 = FILL_AREA_STYLE_COLOUR('',#9024);
#10187 = OVER_RIDING_STYLED_ITEM('overriding color',(#10188),#6995,#8710
  );
#10188 = PRESENTATION_STYLE_ASSIGNMENT((#10189));
#10189 = SURFACE_STYLE_USAGE(.BOTH.,#10190);
#10190 = SURFACE_SIDE_STYLE('',(#10191));
#10191 = SURFACE_STYLE_FILL_AREA(#10192);
#10192 = FILL_AREA_STYLE('',(#10193));
#10193 = FILL_AREA_STYLE_COLOUR('',#9024);
#10194 = OVER_RIDING_STYLED_ITEM('overriding color',(#10195),#7023,#8710
  );
#10195 = PRESENTATION_STYLE_ASSIGNMENT((#10196));
#10196 = SURFACE_STYLE_USAGE(.BOTH.,#10197);
#10197 = SURFACE_SIDE_STYLE('',(#10198));
#10198 = SURFACE_STYLE_FILL_AREA(#10199);
#10199 = FILL_AREA_STYLE('',(#10200));
#10200 = FILL_AREA_STYLE_COLOUR('',#9024);
#10201 = OVER_RIDING_STYLED_ITEM('overriding color',(#10202),#7051,#8710
  );
#10202 = PRESENTATION_STYLE_ASSIGNMENT((#10203));
#10203 = SURFACE_STYLE_USAGE(.BOTH.,#10204);
#10204 = SURFACE_SIDE_STYLE('',(#10205));
#10205 = SURFACE_STYLE_FILL_AREA(#10206);
#10206 = FILL_AREA_STYLE('',(#10207));
#10207 = FILL_AREA_STYLE_COLOUR('',#9024);
#10208 = OVER_RIDING_STYLED_ITEM('overriding color',(#10209),#7073,#8710
  );
#10209 = PRESENTATION_STYLE_ASSIGNMENT((#10210));
#10210 = SURFACE_STYLE_USAGE(.BOTH.,#10211);
#10211 = SURFACE_SIDE_STYLE('',(#10212));
#10212 = SURFACE_STYLE_FILL_AREA(#10213);
#10213 = FILL_AREA_STYLE('',(#10214));
#10214 = FILL_AREA_STYLE_COLOUR('',#8770);
#10215 = OVER_RIDING_STYLED_ITEM('overriding color',(#10216),#7088,#8710
  );
#10216 = PRESENTATION_STYLE_ASSIGNMENT((#10217));
#10217 = SURFACE_STYLE_USAGE(.BOTH.,#10218);
#10218 = SURFACE_SIDE_STYLE('',(#10219));
#10219 = SURFACE_STYLE_FILL_AREA(#10220);
#10220 = FILL_AREA_STYLE('',(#10221));
#10221 = FILL_AREA_STYLE_COLOUR('',#9024);
#10222 = OVER_RIDING_STYLED_ITEM('overriding color',(#10223),#7200,#8710
  );
#10223 = PRESENTATION_STYLE_ASSIGNMENT((#10224));
#10224 = SURFACE_STYLE_USAGE(.BOTH.,#10225);
#10225 = SURFACE_SIDE_STYLE('',(#10226));
#10226 = SURFACE_STYLE_FILL_AREA(#10227);
#10227 = FILL_AREA_STYLE('',(#10228));
#10228 = FILL_AREA_STYLE_COLOUR('',#9024);
#10229 = OVER_RIDING_STYLED_ITEM('overriding color',(#10230),#7220,#8710
  );
#10230 = PRESENTATION_STYLE_ASSIGNMENT((#10231));
#10231 = SURFACE_STYLE_USAGE(.BOTH.,#10232);
#10232 = SURFACE_SIDE_STYLE('',(#10233));
#10233 = SURFACE_STYLE_FILL_AREA(#10234);
#10234 = FILL_AREA_STYLE('',(#10235));
#10235 = FILL_AREA_STYLE_COLOUR('',#9024);
#10236 = OVER_RIDING_STYLED_ITEM('overriding color',(#10237),#7236,#8710
  );
#10237 = PRESENTATION_STYLE_ASSIGNMENT((#10238));
#10238 = SURFACE_STYLE_USAGE(.BOTH.,#10239);
#10239 = SURFACE_SIDE_STYLE('',(#10240));
#10240 = SURFACE_STYLE_FILL_AREA(#10241);
#10241 = FILL_AREA_STYLE('',(#10242));
#10242 = FILL_AREA_STYLE_COLOUR('',#9024);
#10243 = OVER_RIDING_STYLED_ITEM('overriding color',(#10244),#7252,#8710
  );
#10244 = PRESENTATION_STYLE_ASSIGNMENT((#10245));
#10245 = SURFACE_STYLE_USAGE(.BOTH.,#10246);
#10246 = SURFACE_SIDE_STYLE('',(#10247));
#10247 = SURFACE_STYLE_FILL_AREA(#10248);
#10248 = FILL_AREA_STYLE('',(#10249));
#10249 = FILL_AREA_STYLE_COLOUR('',#9024);
#10250 = OVER_RIDING_STYLED_ITEM('overriding color',(#10251),#7268,#8710
  );
#10251 = PRESENTATION_STYLE_ASSIGNMENT((#10252));
#10252 = SURFACE_STYLE_USAGE(.BOTH.,#10253);
#10253 = SURFACE_SIDE_STYLE('',(#10254));
#10254 = SURFACE_STYLE_FILL_AREA(#10255);
#10255 = FILL_AREA_STYLE('',(#10256));
#10256 = FILL_AREA_STYLE_COLOUR('',#9024);
#10257 = OVER_RIDING_STYLED_ITEM('overriding color',(#10258),#7284,#8710
  );
#10258 = PRESENTATION_STYLE_ASSIGNMENT((#10259));
#10259 = SURFACE_STYLE_USAGE(.BOTH.,#10260);
#10260 = SURFACE_SIDE_STYLE('',(#10261));
#10261 = SURFACE_STYLE_FILL_AREA(#10262);
#10262 = FILL_AREA_STYLE('',(#10263));
#10263 = FILL_AREA_STYLE_COLOUR('',#9024);
#10264 = OVER_RIDING_STYLED_ITEM('overriding color',(#10265),#7300,#8710
  );
#10265 = PRESENTATION_STYLE_ASSIGNMENT((#10266));
#10266 = SURFACE_STYLE_USAGE(.BOTH.,#10267);
#10267 = SURFACE_SIDE_STYLE('',(#10268));
#10268 = SURFACE_STYLE_FILL_AREA(#10269);
#10269 = FILL_AREA_STYLE('',(#10270));
#10270 = FILL_AREA_STYLE_COLOUR('',#9024);
#10271 = OVER_RIDING_STYLED_ITEM('overriding color',(#10272),#7316,#8710
  );
#10272 = PRESENTATION_STYLE_ASSIGNMENT((#10273));
#10273 = SURFACE_STYLE_USAGE(.BOTH.,#10274);
#10274 = SURFACE_SIDE_STYLE('',(#10275));
#10275 = SURFACE_STYLE_FILL_AREA(#10276);
#10276 = FILL_AREA_STYLE('',(#10277));
#10277 = FILL_AREA_STYLE_COLOUR('',#9024);
#10278 = OVER_RIDING_STYLED_ITEM('overriding color',(#10279),#7328,#8710
  );
#10279 = PRESENTATION_STYLE_ASSIGNMENT((#10280));
#10280 = SURFACE_STYLE_USAGE(.BOTH.,#10281);
#10281 = SURFACE_SIDE_STYLE('',(#10282));
#10282 = SURFACE_STYLE_FILL_AREA(#10283);
#10283 = FILL_AREA_STYLE('',(#10284));
#10284 = FILL_AREA_STYLE_COLOUR('',#9024);
#10285 = OVER_RIDING_STYLED_ITEM('overriding color',(#10286),#7356,#8710
  );
#10286 = PRESENTATION_STYLE_ASSIGNMENT((#10287));
#10287 = SURFACE_STYLE_USAGE(.BOTH.,#10288);
#10288 = SURFACE_SIDE_STYLE('',(#10289));
#10289 = SURFACE_STYLE_FILL_AREA(#10290);
#10290 = FILL_AREA_STYLE('',(#10291));
#10291 = FILL_AREA_STYLE_COLOUR('',#9024);
#10292 = OVER_RIDING_STYLED_ITEM('overriding color',(#10293),#7378,#8710
  );
#10293 = PRESENTATION_STYLE_ASSIGNMENT((#10294));
#10294 = SURFACE_STYLE_USAGE(.BOTH.,#10295);
#10295 = SURFACE_SIDE_STYLE('',(#10296));
#10296 = SURFACE_STYLE_FILL_AREA(#10297);
#10297 = FILL_AREA_STYLE('',(#10298));
#10298 = FILL_AREA_STYLE_COLOUR('',#9024);
#10299 = OVER_RIDING_STYLED_ITEM('overriding color',(#10300),#7406,#8710
  );
#10300 = PRESENTATION_STYLE_ASSIGNMENT((#10301));
#10301 = SURFACE_STYLE_USAGE(.BOTH.,#10302);
#10302 = SURFACE_SIDE_STYLE('',(#10303));
#10303 = SURFACE_STYLE_FILL_AREA(#10304);
#10304 = FILL_AREA_STYLE('',(#10305));
#10305 = FILL_AREA_STYLE_COLOUR('',#9024);
#10306 = OVER_RIDING_STYLED_ITEM('overriding color',(#10307),#7428,#8710
  );
#10307 = PRESENTATION_STYLE_ASSIGNMENT((#10308));
#10308 = SURFACE_STYLE_USAGE(.BOTH.,#10309);
#10309 = SURFACE_SIDE_STYLE('',(#10310));
#10310 = SURFACE_STYLE_FILL_AREA(#10311);
#10311 = FILL_AREA_STYLE('',(#10312));
#10312 = FILL_AREA_STYLE_COLOUR('',#9024);
#10313 = OVER_RIDING_STYLED_ITEM('overriding color',(#10314),#7456,#8710
  );
#10314 = PRESENTATION_STYLE_ASSIGNMENT((#10315));
#10315 = SURFACE_STYLE_USAGE(.BOTH.,#10316);
#10316 = SURFACE_SIDE_STYLE('',(#10317));
#10317 = SURFACE_STYLE_FILL_AREA(#10318);
#10318 = FILL_AREA_STYLE('',(#10319));
#10319 = FILL_AREA_STYLE_COLOUR('',#9024);
#10320 = OVER_RIDING_STYLED_ITEM('overriding color',(#10321),#7472,#8710
  );
#10321 = PRESENTATION_STYLE_ASSIGNMENT((#10322));
#10322 = SURFACE_STYLE_USAGE(.BOTH.,#10323);
#10323 = SURFACE_SIDE_STYLE('',(#10324));
#10324 = SURFACE_STYLE_FILL_AREA(#10325);
#10325 = FILL_AREA_STYLE('',(#10326));
#10326 = FILL_AREA_STYLE_COLOUR('',#8770);
#10327 = OVER_RIDING_STYLED_ITEM('overriding color',(#10328),#7486,#8710
  );
#10328 = PRESENTATION_STYLE_ASSIGNMENT((#10329));
#10329 = SURFACE_STYLE_USAGE(.BOTH.,#10330);
#10330 = SURFACE_SIDE_STYLE('',(#10331));
#10331 = SURFACE_STYLE_FILL_AREA(#10332);
#10332 = FILL_AREA_STYLE('',(#10333));
#10333 = FILL_AREA_STYLE_COLOUR('',#9024);
#10334 = OVER_RIDING_STYLED_ITEM('overriding color',(#10335),#7806,#8710
  );
#10335 = PRESENTATION_STYLE_ASSIGNMENT((#10336));
#10336 = SURFACE_STYLE_USAGE(.BOTH.,#10337);
#10337 = SURFACE_SIDE_STYLE('',(#10338));
#10338 = SURFACE_STYLE_FILL_AREA(#10339);
#10339 = FILL_AREA_STYLE('',(#10340));
#10340 = FILL_AREA_STYLE_COLOUR('',#9024);
#10341 = OVER_RIDING_STYLED_ITEM('overriding color',(#10342),#7830,#8710
  );
#10342 = PRESENTATION_STYLE_ASSIGNMENT((#10343));
#10343 = SURFACE_STYLE_USAGE(.BOTH.,#10344);
#10344 = SURFACE_SIDE_STYLE('',(#10345));
#10345 = SURFACE_STYLE_FILL_AREA(#10346);
#10346 = FILL_AREA_STYLE('',(#10347));
#10347 = FILL_AREA_STYLE_COLOUR('',#9024);
#10348 = OVER_RIDING_STYLED_ITEM('overriding color',(#10349),#7850,#8710
  );
#10349 = PRESENTATION_STYLE_ASSIGNMENT((#10350));
#10350 = SURFACE_STYLE_USAGE(.BOTH.,#10351);
#10351 = SURFACE_SIDE_STYLE('',(#10352));
#10352 = SURFACE_STYLE_FILL_AREA(#10353);
#10353 = FILL_AREA_STYLE('',(#10354));
#10354 = FILL_AREA_STYLE_COLOUR('',#9024);
#10355 = OVER_RIDING_STYLED_ITEM('overriding color',(#10356),#7870,#8710
  );
#10356 = PRESENTATION_STYLE_ASSIGNMENT((#10357));
#10357 = SURFACE_STYLE_USAGE(.BOTH.,#10358);
#10358 = SURFACE_SIDE_STYLE('',(#10359));
#10359 = SURFACE_STYLE_FILL_AREA(#10360);
#10360 = FILL_AREA_STYLE('',(#10361));
#10361 = FILL_AREA_STYLE_COLOUR('',#9024);
#10362 = OVER_RIDING_STYLED_ITEM('overriding color',(#10363),#7890,#8710
  );
#10363 = PRESENTATION_STYLE_ASSIGNMENT((#10364));
#10364 = SURFACE_STYLE_USAGE(.BOTH.,#10365);
#10365 = SURFACE_SIDE_STYLE('',(#10366));
#10366 = SURFACE_STYLE_FILL_AREA(#10367);
#10367 = FILL_AREA_STYLE('',(#10368));
#10368 = FILL_AREA_STYLE_COLOUR('',#9024);
#10369 = OVER_RIDING_STYLED_ITEM('overriding color',(#10370),#7910,#8710
  );
#10370 = PRESENTATION_STYLE_ASSIGNMENT((#10371));
#10371 = SURFACE_STYLE_USAGE(.BOTH.,#10372);
#10372 = SURFACE_SIDE_STYLE('',(#10373));
#10373 = SURFACE_STYLE_FILL_AREA(#10374);
#10374 = FILL_AREA_STYLE('',(#10375));
#10375 = FILL_AREA_STYLE_COLOUR('',#9024);
#10376 = OVER_RIDING_STYLED_ITEM('overriding color',(#10377),#7930,#8710
  );
#10377 = PRESENTATION_STYLE_ASSIGNMENT((#10378));
#10378 = SURFACE_STYLE_USAGE(.BOTH.,#10379);
#10379 = SURFACE_SIDE_STYLE('',(#10380));
#10380 = SURFACE_STYLE_FILL_AREA(#10381);
#10381 = FILL_AREA_STYLE('',(#10382));
#10382 = FILL_AREA_STYLE_COLOUR('',#9024);
#10383 = OVER_RIDING_STYLED_ITEM('overriding color',(#10384),#7950,#8710
  );
#10384 = PRESENTATION_STYLE_ASSIGNMENT((#10385));
#10385 = SURFACE_STYLE_USAGE(.BOTH.,#10386);
#10386 = SURFACE_SIDE_STYLE('',(#10387));
#10387 = SURFACE_STYLE_FILL_AREA(#10388);
#10388 = FILL_AREA_STYLE('',(#10389));
#10389 = FILL_AREA_STYLE_COLOUR('',#9024);
#10390 = OVER_RIDING_STYLED_ITEM('overriding color',(#10391),#7970,#8710
  );
#10391 = PRESENTATION_STYLE_ASSIGNMENT((#10392));
#10392 = SURFACE_STYLE_USAGE(.BOTH.,#10393);
#10393 = SURFACE_SIDE_STYLE('',(#10394));
#10394 = SURFACE_STYLE_FILL_AREA(#10395);
#10395 = FILL_AREA_STYLE('',(#10396));
#10396 = FILL_AREA_STYLE_COLOUR('',#9024);
#10397 = OVER_RIDING_STYLED_ITEM('overriding color',(#10398),#7990,#8710
  );
#10398 = PRESENTATION_STYLE_ASSIGNMENT((#10399));
#10399 = SURFACE_STYLE_USAGE(.BOTH.,#10400);
#10400 = SURFACE_SIDE_STYLE('',(#10401));
#10401 = SURFACE_STYLE_FILL_AREA(#10402);
#10402 = FILL_AREA_STYLE('',(#10403));
#10403 = FILL_AREA_STYLE_COLOUR('',#9024);
#10404 = OVER_RIDING_STYLED_ITEM('overriding color',(#10405),#8010,#8710
  );
#10405 = PRESENTATION_STYLE_ASSIGNMENT((#10406));
#10406 = SURFACE_STYLE_USAGE(.BOTH.,#10407);
#10407 = SURFACE_SIDE_STYLE('',(#10408));
#10408 = SURFACE_STYLE_FILL_AREA(#10409);
#10409 = FILL_AREA_STYLE('',(#10410));
#10410 = FILL_AREA_STYLE_COLOUR('',#9024);
#10411 = OVER_RIDING_STYLED_ITEM('overriding color',(#10412),#8030,#8710
  );
#10412 = PRESENTATION_STYLE_ASSIGNMENT((#10413));
#10413 = SURFACE_STYLE_USAGE(.BOTH.,#10414);
#10414 = SURFACE_SIDE_STYLE('',(#10415));
#10415 = SURFACE_STYLE_FILL_AREA(#10416);
#10416 = FILL_AREA_STYLE('',(#10417));
#10417 = FILL_AREA_STYLE_COLOUR('',#9024);
#10418 = OVER_RIDING_STYLED_ITEM('overriding color',(#10419),#8050,#8710
  );
#10419 = PRESENTATION_STYLE_ASSIGNMENT((#10420));
#10420 = SURFACE_STYLE_USAGE(.BOTH.,#10421);
#10421 = SURFACE_SIDE_STYLE('',(#10422));
#10422 = SURFACE_STYLE_FILL_AREA(#10423);
#10423 = FILL_AREA_STYLE('',(#10424));
#10424 = FILL_AREA_STYLE_COLOUR('',#9024);
#10425 = OVER_RIDING_STYLED_ITEM('overriding color',(#10426),#8066,#8710
  );
#10426 = PRESENTATION_STYLE_ASSIGNMENT((#10427));
#10427 = SURFACE_STYLE_USAGE(.BOTH.,#10428);
#10428 = SURFACE_SIDE_STYLE('',(#10429));
#10429 = SURFACE_STYLE_FILL_AREA(#10430);
#10430 = FILL_AREA_STYLE('',(#10431));
#10431 = FILL_AREA_STYLE_COLOUR('',#9024);
#10432 = OVER_RIDING_STYLED_ITEM('overriding color',(#10433),#8082,#8710
  );
#10433 = PRESENTATION_STYLE_ASSIGNMENT((#10434));
#10434 = SURFACE_STYLE_USAGE(.BOTH.,#10435);
#10435 = SURFACE_SIDE_STYLE('',(#10436));
#10436 = SURFACE_STYLE_FILL_AREA(#10437);
#10437 = FILL_AREA_STYLE('',(#10438));
#10438 = FILL_AREA_STYLE_COLOUR('',#9024);
#10439 = OVER_RIDING_STYLED_ITEM('overriding color',(#10440),#8098,#8710
  );
#10440 = PRESENTATION_STYLE_ASSIGNMENT((#10441));
#10441 = SURFACE_STYLE_USAGE(.BOTH.,#10442);
#10442 = SURFACE_SIDE_STYLE('',(#10443));
#10443 = SURFACE_STYLE_FILL_AREA(#10444);
#10444 = FILL_AREA_STYLE('',(#10445));
#10445 = FILL_AREA_STYLE_COLOUR('',#9024);
#10446 = OVER_RIDING_STYLED_ITEM('overriding color',(#10447),#8114,#8710
  );
#10447 = PRESENTATION_STYLE_ASSIGNMENT((#10448));
#10448 = SURFACE_STYLE_USAGE(.BOTH.,#10449);
#10449 = SURFACE_SIDE_STYLE('',(#10450));
#10450 = SURFACE_STYLE_FILL_AREA(#10451);
#10451 = FILL_AREA_STYLE('',(#10452));
#10452 = FILL_AREA_STYLE_COLOUR('',#9024);
#10453 = OVER_RIDING_STYLED_ITEM('overriding color',(#10454),#8134,#8710
  );
#10454 = PRESENTATION_STYLE_ASSIGNMENT((#10455));
#10455 = SURFACE_STYLE_USAGE(.BOTH.,#10456);
#10456 = SURFACE_SIDE_STYLE('',(#10457));
#10457 = SURFACE_STYLE_FILL_AREA(#10458);
#10458 = FILL_AREA_STYLE('',(#10459));
#10459 = FILL_AREA_STYLE_COLOUR('',#9024);
#10460 = OVER_RIDING_STYLED_ITEM('overriding color',(#10461),#8154,#8710
  );
#10461 = PRESENTATION_STYLE_ASSIGNMENT((#10462));
#10462 = SURFACE_STYLE_USAGE(.BOTH.,#10463);
#10463 = SURFACE_SIDE_STYLE('',(#10464));
#10464 = SURFACE_STYLE_FILL_AREA(#10465);
#10465 = FILL_AREA_STYLE('',(#10466));
#10466 = FILL_AREA_STYLE_COLOUR('',#9024);
#10467 = OVER_RIDING_STYLED_ITEM('overriding color',(#10468),#8174,#8710
  );
#10468 = PRESENTATION_STYLE_ASSIGNMENT((#10469));
#10469 = SURFACE_STYLE_USAGE(.BOTH.,#10470);
#10470 = SURFACE_SIDE_STYLE('',(#10471));
#10471 = SURFACE_STYLE_FILL_AREA(#10472);
#10472 = FILL_AREA_STYLE('',(#10473));
#10473 = FILL_AREA_STYLE_COLOUR('',#9024);
#10474 = OVER_RIDING_STYLED_ITEM('overriding color',(#10475),#8194,#8710
  );
#10475 = PRESENTATION_STYLE_ASSIGNMENT((#10476));
#10476 = SURFACE_STYLE_USAGE(.BOTH.,#10477);
#10477 = SURFACE_SIDE_STYLE('',(#10478));
#10478 = SURFACE_STYLE_FILL_AREA(#10479);
#10479 = FILL_AREA_STYLE('',(#10480));
#10480 = FILL_AREA_STYLE_COLOUR('',#9024);
#10481 = OVER_RIDING_STYLED_ITEM('overriding color',(#10482),#8214,#8710
  );
#10482 = PRESENTATION_STYLE_ASSIGNMENT((#10483));
#10483 = SURFACE_STYLE_USAGE(.BOTH.,#10484);
#10484 = SURFACE_SIDE_STYLE('',(#10485));
#10485 = SURFACE_STYLE_FILL_AREA(#10486);
#10486 = FILL_AREA_STYLE('',(#10487));
#10487 = FILL_AREA_STYLE_COLOUR('',#9024);
#10488 = OVER_RIDING_STYLED_ITEM('overriding color',(#10489),#8234,#8710
  );
#10489 = PRESENTATION_STYLE_ASSIGNMENT((#10490));
#10490 = SURFACE_STYLE_USAGE(.BOTH.,#10491);
#10491 = SURFACE_SIDE_STYLE('',(#10492));
#10492 = SURFACE_STYLE_FILL_AREA(#10493);
#10493 = FILL_AREA_STYLE('',(#10494));
#10494 = FILL_AREA_STYLE_COLOUR('',#9024);
#10495 = OVER_RIDING_STYLED_ITEM('overriding color',(#10496),#8254,#8710
  );
#10496 = PRESENTATION_STYLE_ASSIGNMENT((#10497));
#10497 = SURFACE_STYLE_USAGE(.BOTH.,#10498);
#10498 = SURFACE_SIDE_STYLE('',(#10499));
#10499 = SURFACE_STYLE_FILL_AREA(#10500);
#10500 = FILL_AREA_STYLE('',(#10501));
#10501 = FILL_AREA_STYLE_COLOUR('',#9024);
#10502 = OVER_RIDING_STYLED_ITEM('overriding color',(#10503),#8270,#8710
  );
#10503 = PRESENTATION_STYLE_ASSIGNMENT((#10504));
#10504 = SURFACE_STYLE_USAGE(.BOTH.,#10505);
#10505 = SURFACE_SIDE_STYLE('',(#10506));
#10506 = SURFACE_STYLE_FILL_AREA(#10507);
#10507 = FILL_AREA_STYLE('',(#10508));
#10508 = FILL_AREA_STYLE_COLOUR('',#9024);
#10509 = OVER_RIDING_STYLED_ITEM('overriding color',(#10510),#8290,#8710
  );
#10510 = PRESENTATION_STYLE_ASSIGNMENT((#10511));
#10511 = SURFACE_STYLE_USAGE(.BOTH.,#10512);
#10512 = SURFACE_SIDE_STYLE('',(#10513));
#10513 = SURFACE_STYLE_FILL_AREA(#10514);
#10514 = FILL_AREA_STYLE('',(#10515));
#10515 = FILL_AREA_STYLE_COLOUR('',#9024);
#10516 = OVER_RIDING_STYLED_ITEM('overriding color',(#10517),#8310,#8710
  );
#10517 = PRESENTATION_STYLE_ASSIGNMENT((#10518));
#10518 = SURFACE_STYLE_USAGE(.BOTH.,#10519);
#10519 = SURFACE_SIDE_STYLE('',(#10520));
#10520 = SURFACE_STYLE_FILL_AREA(#10521);
#10521 = FILL_AREA_STYLE('',(#10522));
#10522 = FILL_AREA_STYLE_COLOUR('',#9024);
#10523 = OVER_RIDING_STYLED_ITEM('overriding color',(#10524),#8326,#8710
  );
#10524 = PRESENTATION_STYLE_ASSIGNMENT((#10525));
#10525 = SURFACE_STYLE_USAGE(.BOTH.,#10526);
#10526 = SURFACE_SIDE_STYLE('',(#10527));
#10527 = SURFACE_STYLE_FILL_AREA(#10528);
#10528 = FILL_AREA_STYLE('',(#10529));
#10529 = FILL_AREA_STYLE_COLOUR('',#9024);
#10530 = OVER_RIDING_STYLED_ITEM('overriding color',(#10531),#8346,#8710
  );
#10531 = PRESENTATION_STYLE_ASSIGNMENT((#10532));
#10532 = SURFACE_STYLE_USAGE(.BOTH.,#10533);
#10533 = SURFACE_SIDE_STYLE('',(#10534));
#10534 = SURFACE_STYLE_FILL_AREA(#10535);
#10535 = FILL_AREA_STYLE('',(#10536));
#10536 = FILL_AREA_STYLE_COLOUR('',#9024);
#10537 = OVER_RIDING_STYLED_ITEM('overriding color',(#10538),#8366,#8710
  );
#10538 = PRESENTATION_STYLE_ASSIGNMENT((#10539));
#10539 = SURFACE_STYLE_USAGE(.BOTH.,#10540);
#10540 = SURFACE_SIDE_STYLE('',(#10541));
#10541 = SURFACE_STYLE_FILL_AREA(#10542);
#10542 = FILL_AREA_STYLE('',(#10543));
#10543 = FILL_AREA_STYLE_COLOUR('',#9024);
#10544 = OVER_RIDING_STYLED_ITEM('overriding color',(#10545),#8386,#8710
  );
#10545 = PRESENTATION_STYLE_ASSIGNMENT((#10546));
#10546 = SURFACE_STYLE_USAGE(.BOTH.,#10547);
#10547 = SURFACE_SIDE_STYLE('',(#10548));
#10548 = SURFACE_STYLE_FILL_AREA(#10549);
#10549 = FILL_AREA_STYLE('',(#10550));
#10550 = FILL_AREA_STYLE_COLOUR('',#9024);
#10551 = OVER_RIDING_STYLED_ITEM('overriding color',(#10552),#8402,#8710
  );
#10552 = PRESENTATION_STYLE_ASSIGNMENT((#10553));
#10553 = SURFACE_STYLE_USAGE(.BOTH.,#10554);
#10554 = SURFACE_SIDE_STYLE('',(#10555));
#10555 = SURFACE_STYLE_FILL_AREA(#10556);
#10556 = FILL_AREA_STYLE('',(#10557));
#10557 = FILL_AREA_STYLE_COLOUR('',#9024);
#10558 = OVER_RIDING_STYLED_ITEM('overriding color',(#10559),#8422,#8710
  );
#10559 = PRESENTATION_STYLE_ASSIGNMENT((#10560));
#10560 = SURFACE_STYLE_USAGE(.BOTH.,#10561);
#10561 = SURFACE_SIDE_STYLE('',(#10562));
#10562 = SURFACE_STYLE_FILL_AREA(#10563);
#10563 = FILL_AREA_STYLE('',(#10564));
#10564 = FILL_AREA_STYLE_COLOUR('',#9024);
#10565 = OVER_RIDING_STYLED_ITEM('overriding color',(#10566),#8438,#8710
  );
#10566 = PRESENTATION_STYLE_ASSIGNMENT((#10567));
#10567 = SURFACE_STYLE_USAGE(.BOTH.,#10568);
#10568 = SURFACE_SIDE_STYLE('',(#10569));
#10569 = SURFACE_STYLE_FILL_AREA(#10570);
#10570 = FILL_AREA_STYLE('',(#10571));
#10571 = FILL_AREA_STYLE_COLOUR('',#9024);
#10572 = OVER_RIDING_STYLED_ITEM('overriding color',(#10573),#8481,#8710
  );
#10573 = PRESENTATION_STYLE_ASSIGNMENT((#10574));
#10574 = SURFACE_STYLE_USAGE(.BOTH.,#10575);
#10575 = SURFACE_SIDE_STYLE('',(#10576));
#10576 = SURFACE_STYLE_FILL_AREA(#10577);
#10577 = FILL_AREA_STYLE('',(#10578));
#10578 = FILL_AREA_STYLE_COLOUR('',#9024);
#10579 = OVER_RIDING_STYLED_ITEM('overriding color',(#10580),#8509,#8710
  );
#10580 = PRESENTATION_STYLE_ASSIGNMENT((#10581));
#10581 = SURFACE_STYLE_USAGE(.BOTH.,#10582);
#10582 = SURFACE_SIDE_STYLE('',(#10583));
#10583 = SURFACE_STYLE_FILL_AREA(#10584);
#10584 = FILL_AREA_STYLE('',(#10585));
#10585 = FILL_AREA_STYLE_COLOUR('',#8770);
#10586 = OVER_RIDING_STYLED_ITEM('overriding color',(#10587),#8519,#8710
  );
#10587 = PRESENTATION_STYLE_ASSIGNMENT((#10588));
#10588 = SURFACE_STYLE_USAGE(.BOTH.,#10589);
#10589 = SURFACE_SIDE_STYLE('',(#10590));
#10590 = SURFACE_STYLE_FILL_AREA(#10591);
#10591 = FILL_AREA_STYLE('',(#10592));
#10592 = FILL_AREA_STYLE_COLOUR('',#8727);
#10593 = OVER_RIDING_STYLED_ITEM('overriding color',(#10594),#8539,#8710
  );
#10594 = PRESENTATION_STYLE_ASSIGNMENT((#10595));
#10595 = SURFACE_STYLE_USAGE(.BOTH.,#10596);
#10596 = SURFACE_SIDE_STYLE('',(#10597));
#10597 = SURFACE_STYLE_FILL_AREA(#10598);
#10598 = FILL_AREA_STYLE('',(#10599));
#10599 = FILL_AREA_STYLE_COLOUR('',#8727);
#10600 = OVER_RIDING_STYLED_ITEM('overriding color',(#10601),#8553,#8710
  );
#10601 = PRESENTATION_STYLE_ASSIGNMENT((#10602));
#10602 = SURFACE_STYLE_USAGE(.BOTH.,#10603);
#10603 = SURFACE_SIDE_STYLE('',(#10604));
#10604 = SURFACE_STYLE_FILL_AREA(#10605);
#10605 = FILL_AREA_STYLE('',(#10606));
#10606 = FILL_AREA_STYLE_COLOUR('',#8727);
#10607 = OVER_RIDING_STYLED_ITEM('overriding color',(#10608),#8567,#8710
  );
#10608 = PRESENTATION_STYLE_ASSIGNMENT((#10609));
#10609 = SURFACE_STYLE_USAGE(.BOTH.,#10610);
#10610 = SURFACE_SIDE_STYLE('',(#10611));
#10611 = SURFACE_STYLE_FILL_AREA(#10612);
#10612 = FILL_AREA_STYLE('',(#10613));
#10613 = FILL_AREA_STYLE_COLOUR('',#8770);
#10614 = OVER_RIDING_STYLED_ITEM('overriding color',(#10615),#8589,#8710
  );
#10615 = PRESENTATION_STYLE_ASSIGNMENT((#10616));
#10616 = SURFACE_STYLE_USAGE(.BOTH.,#10617);
#10617 = SURFACE_SIDE_STYLE('',(#10618));
#10618 = SURFACE_STYLE_FILL_AREA(#10619);
#10619 = FILL_AREA_STYLE('',(#10620));
#10620 = FILL_AREA_STYLE_COLOUR('',#8770);
#10621 = OVER_RIDING_STYLED_ITEM('overriding color',(#10622),#8605,#8710
  );
#10622 = PRESENTATION_STYLE_ASSIGNMENT((#10623));
#10623 = SURFACE_STYLE_USAGE(.BOTH.,#10624);
#10624 = SURFACE_SIDE_STYLE('',(#10625));
#10625 = SURFACE_STYLE_FILL_AREA(#10626);
#10626 = FILL_AREA_STYLE('',(#10627));
#10627 = FILL_AREA_STYLE_COLOUR('',#8770);
#10628 = OVER_RIDING_STYLED_ITEM('overriding color',(#10629),#8621,#8710
  );
#10629 = PRESENTATION_STYLE_ASSIGNMENT((#10630));
#10630 = SURFACE_STYLE_USAGE(.BOTH.,#10631);
#10631 = SURFACE_SIDE_STYLE('',(#10632));
#10632 = SURFACE_STYLE_FILL_AREA(#10633);
#10633 = FILL_AREA_STYLE('',(#10634));
#10634 = FILL_AREA_STYLE_COLOUR('',#8770);
#10635 = OVER_RIDING_STYLED_ITEM('overriding color',(#10636),#8639,#8710
  );
#10636 = PRESENTATION_STYLE_ASSIGNMENT((#10637));
#10637 = SURFACE_STYLE_USAGE(.BOTH.,#10638);
#10638 = SURFACE_SIDE_STYLE('',(#10639));
#10639 = SURFACE_STYLE_FILL_AREA(#10640);
#10640 = FILL_AREA_STYLE('',(#10641));
#10641 = FILL_AREA_STYLE_COLOUR('',#8770);
#10642 = OVER_RIDING_STYLED_ITEM('overriding color',(#10643),#8657,#8710
  );
#10643 = PRESENTATION_STYLE_ASSIGNMENT((#10644));
#10644 = SURFACE_STYLE_USAGE(.BOTH.,#10645);
#10645 = SURFACE_SIDE_STYLE('',(#10646));
#10646 = SURFACE_STYLE_FILL_AREA(#10647);
#10647 = FILL_AREA_STYLE('',(#10648));
#10648 = FILL_AREA_STYLE_COLOUR('',#8770);
#10649 = OVER_RIDING_STYLED_ITEM('overriding color',(#10650),#8673,#8710
  );
#10650 = PRESENTATION_STYLE_ASSIGNMENT((#10651));
#10651 = SURFACE_STYLE_USAGE(.BOTH.,#10652);
#10652 = SURFACE_SIDE_STYLE('',(#10653));
#10653 = SURFACE_STYLE_FILL_AREA(#10654);
#10654 = FILL_AREA_STYLE('',(#10655));
#10655 = FILL_AREA_STYLE_COLOUR('',#8770);
#10656 = OVER_RIDING_STYLED_ITEM('overriding color',(#10657),#8689,#8710
  );
#10657 = PRESENTATION_STYLE_ASSIGNMENT((#10658));
#10658 = SURFACE_STYLE_USAGE(.BOTH.,#10659);
#10659 = SURFACE_SIDE_STYLE('',(#10660));
#10660 = SURFACE_STYLE_FILL_AREA(#10661);
#10661 = FILL_AREA_STYLE('',(#10662));
#10662 = FILL_AREA_STYLE_COLOUR('',#8770);
ENDSEC;
END-ISO-10303-21;
