ISO-10303-21;
HEADER;
FILE_DESCRIPTION(('Open CASCADE Model'),'2;1');
FILE_NAME('Open CASCADE Shape Model','2026-09-08T11:29:03',('Author'),(
    'Open CASCADE'),'Open CASCADE STEP processor 7.6','Open CASCADE 7.6'
  ,'Unknown');
FILE_SCHEMA(('AUTOMOTIVE_DESIGN { 1 0 10303 214 1 1 1 1 }'));
ENDSEC;
DATA;
#1 = APPLICATION_PROTOCOL_DEFINITION('international standard',
  'automotive_design',2000,#2);
#2 = APPLICATION_CONTEXT(
  'core data for automotive mechanical design processes');
#3 = SHAPE_DEFINITION_REPRESENTATION(#4,#10);
#4 = PRODUCT_DEFINITION_SHAPE('','',#5);
#5 = PRODUCT_DEFINITION('design','',#6,#9);
#6 = PRODUCT_DEFINITION_FORMATION('','',#7);
#7 = PRODUCT('COMPOUND','COMPOUND','',(#8));
#8 = PRODUCT_CONTEXT('',#2,'mechanical');
#9 = PRODUCT_DEFINITION_CONTEXT('part definition',#2,'design');
#10 = SHAPE_REPRESENTATION('',(#11,#15,#3234,#3432,#3966,#4344,#4850,
    #5308,#5686,#6480,#7280,#7788,#8166,#8672,#9130),#10454);
#11 = AXIS2_PLACEMENT_3D('',#12,#13,#14);
#12 = CARTESIAN_POINT('',(0.,0.,0.));
#13 = DIRECTION('',(0.,0.,1.));
#14 = DIRECTION('',(1.,0.,-0.));
#15 = MANIFOLD_SOLID_BREP('',#16);
#16 = CLOSED_SHELL('',(#17,#65,#112,#140,#168,#784,#866,#948,#984,#1020,
    #1036,#1052,#1068,#1080,#1096,#1124,#1154,#1184,#1200,#1216,#1228,
    #1256,#1286,#1316,#1332,#1348,#1360,#1388,#1418,#1448,#1464,#1480,
    #1492,#1520,#1550,#1580,#1596,#1612,#1624,#1652,#1682,#1712,#1728,
    #1744,#1756,#1772,#1788,#1800,#1828,#1850,#1872,#1894,#1916,#1932,
    #1946,#1983,#2005,#2036,#2067,#2098,#2129,#2151,#2182,#2213,#2238,
    #2256,#2284,#2306,#2328,#2350,#2372,#2394,#2416,#2438,#2460,#2482,
    #2504,#2520,#2540,#2571,#2593,#2618,#2640,#2665,#2687,#2712,#2728,
    #2773,#2804,#2835,#2854,#2882,#2904,#2935,#2966,#2982,#3038,#3075,
    #3100,#3125,#3150,#3175,#3186,#3199,#3224));
#17 = ADVANCED_FACE('',(#18),#54,.F.);
#18 = FACE_BOUND('',#19,.F.);
#19 = EDGE_LOOP('',(#20,#29,#39,#46));
#20 = ORIENTED_EDGE('',*,*,#21,.T.);
#21 = EDGE_CURVE('',#22,#24,#26,.T.);
#22 = VERTEX_POINT('',#23);
#23 = CARTESIAN_POINT('',(-0.467301530153,-0.358595281602,0.5525005879)
  );
#24 = VERTEX_POINT('',#25);
#25 = CARTESIAN_POINT('',(-0.467301530153,-0.358595281602,0.5625005879)
  );
#26 = B_SPLINE_CURVE_WITH_KNOTS('',1,(#27,#28),.UNSPECIFIED.,.F.,.F.,(2,
    2),(0.,1.E-02),.PIECEWISE_BEZIER_KNOTS.);
#27 = CARTESIAN_POINT('',(-0.467301530153,-0.358595281602,0.5525005879)
  );
#28 = CARTESIAN_POINT('',(-0.467301530153,-0.358595281602,0.5625005879)
  );
#29 = ORIENTED_EDGE('',*,*,#30,.F.);
#30 = EDGE_CURVE('',#31,#24,#33,.T.);
#31 = VERTEX_POINT('',#32);
#32 = CARTESIAN_POINT('',(-0.667301530153,-0.358595281602,0.5625005879)
  );
#33 = ( BOUNDED_CURVE() B_SPLINE_CURVE(2,(#34,#35,#36,#37,#38),
.UNSPECIFIED.,.F.,.F.) B_SPLINE_CURVE_WITH_KNOTS((3,2,3),(3.14159265359,
4.712388980385,6.28318530718),.PIECEWISE_BEZIER_KNOTS.) CURVE() 
GEOMETRIC_REPRESENTATION_ITEM() RATIONAL_B_SPLINE_CURVE((1.,
0.707106781187,1.,0.707106781187,1.)) REPRESENTATION_ITEM('') );
#34 = CARTESIAN_POINT('',(-0.667301530153,-0.358595281602,0.5625005879)
  );
#35 = CARTESIAN_POINT('',(-0.667301530153,-0.458595281602,0.5625005879)
  );
#36 = CARTESIAN_POINT('',(-0.567301530153,-0.458595281602,0.5625005879)
  );
#37 = CARTESIAN_POINT('',(-0.467301530153,-0.458595281602,0.5625005879)
  );
#38 = CARTESIAN_POINT('',(-0.467301530153,-0.358595281602,0.5625005879)
  );
#39 = ORIENTED_EDGE('',*,*,#40,.F.);
#40 = EDGE_CURVE('',#41,#31,#43,.T.);
#41 = VERTEX_POINT('',#42);
#42 = CARTESIAN_POINT('',(-0.667301530153,-0.358595281602,0.5525005879)
  );
#43 = B_SPLINE_CURVE_WITH_KNOTS('',1,(#44,#45),.UNSPECIFIED.,.F.,.F.,(2,
    2),(0.,1.E-02),.PIECEWISE_BEZIER_KNOTS.);
#44 = CARTESIAN_POINT('',(-0.667301530153,-0.358595281602,0.5525005879)
  );
#45 = CARTESIAN_POINT('',(-0.667301530153,-0.358595281602,0.5625005879)
  );
#46 = ORIENTED_EDGE('',*,*,#47,.T.);
#47 = EDGE_CURVE('',#41,#22,#48,.T.);
#48 = ( BOUNDED_CURVE() B_SPLINE_CURVE(2,(#49,#50,#51,#52,#53),
.UNSPECIFIED.,.F.,.F.) B_SPLINE_CURVE_WITH_KNOTS((3,2,3),(3.14159265359,
4.712388980385,6.28318530718),.PIECEWISE_BEZIER_KNOTS.) CURVE() 
GEOMETRIC_REPRESENTATION_ITEM() RATIONAL_B_SPLINE_CURVE((1.,
0.707106781187,1.,0.707106781187,1.)) REPRESENTATION_ITEM('') );
#49 = CARTESIAN_POINT('',(-0.667301530153,-0.358595281602,0.5525005879)
  );
#50 = CARTESIAN_POINT('',(-0.667301530153,-0.458595281602,0.5525005879)
  );
#51 = CARTESIAN_POINT('',(-0.567301530153,-0.458595281602,0.5525005879)
  );
#52 = CARTESIAN_POINT('',(-0.467301530153,-0.458595281602,0.5525005879)
  );
#53 = CARTESIAN_POINT('',(-0.467301530153,-0.358595281602,0.5525005879)
  );
#54 = ( BOUNDED_SURFACE() B_SPLINE_SURFACE(2,1,(
    (#55,#56)
    ,(#57,#58)
    ,(#59,#60)
    ,(#61,#62)
,(#63,#64
    )),.UNSPECIFIED.,.F.,.F.,.F.) B_SPLINE_SURFACE_WITH_KNOTS((3,2,3),(2
    ,2),(3.14159265359,4.712388980385,6.28318530718),(0.,1.E-02),
.PIECEWISE_BEZIER_KNOTS.) GEOMETRIC_REPRESENTATION_ITEM() 
RATIONAL_B_SPLINE_SURFACE((
    (1.,1.)
    ,(0.707106781187,0.707106781187)
    ,(1.,1.)
    ,(0.707106781187,0.707106781187)
,(1.,1.))) REPRESENTATION_ITEM('') SURFACE() );
#55 = CARTESIAN_POINT('',(-0.667301530153,-0.358595281602,0.5525005879)
  );
#56 = CARTESIAN_POINT('',(-0.667301530153,-0.358595281602,0.5625005879)
  );
#57 = CARTESIAN_POINT('',(-0.667301530153,-0.458595281602,0.5525005879)
  );
#58 = CARTESIAN_POINT('',(-0.667301530153,-0.458595281602,0.5625005879)
  );
#59 = CARTESIAN_POINT('',(-0.567301530153,-0.458595281602,0.5525005879)
  );
#60 = CARTESIAN_POINT('',(-0.567301530153,-0.458595281602,0.5625005879)
  );
#61 = CARTESIAN_POINT('',(-0.467301530153,-0.458595281602,0.5525005879)
  );
#62 = CARTESIAN_POINT('',(-0.467301530153,-0.458595281602,0.5625005879)
  );
#63 = CARTESIAN_POINT('',(-0.467301530153,-0.358595281602,0.5525005879)
  );
#64 = CARTESIAN_POINT('',(-0.467301530153,-0.358595281602,0.5625005879)
  );
#65 = ADVANCED_FACE('',(#66,#77),#107,.T.);
#66 = FACE_BOUND('',#67,.T.);
#67 = EDGE_LOOP('',(#68,#76));
#68 = ORIENTED_EDGE('',*,*,#69,.F.);
#69 = EDGE_CURVE('',#24,#31,#70,.T.);
#70 = ( BOUNDED_CURVE() B_SPLINE_CURVE(2,(#71,#72,#73,#74,#75),
.UNSPECIFIED.,.F.,.F.) B_SPLINE_CURVE_WITH_KNOTS((3,2,3),(0.,
1.570796326795,3.14159265359),.PIECEWISE_BEZIER_KNOTS.) CURVE() 
GEOMETRIC_REPRESENTATION_ITEM() RATIONAL_B_SPLINE_CURVE((1.,
0.707106781187,1.,0.707106781187,1.)) REPRESENTATION_ITEM('') );
#71 = CARTESIAN_POINT('',(-0.467301530153,-0.358595281602,0.5625005879)
  );
#72 = CARTESIAN_POINT('',(-0.467301530153,-0.258595281602,0.5625005879)
  );
#73 = CARTESIAN_POINT('',(-0.567301530153,-0.258595281602,0.5625005879)
  );
#74 = CARTESIAN_POINT('',(-0.667301530153,-0.258595281602,0.5625005879)
  );
#75 = CARTESIAN_POINT('',(-0.667301530153,-0.358595281602,0.5625005879)
  );
#76 = ORIENTED_EDGE('',*,*,#30,.F.);
#77 = FACE_BOUND('',#78,.T.);
#78 = EDGE_LOOP('',(#79,#88,#95,#102));
#79 = ORIENTED_EDGE('',*,*,#80,.T.);
#80 = EDGE_CURVE('',#81,#83,#85,.T.);
#81 = VERTEX_POINT('',#82);
#82 = CARTESIAN_POINT('',(-0.725,-0.525,0.5625005879));
#83 = VERTEX_POINT('',#84);
#84 = CARTESIAN_POINT('',(0.725,-0.525,0.5625005879));
#85 = B_SPLINE_CURVE_WITH_KNOTS('',1,(#86,#87),.UNSPECIFIED.,.F.,.F.,(2,
    2),(-1.525,-7.5E-02),.PIECEWISE_BEZIER_KNOTS.);
#86 = CARTESIAN_POINT('',(-0.725,-0.525,0.5625005879));
#87 = CARTESIAN_POINT('',(0.725,-0.525,0.5625005879));
#88 = ORIENTED_EDGE('',*,*,#89,.T.);
#89 = EDGE_CURVE('',#83,#90,#92,.T.);
#90 = VERTEX_POINT('',#91);
#91 = CARTESIAN_POINT('',(0.725,0.525,0.5625005879));
#92 = B_SPLINE_CURVE_WITH_KNOTS('',1,(#93,#94),.UNSPECIFIED.,.F.,.F.,(2,
    2),(-1.125,-7.5E-02),.PIECEWISE_BEZIER_KNOTS.);
#93 = CARTESIAN_POINT('',(0.725,-0.525,0.5625005879));
#94 = CARTESIAN_POINT('',(0.725,0.525,0.5625005879));
#95 = ORIENTED_EDGE('',*,*,#96,.T.);
#96 = EDGE_CURVE('',#90,#97,#99,.T.);
#97 = VERTEX_POINT('',#98);
#98 = CARTESIAN_POINT('',(-0.725,0.525,0.5625005879));
#99 = B_SPLINE_CURVE_WITH_KNOTS('',1,(#100,#101),.UNSPECIFIED.,.F.,.F.,(
    2,2),(-1.525,-7.5E-02),.PIECEWISE_BEZIER_KNOTS.);
#100 = CARTESIAN_POINT('',(0.725,0.525,0.5625005879));
#101 = CARTESIAN_POINT('',(-0.725,0.525,0.5625005879));
#102 = ORIENTED_EDGE('',*,*,#103,.T.);
#103 = EDGE_CURVE('',#97,#81,#104,.T.);
#104 = B_SPLINE_CURVE_WITH_KNOTS('',1,(#105,#106),.UNSPECIFIED.,.F.,.F.,
  (2,2),(-1.125,-7.5E-02),.PIECEWISE_BEZIER_KNOTS.);
#105 = CARTESIAN_POINT('',(-0.725,0.525,0.5625005879));
#106 = CARTESIAN_POINT('',(-0.725,-0.525,0.5625005879));
#107 = B_SPLINE_SURFACE_WITH_KNOTS('',1,1,(
    (#108,#109)
    ,(#110,#111
    )),.UNSPECIFIED.,.F.,.F.,.F.,(2,2),(2,2),(-0.725,0.725),(-0.525,
    0.525),.PIECEWISE_BEZIER_KNOTS.);
#108 = CARTESIAN_POINT('',(-0.725,-0.525,0.5625005879));
#109 = CARTESIAN_POINT('',(-0.725,0.525,0.5625005879));
#110 = CARTESIAN_POINT('',(0.725,-0.525,0.5625005879));
#111 = CARTESIAN_POINT('',(0.725,0.525,0.5625005879));
#112 = ADVANCED_FACE('',(#113),#135,.T.);
#113 = FACE_BOUND('',#114,.T.);
#114 = EDGE_LOOP('',(#115,#122,#129,#134));
#115 = ORIENTED_EDGE('',*,*,#116,.F.);
#116 = EDGE_CURVE('',#117,#97,#119,.T.);
#117 = VERTEX_POINT('',#118);
#118 = CARTESIAN_POINT('',(-0.8,0.6,0.1625005879));
#119 = B_SPLINE_CURVE_WITH_KNOTS('',1,(#120,#121),.UNSPECIFIED.,.F.,.F.,
  (2,2),(-0.508972863631,-9.51492296995E-02),.PIECEWISE_BEZIER_KNOTS.);
#120 = CARTESIAN_POINT('',(-0.8,0.6,0.1625005879));
#121 = CARTESIAN_POINT('',(-0.725,0.525,0.5625005879));
#122 = ORIENTED_EDGE('',*,*,#123,.F.);
#123 = EDGE_CURVE('',#124,#117,#126,.T.);
#124 = VERTEX_POINT('',#125);
#125 = CARTESIAN_POINT('',(-0.8,-0.6,0.1625005879));
#126 = B_SPLINE_CURVE_WITH_KNOTS('',1,(#127,#128),.UNSPECIFIED.,.F.,.F.,
  (2,2),(-1.2,0.),.PIECEWISE_BEZIER_KNOTS.);
#127 = CARTESIAN_POINT('',(-0.8,-0.6,0.1625005879));
#128 = CARTESIAN_POINT('',(-0.8,0.6,0.1625005879));
#129 = ORIENTED_EDGE('',*,*,#130,.F.);
#130 = EDGE_CURVE('',#81,#124,#131,.T.);
#131 = B_SPLINE_CURVE_WITH_KNOTS('',1,(#132,#133),.UNSPECIFIED.,.F.,.F.,
  (2,2),(9.51492296995E-02,0.508972863631),.PIECEWISE_BEZIER_KNOTS.);
#132 = CARTESIAN_POINT('',(-0.725,-0.525,0.5625005879));
#133 = CARTESIAN_POINT('',(-0.8,-0.6,0.1625005879));
#134 = ORIENTED_EDGE('',*,*,#103,.F.);
#135 = B_SPLINE_SURFACE_WITH_KNOTS('',1,1,(
    (#136,#137)
    ,(#138,#139
    )),.UNSPECIFIED.,.F.,.F.,.F.,(2,2),(2,2),(-0.6,0.6),(
    9.990301503279E-18,0.406970514902),.PIECEWISE_BEZIER_KNOTS.);
#136 = CARTESIAN_POINT('',(-0.725,-0.6,0.5625005879));
#137 = CARTESIAN_POINT('',(-0.8,-0.6,0.1625005879));
#138 = CARTESIAN_POINT('',(-0.725,0.6,0.5625005879));
#139 = CARTESIAN_POINT('',(-0.8,0.6,0.1625005879));
#140 = ADVANCED_FACE('',(#141),#163,.F.);
#141 = FACE_BOUND('',#142,.T.);
#142 = EDGE_LOOP('',(#143,#150,#151,#158));
#143 = ORIENTED_EDGE('',*,*,#144,.F.);
#144 = EDGE_CURVE('',#124,#145,#147,.T.);
#145 = VERTEX_POINT('',#146);
#146 = CARTESIAN_POINT('',(-0.8,-0.6,5.000058790021E-02));
#147 = B_SPLINE_CURVE_WITH_KNOTS('',1,(#148,#149),.UNSPECIFIED.,.F.,.F.,
  (2,2),(0.4,0.5125),.PIECEWISE_BEZIER_KNOTS.);
#148 = CARTESIAN_POINT('',(-0.8,-0.6,0.1625005879));
#149 = CARTESIAN_POINT('',(-0.8,-0.6,5.000058790021E-02));
#150 = ORIENTED_EDGE('',*,*,#123,.T.);
#151 = ORIENTED_EDGE('',*,*,#152,.T.);
#152 = EDGE_CURVE('',#117,#153,#155,.T.);
#153 = VERTEX_POINT('',#154);
#154 = CARTESIAN_POINT('',(-0.8,0.6,5.000058790021E-02));
#155 = B_SPLINE_CURVE_WITH_KNOTS('',1,(#156,#157),.UNSPECIFIED.,.F.,.F.,
  (2,2),(0.4,0.5125),.PIECEWISE_BEZIER_KNOTS.);
#156 = CARTESIAN_POINT('',(-0.8,0.6,0.1625005879));
#157 = CARTESIAN_POINT('',(-0.8,0.6,5.000058790021E-02));
#158 = ORIENTED_EDGE('',*,*,#159,.T.);
#159 = EDGE_CURVE('',#153,#145,#160,.T.);
#160 = B_SPLINE_CURVE_WITH_KNOTS('',1,(#161,#162),.UNSPECIFIED.,.F.,.F.,
  (2,2),(0.,1.2),.PIECEWISE_BEZIER_KNOTS.);
#161 = CARTESIAN_POINT('',(-0.8,0.6,5.000058790021E-02));
#162 = CARTESIAN_POINT('',(-0.8,-0.6,5.000058790021E-02));
#163 = B_SPLINE_SURFACE_WITH_KNOTS('',1,1,(
    (#164,#165)
    ,(#166,#167
    )),.UNSPECIFIED.,.F.,.F.,.F.,(2,2),(2,2),(-1.2,0.),(-0.5125,-0.4),
  .PIECEWISE_BEZIER_KNOTS.);
#164 = CARTESIAN_POINT('',(-0.8,-0.6,5.000058790021E-02));
#165 = CARTESIAN_POINT('',(-0.8,-0.6,0.1625005879));
#166 = CARTESIAN_POINT('',(-0.8,0.6,5.000058790021E-02));
#167 = CARTESIAN_POINT('',(-0.8,0.6,0.1625005879));
#168 = ADVANCED_FACE('',(#169,#221,#303,#425,#615,#677),#779,.F.);
#169 = FACE_BOUND('',#170,.T.);
#170 = EDGE_LOOP('',(#171,#183,#193,#203,#213));
#171 = ORIENTED_EDGE('',*,*,#172,.F.);
#172 = EDGE_CURVE('',#173,#175,#177,.T.);
#173 = VERTEX_POINT('',#174);
#174 = CARTESIAN_POINT('',(5.234144492726E-02,-8.064283053453E-16,
    5.000058790021E-02));
#175 = VERTEX_POINT('',#176);
#176 = CARTESIAN_POINT('',(7.953275590287E-02,-1.172028901204E-15,
    5.000058790021E-02));
#177 = B_SPLINE_CURVE_WITH_KNOTS('',3,(#178,#179,#180,#181,#182),
  .UNSPECIFIED.,.F.,.F.,(4,1,4),(0.,0.5,0.999973472762),.UNSPECIFIED.);
#178 = CARTESIAN_POINT('',(5.234144492726E-02,-8.064283053453E-16,
    5.000058790021E-02));
#179 = CARTESIAN_POINT('',(5.687333008986E-02,-8.676264357844E-16,
    5.000058790021E-02));
#180 = CARTESIAN_POINT('',(6.593685997827E-02,-9.900194498279E-16,
    5.000058790021E-02));
#181 = CARTESIAN_POINT('',(7.500038986668E-02,-1.11135372886E-15,
    5.000058790021E-02));
#182 = CARTESIAN_POINT('',(7.953275590287E-02,-1.172028901204E-15,
    5.000058790021E-02));
#183 = ORIENTED_EDGE('',*,*,#184,.F.);
#184 = EDGE_CURVE('',#185,#173,#187,.T.);
#185 = VERTEX_POINT('',#186);
#186 = CARTESIAN_POINT('',(5.234144492726E-02,-1.E-01,5.000058790021E-02
    ));
#187 = B_SPLINE_CURVE_WITH_KNOTS('',3,(#188,#189,#190,#191,#192),
  .UNSPECIFIED.,.F.,.F.,(4,1,4),(0.,0.5,0.999995),.UNSPECIFIED.);
#188 = CARTESIAN_POINT('',(5.234144492726E-02,-1.E-01,5.000058790021E-02
    ));
#189 = CARTESIAN_POINT('',(5.234144492726E-02,-8.333333333333E-02,
    5.000058790021E-02));
#190 = CARTESIAN_POINT('',(5.234144492726E-02,-5.000016666667E-02,
    5.000058790021E-02));
#191 = CARTESIAN_POINT('',(5.234144492726E-02,-1.6667E-02,
    5.000058790021E-02));
#192 = CARTESIAN_POINT('',(5.234144492726E-02,-8.064283053453E-16,
    5.000058790021E-02));
#193 = ORIENTED_EDGE('',*,*,#194,.F.);
#194 = EDGE_CURVE('',#195,#185,#197,.T.);
#195 = VERTEX_POINT('',#196);
#196 = CARTESIAN_POINT('',(8.05617193175E-02,-0.1,5.000058790021E-02));
#197 = B_SPLINE_CURVE_WITH_KNOTS('',3,(#198,#199,#200,#201,#202),
  .UNSPECIFIED.,.F.,.F.,(4,1,4),(0.,0.5,0.999982282242),.UNSPECIFIED.);
#198 = CARTESIAN_POINT('',(8.05617193175E-02,-0.1,5.000058790021E-02));
#199 = CARTESIAN_POINT('',(7.585834025246E-02,-0.1,5.000058790021E-02));
#200 = CARTESIAN_POINT('',(6.645174878904E-02,-1.E-01,5.000058790021E-02
    ));
#201 = CARTESIAN_POINT('',(5.704515732563E-02,-1.E-01,5.000058790021E-02
    ));
#202 = CARTESIAN_POINT('',(5.234144492726E-02,-1.E-01,5.000058790021E-02
    ));
#203 = ORIENTED_EDGE('',*,*,#204,.F.);
#204 = EDGE_CURVE('',#205,#195,#207,.T.);
#205 = VERTEX_POINT('',#206);
#206 = CARTESIAN_POINT('',(0.132829249805,-5.125762195122E-02,
    5.000058790021E-02));
#207 = B_SPLINE_CURVE_WITH_KNOTS('',3,(#208,#209,#210,#211,#212),
  .UNSPECIFIED.,.F.,.F.,(4,1,4),(0.,0.441185701024,1.),.UNSPECIFIED.);
#208 = CARTESIAN_POINT('',(0.132829249805,-5.125762195122E-02,
    5.000058790021E-02));
#209 = CARTESIAN_POINT('',(0.130403877215,-6.350452971119E-02,
    5.000058790021E-02));
#210 = CARTESIAN_POINT('',(0.12490648103,-9.126360651615E-02,
    5.000058790021E-02));
#211 = CARTESIAN_POINT('',(9.645872959364E-02,-9.686811854147E-02,
    5.000058790021E-02));
#212 = CARTESIAN_POINT('',(8.05617193175E-02,-0.1,5.000058790021E-02));
#213 = ORIENTED_EDGE('',*,*,#214,.F.);
#214 = EDGE_CURVE('',#175,#205,#215,.T.);
#215 = B_SPLINE_CURVE_WITH_KNOTS('',3,(#216,#217,#218,#219,#220),
  .UNSPECIFIED.,.F.,.F.,(4,1,4),(0.,0.444960023715,0.999993311096),
  .UNSPECIFIED.);
#216 = CARTESIAN_POINT('',(7.953275590287E-02,-1.172028901204E-15,
    5.000058790021E-02));
#217 = CARTESIAN_POINT('',(9.240806576611E-02,-1.901821919038E-03,
    5.000058790021E-02));
#218 = CARTESIAN_POINT('',(0.121343752244,-6.175934415831E-03,
    5.000058790021E-02));
#219 = CARTESIAN_POINT('',(0.128729704705,-3.516625041993E-02,
    5.000058790021E-02));
#220 = CARTESIAN_POINT('',(0.132829249805,-5.125762195122E-02,
    5.000058790021E-02));
#221 = FACE_BOUND('',#222,.T.);
#222 = EDGE_LOOP('',(#223,#235,#245,#255,#265,#275,#285,#295));
#223 = ORIENTED_EDGE('',*,*,#224,.F.);
#224 = EDGE_CURVE('',#225,#227,#229,.T.);
#225 = VERTEX_POINT('',#226);
#226 = CARTESIAN_POINT('',(0.16432696322,-2.804878048781E-02,
    5.000058790021E-02));
#227 = VERTEX_POINT('',#228);
#228 = CARTESIAN_POINT('',(0.20563793883,-2.804878048781E-02,
    5.000058790021E-02));
#229 = B_SPLINE_CURVE_WITH_KNOTS('',3,(#230,#231,#232,#233,#234),
  .UNSPECIFIED.,.F.,.F.,(4,1,4),(0.,0.5,0.99998713326),.UNSPECIFIED.);
#230 = CARTESIAN_POINT('',(0.16432696322,-2.804878048781E-02,
    5.000058790021E-02));
#231 = CARTESIAN_POINT('',(0.171212125822,-2.804878048781E-02,
    5.000058790021E-02));
#232 = CARTESIAN_POINT('',(0.184982273846,-2.804878048781E-02,
    5.000058790021E-02));
#233 = CARTESIAN_POINT('',(0.19875242187,-2.804878048781E-02,
    5.000058790021E-02));
#234 = CARTESIAN_POINT('',(0.20563793883,-2.804878048781E-02,
    5.000058790021E-02));
#235 = ORIENTED_EDGE('',*,*,#236,.F.);
#236 = EDGE_CURVE('',#237,#225,#239,.T.);
#237 = VERTEX_POINT('',#238);
#238 = CARTESIAN_POINT('',(0.154780469318,-3.248688990075E-15,
    5.000058790021E-02));
#239 = B_SPLINE_CURVE_WITH_KNOTS('',3,(#240,#241,#242,#243,#244),
  .UNSPECIFIED.,.F.,.F.,(4,1,4),(0.,0.5,0.999982173913),.UNSPECIFIED.);
#240 = CARTESIAN_POINT('',(0.154780469318,-3.248688990075E-15,
    5.000058790021E-02));
#241 = CARTESIAN_POINT('',(0.156371551635,-4.674796747971E-03,
    5.000058790021E-02));
#242 = CARTESIAN_POINT('',(0.159553659543,-1.402422357724E-02,
    5.000058790021E-02));
#243 = CARTESIAN_POINT('',(0.162735767452,-2.337365040651E-02,
    5.000058790021E-02));
#244 = CARTESIAN_POINT('',(0.16432696322,-2.804878048781E-02,
    5.000058790021E-02));
#245 = ORIENTED_EDGE('',*,*,#246,.F.);
#246 = EDGE_CURVE('',#247,#237,#249,.T.);
#247 = VERTEX_POINT('',#248);
#248 = CARTESIAN_POINT('',(0.140146322976,-2.832478175618E-15,
    5.000058790021E-02));
#249 = B_SPLINE_CURVE_WITH_KNOTS('',3,(#250,#251,#252,#253,#254),
  .UNSPECIFIED.,.F.,.F.,(4,1,4),(0.,0.5,0.999963908607),.UNSPECIFIED.);
#250 = CARTESIAN_POINT('',(0.140146322976,-2.832478175618E-15,
    5.000058790021E-02));
#251 = CARTESIAN_POINT('',(0.142585347366,-2.901661356237E-15,
    5.000058790021E-02));
#252 = CARTESIAN_POINT('',(0.147463220091,-3.040022723641E-15,
    5.000058790021E-02));
#253 = CARTESIAN_POINT('',(0.152341092816,-3.179125191375E-15,
    5.000058790021E-02));
#254 = CARTESIAN_POINT('',(0.154780469318,-3.248688990075E-15,
    5.000058790021E-02));
#255 = ORIENTED_EDGE('',*,*,#256,.F.);
#256 = EDGE_CURVE('',#257,#247,#259,.T.);
#257 = VERTEX_POINT('',#258);
#258 = CARTESIAN_POINT('',(0.177951201025,-0.1,5.000058790021E-02));
#259 = B_SPLINE_CURVE_WITH_KNOTS('',3,(#260,#261,#262,#263,#264),
  .UNSPECIFIED.,.F.,.F.,(4,1,4),(0.,0.5,1.),.UNSPECIFIED.);
#260 = CARTESIAN_POINT('',(0.177951201025,-0.1,5.000058790021E-02));
#261 = CARTESIAN_POINT('',(0.171650388017,-8.333333333334E-02,
    5.000058790021E-02));
#262 = CARTESIAN_POINT('',(0.159048762,-5.E-02,5.000058790021E-02));
#263 = CARTESIAN_POINT('',(0.146447135984,-1.666666666667E-02,
    5.000058790021E-02));
#264 = CARTESIAN_POINT('',(0.140146322976,-2.832478175618E-15,
    5.000058790021E-02));
#265 = ORIENTED_EDGE('',*,*,#266,.F.);
#266 = EDGE_CURVE('',#267,#257,#269,.T.);
#267 = VERTEX_POINT('',#268);
#268 = CARTESIAN_POINT('',(0.191365835171,-0.1,5.000058790021E-02));
#269 = B_SPLINE_CURVE_WITH_KNOTS('',3,(#270,#271,#272,#273,#274),
  .UNSPECIFIED.,.F.,.F.,(4,1,4),(0.,0.5,0.999960152667),.UNSPECIFIED.);
#270 = CARTESIAN_POINT('',(0.191365835171,-0.1,5.000058790021E-02));
#271 = CARTESIAN_POINT('',(0.189130062813,-0.1,5.000058790021E-02));
#272 = CARTESIAN_POINT('',(0.184658696277,-0.1,5.000058790021E-02));
#273 = CARTESIAN_POINT('',(0.180187329741,-0.1,5.000058790021E-02));
#274 = CARTESIAN_POINT('',(0.177951201025,-0.1,5.000058790021E-02));
#275 = ORIENTED_EDGE('',*,*,#276,.F.);
#276 = EDGE_CURVE('',#277,#267,#279,.T.);
#277 = VERTEX_POINT('',#278);
#278 = CARTESIAN_POINT('',(0.230390225415,-6.091860956653E-15,
    5.000058790021E-02));
#279 = B_SPLINE_CURVE_WITH_KNOTS('',3,(#280,#281,#282,#283,#284),
  .UNSPECIFIED.,.F.,.F.,(4,1,4),(0.,0.5,0.999995),.UNSPECIFIED.);
#280 = CARTESIAN_POINT('',(0.230390225415,-6.091860956653E-15,
    5.000058790021E-02));
#281 = CARTESIAN_POINT('',(0.223886160374,-1.666666666667E-02,
    5.000058790021E-02));
#282 = CARTESIAN_POINT('',(0.210878095334,-4.999983333334E-02,
    5.000058790021E-02));
#283 = CARTESIAN_POINT('',(0.197870030293,-8.3333E-02,5.000058790021E-02
    ));
#284 = CARTESIAN_POINT('',(0.191365835171,-0.1,5.000058790021E-02));
#285 = ORIENTED_EDGE('',*,*,#286,.F.);
#286 = EDGE_CURVE('',#287,#277,#289,.T.);
#287 = VERTEX_POINT('',#288);
#288 = CARTESIAN_POINT('',(0.215756079074,-5.507408223047E-15,
    5.000058790021E-02));
#289 = B_SPLINE_CURVE_WITH_KNOTS('',3,(#290,#291,#292,#293,#294),
  .UNSPECIFIED.,.F.,.F.,(4,1,4),(0.,0.5,0.999963323865),.UNSPECIFIED.);
#290 = CARTESIAN_POINT('',(0.215756079074,-5.507408223047E-15,
    5.000058790021E-02));
#291 = CARTESIAN_POINT('',(0.218195103464,-5.606087561403E-15,
    5.000058790021E-02));
#292 = CARTESIAN_POINT('',(0.223072973336,-5.803438999759E-15,
    5.000058790021E-02));
#293 = CARTESIAN_POINT('',(0.227950843209,-5.995708613216E-15,
    5.000058790021E-02));
#294 = CARTESIAN_POINT('',(0.230390225415,-6.091860956653E-15,
    5.000058790021E-02));
#295 = ORIENTED_EDGE('',*,*,#296,.F.);
#296 = EDGE_CURVE('',#227,#287,#297,.T.);
#297 = B_SPLINE_CURVE_WITH_KNOTS('',3,(#298,#299,#300,#301,#302),
  .UNSPECIFIED.,.F.,.F.,(4,1,4),(0.,0.5,0.999982173913),.UNSPECIFIED.);
#298 = CARTESIAN_POINT('',(0.20563793883,-2.804878048781E-02,
    5.000058790021E-02));
#299 = CARTESIAN_POINT('',(0.207324295537,-2.337398373984E-02,
    5.000058790021E-02));
#300 = CARTESIAN_POINT('',(0.210696948829,-1.402455691057E-02,
    5.000058790021E-02));
#301 = CARTESIAN_POINT('',(0.214069602122,-4.675130081306E-03,
    5.000058790021E-02));
#302 = CARTESIAN_POINT('',(0.215756079074,-5.507408223047E-15,
    5.000058790021E-02));
#303 = FACE_BOUND('',#304,.T.);
#304 = EDGE_LOOP('',(#305,#317,#327,#337,#347,#357,#367,#377,#387,#397,
    #407,#417));
#305 = ORIENTED_EDGE('',*,*,#306,.F.);
#306 = EDGE_CURVE('',#307,#309,#311,.T.);
#307 = VERTEX_POINT('',#308);
#308 = CARTESIAN_POINT('',(2.795120102482E-02,-5.609756097561E-02,
    5.000058790021E-02));
#309 = VERTEX_POINT('',#310);
#310 = CARTESIAN_POINT('',(-7.414652633719E-03,-5.609756097561E-02,
    5.000058790021E-02));
#311 = B_SPLINE_CURVE_WITH_KNOTS('',3,(#312,#313,#314,#315,#316),
  .UNSPECIFIED.,.F.,.F.,(4,1,4),(0.,0.5,0.999985862069),.UNSPECIFIED.);
#312 = CARTESIAN_POINT('',(2.795120102482E-02,-5.609756097561E-02,
    5.000058790021E-02));
#313 = CARTESIAN_POINT('',(2.205689208173E-02,-5.609756097561E-02,
    5.000058790021E-02));
#314 = CARTESIAN_POINT('',(1.026844086222E-02,-5.609756097561E-02,
    5.000058790021E-02));
#315 = CARTESIAN_POINT('',(-1.520010357296E-03,-5.609756097561E-02,
    5.000058790021E-02));
#316 = CARTESIAN_POINT('',(-7.414652633719E-03,-5.609756097561E-02,
    5.000058790021E-02));
#317 = ORIENTED_EDGE('',*,*,#318,.F.);
#318 = EDGE_CURVE('',#319,#307,#321,.T.);
#319 = VERTEX_POINT('',#320);
#320 = CARTESIAN_POINT('',(2.795120102482E-02,-4.512195121951E-02,
    5.000058790021E-02));
#321 = B_SPLINE_CURVE_WITH_KNOTS('',3,(#322,#323,#324,#325,#326),
  .UNSPECIFIED.,.F.,.F.,(4,1,4),(0.,0.5,0.999954444444),.UNSPECIFIED.);
#322 = CARTESIAN_POINT('',(2.795120102482E-02,-4.512195121951E-02,
    5.000058790021E-02));
#323 = CARTESIAN_POINT('',(2.795120102482E-02,-4.69512195122E-02,
    5.000058790021E-02));
#324 = CARTESIAN_POINT('',(2.795120102482E-02,-5.060958943089E-02,
    5.000058790021E-02));
#325 = CARTESIAN_POINT('',(2.795120102482E-02,-5.426795934959E-02,
    5.000058790021E-02));
#326 = CARTESIAN_POINT('',(2.795120102482E-02,-5.609756097561E-02,
    5.000058790021E-02));
#327 = ORIENTED_EDGE('',*,*,#328,.F.);
#328 = EDGE_CURVE('',#329,#319,#331,.T.);
#329 = VERTEX_POINT('',#330);
#330 = CARTESIAN_POINT('',(-7.414652633719E-03,-4.512195121951E-02,
    5.000058790021E-02));
#331 = B_SPLINE_CURVE_WITH_KNOTS('',3,(#332,#333,#334,#335,#336),
  .UNSPECIFIED.,.F.,.F.,(4,1,4),(0.,0.5,0.999985862069),.UNSPECIFIED.);
#332 = CARTESIAN_POINT('',(-7.414652633719E-03,-4.512195121951E-02,
    5.000058790021E-02));
#333 = CARTESIAN_POINT('',(-1.52034369063E-03,-4.512195121951E-02,
    5.000058790021E-02));
#334 = CARTESIAN_POINT('',(1.026810752888E-02,-4.512195121951E-02,
    5.000058790021E-02));
#335 = CARTESIAN_POINT('',(2.205655874839E-02,-4.512195121951E-02,
    5.000058790021E-02));
#336 = CARTESIAN_POINT('',(2.795120102482E-02,-4.512195121951E-02,
    5.000058790021E-02));
#337 = ORIENTED_EDGE('',*,*,#338,.F.);
#338 = EDGE_CURVE('',#339,#329,#341,.T.);
#339 = VERTEX_POINT('',#340);
#340 = CARTESIAN_POINT('',(-7.414652633719E-03,-1.09756097561E-02,
    5.000058790021E-02));
#341 = B_SPLINE_CURVE_WITH_KNOTS('',3,(#342,#343,#344,#345,#346),
  .UNSPECIFIED.,.F.,.F.,(4,1,4),(0.,0.5,1.),.UNSPECIFIED.);
#342 = CARTESIAN_POINT('',(-7.414652633719E-03,-1.09756097561E-02,
    5.000058790021E-02));
#343 = CARTESIAN_POINT('',(-7.414652633719E-03,-1.666666666667E-02,
    5.000058790021E-02));
#344 = CARTESIAN_POINT('',(-7.414652633719E-03,-2.80487804878E-02,
    5.000058790021E-02));
#345 = CARTESIAN_POINT('',(-7.414652633719E-03,-3.943089430894E-02,
    5.000058790021E-02));
#346 = CARTESIAN_POINT('',(-7.414652633719E-03,-4.512195121951E-02,
    5.000058790021E-02));
#347 = ORIENTED_EDGE('',*,*,#348,.F.);
#348 = EDGE_CURVE('',#349,#339,#351,.T.);
#349 = VERTEX_POINT('',#350);
#350 = CARTESIAN_POINT('',(3.282924980531E-02,-1.09756097561E-02,
    5.000058790021E-02));
#351 = B_SPLINE_CURVE_WITH_KNOTS('',3,(#352,#353,#354,#355,#356),
  .UNSPECIFIED.,.F.,.F.,(4,1,4),(0.,0.5,0.999987575758),.UNSPECIFIED.);
#352 = CARTESIAN_POINT('',(3.282924980531E-02,-1.09756097561E-02,
    5.000058790021E-02));
#353 = CARTESIAN_POINT('',(2.612193273213E-02,-1.09756097561E-02,
    5.000058790021E-02));
#354 = CARTESIAN_POINT('',(1.270746525246E-02,-1.09756097561E-02,
    5.000058790021E-02));
#355 = CARTESIAN_POINT('',(-7.070022272147E-04,-1.09756097561E-02,
    5.000058790021E-02));
#356 = CARTESIAN_POINT('',(-7.414652633719E-03,-1.09756097561E-02,
    5.000058790021E-02));
#357 = ORIENTED_EDGE('',*,*,#358,.F.);
#358 = EDGE_CURVE('',#359,#349,#361,.T.);
#359 = VERTEX_POINT('',#360);
#360 = CARTESIAN_POINT('',(3.282924980531E-02,-5.190194384301E-16,
    5.000058790021E-02));
#361 = B_SPLINE_CURVE_WITH_KNOTS('',3,(#362,#363,#364,#365,#366),
  .UNSPECIFIED.,.F.,.F.,(4,1,4),(0.,0.5,0.999954444444),.UNSPECIFIED.);
#362 = CARTESIAN_POINT('',(3.282924980531E-02,-5.190194384301E-16,
    5.000058790021E-02));
#363 = CARTESIAN_POINT('',(3.282924980531E-02,-1.829268292683E-03,
    5.000058790021E-02));
#364 = CARTESIAN_POINT('',(3.282924980531E-02,-5.487638211383E-03,
    5.000058790021E-02));
#365 = CARTESIAN_POINT('',(3.282924980531E-02,-9.146008130082E-03,
    5.000058790021E-02));
#366 = CARTESIAN_POINT('',(3.282924980531E-02,-1.09756097561E-02,
    5.000058790021E-02));
#367 = ORIENTED_EDGE('',*,*,#368,.F.);
#368 = EDGE_CURVE('',#369,#359,#371,.T.);
#369 = VERTEX_POINT('',#370);
#370 = CARTESIAN_POINT('',(-2.082928678006E-02,-5.421010862428E-17,
    5.000058790021E-02));
#371 = B_SPLINE_CURVE_WITH_KNOTS('',3,(#372,#373,#374,#375,#376),
  .UNSPECIFIED.,.F.,.F.,(4,1,4),(0.,0.5,0.999990681818),.UNSPECIFIED.);
#372 = CARTESIAN_POINT('',(-2.082928678006E-02,-5.421010862428E-17,
    5.000058790021E-02));
#373 = CARTESIAN_POINT('',(-1.188619734917E-02,-5.072960833352E-17,
    5.000058790021E-02));
#374 = CARTESIAN_POINT('',(5.999814845956E-03,-4.376867261589E-17,
    5.000058790021E-02));
#375 = CARTESIAN_POINT('',(2.388582704108E-02,-3.605965902673E-16,
    5.000058790021E-02));
#376 = CARTESIAN_POINT('',(3.282924980531E-02,-5.190194384301E-16,
    5.000058790021E-02));
#377 = ORIENTED_EDGE('',*,*,#378,.F.);
#378 = EDGE_CURVE('',#379,#369,#381,.T.);
#379 = VERTEX_POINT('',#380);
#380 = CARTESIAN_POINT('',(-2.082928678006E-02,-1.E-01,
    5.000058790021E-02));
#381 = B_SPLINE_CURVE_WITH_KNOTS('',3,(#382,#383,#384,#385,#386),
  .UNSPECIFIED.,.F.,.F.,(4,1,4),(0.,0.5,0.999995),.UNSPECIFIED.);
#382 = CARTESIAN_POINT('',(-2.082928678006E-02,-1.E-01,
    5.000058790021E-02));
#383 = CARTESIAN_POINT('',(-2.082928678006E-02,-8.333333333333E-02,
    5.000058790021E-02));
#384 = CARTESIAN_POINT('',(-2.082928678006E-02,-5.000016666667E-02,
    5.000058790021E-02));
#385 = CARTESIAN_POINT('',(-2.082928678006E-02,-1.6667E-02,
    5.000058790021E-02));
#386 = CARTESIAN_POINT('',(-2.082928678006E-02,-5.421010862428E-17,
    5.000058790021E-02));
#387 = ORIENTED_EDGE('',*,*,#388,.F.);
#388 = EDGE_CURVE('',#389,#379,#391,.T.);
#389 = VERTEX_POINT('',#390);
#390 = CARTESIAN_POINT('',(3.039022541506E-02,-1.E-01,5.000058790021E-02
    ));
#391 = B_SPLINE_CURVE_WITH_KNOTS('',3,(#392,#393,#394,#395,#396),
  .UNSPECIFIED.,.F.,.F.,(4,1,4),(0.,0.5,0.999990238095),.UNSPECIFIED.);
#392 = CARTESIAN_POINT('',(3.039022541506E-02,-1.E-01,5.000058790021E-02
    ));
#393 = CARTESIAN_POINT('',(2.185364004921E-02,-1.E-01,5.000058790021E-02
    ));
#394 = CARTESIAN_POINT('',(4.780635984167E-03,-1.E-01,5.000058790021E-02
    ));
#395 = CARTESIAN_POINT('',(-1.229236808087E-02,-1.E-01,
    5.000058790021E-02));
#396 = CARTESIAN_POINT('',(-2.082928678006E-02,-1.E-01,
    5.000058790021E-02));
#397 = ORIENTED_EDGE('',*,*,#398,.F.);
#398 = EDGE_CURVE('',#399,#389,#401,.T.);
#399 = VERTEX_POINT('',#400);
#400 = CARTESIAN_POINT('',(3.039022541506E-02,-8.90243902439E-02,
    5.000058790021E-02));
#401 = B_SPLINE_CURVE_WITH_KNOTS('',3,(#402,#403,#404,#405,#406),
  .UNSPECIFIED.,.F.,.F.,(4,1,4),(0.,0.5,0.999954444444),.UNSPECIFIED.);
#402 = CARTESIAN_POINT('',(3.039022541506E-02,-8.90243902439E-02,
    5.000058790021E-02));
#403 = CARTESIAN_POINT('',(3.039022541506E-02,-9.085365853659E-02,
    5.000058790021E-02));
#404 = CARTESIAN_POINT('',(3.039022541506E-02,-9.451202845528E-02,
    5.000058790021E-02));
#405 = CARTESIAN_POINT('',(3.039022541506E-02,-9.817039837398E-02,
    5.000058790021E-02));
#406 = CARTESIAN_POINT('',(3.039022541506E-02,-1.E-01,5.000058790021E-02
    ));
#407 = ORIENTED_EDGE('',*,*,#408,.F.);
#408 = EDGE_CURVE('',#409,#399,#411,.T.);
#409 = VERTEX_POINT('',#410);
#410 = CARTESIAN_POINT('',(-7.414652633719E-03,-8.90243902439E-02,
    5.000058790021E-02));
#411 = B_SPLINE_CURVE_WITH_KNOTS('',3,(#412,#413,#414,#415,#416),
  .UNSPECIFIED.,.F.,.F.,(4,1,4),(0.,0.5,0.999986774194),.UNSPECIFIED.);
#412 = CARTESIAN_POINT('',(-7.414652633719E-03,-8.90243902439E-02,
    5.000058790021E-02));
#413 = CARTESIAN_POINT('',(-1.113839625589E-03,-8.90243902439E-02,
    5.000058790021E-02));
#414 = CARTESIAN_POINT('',(1.1487619724E-02,-8.90243902439E-02,
    5.000058790021E-02));
#415 = CARTESIAN_POINT('',(2.40890790736E-02,-8.90243902439E-02,
    5.000058790021E-02));
#416 = CARTESIAN_POINT('',(3.039022541506E-02,-8.90243902439E-02,
    5.000058790021E-02));
#417 = ORIENTED_EDGE('',*,*,#418,.F.);
#418 = EDGE_CURVE('',#309,#409,#419,.T.);
#419 = B_SPLINE_CURVE_WITH_KNOTS('',3,(#420,#421,#422,#423,#424),
  .UNSPECIFIED.,.F.,.F.,(4,1,4),(0.,0.5,0.999984814815),.UNSPECIFIED.);
#420 = CARTESIAN_POINT('',(-7.414652633719E-03,-5.609756097561E-02,
    5.000058790021E-02));
#421 = CARTESIAN_POINT('',(-7.414652633719E-03,-6.158536585366E-02,
    5.000058790021E-02));
#422 = CARTESIAN_POINT('',(-7.414652633719E-03,-7.256080894309E-02,
    5.000058790021E-02));
#423 = CARTESIAN_POINT('',(-7.414652633719E-03,-8.353625203252E-02,
    5.000058790021E-02));
#424 = CARTESIAN_POINT('',(-7.414652633719E-03,-8.90243902439E-02,
    5.000058790021E-02));
#425 = FACE_BOUND('',#426,.T.);
#426 = EDGE_LOOP('',(#427,#436,#441,#442,#449,#456,#463,#470,#477,#484,
    #491,#498,#505,#512,#519,#526,#533,#540,#547,#554,#561,#568,#575,
    #582,#589,#596,#603,#610));
#427 = ORIENTED_EDGE('',*,*,#428,.F.);
#428 = EDGE_CURVE('',#429,#431,#433,.T.);
#429 = VERTEX_POINT('',#430);
#430 = CARTESIAN_POINT('',(-0.61,-0.6,5.000058790021E-02));
#431 = VERTEX_POINT('',#432);
#432 = CARTESIAN_POINT('',(-0.61,-0.5,5.000058790021E-02));
#433 = B_SPLINE_CURVE_WITH_KNOTS('',1,(#434,#435),.UNSPECIFIED.,.F.,.F.,
  (2,2),(-0.6,-0.5),.PIECEWISE_BEZIER_KNOTS.);
#434 = CARTESIAN_POINT('',(-0.61,-0.6,5.000058790021E-02));
#435 = CARTESIAN_POINT('',(-0.61,-0.5,5.000058790021E-02));
#436 = ORIENTED_EDGE('',*,*,#437,.F.);
#437 = EDGE_CURVE('',#145,#429,#438,.T.);
#438 = B_SPLINE_CURVE_WITH_KNOTS('',1,(#439,#440),.UNSPECIFIED.,.F.,.F.,
  (2,2),(0.,0.19),.PIECEWISE_BEZIER_KNOTS.);
#439 = CARTESIAN_POINT('',(-0.8,-0.6,5.000058790021E-02));
#440 = CARTESIAN_POINT('',(-0.61,-0.6,5.000058790021E-02));
#441 = ORIENTED_EDGE('',*,*,#159,.F.);
#442 = ORIENTED_EDGE('',*,*,#443,.F.);
#443 = EDGE_CURVE('',#444,#153,#446,.T.);
#444 = VERTEX_POINT('',#445);
#445 = CARTESIAN_POINT('',(-0.61,0.6,5.000058790021E-02));
#446 = B_SPLINE_CURVE_WITH_KNOTS('',1,(#447,#448),.UNSPECIFIED.,.F.,.F.,
  (2,2),(-0.19,-0.),.PIECEWISE_BEZIER_KNOTS.);
#447 = CARTESIAN_POINT('',(-0.61,0.6,5.000058790021E-02));
#448 = CARTESIAN_POINT('',(-0.8,0.6,5.000058790021E-02));
#449 = ORIENTED_EDGE('',*,*,#450,.T.);
#450 = EDGE_CURVE('',#444,#451,#453,.T.);
#451 = VERTEX_POINT('',#452);
#452 = CARTESIAN_POINT('',(-0.61,0.5,5.000058790021E-02));
#453 = B_SPLINE_CURVE_WITH_KNOTS('',1,(#454,#455),.UNSPECIFIED.,.F.,.F.,
  (2,2),(0.2,0.3),.PIECEWISE_BEZIER_KNOTS.);
#454 = CARTESIAN_POINT('',(-0.61,0.6,5.000058790021E-02));
#455 = CARTESIAN_POINT('',(-0.61,0.5,5.000058790021E-02));
#456 = ORIENTED_EDGE('',*,*,#457,.T.);
#457 = EDGE_CURVE('',#451,#458,#460,.T.);
#458 = VERTEX_POINT('',#459);
#459 = CARTESIAN_POINT('',(-0.39,0.5,5.000058790021E-02));
#460 = B_SPLINE_CURVE_WITH_KNOTS('',1,(#461,#462),.UNSPECIFIED.,.F.,.F.,
  (2,2),(0.,0.22),.PIECEWISE_BEZIER_KNOTS.);
#461 = CARTESIAN_POINT('',(-0.61,0.5,5.000058790021E-02));
#462 = CARTESIAN_POINT('',(-0.39,0.5,5.000058790021E-02));
#463 = ORIENTED_EDGE('',*,*,#464,.T.);
#464 = EDGE_CURVE('',#458,#465,#467,.T.);
#465 = VERTEX_POINT('',#466);
#466 = CARTESIAN_POINT('',(-0.39,0.6,5.000058790021E-02));
#467 = B_SPLINE_CURVE_WITH_KNOTS('',1,(#468,#469),.UNSPECIFIED.,.F.,.F.,
  (2,2),(-0.3,-0.2),.PIECEWISE_BEZIER_KNOTS.);
#468 = CARTESIAN_POINT('',(-0.39,0.5,5.000058790021E-02));
#469 = CARTESIAN_POINT('',(-0.39,0.6,5.000058790021E-02));
#470 = ORIENTED_EDGE('',*,*,#471,.F.);
#471 = EDGE_CURVE('',#472,#465,#474,.T.);
#472 = VERTEX_POINT('',#473);
#473 = CARTESIAN_POINT('',(-0.11,0.6,5.000058790021E-02));
#474 = B_SPLINE_CURVE_WITH_KNOTS('',1,(#475,#476),.UNSPECIFIED.,.F.,.F.,
  (2,2),(-0.69,-0.41),.PIECEWISE_BEZIER_KNOTS.);
#475 = CARTESIAN_POINT('',(-0.11,0.6,5.000058790021E-02));
#476 = CARTESIAN_POINT('',(-0.39,0.6,5.000058790021E-02));
#477 = ORIENTED_EDGE('',*,*,#478,.F.);
#478 = EDGE_CURVE('',#479,#472,#481,.T.);
#479 = VERTEX_POINT('',#480);
#480 = CARTESIAN_POINT('',(-0.11,0.5,5.000058790021E-02));
#481 = B_SPLINE_CURVE_WITH_KNOTS('',1,(#482,#483),.UNSPECIFIED.,.F.,.F.,
  (2,2),(0.5,0.6),.PIECEWISE_BEZIER_KNOTS.);
#482 = CARTESIAN_POINT('',(-0.11,0.5,5.000058790021E-02));
#483 = CARTESIAN_POINT('',(-0.11,0.6,5.000058790021E-02));
#484 = ORIENTED_EDGE('',*,*,#485,.F.);
#485 = EDGE_CURVE('',#486,#479,#488,.T.);
#486 = VERTEX_POINT('',#487);
#487 = CARTESIAN_POINT('',(0.11,0.5,5.000058790021E-02));
#488 = B_SPLINE_CURVE_WITH_KNOTS('',1,(#489,#490),.UNSPECIFIED.,.F.,.F.,
  (2,2),(-0.11,0.11),.PIECEWISE_BEZIER_KNOTS.);
#489 = CARTESIAN_POINT('',(0.11,0.5,5.000058790021E-02));
#490 = CARTESIAN_POINT('',(-0.11,0.5,5.000058790021E-02));
#491 = ORIENTED_EDGE('',*,*,#492,.F.);
#492 = EDGE_CURVE('',#493,#486,#495,.T.);
#493 = VERTEX_POINT('',#494);
#494 = CARTESIAN_POINT('',(0.11,0.6,5.000058790021E-02));
#495 = B_SPLINE_CURVE_WITH_KNOTS('',1,(#496,#497),.UNSPECIFIED.,.F.,.F.,
  (2,2),(-0.6,-0.5),.PIECEWISE_BEZIER_KNOTS.);
#496 = CARTESIAN_POINT('',(0.11,0.6,5.000058790021E-02));
#497 = CARTESIAN_POINT('',(0.11,0.5,5.000058790021E-02));
#498 = ORIENTED_EDGE('',*,*,#499,.F.);
#499 = EDGE_CURVE('',#500,#493,#502,.T.);
#500 = VERTEX_POINT('',#501);
#501 = CARTESIAN_POINT('',(0.39,0.6,5.000058790021E-02));
#502 = B_SPLINE_CURVE_WITH_KNOTS('',1,(#503,#504),.UNSPECIFIED.,.F.,.F.,
  (2,2),(-1.19,-0.91),.PIECEWISE_BEZIER_KNOTS.);
#503 = CARTESIAN_POINT('',(0.39,0.6,5.000058790021E-02));
#504 = CARTESIAN_POINT('',(0.11,0.6,5.000058790021E-02));
#505 = ORIENTED_EDGE('',*,*,#506,.F.);
#506 = EDGE_CURVE('',#507,#500,#509,.T.);
#507 = VERTEX_POINT('',#508);
#508 = CARTESIAN_POINT('',(0.39,0.5,5.000058790021E-02));
#509 = B_SPLINE_CURVE_WITH_KNOTS('',1,(#510,#511),.UNSPECIFIED.,.F.,.F.,
  (2,2),(0.5,0.6),.PIECEWISE_BEZIER_KNOTS.);
#510 = CARTESIAN_POINT('',(0.39,0.5,5.000058790021E-02));
#511 = CARTESIAN_POINT('',(0.39,0.6,5.000058790021E-02));
#512 = ORIENTED_EDGE('',*,*,#513,.F.);
#513 = EDGE_CURVE('',#514,#507,#516,.T.);
#514 = VERTEX_POINT('',#515);
#515 = CARTESIAN_POINT('',(0.61,0.5,5.000058790021E-02));
#516 = B_SPLINE_CURVE_WITH_KNOTS('',1,(#517,#518),.UNSPECIFIED.,.F.,.F.,
  (2,2),(-0.61,-0.39),.PIECEWISE_BEZIER_KNOTS.);
#517 = CARTESIAN_POINT('',(0.61,0.5,5.000058790021E-02));
#518 = CARTESIAN_POINT('',(0.39,0.5,5.000058790021E-02));
#519 = ORIENTED_EDGE('',*,*,#520,.F.);
#520 = EDGE_CURVE('',#521,#514,#523,.T.);
#521 = VERTEX_POINT('',#522);
#522 = CARTESIAN_POINT('',(0.61,0.6,5.000058790021E-02));
#523 = B_SPLINE_CURVE_WITH_KNOTS('',1,(#524,#525),.UNSPECIFIED.,.F.,.F.,
  (2,2),(-0.6,-0.5),.PIECEWISE_BEZIER_KNOTS.);
#524 = CARTESIAN_POINT('',(0.61,0.6,5.000058790021E-02));
#525 = CARTESIAN_POINT('',(0.61,0.5,5.000058790021E-02));
#526 = ORIENTED_EDGE('',*,*,#527,.F.);
#527 = EDGE_CURVE('',#528,#521,#530,.T.);
#528 = VERTEX_POINT('',#529);
#529 = CARTESIAN_POINT('',(0.8,0.6,5.000058790021E-02));
#530 = B_SPLINE_CURVE_WITH_KNOTS('',1,(#531,#532),.UNSPECIFIED.,.F.,.F.,
  (2,2),(-1.6,-1.41),.PIECEWISE_BEZIER_KNOTS.);
#531 = CARTESIAN_POINT('',(0.8,0.6,5.000058790021E-02));
#532 = CARTESIAN_POINT('',(0.61,0.6,5.000058790021E-02));
#533 = ORIENTED_EDGE('',*,*,#534,.F.);
#534 = EDGE_CURVE('',#535,#528,#537,.T.);
#535 = VERTEX_POINT('',#536);
#536 = CARTESIAN_POINT('',(0.8,-0.6,5.000058790021E-02));
#537 = B_SPLINE_CURVE_WITH_KNOTS('',1,(#538,#539),.UNSPECIFIED.,.F.,.F.,
  (2,2),(-1.2,0.),.PIECEWISE_BEZIER_KNOTS.);
#538 = CARTESIAN_POINT('',(0.8,-0.6,5.000058790021E-02));
#539 = CARTESIAN_POINT('',(0.8,0.6,5.000058790021E-02));
#540 = ORIENTED_EDGE('',*,*,#541,.F.);
#541 = EDGE_CURVE('',#542,#535,#544,.T.);
#542 = VERTEX_POINT('',#543);
#543 = CARTESIAN_POINT('',(0.61,-0.6,5.000058790021E-02));
#544 = B_SPLINE_CURVE_WITH_KNOTS('',1,(#545,#546),.UNSPECIFIED.,.F.,.F.,
  (2,2),(1.41,1.6),.PIECEWISE_BEZIER_KNOTS.);
#545 = CARTESIAN_POINT('',(0.61,-0.6,5.000058790021E-02));
#546 = CARTESIAN_POINT('',(0.8,-0.6,5.000058790021E-02));
#547 = ORIENTED_EDGE('',*,*,#548,.F.);
#548 = EDGE_CURVE('',#549,#542,#551,.T.);
#549 = VERTEX_POINT('',#550);
#550 = CARTESIAN_POINT('',(0.61,-0.5,5.000058790021E-02));
#551 = B_SPLINE_CURVE_WITH_KNOTS('',1,(#552,#553),.UNSPECIFIED.,.F.,.F.,
  (2,2),(0.5,0.6),.PIECEWISE_BEZIER_KNOTS.);
#552 = CARTESIAN_POINT('',(0.61,-0.5,5.000058790021E-02));
#553 = CARTESIAN_POINT('',(0.61,-0.6,5.000058790021E-02));
#554 = ORIENTED_EDGE('',*,*,#555,.F.);
#555 = EDGE_CURVE('',#556,#549,#558,.T.);
#556 = VERTEX_POINT('',#557);
#557 = CARTESIAN_POINT('',(0.39,-0.5,5.000058790021E-02));
#558 = B_SPLINE_CURVE_WITH_KNOTS('',1,(#559,#560),.UNSPECIFIED.,.F.,.F.,
  (2,2),(0.39,0.61),.PIECEWISE_BEZIER_KNOTS.);
#559 = CARTESIAN_POINT('',(0.39,-0.5,5.000058790021E-02));
#560 = CARTESIAN_POINT('',(0.61,-0.5,5.000058790021E-02));
#561 = ORIENTED_EDGE('',*,*,#562,.F.);
#562 = EDGE_CURVE('',#563,#556,#565,.T.);
#563 = VERTEX_POINT('',#564);
#564 = CARTESIAN_POINT('',(0.39,-0.6,5.000058790021E-02));
#565 = B_SPLINE_CURVE_WITH_KNOTS('',1,(#566,#567),.UNSPECIFIED.,.F.,.F.,
  (2,2),(-0.6,-0.5),.PIECEWISE_BEZIER_KNOTS.);
#566 = CARTESIAN_POINT('',(0.39,-0.6,5.000058790021E-02));
#567 = CARTESIAN_POINT('',(0.39,-0.5,5.000058790021E-02));
#568 = ORIENTED_EDGE('',*,*,#569,.F.);
#569 = EDGE_CURVE('',#570,#563,#572,.T.);
#570 = VERTEX_POINT('',#571);
#571 = CARTESIAN_POINT('',(0.11,-0.6,5.000058790021E-02));
#572 = B_SPLINE_CURVE_WITH_KNOTS('',1,(#573,#574),.UNSPECIFIED.,.F.,.F.,
  (2,2),(0.91,1.19),.PIECEWISE_BEZIER_KNOTS.);
#573 = CARTESIAN_POINT('',(0.11,-0.6,5.000058790021E-02));
#574 = CARTESIAN_POINT('',(0.39,-0.6,5.000058790021E-02));
#575 = ORIENTED_EDGE('',*,*,#576,.F.);
#576 = EDGE_CURVE('',#577,#570,#579,.T.);
#577 = VERTEX_POINT('',#578);
#578 = CARTESIAN_POINT('',(0.11,-0.5,5.000058790021E-02));
#579 = B_SPLINE_CURVE_WITH_KNOTS('',1,(#580,#581),.UNSPECIFIED.,.F.,.F.,
  (2,2),(0.5,0.6),.PIECEWISE_BEZIER_KNOTS.);
#580 = CARTESIAN_POINT('',(0.11,-0.5,5.000058790021E-02));
#581 = CARTESIAN_POINT('',(0.11,-0.6,5.000058790021E-02));
#582 = ORIENTED_EDGE('',*,*,#583,.F.);
#583 = EDGE_CURVE('',#584,#577,#586,.T.);
#584 = VERTEX_POINT('',#585);
#585 = CARTESIAN_POINT('',(-0.11,-0.5,5.000058790021E-02));
#586 = B_SPLINE_CURVE_WITH_KNOTS('',1,(#587,#588),.UNSPECIFIED.,.F.,.F.,
  (2,2),(-0.11,0.11),.PIECEWISE_BEZIER_KNOTS.);
#587 = CARTESIAN_POINT('',(-0.11,-0.5,5.000058790021E-02));
#588 = CARTESIAN_POINT('',(0.11,-0.5,5.000058790021E-02));
#589 = ORIENTED_EDGE('',*,*,#590,.F.);
#590 = EDGE_CURVE('',#591,#584,#593,.T.);
#591 = VERTEX_POINT('',#592);
#592 = CARTESIAN_POINT('',(-0.11,-0.6,5.000058790021E-02));
#593 = B_SPLINE_CURVE_WITH_KNOTS('',1,(#594,#595),.UNSPECIFIED.,.F.,.F.,
  (2,2),(-0.6,-0.5),.PIECEWISE_BEZIER_KNOTS.);
#594 = CARTESIAN_POINT('',(-0.11,-0.6,5.000058790021E-02));
#595 = CARTESIAN_POINT('',(-0.11,-0.5,5.000058790021E-02));
#596 = ORIENTED_EDGE('',*,*,#597,.F.);
#597 = EDGE_CURVE('',#598,#591,#600,.T.);
#598 = VERTEX_POINT('',#599);
#599 = CARTESIAN_POINT('',(-0.39,-0.6,5.000058790021E-02));
#600 = B_SPLINE_CURVE_WITH_KNOTS('',1,(#601,#602),.UNSPECIFIED.,.F.,.F.,
  (2,2),(0.41,0.69),.PIECEWISE_BEZIER_KNOTS.);
#601 = CARTESIAN_POINT('',(-0.39,-0.6,5.000058790021E-02));
#602 = CARTESIAN_POINT('',(-0.11,-0.6,5.000058790021E-02));
#603 = ORIENTED_EDGE('',*,*,#604,.F.);
#604 = EDGE_CURVE('',#605,#598,#607,.T.);
#605 = VERTEX_POINT('',#606);
#606 = CARTESIAN_POINT('',(-0.39,-0.5,5.000058790021E-02));
#607 = B_SPLINE_CURVE_WITH_KNOTS('',1,(#608,#609),.UNSPECIFIED.,.F.,.F.,
  (2,2),(0.5,0.6),.PIECEWISE_BEZIER_KNOTS.);
#608 = CARTESIAN_POINT('',(-0.39,-0.5,5.000058790021E-02));
#609 = CARTESIAN_POINT('',(-0.39,-0.6,5.000058790021E-02));
#610 = ORIENTED_EDGE('',*,*,#611,.F.);
#611 = EDGE_CURVE('',#431,#605,#612,.T.);
#612 = B_SPLINE_CURVE_WITH_KNOTS('',1,(#613,#614),.UNSPECIFIED.,.F.,.F.,
  (2,2),(-0.61,-0.39),.PIECEWISE_BEZIER_KNOTS.);
#613 = CARTESIAN_POINT('',(-0.61,-0.5,5.000058790021E-02));
#614 = CARTESIAN_POINT('',(-0.39,-0.5,5.000058790021E-02));
#615 = FACE_BOUND('',#616,.T.);
#616 = EDGE_LOOP('',(#617,#629,#639,#649,#659,#669));
#617 = ORIENTED_EDGE('',*,*,#618,.F.);
#618 = EDGE_CURVE('',#619,#621,#623,.T.);
#619 = VERTEX_POINT('',#620);
#620 = CARTESIAN_POINT('',(-0.174487823365,-6.352747104407E-18,
    5.000058790021E-02));
#621 = VERTEX_POINT('',#622);
#622 = CARTESIAN_POINT('',(-0.12326831117,9.232659125072E-17,
    5.000058790021E-02));
#623 = B_SPLINE_CURVE_WITH_KNOTS('',3,(#624,#625,#626,#627,#628),
  .UNSPECIFIED.,.F.,.F.,(4,1,4),(0.,0.5,0.999990238095),.UNSPECIFIED.);
#624 = CARTESIAN_POINT('',(-0.174487823365,-6.352747104407E-18,
    5.000058790021E-02));
#625 = CARTESIAN_POINT('',(-0.165951238,2.455292639554E-17,
    5.000058790021E-02));
#626 = CARTESIAN_POINT('',(-0.148878233935,8.636366999895E-17,
    5.000058790021E-02));
#627 = CARTESIAN_POINT('',(-0.131805229869,9.033907435534E-17,
    5.000058790021E-02));
#628 = CARTESIAN_POINT('',(-0.12326831117,9.232659125072E-17,
    5.000058790021E-02));
#629 = ORIENTED_EDGE('',*,*,#630,.F.);
#630 = EDGE_CURVE('',#631,#619,#633,.T.);
#631 = VERTEX_POINT('',#632);
#632 = CARTESIAN_POINT('',(-0.174487823365,-0.1,5.000058790021E-02));
#633 = B_SPLINE_CURVE_WITH_KNOTS('',3,(#634,#635,#636,#637,#638),
  .UNSPECIFIED.,.F.,.F.,(4,1,4),(0.,0.5,0.999995),.UNSPECIFIED.);
#634 = CARTESIAN_POINT('',(-0.174487823365,-0.1,5.000058790021E-02));
#635 = CARTESIAN_POINT('',(-0.174487823365,-8.333333333333E-02,
    5.000058790021E-02));
#636 = CARTESIAN_POINT('',(-0.174487823365,-5.000016666667E-02,
    5.000058790021E-02));
#637 = CARTESIAN_POINT('',(-0.174487823365,-1.6667E-02,
    5.000058790021E-02));
#638 = CARTESIAN_POINT('',(-0.174487823365,-6.352747104407E-18,
    5.000058790021E-02));
#639 = ORIENTED_EDGE('',*,*,#640,.F.);
#640 = EDGE_CURVE('',#641,#631,#643,.T.);
#641 = VERTEX_POINT('',#642);
#642 = CARTESIAN_POINT('',(-0.161073189219,-0.1,5.000058790021E-02));
#643 = B_SPLINE_CURVE_WITH_KNOTS('',3,(#644,#645,#646,#647,#648),
  .UNSPECIFIED.,.F.,.F.,(4,1,4),(0.,0.5,0.999962727273),.UNSPECIFIED.);
#644 = CARTESIAN_POINT('',(-0.161073189219,-0.1,5.000058790021E-02));
#645 = CARTESIAN_POINT('',(-0.163308961577,-0.1,5.000058790021E-02));
#646 = CARTESIAN_POINT('',(-0.167780339626,-0.1,5.000058790021E-02));
#647 = CARTESIAN_POINT('',(-0.172251717674,-0.1,5.000058790021E-02));
#648 = CARTESIAN_POINT('',(-0.174487823365,-0.1,5.000058790021E-02));
#649 = ORIENTED_EDGE('',*,*,#650,.F.);
#650 = EDGE_CURVE('',#651,#641,#653,.T.);
#651 = VERTEX_POINT('',#652);
#652 = CARTESIAN_POINT('',(-0.161073189219,-1.09756097561E-02,
    5.000058790021E-02));
#653 = B_SPLINE_CURVE_WITH_KNOTS('',3,(#654,#655,#656,#657,#658),
  .UNSPECIFIED.,.F.,.F.,(4,1,4),(0.,0.5,1.),.QUASI_UNIFORM_KNOTS.);
#654 = CARTESIAN_POINT('',(-0.161073189219,-1.09756097561E-02,
    5.000058790021E-02));
#655 = CARTESIAN_POINT('',(-0.161073189219,-2.581300813008E-02,
    5.000058790021E-02));
#656 = CARTESIAN_POINT('',(-0.161073189219,-5.548780487805E-02,
    5.000058790021E-02));
#657 = CARTESIAN_POINT('',(-0.161073189219,-8.516260162602E-02,
    5.000058790021E-02));
#658 = CARTESIAN_POINT('',(-0.161073189219,-0.1,5.000058790021E-02));
#659 = ORIENTED_EDGE('',*,*,#660,.F.);
#660 = EDGE_CURVE('',#661,#651,#663,.T.);
#661 = VERTEX_POINT('',#662);
#662 = CARTESIAN_POINT('',(-0.12326831117,-1.09756097561E-02,
    5.000058790021E-02));
#663 = B_SPLINE_CURVE_WITH_KNOTS('',3,(#664,#665,#666,#667,#668),
  .UNSPECIFIED.,.F.,.F.,(4,1,4),(0.,0.5,0.999986774194),.UNSPECIFIED.);
#664 = CARTESIAN_POINT('',(-0.12326831117,-1.09756097561E-02,
    5.000058790021E-02));
#665 = CARTESIAN_POINT('',(-0.129569124178,-1.09756097561E-02,
    5.000058790021E-02));
#666 = CARTESIAN_POINT('',(-0.142170583528,-1.09756097561E-02,
    5.000058790021E-02));
#667 = CARTESIAN_POINT('',(-0.154772042878,-1.09756097561E-02,
    5.000058790021E-02));
#668 = CARTESIAN_POINT('',(-0.161073189219,-1.09756097561E-02,
    5.000058790021E-02));
#669 = ORIENTED_EDGE('',*,*,#670,.F.);
#670 = EDGE_CURVE('',#621,#661,#671,.T.);
#671 = B_SPLINE_CURVE_WITH_KNOTS('',3,(#672,#673,#674,#675,#676),
  .UNSPECIFIED.,.F.,.F.,(4,1,4),(0.,0.5,0.999954444444),.UNSPECIFIED.);
#672 = CARTESIAN_POINT('',(-0.12326831117,9.232659125072E-17,
    5.000058790021E-02));
#673 = CARTESIAN_POINT('',(-0.12326831117,-1.829268292683E-03,
    5.000058790021E-02));
#674 = CARTESIAN_POINT('',(-0.12326831117,-5.487638211382E-03,
    5.000058790021E-02));
#675 = CARTESIAN_POINT('',(-0.12326831117,-9.146008130081E-03,
    5.000058790021E-02));
#676 = CARTESIAN_POINT('',(-0.12326831117,-1.09756097561E-02,
    5.000058790021E-02));
#677 = FACE_BOUND('',#678,.T.);
#678 = EDGE_LOOP('',(#679,#691,#701,#711,#721,#731,#741,#751,#761,#771)
  );
#679 = ORIENTED_EDGE('',*,*,#680,.F.);
#680 = EDGE_CURVE('',#681,#683,#685,.T.);
#681 = VERTEX_POINT('',#682);
#682 = CARTESIAN_POINT('',(-6.375992702396E-02,-9.024390243902E-02,
    5.000058790021E-02));
#683 = VERTEX_POINT('',#684);
#684 = CARTESIAN_POINT('',(-4.034148190201E-02,-8.384146341463E-02,
    5.000058790021E-02));
#685 = B_SPLINE_CURVE_WITH_KNOTS('',3,(#686,#687,#688,#689,#690),
  .UNSPECIFIED.,.F.,.F.,(4,1,4),(0.,0.440436656024,0.999977495668),
  .UNSPECIFIED.);
#686 = CARTESIAN_POINT('',(-6.375992702396E-02,-9.024390243902E-02,
    5.000058790021E-02));
#687 = CARTESIAN_POINT('',(-6.013098899937E-02,-9.005013801997E-02,
    5.000058790021E-02));
#688 = CARTESIAN_POINT('',(-5.189176479281E-02,-8.961021083437E-02,
    5.000058790021E-02));
#689 = CARTESIAN_POINT('',(-4.448593107924E-02,-8.591142338763E-02,
    5.000058790021E-02));
#690 = CARTESIAN_POINT('',(-4.034148190201E-02,-8.384146341463E-02,
    5.000058790021E-02));
#691 = ORIENTED_EDGE('',*,*,#692,.F.);
#692 = EDGE_CURVE('',#693,#681,#695,.T.);
#693 = VERTEX_POINT('',#694);
#694 = CARTESIAN_POINT('',(-0.101317091658,-4.893292682927E-02,
    5.000058790021E-02));
#695 = B_SPLINE_CURVE_WITH_KNOTS('',3,(#696,#697,#698,#699,#700),
  .UNSPECIFIED.,.F.,.F.,(4,1,4),(0.,0.446182329404,0.999985717331),
  .UNSPECIFIED.);
#696 = CARTESIAN_POINT('',(-0.101317091658,-4.893292682927E-02,
    5.000058790021E-02));
#697 = CARTESIAN_POINT('',(-0.100157748909,-5.872987582082E-02,
    5.000058790021E-02));
#698 = CARTESIAN_POINT('',(-9.755942505303E-02,-8.068683919507E-02,
    5.000058790021E-02));
#699 = CARTESIAN_POINT('',(-7.580748225127E-02,-8.683747328165E-02,
    5.000058790021E-02));
#700 = CARTESIAN_POINT('',(-6.375992702396E-02,-9.024390243902E-02,
    5.000058790021E-02));
#701 = ORIENTED_EDGE('',*,*,#702,.F.);
#702 = EDGE_CURVE('',#703,#693,#705,.T.);
#703 = VERTEX_POINT('',#704);
#704 = CARTESIAN_POINT('',(-6.600840263372E-02,-9.756097560976E-03,
    5.000058790021E-02));
#705 = B_SPLINE_CURVE_WITH_KNOTS('',3,(#706,#707,#708,#709,#710),
  .UNSPECIFIED.,.F.,.F.,(4,1,4),(0.,0.440940563265,1.),.UNSPECIFIED.);
#706 = CARTESIAN_POINT('',(-6.600840263372E-02,-9.756097560976E-03,
    5.000058790021E-02));
#707 = CARTESIAN_POINT('',(-7.506869955915E-02,-1.1630252771E-02,
    5.000058790021E-02));
#708 = CARTESIAN_POINT('',(-9.561635990218E-02,-1.588061067897E-02,
    5.000058790021E-02));
#709 = CARTESIAN_POINT('',(-9.927287973818E-02,-3.708077493923E-02,
    5.000058790021E-02));
#710 = CARTESIAN_POINT('',(-0.101317091658,-4.893292682927E-02,
    5.000058790021E-02));
#711 = ORIENTED_EDGE('',*,*,#712,.F.);
#712 = EDGE_CURVE('',#713,#703,#715,.T.);
#713 = VERTEX_POINT('',#714);
#714 = CARTESIAN_POINT('',(-4.034148190201E-02,-1.615853658537E-02,
    5.000058790021E-02));
#715 = B_SPLINE_CURVE_WITH_KNOTS('',3,(#716,#717,#718,#719,#720),
  .UNSPECIFIED.,.F.,.F.,(4,1,4),(0.,0.440010228627,0.9999761794),
  .UNSPECIFIED.);
#716 = CARTESIAN_POINT('',(-4.034148190201E-02,-1.615853658537E-02,
    5.000058790021E-02));
#717 = CARTESIAN_POINT('',(-4.389349646327E-02,-1.442302927724E-02,
    5.000058790021E-02));
#718 = CARTESIAN_POINT('',(-5.196587687414E-02,-1.047888013161E-02,
    5.000058790021E-02));
#719 = CARTESIAN_POINT('',(-6.096719515639E-02,-1.001554327872E-02,
    5.000058790021E-02));
#720 = CARTESIAN_POINT('',(-6.600840263372E-02,-9.756097560976E-03,
    5.000058790021E-02));
#721 = ORIENTED_EDGE('',*,*,#722,.F.);
#722 = EDGE_CURVE('',#723,#713,#725,.T.);
#723 = VERTEX_POINT('',#724);
#724 = CARTESIAN_POINT('',(-4.034148190201E-02,-5.182926829268E-03,
    5.000058790021E-02));
#725 = B_SPLINE_CURVE_WITH_KNOTS('',3,(#726,#727,#728,#729,#730),
  .UNSPECIFIED.,.F.,.F.,(4,1,4),(0.,0.5,0.999949297505),.UNSPECIFIED.);
#726 = CARTESIAN_POINT('',(-4.034148190201E-02,-5.182926829268E-03,
    5.000058790021E-02));
#727 = CARTESIAN_POINT('',(-4.034148190201E-02,-7.012195121951E-03,
    5.000058790021E-02));
#728 = CARTESIAN_POINT('',(-4.034148190201E-02,-1.067054621038E-02,
    5.000058790021E-02));
#729 = CARTESIAN_POINT('',(-4.034148190201E-02,-1.432889729882E-02,
    5.000058790021E-02));
#730 = CARTESIAN_POINT('',(-4.034148190201E-02,-1.615853658537E-02,
    5.000058790021E-02));
#731 = ORIENTED_EDGE('',*,*,#732,.F.);
#732 = EDGE_CURVE('',#733,#723,#735,.T.);
#733 = VERTEX_POINT('',#734);
#734 = CARTESIAN_POINT('',(-6.785672580445E-02,1.219512195122E-03,
    5.000058790021E-02));
#735 = B_SPLINE_CURVE_WITH_KNOTS('',3,(#736,#737,#738,#739,#740),
  .UNSPECIFIED.,.F.,.F.,(4,1,4),(0.,0.440890142866,0.999981056543),
  .UNSPECIFIED.);
#736 = CARTESIAN_POINT('',(-6.785672580445E-02,1.219512195122E-03,
    5.000058790021E-02));
#737 = CARTESIAN_POINT('',(-6.363474473804E-02,1.101800970014E-03,
    5.000058790021E-02));
#738 = CARTESIAN_POINT('',(-5.405888745068E-02,8.348206413438E-04,
    5.000058790021E-02));
#739 = CARTESIAN_POINT('',(-4.526092673832E-02,-3.024767750822E-03,
    5.000058790021E-02));
#740 = CARTESIAN_POINT('',(-4.034148190201E-02,-5.182926829268E-03,
    5.000058790021E-02));
#741 = ORIENTED_EDGE('',*,*,#742,.F.);
#742 = EDGE_CURVE('',#743,#733,#745,.T.);
#743 = VERTEX_POINT('',#744);
#744 = CARTESIAN_POINT('',(-0.114731725804,-4.811356707317E-02,
    5.000058790021E-02));
#745 = B_SPLINE_CURVE_WITH_KNOTS('',3,(#746,#747,#748,#749,#750),
  .UNSPECIFIED.,.F.,.F.,(4,1,4),(0.,0.445339919852,0.999986907212),
  .UNSPECIFIED.);
#746 = CARTESIAN_POINT('',(-0.114731725804,-4.811356707317E-02,
    5.000058790021E-02));
#747 = CARTESIAN_POINT('',(-0.11311959392,-3.61881308972E-02,
    5.000058790021E-02));
#748 = CARTESIAN_POINT('',(-0.109499638229,-9.410203504741E-03,
    5.000058790021E-02));
#749 = CARTESIAN_POINT('',(-8.271445939251E-02,-2.572932798852E-03,
    5.000058790021E-02));
#750 = CARTESIAN_POINT('',(-6.785672580445E-02,1.219512195122E-03,
    5.000058790021E-02));
#751 = ORIENTED_EDGE('',*,*,#752,.F.);
#752 = EDGE_CURVE('',#753,#743,#755,.T.);
#753 = VERTEX_POINT('',#754);
#754 = CARTESIAN_POINT('',(-6.387425629226E-02,-0.101219512195,
    5.000058790021E-02));
#755 = B_SPLINE_CURVE_WITH_KNOTS('',3,(#756,#757,#758,#759,#760),
  .UNSPECIFIED.,.F.,.F.,(4,1,4),(0.,0.442601358367,0.999993195525),
  .UNSPECIFIED.);
#756 = CARTESIAN_POINT('',(-6.387425629226E-02,-0.101219512195,
    5.000058790021E-02));
#757 = CARTESIAN_POINT('',(-7.651218137719E-02,-9.882881465647E-02,
    5.000058790021E-02));
#758 = CARTESIAN_POINT('',(-0.105065729286,-9.342738236076E-02,
    5.000058790021E-02));
#759 = CARTESIAN_POINT('',(-0.111272215548,-6.433192928169E-02,
    5.000058790021E-02));
#760 = CARTESIAN_POINT('',(-0.114731725804,-4.811356707317E-02,
    5.000058790021E-02));
#761 = ORIENTED_EDGE('',*,*,#762,.F.);
#762 = EDGE_CURVE('',#763,#753,#765,.T.);
#763 = VERTEX_POINT('',#764);
#764 = CARTESIAN_POINT('',(-4.034148190201E-02,-9.725609756098E-02,
    5.000058790021E-02));
#765 = B_SPLINE_CURVE_WITH_KNOTS('',3,(#766,#767,#768,#769,#770),
  .UNSPECIFIED.,.F.,.F.,(4,1,4),(0.,0.43977387616,0.999971962233),
  .UNSPECIFIED.);
#766 = CARTESIAN_POINT('',(-4.034148190201E-02,-9.725609756098E-02,
    5.000058790021E-02));
#767 = CARTESIAN_POINT('',(-4.369364961849E-02,-9.837630013403E-02,
    5.000058790021E-02));
#768 = CARTESIAN_POINT('',(-5.13159162216E-02,-0.100923452718,
    5.000058790021E-02));
#769 = CARTESIAN_POINT('',(-5.93645928882E-02,-0.101113221933,
    5.000058790021E-02));
#770 = CARTESIAN_POINT('',(-6.387425629226E-02,-0.101219512195,
    5.000058790021E-02));
#771 = ORIENTED_EDGE('',*,*,#772,.F.);
#772 = EDGE_CURVE('',#683,#763,#773,.T.);
#773 = B_SPLINE_CURVE_WITH_KNOTS('',3,(#774,#775,#776,#777,#778),
  .UNSPECIFIED.,.F.,.F.,(4,1,4),(0.,0.5,0.999962202311),.UNSPECIFIED.);
#774 = CARTESIAN_POINT('',(-4.034148190201E-02,-8.384146341463E-02,
    5.000058790021E-02));
#775 = CARTESIAN_POINT('',(-4.034148190201E-02,-8.607723577236E-02,
    5.000058790021E-02));
#776 = CARTESIAN_POINT('',(-4.034148190201E-02,-9.054861147375E-02,
    5.000058790021E-02));
#777 = CARTESIAN_POINT('',(-4.034148190201E-02,-9.501998717514E-02,
    5.000058790021E-02));
#778 = CARTESIAN_POINT('',(-4.034148190201E-02,-9.725609756098E-02,
    5.000058790021E-02));
#779 = B_SPLINE_SURFACE_WITH_KNOTS('',1,1,(
    (#780,#781)
    ,(#782,#783
    )),.UNSPECIFIED.,.F.,.F.,.F.,(2,2),(2,2),(-0.8,0.8),(-0.6,0.6),
  .PIECEWISE_BEZIER_KNOTS.);
#780 = CARTESIAN_POINT('',(-0.8,-0.6,5.000058790021E-02));
#781 = CARTESIAN_POINT('',(-0.8,0.6,5.000058790021E-02));
#782 = CARTESIAN_POINT('',(0.8,-0.6,5.000058790021E-02));
#783 = CARTESIAN_POINT('',(0.8,0.6,5.000058790021E-02));
#784 = ADVANCED_FACE('',(#785),#861,.F.);
#785 = FACE_BOUND('',#786,.T.);
#786 = EDGE_LOOP('',(#787,#794,#799,#800,#801,#808,#815,#820,#821,#828,
    #835,#840,#841,#848,#855,#860));
#787 = ORIENTED_EDGE('',*,*,#788,.F.);
#788 = EDGE_CURVE('',#789,#535,#791,.T.);
#789 = VERTEX_POINT('',#790);
#790 = CARTESIAN_POINT('',(0.8,-0.6,0.1625005879));
#791 = B_SPLINE_CURVE_WITH_KNOTS('',1,(#792,#793),.UNSPECIFIED.,.F.,.F.,
  (2,2),(0.4,0.5125),.PIECEWISE_BEZIER_KNOTS.);
#792 = CARTESIAN_POINT('',(0.8,-0.6,0.1625005879));
#793 = CARTESIAN_POINT('',(0.8,-0.6,5.000058790021E-02));
#794 = ORIENTED_EDGE('',*,*,#795,.T.);
#795 = EDGE_CURVE('',#789,#124,#796,.T.);
#796 = B_SPLINE_CURVE_WITH_KNOTS('',1,(#797,#798),.UNSPECIFIED.,.F.,.F.,
  (2,2),(-1.6,0.),.PIECEWISE_BEZIER_KNOTS.);
#797 = CARTESIAN_POINT('',(0.8,-0.6,0.1625005879));
#798 = CARTESIAN_POINT('',(-0.8,-0.6,0.1625005879));
#799 = ORIENTED_EDGE('',*,*,#144,.T.);
#800 = ORIENTED_EDGE('',*,*,#437,.T.);
#801 = ORIENTED_EDGE('',*,*,#802,.F.);
#802 = EDGE_CURVE('',#803,#429,#805,.T.);
#803 = VERTEX_POINT('',#804);
#804 = CARTESIAN_POINT('',(-0.61,-0.6,0.1350005879));
#805 = B_SPLINE_CURVE_WITH_KNOTS('',1,(#806,#807),.UNSPECIFIED.,.F.,.F.,
  (2,2),(0.4275,0.5125),.PIECEWISE_BEZIER_KNOTS.);
#806 = CARTESIAN_POINT('',(-0.61,-0.6,0.1350005879));
#807 = CARTESIAN_POINT('',(-0.61,-0.6,5.000058790021E-02));
#808 = ORIENTED_EDGE('',*,*,#809,.F.);
#809 = EDGE_CURVE('',#810,#803,#812,.T.);
#810 = VERTEX_POINT('',#811);
#811 = CARTESIAN_POINT('',(-0.39,-0.6,0.1350005879));
#812 = B_SPLINE_CURVE_WITH_KNOTS('',1,(#813,#814),.UNSPECIFIED.,.F.,.F.,
  (2,2),(-0.41,-0.19),.PIECEWISE_BEZIER_KNOTS.);
#813 = CARTESIAN_POINT('',(-0.39,-0.6,0.1350005879));
#814 = CARTESIAN_POINT('',(-0.61,-0.6,0.1350005879));
#815 = ORIENTED_EDGE('',*,*,#816,.F.);
#816 = EDGE_CURVE('',#598,#810,#817,.T.);
#817 = B_SPLINE_CURVE_WITH_KNOTS('',1,(#818,#819),.UNSPECIFIED.,.F.,.F.,
  (2,2),(-0.5125,-0.4275),.PIECEWISE_BEZIER_KNOTS.);
#818 = CARTESIAN_POINT('',(-0.39,-0.6,5.000058790021E-02));
#819 = CARTESIAN_POINT('',(-0.39,-0.6,0.1350005879));
#820 = ORIENTED_EDGE('',*,*,#597,.T.);
#821 = ORIENTED_EDGE('',*,*,#822,.F.);
#822 = EDGE_CURVE('',#823,#591,#825,.T.);
#823 = VERTEX_POINT('',#824);
#824 = CARTESIAN_POINT('',(-0.11,-0.6,0.1350005879));
#825 = B_SPLINE_CURVE_WITH_KNOTS('',1,(#826,#827),.UNSPECIFIED.,.F.,.F.,
  (2,2),(0.4275,0.5125),.PIECEWISE_BEZIER_KNOTS.);
#826 = CARTESIAN_POINT('',(-0.11,-0.6,0.1350005879));
#827 = CARTESIAN_POINT('',(-0.11,-0.6,5.000058790021E-02));
#828 = ORIENTED_EDGE('',*,*,#829,.F.);
#829 = EDGE_CURVE('',#830,#823,#832,.T.);
#830 = VERTEX_POINT('',#831);
#831 = CARTESIAN_POINT('',(0.11,-0.6,0.1350005879));
#832 = B_SPLINE_CURVE_WITH_KNOTS('',1,(#833,#834),.UNSPECIFIED.,.F.,.F.,
  (2,2),(-0.91,-0.69),.PIECEWISE_BEZIER_KNOTS.);
#833 = CARTESIAN_POINT('',(0.11,-0.6,0.1350005879));
#834 = CARTESIAN_POINT('',(-0.11,-0.6,0.1350005879));
#835 = ORIENTED_EDGE('',*,*,#836,.F.);
#836 = EDGE_CURVE('',#570,#830,#837,.T.);
#837 = B_SPLINE_CURVE_WITH_KNOTS('',1,(#838,#839),.UNSPECIFIED.,.F.,.F.,
  (2,2),(-0.5125,-0.4275),.PIECEWISE_BEZIER_KNOTS.);
#838 = CARTESIAN_POINT('',(0.11,-0.6,5.000058790021E-02));
#839 = CARTESIAN_POINT('',(0.11,-0.6,0.1350005879));
#840 = ORIENTED_EDGE('',*,*,#569,.T.);
#841 = ORIENTED_EDGE('',*,*,#842,.F.);
#842 = EDGE_CURVE('',#843,#563,#845,.T.);
#843 = VERTEX_POINT('',#844);
#844 = CARTESIAN_POINT('',(0.39,-0.6,0.1350005879));
#845 = B_SPLINE_CURVE_WITH_KNOTS('',1,(#846,#847),.UNSPECIFIED.,.F.,.F.,
  (2,2),(0.4275,0.5125),.PIECEWISE_BEZIER_KNOTS.);
#846 = CARTESIAN_POINT('',(0.39,-0.6,0.1350005879));
#847 = CARTESIAN_POINT('',(0.39,-0.6,5.000058790021E-02));
#848 = ORIENTED_EDGE('',*,*,#849,.F.);
#849 = EDGE_CURVE('',#850,#843,#852,.T.);
#850 = VERTEX_POINT('',#851);
#851 = CARTESIAN_POINT('',(0.61,-0.6,0.1350005879));
#852 = B_SPLINE_CURVE_WITH_KNOTS('',1,(#853,#854),.UNSPECIFIED.,.F.,.F.,
  (2,2),(-1.41,-1.19),.PIECEWISE_BEZIER_KNOTS.);
#853 = CARTESIAN_POINT('',(0.61,-0.6,0.1350005879));
#854 = CARTESIAN_POINT('',(0.39,-0.6,0.1350005879));
#855 = ORIENTED_EDGE('',*,*,#856,.F.);
#856 = EDGE_CURVE('',#542,#850,#857,.T.);
#857 = B_SPLINE_CURVE_WITH_KNOTS('',1,(#858,#859),.UNSPECIFIED.,.F.,.F.,
  (2,2),(-0.5125,-0.4275),.PIECEWISE_BEZIER_KNOTS.);
#858 = CARTESIAN_POINT('',(0.61,-0.6,5.000058790021E-02));
#859 = CARTESIAN_POINT('',(0.61,-0.6,0.1350005879));
#860 = ORIENTED_EDGE('',*,*,#541,.T.);
#861 = B_SPLINE_SURFACE_WITH_KNOTS('',1,1,(
    (#862,#863)
    ,(#864,#865
    )),.UNSPECIFIED.,.F.,.F.,.F.,(2,2),(2,2),(-0.5125,-0.4),(0.,1.6),
  .PIECEWISE_BEZIER_KNOTS.);
#862 = CARTESIAN_POINT('',(-0.8,-0.6,5.000058790021E-02));
#863 = CARTESIAN_POINT('',(0.8,-0.6,5.000058790021E-02));
#864 = CARTESIAN_POINT('',(-0.8,-0.6,0.1625005879));
#865 = CARTESIAN_POINT('',(0.8,-0.6,0.1625005879));
#866 = ADVANCED_FACE('',(#867),#943,.F.);
#867 = FACE_BOUND('',#868,.T.);
#868 = EDGE_LOOP('',(#869,#870,#877,#882,#883,#890,#897,#902,#903,#910,
    #917,#922,#923,#930,#937,#942));
#869 = ORIENTED_EDGE('',*,*,#152,.F.);
#870 = ORIENTED_EDGE('',*,*,#871,.T.);
#871 = EDGE_CURVE('',#117,#872,#874,.T.);
#872 = VERTEX_POINT('',#873);
#873 = CARTESIAN_POINT('',(0.8,0.6,0.1625005879));
#874 = B_SPLINE_CURVE_WITH_KNOTS('',1,(#875,#876),.UNSPECIFIED.,.F.,.F.,
  (2,2),(-1.6,0.),.PIECEWISE_BEZIER_KNOTS.);
#875 = CARTESIAN_POINT('',(-0.8,0.6,0.1625005879));
#876 = CARTESIAN_POINT('',(0.8,0.6,0.1625005879));
#877 = ORIENTED_EDGE('',*,*,#878,.T.);
#878 = EDGE_CURVE('',#872,#528,#879,.T.);
#879 = B_SPLINE_CURVE_WITH_KNOTS('',1,(#880,#881),.UNSPECIFIED.,.F.,.F.,
  (2,2),(0.4,0.5125),.PIECEWISE_BEZIER_KNOTS.);
#880 = CARTESIAN_POINT('',(0.8,0.6,0.1625005879));
#881 = CARTESIAN_POINT('',(0.8,0.6,5.000058790021E-02));
#882 = ORIENTED_EDGE('',*,*,#527,.T.);
#883 = ORIENTED_EDGE('',*,*,#884,.F.);
#884 = EDGE_CURVE('',#885,#521,#887,.T.);
#885 = VERTEX_POINT('',#886);
#886 = CARTESIAN_POINT('',(0.61,0.6,0.1350005879));
#887 = B_SPLINE_CURVE_WITH_KNOTS('',1,(#888,#889),.UNSPECIFIED.,.F.,.F.,
  (2,2),(0.4275,0.5125),.PIECEWISE_BEZIER_KNOTS.);
#888 = CARTESIAN_POINT('',(0.61,0.6,0.1350005879));
#889 = CARTESIAN_POINT('',(0.61,0.6,5.000058790021E-02));
#890 = ORIENTED_EDGE('',*,*,#891,.F.);
#891 = EDGE_CURVE('',#892,#885,#894,.T.);
#892 = VERTEX_POINT('',#893);
#893 = CARTESIAN_POINT('',(0.39,0.6,0.1350005879));
#894 = B_SPLINE_CURVE_WITH_KNOTS('',1,(#895,#896),.UNSPECIFIED.,.F.,.F.,
  (2,2),(1.19,1.41),.PIECEWISE_BEZIER_KNOTS.);
#895 = CARTESIAN_POINT('',(0.39,0.6,0.1350005879));
#896 = CARTESIAN_POINT('',(0.61,0.6,0.1350005879));
#897 = ORIENTED_EDGE('',*,*,#898,.F.);
#898 = EDGE_CURVE('',#500,#892,#899,.T.);
#899 = B_SPLINE_CURVE_WITH_KNOTS('',1,(#900,#901),.UNSPECIFIED.,.F.,.F.,
  (2,2),(-0.5125,-0.4275),.PIECEWISE_BEZIER_KNOTS.);
#900 = CARTESIAN_POINT('',(0.39,0.6,5.000058790021E-02));
#901 = CARTESIAN_POINT('',(0.39,0.6,0.1350005879));
#902 = ORIENTED_EDGE('',*,*,#499,.T.);
#903 = ORIENTED_EDGE('',*,*,#904,.F.);
#904 = EDGE_CURVE('',#905,#493,#907,.T.);
#905 = VERTEX_POINT('',#906);
#906 = CARTESIAN_POINT('',(0.11,0.6,0.1350005879));
#907 = B_SPLINE_CURVE_WITH_KNOTS('',1,(#908,#909),.UNSPECIFIED.,.F.,.F.,
  (2,2),(0.4275,0.5125),.PIECEWISE_BEZIER_KNOTS.);
#908 = CARTESIAN_POINT('',(0.11,0.6,0.1350005879));
#909 = CARTESIAN_POINT('',(0.11,0.6,5.000058790021E-02));
#910 = ORIENTED_EDGE('',*,*,#911,.F.);
#911 = EDGE_CURVE('',#912,#905,#914,.T.);
#912 = VERTEX_POINT('',#913);
#913 = CARTESIAN_POINT('',(-0.11,0.6,0.1350005879));
#914 = B_SPLINE_CURVE_WITH_KNOTS('',1,(#915,#916),.UNSPECIFIED.,.F.,.F.,
  (2,2),(0.69,0.91),.PIECEWISE_BEZIER_KNOTS.);
#915 = CARTESIAN_POINT('',(-0.11,0.6,0.1350005879));
#916 = CARTESIAN_POINT('',(0.11,0.6,0.1350005879));
#917 = ORIENTED_EDGE('',*,*,#918,.F.);
#918 = EDGE_CURVE('',#472,#912,#919,.T.);
#919 = B_SPLINE_CURVE_WITH_KNOTS('',1,(#920,#921),.UNSPECIFIED.,.F.,.F.,
  (2,2),(-0.5125,-0.4275),.PIECEWISE_BEZIER_KNOTS.);
#920 = CARTESIAN_POINT('',(-0.11,0.6,5.000058790021E-02));
#921 = CARTESIAN_POINT('',(-0.11,0.6,0.1350005879));
#922 = ORIENTED_EDGE('',*,*,#471,.T.);
#923 = ORIENTED_EDGE('',*,*,#924,.T.);
#924 = EDGE_CURVE('',#465,#925,#927,.T.);
#925 = VERTEX_POINT('',#926);
#926 = CARTESIAN_POINT('',(-0.39,0.6,0.1350005879));
#927 = B_SPLINE_CURVE_WITH_KNOTS('',1,(#928,#929),.UNSPECIFIED.,.F.,.F.,
  (2,2),(-8.5E-02,0.),.PIECEWISE_BEZIER_KNOTS.);
#928 = CARTESIAN_POINT('',(-0.39,0.6,5.000058790021E-02));
#929 = CARTESIAN_POINT('',(-0.39,0.6,0.1350005879));
#930 = ORIENTED_EDGE('',*,*,#931,.F.);
#931 = EDGE_CURVE('',#932,#925,#934,.T.);
#932 = VERTEX_POINT('',#933);
#933 = CARTESIAN_POINT('',(-0.61,0.6,0.1350005879));
#934 = B_SPLINE_CURVE_WITH_KNOTS('',1,(#935,#936),.UNSPECIFIED.,.F.,.F.,
  (2,2),(-0.61,-0.39),.PIECEWISE_BEZIER_KNOTS.);
#935 = CARTESIAN_POINT('',(-0.61,0.6,0.1350005879));
#936 = CARTESIAN_POINT('',(-0.39,0.6,0.1350005879));
#937 = ORIENTED_EDGE('',*,*,#938,.T.);
#938 = EDGE_CURVE('',#932,#444,#939,.T.);
#939 = B_SPLINE_CURVE_WITH_KNOTS('',1,(#940,#941),.UNSPECIFIED.,.F.,.F.,
  (2,2),(0.,8.5E-02),.PIECEWISE_BEZIER_KNOTS.);
#940 = CARTESIAN_POINT('',(-0.61,0.6,0.1350005879));
#941 = CARTESIAN_POINT('',(-0.61,0.6,5.000058790021E-02));
#942 = ORIENTED_EDGE('',*,*,#443,.T.);
#943 = B_SPLINE_SURFACE_WITH_KNOTS('',1,1,(
    (#944,#945)
    ,(#946,#947
    )),.UNSPECIFIED.,.F.,.F.,.F.,(2,2),(2,2),(0.4,0.5125),(0.,1.6),
  .PIECEWISE_BEZIER_KNOTS.);
#944 = CARTESIAN_POINT('',(-0.8,0.6,0.1625005879));
#945 = CARTESIAN_POINT('',(0.8,0.6,0.1625005879));
#946 = CARTESIAN_POINT('',(-0.8,0.6,5.000058790021E-02));
#947 = CARTESIAN_POINT('',(0.8,0.6,5.000058790021E-02));
#948 = ADVANCED_FACE('',(#949),#979,.F.);
#949 = FACE_BOUND('',#950,.T.);
#950 = EDGE_LOOP('',(#951,#952,#953,#960,#967,#974));
#951 = ORIENTED_EDGE('',*,*,#924,.F.);
#952 = ORIENTED_EDGE('',*,*,#464,.F.);
#953 = ORIENTED_EDGE('',*,*,#954,.T.);
#954 = EDGE_CURVE('',#458,#955,#957,.T.);
#955 = VERTEX_POINT('',#956);
#956 = CARTESIAN_POINT('',(-0.39,0.5,5.87900207998E-07));
#957 = B_SPLINE_CURVE_WITH_KNOTS('',1,(#958,#959),.UNSPECIFIED.,.F.,.F.,
  (2,2),(8.5E-02,0.135),.PIECEWISE_BEZIER_KNOTS.);
#958 = CARTESIAN_POINT('',(-0.39,0.5,5.000058790021E-02));
#959 = CARTESIAN_POINT('',(-0.39,0.5,5.87900207998E-07));
#960 = ORIENTED_EDGE('',*,*,#961,.T.);
#961 = EDGE_CURVE('',#955,#962,#964,.T.);
#962 = VERTEX_POINT('',#963);
#963 = CARTESIAN_POINT('',(-0.39,0.8,5.87900207998E-07));
#964 = B_SPLINE_CURVE_WITH_KNOTS('',1,(#965,#966),.UNSPECIFIED.,.F.,.F.,
  (2,2),(-0.3,0.),.PIECEWISE_BEZIER_KNOTS.);
#965 = CARTESIAN_POINT('',(-0.39,0.5,5.87900207998E-07));
#966 = CARTESIAN_POINT('',(-0.39,0.8,5.87900207998E-07));
#967 = ORIENTED_EDGE('',*,*,#968,.F.);
#968 = EDGE_CURVE('',#969,#962,#971,.T.);
#969 = VERTEX_POINT('',#970);
#970 = CARTESIAN_POINT('',(-0.39,0.8,0.1350005879));
#971 = B_SPLINE_CURVE_WITH_KNOTS('',1,(#972,#973),.UNSPECIFIED.,.F.,.F.,
  (2,2),(-0.,0.135),.PIECEWISE_BEZIER_KNOTS.);
#972 = CARTESIAN_POINT('',(-0.39,0.8,0.1350005879));
#973 = CARTESIAN_POINT('',(-0.39,0.8,5.87900207998E-07));
#974 = ORIENTED_EDGE('',*,*,#975,.F.);
#975 = EDGE_CURVE('',#925,#969,#976,.T.);
#976 = B_SPLINE_CURVE_WITH_KNOTS('',1,(#977,#978),.UNSPECIFIED.,.F.,.F.,
  (2,2),(-0.2,0.),.PIECEWISE_BEZIER_KNOTS.);
#977 = CARTESIAN_POINT('',(-0.39,0.6,0.1350005879));
#978 = CARTESIAN_POINT('',(-0.39,0.8,0.1350005879));
#979 = B_SPLINE_SURFACE_WITH_KNOTS('',1,1,(
    (#980,#981)
    ,(#982,#983
    )),.UNSPECIFIED.,.F.,.F.,.F.,(2,2),(2,2),(-0.135,0.),(-0.3,0.),
  .PIECEWISE_BEZIER_KNOTS.);
#980 = CARTESIAN_POINT('',(-0.39,0.5,5.87900207998E-07));
#981 = CARTESIAN_POINT('',(-0.39,0.8,5.87900207998E-07));
#982 = CARTESIAN_POINT('',(-0.39,0.5,0.1350005879));
#983 = CARTESIAN_POINT('',(-0.39,0.8,0.1350005879));
#984 = ADVANCED_FACE('',(#985),#1015,.F.);
#985 = FACE_BOUND('',#986,.T.);
#986 = EDGE_LOOP('',(#987,#988,#995,#1002,#1009,#1014));
#987 = ORIENTED_EDGE('',*,*,#938,.F.);
#988 = ORIENTED_EDGE('',*,*,#989,.F.);
#989 = EDGE_CURVE('',#990,#932,#992,.T.);
#990 = VERTEX_POINT('',#991);
#991 = CARTESIAN_POINT('',(-0.61,0.8,0.1350005879));
#992 = B_SPLINE_CURVE_WITH_KNOTS('',1,(#993,#994),.UNSPECIFIED.,.F.,.F.,
  (2,2),(0.,0.2),.PIECEWISE_BEZIER_KNOTS.);
#993 = CARTESIAN_POINT('',(-0.61,0.8,0.1350005879));
#994 = CARTESIAN_POINT('',(-0.61,0.6,0.1350005879));
#995 = ORIENTED_EDGE('',*,*,#996,.T.);
#996 = EDGE_CURVE('',#990,#997,#999,.T.);
#997 = VERTEX_POINT('',#998);
#998 = CARTESIAN_POINT('',(-0.61,0.8,5.87900207998E-07));
#999 = B_SPLINE_CURVE_WITH_KNOTS('',1,(#1000,#1001),.UNSPECIFIED.,.F.,
  .F.,(2,2),(-0.,0.135),.PIECEWISE_BEZIER_KNOTS.);
#1000 = CARTESIAN_POINT('',(-0.61,0.8,0.1350005879));
#1001 = CARTESIAN_POINT('',(-0.61,0.8,5.87900207998E-07));
#1002 = ORIENTED_EDGE('',*,*,#1003,.T.);
#1003 = EDGE_CURVE('',#997,#1004,#1006,.T.);
#1004 = VERTEX_POINT('',#1005);
#1005 = CARTESIAN_POINT('',(-0.61,0.5,5.87900207998E-07));
#1006 = B_SPLINE_CURVE_WITH_KNOTS('',1,(#1007,#1008),.UNSPECIFIED.,.F.,
  .F.,(2,2),(0.,0.3),.PIECEWISE_BEZIER_KNOTS.);
#1007 = CARTESIAN_POINT('',(-0.61,0.8,5.87900207998E-07));
#1008 = CARTESIAN_POINT('',(-0.61,0.5,5.87900207998E-07));
#1009 = ORIENTED_EDGE('',*,*,#1010,.F.);
#1010 = EDGE_CURVE('',#451,#1004,#1011,.T.);
#1011 = B_SPLINE_CURVE_WITH_KNOTS('',1,(#1012,#1013),.UNSPECIFIED.,.F.,
  .F.,(2,2),(8.5E-02,0.135),.PIECEWISE_BEZIER_KNOTS.);
#1012 = CARTESIAN_POINT('',(-0.61,0.5,5.000058790021E-02));
#1013 = CARTESIAN_POINT('',(-0.61,0.5,5.87900207998E-07));
#1014 = ORIENTED_EDGE('',*,*,#450,.F.);
#1015 = B_SPLINE_SURFACE_WITH_KNOTS('',1,1,(
    (#1016,#1017)
    ,(#1018,#1019
    )),.UNSPECIFIED.,.F.,.F.,.F.,(2,2),(2,2),(0.,0.135),(-0.3,0.),
  .PIECEWISE_BEZIER_KNOTS.);
#1016 = CARTESIAN_POINT('',(-0.61,0.5,0.1350005879));
#1017 = CARTESIAN_POINT('',(-0.61,0.8,0.1350005879));
#1018 = CARTESIAN_POINT('',(-0.61,0.5,5.87900207998E-07));
#1019 = CARTESIAN_POINT('',(-0.61,0.8,5.87900207998E-07));
#1020 = ADVANCED_FACE('',(#1021),#1031,.F.);
#1021 = FACE_BOUND('',#1022,.T.);
#1022 = EDGE_LOOP('',(#1023,#1024,#1025,#1030));
#1023 = ORIENTED_EDGE('',*,*,#457,.F.);
#1024 = ORIENTED_EDGE('',*,*,#1010,.T.);
#1025 = ORIENTED_EDGE('',*,*,#1026,.T.);
#1026 = EDGE_CURVE('',#1004,#955,#1027,.T.);
#1027 = B_SPLINE_CURVE_WITH_KNOTS('',1,(#1028,#1029),.UNSPECIFIED.,.F.,
  .F.,(2,2),(0.,0.22),.PIECEWISE_BEZIER_KNOTS.);
#1028 = CARTESIAN_POINT('',(-0.61,0.5,5.87900207998E-07));
#1029 = CARTESIAN_POINT('',(-0.39,0.5,5.87900207998E-07));
#1030 = ORIENTED_EDGE('',*,*,#954,.F.);
#1031 = B_SPLINE_SURFACE_WITH_KNOTS('',1,1,(
    (#1032,#1033)
    ,(#1034,#1035
    )),.UNSPECIFIED.,.F.,.F.,.F.,(2,2),(2,2),(-0.135,-8.5E-02),(0.,0.22)
  ,.PIECEWISE_BEZIER_KNOTS.);
#1032 = CARTESIAN_POINT('',(-0.61,0.5,5.87900207998E-07));
#1033 = CARTESIAN_POINT('',(-0.39,0.5,5.87900207998E-07));
#1034 = CARTESIAN_POINT('',(-0.61,0.5,5.000058790021E-02));
#1035 = CARTESIAN_POINT('',(-0.39,0.5,5.000058790021E-02));
#1036 = ADVANCED_FACE('',(#1037),#1047,.T.);
#1037 = FACE_BOUND('',#1038,.T.);
#1038 = EDGE_LOOP('',(#1039,#1040,#1041,#1042));
#1039 = ORIENTED_EDGE('',*,*,#989,.T.);
#1040 = ORIENTED_EDGE('',*,*,#931,.T.);
#1041 = ORIENTED_EDGE('',*,*,#975,.T.);
#1042 = ORIENTED_EDGE('',*,*,#1043,.T.);
#1043 = EDGE_CURVE('',#969,#990,#1044,.T.);
#1044 = B_SPLINE_CURVE_WITH_KNOTS('',1,(#1045,#1046),.UNSPECIFIED.,.F.,
  .F.,(2,2),(-0.22,-0.),.PIECEWISE_BEZIER_KNOTS.);
#1045 = CARTESIAN_POINT('',(-0.39,0.8,0.1350005879));
#1046 = CARTESIAN_POINT('',(-0.61,0.8,0.1350005879));
#1047 = B_SPLINE_SURFACE_WITH_KNOTS('',1,1,(
    (#1048,#1049)
    ,(#1050,#1051
  )),.UNSPECIFIED.,.F.,.F.,.F.,(2,2),(2,2),(-0.61,-0.39),(0.6,0.8),
  .PIECEWISE_BEZIER_KNOTS.);
#1048 = CARTESIAN_POINT('',(-0.61,0.6,0.1350005879));
#1049 = CARTESIAN_POINT('',(-0.61,0.8,0.1350005879));
#1050 = CARTESIAN_POINT('',(-0.39,0.6,0.1350005879));
#1051 = CARTESIAN_POINT('',(-0.39,0.8,0.1350005879));
#1052 = ADVANCED_FACE('',(#1053),#1063,.F.);
#1053 = FACE_BOUND('',#1054,.T.);
#1054 = EDGE_LOOP('',(#1055,#1060,#1061,#1062));
#1055 = ORIENTED_EDGE('',*,*,#1056,.T.);
#1056 = EDGE_CURVE('',#962,#997,#1057,.T.);
#1057 = B_SPLINE_CURVE_WITH_KNOTS('',1,(#1058,#1059),.UNSPECIFIED.,.F.,
  .F.,(2,2),(-0.22,-0.),.PIECEWISE_BEZIER_KNOTS.);
#1058 = CARTESIAN_POINT('',(-0.39,0.8,5.87900207998E-07));
#1059 = CARTESIAN_POINT('',(-0.61,0.8,5.87900207998E-07));
#1060 = ORIENTED_EDGE('',*,*,#996,.F.);
#1061 = ORIENTED_EDGE('',*,*,#1043,.F.);
#1062 = ORIENTED_EDGE('',*,*,#968,.T.);
#1063 = B_SPLINE_SURFACE_WITH_KNOTS('',1,1,(
    (#1064,#1065)
    ,(#1066,#1067
    )),.UNSPECIFIED.,.F.,.F.,.F.,(2,2),(2,2),(0.,0.135),(0.,0.22),
  .PIECEWISE_BEZIER_KNOTS.);
#1064 = CARTESIAN_POINT('',(-0.61,0.8,0.1350005879));
#1065 = CARTESIAN_POINT('',(-0.39,0.8,0.1350005879));
#1066 = CARTESIAN_POINT('',(-0.61,0.8,5.87900207998E-07));
#1067 = CARTESIAN_POINT('',(-0.39,0.8,5.87900207998E-07));
#1068 = ADVANCED_FACE('',(#1069),#1075,.F.);
#1069 = FACE_BOUND('',#1070,.T.);
#1070 = EDGE_LOOP('',(#1071,#1072,#1073,#1074));
#1071 = ORIENTED_EDGE('',*,*,#961,.F.);
#1072 = ORIENTED_EDGE('',*,*,#1026,.F.);
#1073 = ORIENTED_EDGE('',*,*,#1003,.F.);
#1074 = ORIENTED_EDGE('',*,*,#1056,.F.);
#1075 = B_SPLINE_SURFACE_WITH_KNOTS('',1,1,(
    (#1076,#1077)
    ,(#1078,#1079
  )),.UNSPECIFIED.,.F.,.F.,.F.,(2,2),(2,2),(-0.61,-0.39),(0.5,0.8),
  .PIECEWISE_BEZIER_KNOTS.);
#1076 = CARTESIAN_POINT('',(-0.61,0.5,5.87900207998E-07));
#1077 = CARTESIAN_POINT('',(-0.61,0.8,5.87900207998E-07));
#1078 = CARTESIAN_POINT('',(-0.39,0.5,5.87900207998E-07));
#1079 = CARTESIAN_POINT('',(-0.39,0.8,5.87900207998E-07));
#1080 = ADVANCED_FACE('',(#1081),#1091,.F.);
#1081 = FACE_BOUND('',#1082,.T.);
#1082 = EDGE_LOOP('',(#1083,#1084,#1089,#1090));
#1083 = ORIENTED_EDGE('',*,*,#878,.F.);
#1084 = ORIENTED_EDGE('',*,*,#1085,.T.);
#1085 = EDGE_CURVE('',#872,#789,#1086,.T.);
#1086 = B_SPLINE_CURVE_WITH_KNOTS('',1,(#1087,#1088),.UNSPECIFIED.,.F.,
  .F.,(2,2),(-1.2,0.),.PIECEWISE_BEZIER_KNOTS.);
#1087 = CARTESIAN_POINT('',(0.8,0.6,0.1625005879));
#1088 = CARTESIAN_POINT('',(0.8,-0.6,0.1625005879));
#1089 = ORIENTED_EDGE('',*,*,#788,.T.);
#1090 = ORIENTED_EDGE('',*,*,#534,.T.);
#1091 = B_SPLINE_SURFACE_WITH_KNOTS('',1,1,(
    (#1092,#1093)
    ,(#1094,#1095
  )),.UNSPECIFIED.,.F.,.F.,.F.,(2,2),(2,2),(-0.5125,-0.4),(-1.2,0.),
  .PIECEWISE_BEZIER_KNOTS.);
#1092 = CARTESIAN_POINT('',(0.8,-0.6,5.000058790021E-02));
#1093 = CARTESIAN_POINT('',(0.8,0.6,5.000058790021E-02));
#1094 = CARTESIAN_POINT('',(0.8,-0.6,0.1625005879));
#1095 = CARTESIAN_POINT('',(0.8,0.6,0.1625005879));
#1096 = ADVANCED_FACE('',(#1097),#1119,.F.);
#1097 = FACE_BOUND('',#1098,.T.);
#1098 = EDGE_LOOP('',(#1099,#1106,#1107,#1114));
#1099 = ORIENTED_EDGE('',*,*,#1100,.F.);
#1100 = EDGE_CURVE('',#556,#1101,#1103,.T.);
#1101 = VERTEX_POINT('',#1102);
#1102 = CARTESIAN_POINT('',(0.39,-0.5,5.87900207998E-07));
#1103 = B_SPLINE_CURVE_WITH_KNOTS('',1,(#1104,#1105),.UNSPECIFIED.,.F.,
  .F.,(2,2),(8.5E-02,0.135),.PIECEWISE_BEZIER_KNOTS.);
#1104 = CARTESIAN_POINT('',(0.39,-0.5,5.000058790021E-02));
#1105 = CARTESIAN_POINT('',(0.39,-0.5,5.87900207998E-07));
#1106 = ORIENTED_EDGE('',*,*,#555,.T.);
#1107 = ORIENTED_EDGE('',*,*,#1108,.T.);
#1108 = EDGE_CURVE('',#549,#1109,#1111,.T.);
#1109 = VERTEX_POINT('',#1110);
#1110 = CARTESIAN_POINT('',(0.61,-0.5,5.87900207998E-07));
#1111 = B_SPLINE_CURVE_WITH_KNOTS('',1,(#1112,#1113),.UNSPECIFIED.,.F.,
  .F.,(2,2),(8.5E-02,0.135),.PIECEWISE_BEZIER_KNOTS.);
#1112 = CARTESIAN_POINT('',(0.61,-0.5,5.000058790021E-02));
#1113 = CARTESIAN_POINT('',(0.61,-0.5,5.87900207998E-07));
#1114 = ORIENTED_EDGE('',*,*,#1115,.T.);
#1115 = EDGE_CURVE('',#1109,#1101,#1116,.T.);
#1116 = B_SPLINE_CURVE_WITH_KNOTS('',1,(#1117,#1118),.UNSPECIFIED.,.F.,
  .F.,(2,2),(-0.22,-0.),.PIECEWISE_BEZIER_KNOTS.);
#1117 = CARTESIAN_POINT('',(0.61,-0.5,5.87900207998E-07));
#1118 = CARTESIAN_POINT('',(0.39,-0.5,5.87900207998E-07));
#1119 = B_SPLINE_SURFACE_WITH_KNOTS('',1,1,(
    (#1120,#1121)
    ,(#1122,#1123
    )),.UNSPECIFIED.,.F.,.F.,.F.,(2,2),(2,2),(8.5E-02,0.135),(0.,0.22),
  .PIECEWISE_BEZIER_KNOTS.);
#1120 = CARTESIAN_POINT('',(0.39,-0.5,5.000058790021E-02));
#1121 = CARTESIAN_POINT('',(0.61,-0.5,5.000058790021E-02));
#1122 = CARTESIAN_POINT('',(0.39,-0.5,5.87900207998E-07));
#1123 = CARTESIAN_POINT('',(0.61,-0.5,5.87900207998E-07));
#1124 = ADVANCED_FACE('',(#1125),#1149,.F.);
#1125 = FACE_BOUND('',#1126,.T.);
#1126 = EDGE_LOOP('',(#1127,#1128,#1129,#1130,#1137,#1144));
#1127 = ORIENTED_EDGE('',*,*,#842,.T.);
#1128 = ORIENTED_EDGE('',*,*,#562,.T.);
#1129 = ORIENTED_EDGE('',*,*,#1100,.T.);
#1130 = ORIENTED_EDGE('',*,*,#1131,.T.);
#1131 = EDGE_CURVE('',#1101,#1132,#1134,.T.);
#1132 = VERTEX_POINT('',#1133);
#1133 = CARTESIAN_POINT('',(0.39,-0.8,5.87900207998E-07));
#1134 = B_SPLINE_CURVE_WITH_KNOTS('',1,(#1135,#1136),.UNSPECIFIED.,.F.,
  .F.,(2,2),(-0.3,-0.),.PIECEWISE_BEZIER_KNOTS.);
#1135 = CARTESIAN_POINT('',(0.39,-0.5,5.87900207998E-07));
#1136 = CARTESIAN_POINT('',(0.39,-0.8,5.87900207998E-07));
#1137 = ORIENTED_EDGE('',*,*,#1138,.F.);
#1138 = EDGE_CURVE('',#1139,#1132,#1141,.T.);
#1139 = VERTEX_POINT('',#1140);
#1140 = CARTESIAN_POINT('',(0.39,-0.8,0.1350005879));
#1141 = B_SPLINE_CURVE_WITH_KNOTS('',1,(#1142,#1143),.UNSPECIFIED.,.F.,
  .F.,(2,2),(-0.,0.135),.PIECEWISE_BEZIER_KNOTS.);
#1142 = CARTESIAN_POINT('',(0.39,-0.8,0.1350005879));
#1143 = CARTESIAN_POINT('',(0.39,-0.8,5.87900207998E-07));
#1144 = ORIENTED_EDGE('',*,*,#1145,.F.);
#1145 = EDGE_CURVE('',#843,#1139,#1146,.T.);
#1146 = B_SPLINE_CURVE_WITH_KNOTS('',1,(#1147,#1148),.UNSPECIFIED.,.F.,
  .F.,(2,2),(-0.2,-0.),.PIECEWISE_BEZIER_KNOTS.);
#1147 = CARTESIAN_POINT('',(0.39,-0.6,0.1350005879));
#1148 = CARTESIAN_POINT('',(0.39,-0.8,0.1350005879));
#1149 = B_SPLINE_SURFACE_WITH_KNOTS('',1,1,(
    (#1150,#1151)
    ,(#1152,#1153
    )),.UNSPECIFIED.,.F.,.F.,.F.,(2,2),(2,2),(0.,0.135),(0.,0.3),
  .PIECEWISE_BEZIER_KNOTS.);
#1150 = CARTESIAN_POINT('',(0.39,-0.8,0.1350005879));
#1151 = CARTESIAN_POINT('',(0.39,-0.5,0.1350005879));
#1152 = CARTESIAN_POINT('',(0.39,-0.8,5.87900207998E-07));
#1153 = CARTESIAN_POINT('',(0.39,-0.5,5.87900207998E-07));
#1154 = ADVANCED_FACE('',(#1155),#1179,.F.);
#1155 = FACE_BOUND('',#1156,.T.);
#1156 = EDGE_LOOP('',(#1157,#1158,#1159,#1160,#1167,#1174));
#1157 = ORIENTED_EDGE('',*,*,#1108,.F.);
#1158 = ORIENTED_EDGE('',*,*,#548,.T.);
#1159 = ORIENTED_EDGE('',*,*,#856,.T.);
#1160 = ORIENTED_EDGE('',*,*,#1161,.F.);
#1161 = EDGE_CURVE('',#1162,#850,#1164,.T.);
#1162 = VERTEX_POINT('',#1163);
#1163 = CARTESIAN_POINT('',(0.61,-0.8,0.1350005879));
#1164 = B_SPLINE_CURVE_WITH_KNOTS('',1,(#1165,#1166),.UNSPECIFIED.,.F.,
  .F.,(2,2),(0.,0.2),.PIECEWISE_BEZIER_KNOTS.);
#1165 = CARTESIAN_POINT('',(0.61,-0.8,0.1350005879));
#1166 = CARTESIAN_POINT('',(0.61,-0.6,0.1350005879));
#1167 = ORIENTED_EDGE('',*,*,#1168,.T.);
#1168 = EDGE_CURVE('',#1162,#1169,#1171,.T.);
#1169 = VERTEX_POINT('',#1170);
#1170 = CARTESIAN_POINT('',(0.61,-0.8,5.87900207998E-07));
#1171 = B_SPLINE_CURVE_WITH_KNOTS('',1,(#1172,#1173),.UNSPECIFIED.,.F.,
  .F.,(2,2),(-0.,0.135),.PIECEWISE_BEZIER_KNOTS.);
#1172 = CARTESIAN_POINT('',(0.61,-0.8,0.1350005879));
#1173 = CARTESIAN_POINT('',(0.61,-0.8,5.87900207998E-07));
#1174 = ORIENTED_EDGE('',*,*,#1175,.T.);
#1175 = EDGE_CURVE('',#1169,#1109,#1176,.T.);
#1176 = B_SPLINE_CURVE_WITH_KNOTS('',1,(#1177,#1178),.UNSPECIFIED.,.F.,
  .F.,(2,2),(0.,0.3),.PIECEWISE_BEZIER_KNOTS.);
#1177 = CARTESIAN_POINT('',(0.61,-0.8,5.87900207998E-07));
#1178 = CARTESIAN_POINT('',(0.61,-0.5,5.87900207998E-07));
#1179 = B_SPLINE_SURFACE_WITH_KNOTS('',1,1,(
    (#1180,#1181)
    ,(#1182,#1183
    )),.UNSPECIFIED.,.F.,.F.,.F.,(2,2),(2,2),(-0.135,0.),(0.,0.3),
  .PIECEWISE_BEZIER_KNOTS.);
#1180 = CARTESIAN_POINT('',(0.61,-0.8,5.87900207998E-07));
#1181 = CARTESIAN_POINT('',(0.61,-0.5,5.87900207998E-07));
#1182 = CARTESIAN_POINT('',(0.61,-0.8,0.1350005879));
#1183 = CARTESIAN_POINT('',(0.61,-0.5,0.1350005879));
#1184 = ADVANCED_FACE('',(#1185),#1195,.F.);
#1185 = FACE_BOUND('',#1186,.T.);
#1186 = EDGE_LOOP('',(#1187,#1188,#1189,#1190));
#1187 = ORIENTED_EDGE('',*,*,#1161,.T.);
#1188 = ORIENTED_EDGE('',*,*,#849,.T.);
#1189 = ORIENTED_EDGE('',*,*,#1145,.T.);
#1190 = ORIENTED_EDGE('',*,*,#1191,.T.);
#1191 = EDGE_CURVE('',#1139,#1162,#1192,.T.);
#1192 = B_SPLINE_CURVE_WITH_KNOTS('',1,(#1193,#1194),.UNSPECIFIED.,.F.,
  .F.,(2,2),(0.,0.22),.PIECEWISE_BEZIER_KNOTS.);
#1193 = CARTESIAN_POINT('',(0.39,-0.8,0.1350005879));
#1194 = CARTESIAN_POINT('',(0.61,-0.8,0.1350005879));
#1195 = B_SPLINE_SURFACE_WITH_KNOTS('',1,1,(
    (#1196,#1197)
    ,(#1198,#1199
  )),.UNSPECIFIED.,.F.,.F.,.F.,(2,2),(2,2),(-0.61,-0.39),(-0.8,-0.6),
  .PIECEWISE_BEZIER_KNOTS.);
#1196 = CARTESIAN_POINT('',(0.61,-0.8,0.1350005879));
#1197 = CARTESIAN_POINT('',(0.61,-0.6,0.1350005879));
#1198 = CARTESIAN_POINT('',(0.39,-0.8,0.1350005879));
#1199 = CARTESIAN_POINT('',(0.39,-0.6,0.1350005879));
#1200 = ADVANCED_FACE('',(#1201),#1211,.F.);
#1201 = FACE_BOUND('',#1202,.T.);
#1202 = EDGE_LOOP('',(#1203,#1208,#1209,#1210));
#1203 = ORIENTED_EDGE('',*,*,#1204,.T.);
#1204 = EDGE_CURVE('',#1132,#1169,#1205,.T.);
#1205 = B_SPLINE_CURVE_WITH_KNOTS('',1,(#1206,#1207),.UNSPECIFIED.,.F.,
  .F.,(2,2),(0.,0.22),.PIECEWISE_BEZIER_KNOTS.);
#1206 = CARTESIAN_POINT('',(0.39,-0.8,5.87900207998E-07));
#1207 = CARTESIAN_POINT('',(0.61,-0.8,5.87900207998E-07));
#1208 = ORIENTED_EDGE('',*,*,#1168,.F.);
#1209 = ORIENTED_EDGE('',*,*,#1191,.F.);
#1210 = ORIENTED_EDGE('',*,*,#1138,.T.);
#1211 = B_SPLINE_SURFACE_WITH_KNOTS('',1,1,(
    (#1212,#1213)
    ,(#1214,#1215
    )),.UNSPECIFIED.,.F.,.F.,.F.,(2,2),(2,2),(-0.135,0.),(0.,0.22),
  .PIECEWISE_BEZIER_KNOTS.);
#1212 = CARTESIAN_POINT('',(0.39,-0.8,5.87900207998E-07));
#1213 = CARTESIAN_POINT('',(0.61,-0.8,5.87900207998E-07));
#1214 = CARTESIAN_POINT('',(0.39,-0.8,0.1350005879));
#1215 = CARTESIAN_POINT('',(0.61,-0.8,0.1350005879));
#1216 = ADVANCED_FACE('',(#1217),#1223,.T.);
#1217 = FACE_BOUND('',#1218,.T.);
#1218 = EDGE_LOOP('',(#1219,#1220,#1221,#1222));
#1219 = ORIENTED_EDGE('',*,*,#1131,.F.);
#1220 = ORIENTED_EDGE('',*,*,#1115,.F.);
#1221 = ORIENTED_EDGE('',*,*,#1175,.F.);
#1222 = ORIENTED_EDGE('',*,*,#1204,.F.);
#1223 = B_SPLINE_SURFACE_WITH_KNOTS('',1,1,(
    (#1224,#1225)
    ,(#1226,#1227
  )),.UNSPECIFIED.,.F.,.F.,.F.,(2,2),(2,2),(-0.61,-0.39),(-0.8,-0.5),
  .PIECEWISE_BEZIER_KNOTS.);
#1224 = CARTESIAN_POINT('',(0.61,-0.8,5.87900207998E-07));
#1225 = CARTESIAN_POINT('',(0.61,-0.5,5.87900207998E-07));
#1226 = CARTESIAN_POINT('',(0.39,-0.8,5.87900207998E-07));
#1227 = CARTESIAN_POINT('',(0.39,-0.5,5.87900207998E-07));
#1228 = ADVANCED_FACE('',(#1229),#1251,.F.);
#1229 = FACE_BOUND('',#1230,.T.);
#1230 = EDGE_LOOP('',(#1231,#1238,#1239,#1246));
#1231 = ORIENTED_EDGE('',*,*,#1232,.F.);
#1232 = EDGE_CURVE('',#486,#1233,#1235,.T.);
#1233 = VERTEX_POINT('',#1234);
#1234 = CARTESIAN_POINT('',(0.11,0.5,5.87900207998E-07));
#1235 = B_SPLINE_CURVE_WITH_KNOTS('',1,(#1236,#1237),.UNSPECIFIED.,.F.,
  .F.,(2,2),(8.5E-02,0.135),.PIECEWISE_BEZIER_KNOTS.);
#1236 = CARTESIAN_POINT('',(0.11,0.5,5.000058790021E-02));
#1237 = CARTESIAN_POINT('',(0.11,0.5,5.87900207998E-07));
#1238 = ORIENTED_EDGE('',*,*,#485,.T.);
#1239 = ORIENTED_EDGE('',*,*,#1240,.T.);
#1240 = EDGE_CURVE('',#479,#1241,#1243,.T.);
#1241 = VERTEX_POINT('',#1242);
#1242 = CARTESIAN_POINT('',(-0.11,0.5,5.87900207998E-07));
#1243 = B_SPLINE_CURVE_WITH_KNOTS('',1,(#1244,#1245),.UNSPECIFIED.,.F.,
  .F.,(2,2),(8.5E-02,0.135),.PIECEWISE_BEZIER_KNOTS.);
#1244 = CARTESIAN_POINT('',(-0.11,0.5,5.000058790021E-02));
#1245 = CARTESIAN_POINT('',(-0.11,0.5,5.87900207998E-07));
#1246 = ORIENTED_EDGE('',*,*,#1247,.T.);
#1247 = EDGE_CURVE('',#1241,#1233,#1248,.T.);
#1248 = B_SPLINE_CURVE_WITH_KNOTS('',1,(#1249,#1250),.UNSPECIFIED.,.F.,
  .F.,(2,2),(0.,0.22),.PIECEWISE_BEZIER_KNOTS.);
#1249 = CARTESIAN_POINT('',(-0.11,0.5,5.87900207998E-07));
#1250 = CARTESIAN_POINT('',(0.11,0.5,5.87900207998E-07));
#1251 = B_SPLINE_SURFACE_WITH_KNOTS('',1,1,(
    (#1252,#1253)
    ,(#1254,#1255
    )),.UNSPECIFIED.,.F.,.F.,.F.,(2,2),(2,2),(-0.135,-8.5E-02),(0.,0.22)
  ,.PIECEWISE_BEZIER_KNOTS.);
#1252 = CARTESIAN_POINT('',(-0.11,0.5,5.87900207998E-07));
#1253 = CARTESIAN_POINT('',(0.11,0.5,5.87900207998E-07));
#1254 = CARTESIAN_POINT('',(-0.11,0.5,5.000058790021E-02));
#1255 = CARTESIAN_POINT('',(0.11,0.5,5.000058790021E-02));
#1256 = ADVANCED_FACE('',(#1257),#1281,.F.);
#1257 = FACE_BOUND('',#1258,.T.);
#1258 = EDGE_LOOP('',(#1259,#1260,#1261,#1262,#1269,#1276));
#1259 = ORIENTED_EDGE('',*,*,#904,.T.);
#1260 = ORIENTED_EDGE('',*,*,#492,.T.);
#1261 = ORIENTED_EDGE('',*,*,#1232,.T.);
#1262 = ORIENTED_EDGE('',*,*,#1263,.T.);
#1263 = EDGE_CURVE('',#1233,#1264,#1266,.T.);
#1264 = VERTEX_POINT('',#1265);
#1265 = CARTESIAN_POINT('',(0.11,0.8,5.87900207998E-07));
#1266 = B_SPLINE_CURVE_WITH_KNOTS('',1,(#1267,#1268),.UNSPECIFIED.,.F.,
  .F.,(2,2),(-0.3,0.),.PIECEWISE_BEZIER_KNOTS.);
#1267 = CARTESIAN_POINT('',(0.11,0.5,5.87900207998E-07));
#1268 = CARTESIAN_POINT('',(0.11,0.8,5.87900207998E-07));
#1269 = ORIENTED_EDGE('',*,*,#1270,.F.);
#1270 = EDGE_CURVE('',#1271,#1264,#1273,.T.);
#1271 = VERTEX_POINT('',#1272);
#1272 = CARTESIAN_POINT('',(0.11,0.8,0.1350005879));
#1273 = B_SPLINE_CURVE_WITH_KNOTS('',1,(#1274,#1275),.UNSPECIFIED.,.F.,
  .F.,(2,2),(-0.,0.135),.PIECEWISE_BEZIER_KNOTS.);
#1274 = CARTESIAN_POINT('',(0.11,0.8,0.1350005879));
#1275 = CARTESIAN_POINT('',(0.11,0.8,5.87900207998E-07));
#1276 = ORIENTED_EDGE('',*,*,#1277,.F.);
#1277 = EDGE_CURVE('',#905,#1271,#1278,.T.);
#1278 = B_SPLINE_CURVE_WITH_KNOTS('',1,(#1279,#1280),.UNSPECIFIED.,.F.,
  .F.,(2,2),(-0.2,0.),.PIECEWISE_BEZIER_KNOTS.);
#1279 = CARTESIAN_POINT('',(0.11,0.6,0.1350005879));
#1280 = CARTESIAN_POINT('',(0.11,0.8,0.1350005879));
#1281 = B_SPLINE_SURFACE_WITH_KNOTS('',1,1,(
    (#1282,#1283)
    ,(#1284,#1285
    )),.UNSPECIFIED.,.F.,.F.,.F.,(2,2),(2,2),(-0.135,0.),(-0.3,0.),
  .PIECEWISE_BEZIER_KNOTS.);
#1282 = CARTESIAN_POINT('',(0.11,0.5,5.87900207998E-07));
#1283 = CARTESIAN_POINT('',(0.11,0.8,5.87900207998E-07));
#1284 = CARTESIAN_POINT('',(0.11,0.5,0.1350005879));
#1285 = CARTESIAN_POINT('',(0.11,0.8,0.1350005879));
#1286 = ADVANCED_FACE('',(#1287),#1311,.F.);
#1287 = FACE_BOUND('',#1288,.T.);
#1288 = EDGE_LOOP('',(#1289,#1290,#1291,#1292,#1299,#1306));
#1289 = ORIENTED_EDGE('',*,*,#1240,.F.);
#1290 = ORIENTED_EDGE('',*,*,#478,.T.);
#1291 = ORIENTED_EDGE('',*,*,#918,.T.);
#1292 = ORIENTED_EDGE('',*,*,#1293,.F.);
#1293 = EDGE_CURVE('',#1294,#912,#1296,.T.);
#1294 = VERTEX_POINT('',#1295);
#1295 = CARTESIAN_POINT('',(-0.11,0.8,0.1350005879));
#1296 = B_SPLINE_CURVE_WITH_KNOTS('',1,(#1297,#1298),.UNSPECIFIED.,.F.,
  .F.,(2,2),(0.,0.2),.PIECEWISE_BEZIER_KNOTS.);
#1297 = CARTESIAN_POINT('',(-0.11,0.8,0.1350005879));
#1298 = CARTESIAN_POINT('',(-0.11,0.6,0.1350005879));
#1299 = ORIENTED_EDGE('',*,*,#1300,.T.);
#1300 = EDGE_CURVE('',#1294,#1301,#1303,.T.);
#1301 = VERTEX_POINT('',#1302);
#1302 = CARTESIAN_POINT('',(-0.11,0.8,5.87900207998E-07));
#1303 = B_SPLINE_CURVE_WITH_KNOTS('',1,(#1304,#1305),.UNSPECIFIED.,.F.,
  .F.,(2,2),(-0.,0.135),.PIECEWISE_BEZIER_KNOTS.);
#1304 = CARTESIAN_POINT('',(-0.11,0.8,0.1350005879));
#1305 = CARTESIAN_POINT('',(-0.11,0.8,5.87900207998E-07));
#1306 = ORIENTED_EDGE('',*,*,#1307,.T.);
#1307 = EDGE_CURVE('',#1301,#1241,#1308,.T.);
#1308 = B_SPLINE_CURVE_WITH_KNOTS('',1,(#1309,#1310),.UNSPECIFIED.,.F.,
  .F.,(2,2),(0.,0.3),.PIECEWISE_BEZIER_KNOTS.);
#1309 = CARTESIAN_POINT('',(-0.11,0.8,5.87900207998E-07));
#1310 = CARTESIAN_POINT('',(-0.11,0.5,5.87900207998E-07));
#1311 = B_SPLINE_SURFACE_WITH_KNOTS('',1,1,(
    (#1312,#1313)
    ,(#1314,#1315
    )),.UNSPECIFIED.,.F.,.F.,.F.,(2,2),(2,2),(0.,0.135),(-0.3,0.),
  .PIECEWISE_BEZIER_KNOTS.);
#1312 = CARTESIAN_POINT('',(-0.11,0.5,0.1350005879));
#1313 = CARTESIAN_POINT('',(-0.11,0.8,0.1350005879));
#1314 = CARTESIAN_POINT('',(-0.11,0.5,5.87900207998E-07));
#1315 = CARTESIAN_POINT('',(-0.11,0.8,5.87900207998E-07));
#1316 = ADVANCED_FACE('',(#1317),#1327,.F.);
#1317 = FACE_BOUND('',#1318,.T.);
#1318 = EDGE_LOOP('',(#1319,#1320,#1321,#1322));
#1319 = ORIENTED_EDGE('',*,*,#1293,.T.);
#1320 = ORIENTED_EDGE('',*,*,#911,.T.);
#1321 = ORIENTED_EDGE('',*,*,#1277,.T.);
#1322 = ORIENTED_EDGE('',*,*,#1323,.T.);
#1323 = EDGE_CURVE('',#1271,#1294,#1324,.T.);
#1324 = B_SPLINE_CURVE_WITH_KNOTS('',1,(#1325,#1326),.UNSPECIFIED.,.F.,
  .F.,(2,2),(-0.22,-0.),.PIECEWISE_BEZIER_KNOTS.);
#1325 = CARTESIAN_POINT('',(0.11,0.8,0.1350005879));
#1326 = CARTESIAN_POINT('',(-0.11,0.8,0.1350005879));
#1327 = B_SPLINE_SURFACE_WITH_KNOTS('',1,1,(
    (#1328,#1329)
    ,(#1330,#1331
    )),.UNSPECIFIED.,.F.,.F.,.F.,(2,2),(2,2),(-0.11,0.11),(0.6,0.8),
  .PIECEWISE_BEZIER_KNOTS.);
#1328 = CARTESIAN_POINT('',(0.11,0.6,0.1350005879));
#1329 = CARTESIAN_POINT('',(0.11,0.8,0.1350005879));
#1330 = CARTESIAN_POINT('',(-0.11,0.6,0.1350005879));
#1331 = CARTESIAN_POINT('',(-0.11,0.8,0.1350005879));
#1332 = ADVANCED_FACE('',(#1333),#1343,.F.);
#1333 = FACE_BOUND('',#1334,.T.);
#1334 = EDGE_LOOP('',(#1335,#1340,#1341,#1342));
#1335 = ORIENTED_EDGE('',*,*,#1336,.T.);
#1336 = EDGE_CURVE('',#1264,#1301,#1337,.T.);
#1337 = B_SPLINE_CURVE_WITH_KNOTS('',1,(#1338,#1339),.UNSPECIFIED.,.F.,
  .F.,(2,2),(-0.22,-0.),.PIECEWISE_BEZIER_KNOTS.);
#1338 = CARTESIAN_POINT('',(0.11,0.8,5.87900207998E-07));
#1339 = CARTESIAN_POINT('',(-0.11,0.8,5.87900207998E-07));
#1340 = ORIENTED_EDGE('',*,*,#1300,.F.);
#1341 = ORIENTED_EDGE('',*,*,#1323,.F.);
#1342 = ORIENTED_EDGE('',*,*,#1270,.T.);
#1343 = B_SPLINE_SURFACE_WITH_KNOTS('',1,1,(
    (#1344,#1345)
    ,(#1346,#1347
    )),.UNSPECIFIED.,.F.,.F.,.F.,(2,2),(2,2),(0.,0.135),(0.,0.22),
  .PIECEWISE_BEZIER_KNOTS.);
#1344 = CARTESIAN_POINT('',(-0.11,0.8,0.1350005879));
#1345 = CARTESIAN_POINT('',(0.11,0.8,0.1350005879));
#1346 = CARTESIAN_POINT('',(-0.11,0.8,5.87900207998E-07));
#1347 = CARTESIAN_POINT('',(0.11,0.8,5.87900207998E-07));
#1348 = ADVANCED_FACE('',(#1349),#1355,.T.);
#1349 = FACE_BOUND('',#1350,.T.);
#1350 = EDGE_LOOP('',(#1351,#1352,#1353,#1354));
#1351 = ORIENTED_EDGE('',*,*,#1247,.F.);
#1352 = ORIENTED_EDGE('',*,*,#1307,.F.);
#1353 = ORIENTED_EDGE('',*,*,#1336,.F.);
#1354 = ORIENTED_EDGE('',*,*,#1263,.F.);
#1355 = B_SPLINE_SURFACE_WITH_KNOTS('',1,1,(
    (#1356,#1357)
    ,(#1358,#1359
    )),.UNSPECIFIED.,.F.,.F.,.F.,(2,2),(2,2),(-0.11,0.11),(0.5,0.8),
  .PIECEWISE_BEZIER_KNOTS.);
#1356 = CARTESIAN_POINT('',(0.11,0.5,5.87900207998E-07));
#1357 = CARTESIAN_POINT('',(0.11,0.8,5.87900207998E-07));
#1358 = CARTESIAN_POINT('',(-0.11,0.5,5.87900207998E-07));
#1359 = CARTESIAN_POINT('',(-0.11,0.8,5.87900207998E-07));
#1360 = ADVANCED_FACE('',(#1361),#1383,.F.);
#1361 = FACE_BOUND('',#1362,.T.);
#1362 = EDGE_LOOP('',(#1363,#1370,#1371,#1378));
#1363 = ORIENTED_EDGE('',*,*,#1364,.F.);
#1364 = EDGE_CURVE('',#514,#1365,#1367,.T.);
#1365 = VERTEX_POINT('',#1366);
#1366 = CARTESIAN_POINT('',(0.61,0.5,5.87900207998E-07));
#1367 = B_SPLINE_CURVE_WITH_KNOTS('',1,(#1368,#1369),.UNSPECIFIED.,.F.,
  .F.,(2,2),(8.5E-02,0.135),.PIECEWISE_BEZIER_KNOTS.);
#1368 = CARTESIAN_POINT('',(0.61,0.5,5.000058790021E-02));
#1369 = CARTESIAN_POINT('',(0.61,0.5,5.87900207998E-07));
#1370 = ORIENTED_EDGE('',*,*,#513,.T.);
#1371 = ORIENTED_EDGE('',*,*,#1372,.T.);
#1372 = EDGE_CURVE('',#507,#1373,#1375,.T.);
#1373 = VERTEX_POINT('',#1374);
#1374 = CARTESIAN_POINT('',(0.39,0.5,5.87900207998E-07));
#1375 = B_SPLINE_CURVE_WITH_KNOTS('',1,(#1376,#1377),.UNSPECIFIED.,.F.,
  .F.,(2,2),(8.5E-02,0.135),.PIECEWISE_BEZIER_KNOTS.);
#1376 = CARTESIAN_POINT('',(0.39,0.5,5.000058790021E-02));
#1377 = CARTESIAN_POINT('',(0.39,0.5,5.87900207998E-07));
#1378 = ORIENTED_EDGE('',*,*,#1379,.T.);
#1379 = EDGE_CURVE('',#1373,#1365,#1380,.T.);
#1380 = B_SPLINE_CURVE_WITH_KNOTS('',1,(#1381,#1382),.UNSPECIFIED.,.F.,
  .F.,(2,2),(0.,0.22),.PIECEWISE_BEZIER_KNOTS.);
#1381 = CARTESIAN_POINT('',(0.39,0.5,5.87900207998E-07));
#1382 = CARTESIAN_POINT('',(0.61,0.5,5.87900207998E-07));
#1383 = B_SPLINE_SURFACE_WITH_KNOTS('',1,1,(
    (#1384,#1385)
    ,(#1386,#1387
    )),.UNSPECIFIED.,.F.,.F.,.F.,(2,2),(2,2),(-0.135,-8.5E-02),(0.,0.22)
  ,.PIECEWISE_BEZIER_KNOTS.);
#1384 = CARTESIAN_POINT('',(0.39,0.5,5.87900207998E-07));
#1385 = CARTESIAN_POINT('',(0.61,0.5,5.87900207998E-07));
#1386 = CARTESIAN_POINT('',(0.39,0.5,5.000058790021E-02));
#1387 = CARTESIAN_POINT('',(0.61,0.5,5.000058790021E-02));
#1388 = ADVANCED_FACE('',(#1389),#1413,.F.);
#1389 = FACE_BOUND('',#1390,.T.);
#1390 = EDGE_LOOP('',(#1391,#1392,#1393,#1394,#1401,#1408));
#1391 = ORIENTED_EDGE('',*,*,#884,.T.);
#1392 = ORIENTED_EDGE('',*,*,#520,.T.);
#1393 = ORIENTED_EDGE('',*,*,#1364,.T.);
#1394 = ORIENTED_EDGE('',*,*,#1395,.T.);
#1395 = EDGE_CURVE('',#1365,#1396,#1398,.T.);
#1396 = VERTEX_POINT('',#1397);
#1397 = CARTESIAN_POINT('',(0.61,0.8,5.87900207998E-07));
#1398 = B_SPLINE_CURVE_WITH_KNOTS('',1,(#1399,#1400),.UNSPECIFIED.,.F.,
  .F.,(2,2),(-0.3,0.),.PIECEWISE_BEZIER_KNOTS.);
#1399 = CARTESIAN_POINT('',(0.61,0.5,5.87900207998E-07));
#1400 = CARTESIAN_POINT('',(0.61,0.8,5.87900207998E-07));
#1401 = ORIENTED_EDGE('',*,*,#1402,.F.);
#1402 = EDGE_CURVE('',#1403,#1396,#1405,.T.);
#1403 = VERTEX_POINT('',#1404);
#1404 = CARTESIAN_POINT('',(0.61,0.8,0.1350005879));
#1405 = B_SPLINE_CURVE_WITH_KNOTS('',1,(#1406,#1407),.UNSPECIFIED.,.F.,
  .F.,(2,2),(-0.,0.135),.PIECEWISE_BEZIER_KNOTS.);
#1406 = CARTESIAN_POINT('',(0.61,0.8,0.1350005879));
#1407 = CARTESIAN_POINT('',(0.61,0.8,5.87900207998E-07));
#1408 = ORIENTED_EDGE('',*,*,#1409,.F.);
#1409 = EDGE_CURVE('',#885,#1403,#1410,.T.);
#1410 = B_SPLINE_CURVE_WITH_KNOTS('',1,(#1411,#1412),.UNSPECIFIED.,.F.,
  .F.,(2,2),(-0.2,0.),.PIECEWISE_BEZIER_KNOTS.);
#1411 = CARTESIAN_POINT('',(0.61,0.6,0.1350005879));
#1412 = CARTESIAN_POINT('',(0.61,0.8,0.1350005879));
#1413 = B_SPLINE_SURFACE_WITH_KNOTS('',1,1,(
    (#1414,#1415)
    ,(#1416,#1417
    )),.UNSPECIFIED.,.F.,.F.,.F.,(2,2),(2,2),(-0.135,0.),(-0.3,0.),
  .PIECEWISE_BEZIER_KNOTS.);
#1414 = CARTESIAN_POINT('',(0.61,0.5,5.87900207998E-07));
#1415 = CARTESIAN_POINT('',(0.61,0.8,5.87900207998E-07));
#1416 = CARTESIAN_POINT('',(0.61,0.5,0.1350005879));
#1417 = CARTESIAN_POINT('',(0.61,0.8,0.1350005879));
#1418 = ADVANCED_FACE('',(#1419),#1443,.F.);
#1419 = FACE_BOUND('',#1420,.T.);
#1420 = EDGE_LOOP('',(#1421,#1422,#1423,#1424,#1431,#1438));
#1421 = ORIENTED_EDGE('',*,*,#1372,.F.);
#1422 = ORIENTED_EDGE('',*,*,#506,.T.);
#1423 = ORIENTED_EDGE('',*,*,#898,.T.);
#1424 = ORIENTED_EDGE('',*,*,#1425,.F.);
#1425 = EDGE_CURVE('',#1426,#892,#1428,.T.);
#1426 = VERTEX_POINT('',#1427);
#1427 = CARTESIAN_POINT('',(0.39,0.8,0.1350005879));
#1428 = B_SPLINE_CURVE_WITH_KNOTS('',1,(#1429,#1430),.UNSPECIFIED.,.F.,
  .F.,(2,2),(0.,0.2),.PIECEWISE_BEZIER_KNOTS.);
#1429 = CARTESIAN_POINT('',(0.39,0.8,0.1350005879));
#1430 = CARTESIAN_POINT('',(0.39,0.6,0.1350005879));
#1431 = ORIENTED_EDGE('',*,*,#1432,.T.);
#1432 = EDGE_CURVE('',#1426,#1433,#1435,.T.);
#1433 = VERTEX_POINT('',#1434);
#1434 = CARTESIAN_POINT('',(0.39,0.8,5.87900207998E-07));
#1435 = B_SPLINE_CURVE_WITH_KNOTS('',1,(#1436,#1437),.UNSPECIFIED.,.F.,
  .F.,(2,2),(-0.,0.135),.PIECEWISE_BEZIER_KNOTS.);
#1436 = CARTESIAN_POINT('',(0.39,0.8,0.1350005879));
#1437 = CARTESIAN_POINT('',(0.39,0.8,5.87900207998E-07));
#1438 = ORIENTED_EDGE('',*,*,#1439,.T.);
#1439 = EDGE_CURVE('',#1433,#1373,#1440,.T.);
#1440 = B_SPLINE_CURVE_WITH_KNOTS('',1,(#1441,#1442),.UNSPECIFIED.,.F.,
  .F.,(2,2),(0.,0.3),.PIECEWISE_BEZIER_KNOTS.);
#1441 = CARTESIAN_POINT('',(0.39,0.8,5.87900207998E-07));
#1442 = CARTESIAN_POINT('',(0.39,0.5,5.87900207998E-07));
#1443 = B_SPLINE_SURFACE_WITH_KNOTS('',1,1,(
    (#1444,#1445)
    ,(#1446,#1447
    )),.UNSPECIFIED.,.F.,.F.,.F.,(2,2),(2,2),(0.,0.135),(-0.3,0.),
  .PIECEWISE_BEZIER_KNOTS.);
#1444 = CARTESIAN_POINT('',(0.39,0.5,0.1350005879));
#1445 = CARTESIAN_POINT('',(0.39,0.8,0.1350005879));
#1446 = CARTESIAN_POINT('',(0.39,0.5,5.87900207998E-07));
#1447 = CARTESIAN_POINT('',(0.39,0.8,5.87900207998E-07));
#1448 = ADVANCED_FACE('',(#1449),#1459,.F.);
#1449 = FACE_BOUND('',#1450,.T.);
#1450 = EDGE_LOOP('',(#1451,#1452,#1453,#1454));
#1451 = ORIENTED_EDGE('',*,*,#1425,.T.);
#1452 = ORIENTED_EDGE('',*,*,#891,.T.);
#1453 = ORIENTED_EDGE('',*,*,#1409,.T.);
#1454 = ORIENTED_EDGE('',*,*,#1455,.T.);
#1455 = EDGE_CURVE('',#1403,#1426,#1456,.T.);
#1456 = B_SPLINE_CURVE_WITH_KNOTS('',1,(#1457,#1458),.UNSPECIFIED.,.F.,
  .F.,(2,2),(-0.22,-0.),.PIECEWISE_BEZIER_KNOTS.);
#1457 = CARTESIAN_POINT('',(0.61,0.8,0.1350005879));
#1458 = CARTESIAN_POINT('',(0.39,0.8,0.1350005879));
#1459 = B_SPLINE_SURFACE_WITH_KNOTS('',1,1,(
    (#1460,#1461)
    ,(#1462,#1463
  )),.UNSPECIFIED.,.F.,.F.,.F.,(2,2),(2,2),(-0.61,-0.39),(0.6,0.8),
  .PIECEWISE_BEZIER_KNOTS.);
#1460 = CARTESIAN_POINT('',(0.61,0.6,0.1350005879));
#1461 = CARTESIAN_POINT('',(0.61,0.8,0.1350005879));
#1462 = CARTESIAN_POINT('',(0.39,0.6,0.1350005879));
#1463 = CARTESIAN_POINT('',(0.39,0.8,0.1350005879));
#1464 = ADVANCED_FACE('',(#1465),#1475,.F.);
#1465 = FACE_BOUND('',#1466,.T.);
#1466 = EDGE_LOOP('',(#1467,#1472,#1473,#1474));
#1467 = ORIENTED_EDGE('',*,*,#1468,.T.);
#1468 = EDGE_CURVE('',#1396,#1433,#1469,.T.);
#1469 = B_SPLINE_CURVE_WITH_KNOTS('',1,(#1470,#1471),.UNSPECIFIED.,.F.,
  .F.,(2,2),(-0.22,-0.),.PIECEWISE_BEZIER_KNOTS.);
#1470 = CARTESIAN_POINT('',(0.61,0.8,5.87900207998E-07));
#1471 = CARTESIAN_POINT('',(0.39,0.8,5.87900207998E-07));
#1472 = ORIENTED_EDGE('',*,*,#1432,.F.);
#1473 = ORIENTED_EDGE('',*,*,#1455,.F.);
#1474 = ORIENTED_EDGE('',*,*,#1402,.T.);
#1475 = B_SPLINE_SURFACE_WITH_KNOTS('',1,1,(
    (#1476,#1477)
    ,(#1478,#1479
    )),.UNSPECIFIED.,.F.,.F.,.F.,(2,2),(2,2),(0.,0.135),(0.,0.22),
  .PIECEWISE_BEZIER_KNOTS.);
#1476 = CARTESIAN_POINT('',(0.39,0.8,0.1350005879));
#1477 = CARTESIAN_POINT('',(0.61,0.8,0.1350005879));
#1478 = CARTESIAN_POINT('',(0.39,0.8,5.87900207998E-07));
#1479 = CARTESIAN_POINT('',(0.61,0.8,5.87900207998E-07));
#1480 = ADVANCED_FACE('',(#1481),#1487,.T.);
#1481 = FACE_BOUND('',#1482,.T.);
#1482 = EDGE_LOOP('',(#1483,#1484,#1485,#1486));
#1483 = ORIENTED_EDGE('',*,*,#1379,.F.);
#1484 = ORIENTED_EDGE('',*,*,#1439,.F.);
#1485 = ORIENTED_EDGE('',*,*,#1468,.F.);
#1486 = ORIENTED_EDGE('',*,*,#1395,.F.);
#1487 = B_SPLINE_SURFACE_WITH_KNOTS('',1,1,(
    (#1488,#1489)
    ,(#1490,#1491
  )),.UNSPECIFIED.,.F.,.F.,.F.,(2,2),(2,2),(-0.61,-0.39),(0.5,0.8),
  .PIECEWISE_BEZIER_KNOTS.);
#1488 = CARTESIAN_POINT('',(0.61,0.5,5.87900207998E-07));
#1489 = CARTESIAN_POINT('',(0.61,0.8,5.87900207998E-07));
#1490 = CARTESIAN_POINT('',(0.39,0.5,5.87900207998E-07));
#1491 = CARTESIAN_POINT('',(0.39,0.8,5.87900207998E-07));
#1492 = ADVANCED_FACE('',(#1493),#1515,.F.);
#1493 = FACE_BOUND('',#1494,.T.);
#1494 = EDGE_LOOP('',(#1495,#1502,#1503,#1510));
#1495 = ORIENTED_EDGE('',*,*,#1496,.F.);
#1496 = EDGE_CURVE('',#584,#1497,#1499,.T.);
#1497 = VERTEX_POINT('',#1498);
#1498 = CARTESIAN_POINT('',(-0.11,-0.5,5.87900207998E-07));
#1499 = B_SPLINE_CURVE_WITH_KNOTS('',1,(#1500,#1501),.UNSPECIFIED.,.F.,
  .F.,(2,2),(8.5E-02,0.135),.PIECEWISE_BEZIER_KNOTS.);
#1500 = CARTESIAN_POINT('',(-0.11,-0.5,5.000058790021E-02));
#1501 = CARTESIAN_POINT('',(-0.11,-0.5,5.87900207998E-07));
#1502 = ORIENTED_EDGE('',*,*,#583,.T.);
#1503 = ORIENTED_EDGE('',*,*,#1504,.T.);
#1504 = EDGE_CURVE('',#577,#1505,#1507,.T.);
#1505 = VERTEX_POINT('',#1506);
#1506 = CARTESIAN_POINT('',(0.11,-0.5,5.87900207998E-07));
#1507 = B_SPLINE_CURVE_WITH_KNOTS('',1,(#1508,#1509),.UNSPECIFIED.,.F.,
  .F.,(2,2),(8.5E-02,0.135),.PIECEWISE_BEZIER_KNOTS.);
#1508 = CARTESIAN_POINT('',(0.11,-0.5,5.000058790021E-02));
#1509 = CARTESIAN_POINT('',(0.11,-0.5,5.87900207998E-07));
#1510 = ORIENTED_EDGE('',*,*,#1511,.T.);
#1511 = EDGE_CURVE('',#1505,#1497,#1512,.T.);
#1512 = B_SPLINE_CURVE_WITH_KNOTS('',1,(#1513,#1514),.UNSPECIFIED.,.F.,
  .F.,(2,2),(-0.22,-0.),.PIECEWISE_BEZIER_KNOTS.);
#1513 = CARTESIAN_POINT('',(0.11,-0.5,5.87900207998E-07));
#1514 = CARTESIAN_POINT('',(-0.11,-0.5,5.87900207998E-07));
#1515 = B_SPLINE_SURFACE_WITH_KNOTS('',1,1,(
    (#1516,#1517)
    ,(#1518,#1519
    )),.UNSPECIFIED.,.F.,.F.,.F.,(2,2),(2,2),(8.5E-02,0.135),(0.,0.22),
  .PIECEWISE_BEZIER_KNOTS.);
#1516 = CARTESIAN_POINT('',(-0.11,-0.5,5.000058790021E-02));
#1517 = CARTESIAN_POINT('',(0.11,-0.5,5.000058790021E-02));
#1518 = CARTESIAN_POINT('',(-0.11,-0.5,5.87900207998E-07));
#1519 = CARTESIAN_POINT('',(0.11,-0.5,5.87900207998E-07));
#1520 = ADVANCED_FACE('',(#1521),#1545,.F.);
#1521 = FACE_BOUND('',#1522,.T.);
#1522 = EDGE_LOOP('',(#1523,#1524,#1525,#1526,#1533,#1540));
#1523 = ORIENTED_EDGE('',*,*,#822,.T.);
#1524 = ORIENTED_EDGE('',*,*,#590,.T.);
#1525 = ORIENTED_EDGE('',*,*,#1496,.T.);
#1526 = ORIENTED_EDGE('',*,*,#1527,.T.);
#1527 = EDGE_CURVE('',#1497,#1528,#1530,.T.);
#1528 = VERTEX_POINT('',#1529);
#1529 = CARTESIAN_POINT('',(-0.11,-0.8,5.87900207998E-07));
#1530 = B_SPLINE_CURVE_WITH_KNOTS('',1,(#1531,#1532),.UNSPECIFIED.,.F.,
  .F.,(2,2),(-0.3,-0.),.PIECEWISE_BEZIER_KNOTS.);
#1531 = CARTESIAN_POINT('',(-0.11,-0.5,5.87900207998E-07));
#1532 = CARTESIAN_POINT('',(-0.11,-0.8,5.87900207998E-07));
#1533 = ORIENTED_EDGE('',*,*,#1534,.F.);
#1534 = EDGE_CURVE('',#1535,#1528,#1537,.T.);
#1535 = VERTEX_POINT('',#1536);
#1536 = CARTESIAN_POINT('',(-0.11,-0.8,0.1350005879));
#1537 = B_SPLINE_CURVE_WITH_KNOTS('',1,(#1538,#1539),.UNSPECIFIED.,.F.,
  .F.,(2,2),(-0.,0.135),.PIECEWISE_BEZIER_KNOTS.);
#1538 = CARTESIAN_POINT('',(-0.11,-0.8,0.1350005879));
#1539 = CARTESIAN_POINT('',(-0.11,-0.8,5.87900207998E-07));
#1540 = ORIENTED_EDGE('',*,*,#1541,.F.);
#1541 = EDGE_CURVE('',#823,#1535,#1542,.T.);
#1542 = B_SPLINE_CURVE_WITH_KNOTS('',1,(#1543,#1544),.UNSPECIFIED.,.F.,
  .F.,(2,2),(-0.2,-0.),.PIECEWISE_BEZIER_KNOTS.);
#1543 = CARTESIAN_POINT('',(-0.11,-0.6,0.1350005879));
#1544 = CARTESIAN_POINT('',(-0.11,-0.8,0.1350005879));
#1545 = B_SPLINE_SURFACE_WITH_KNOTS('',1,1,(
    (#1546,#1547)
    ,(#1548,#1549
    )),.UNSPECIFIED.,.F.,.F.,.F.,(2,2),(2,2),(0.,0.135),(0.,0.3),
  .PIECEWISE_BEZIER_KNOTS.);
#1546 = CARTESIAN_POINT('',(-0.11,-0.8,0.1350005879));
#1547 = CARTESIAN_POINT('',(-0.11,-0.5,0.1350005879));
#1548 = CARTESIAN_POINT('',(-0.11,-0.8,5.87900207998E-07));
#1549 = CARTESIAN_POINT('',(-0.11,-0.5,5.87900207998E-07));
#1550 = ADVANCED_FACE('',(#1551),#1575,.F.);
#1551 = FACE_BOUND('',#1552,.T.);
#1552 = EDGE_LOOP('',(#1553,#1554,#1555,#1556,#1563,#1570));
#1553 = ORIENTED_EDGE('',*,*,#1504,.F.);
#1554 = ORIENTED_EDGE('',*,*,#576,.T.);
#1555 = ORIENTED_EDGE('',*,*,#836,.T.);
#1556 = ORIENTED_EDGE('',*,*,#1557,.F.);
#1557 = EDGE_CURVE('',#1558,#830,#1560,.T.);
#1558 = VERTEX_POINT('',#1559);
#1559 = CARTESIAN_POINT('',(0.11,-0.8,0.1350005879));
#1560 = B_SPLINE_CURVE_WITH_KNOTS('',1,(#1561,#1562),.UNSPECIFIED.,.F.,
  .F.,(2,2),(0.,0.2),.PIECEWISE_BEZIER_KNOTS.);
#1561 = CARTESIAN_POINT('',(0.11,-0.8,0.1350005879));
#1562 = CARTESIAN_POINT('',(0.11,-0.6,0.1350005879));
#1563 = ORIENTED_EDGE('',*,*,#1564,.T.);
#1564 = EDGE_CURVE('',#1558,#1565,#1567,.T.);
#1565 = VERTEX_POINT('',#1566);
#1566 = CARTESIAN_POINT('',(0.11,-0.8,5.87900207998E-07));
#1567 = B_SPLINE_CURVE_WITH_KNOTS('',1,(#1568,#1569),.UNSPECIFIED.,.F.,
  .F.,(2,2),(-0.,0.135),.PIECEWISE_BEZIER_KNOTS.);
#1568 = CARTESIAN_POINT('',(0.11,-0.8,0.1350005879));
#1569 = CARTESIAN_POINT('',(0.11,-0.8,5.87900207998E-07));
#1570 = ORIENTED_EDGE('',*,*,#1571,.T.);
#1571 = EDGE_CURVE('',#1565,#1505,#1572,.T.);
#1572 = B_SPLINE_CURVE_WITH_KNOTS('',1,(#1573,#1574),.UNSPECIFIED.,.F.,
  .F.,(2,2),(0.,0.3),.PIECEWISE_BEZIER_KNOTS.);
#1573 = CARTESIAN_POINT('',(0.11,-0.8,5.87900207998E-07));
#1574 = CARTESIAN_POINT('',(0.11,-0.5,5.87900207998E-07));
#1575 = B_SPLINE_SURFACE_WITH_KNOTS('',1,1,(
    (#1576,#1577)
    ,(#1578,#1579
    )),.UNSPECIFIED.,.F.,.F.,.F.,(2,2),(2,2),(-0.135,0.),(0.,0.3),
  .PIECEWISE_BEZIER_KNOTS.);
#1576 = CARTESIAN_POINT('',(0.11,-0.8,5.87900207998E-07));
#1577 = CARTESIAN_POINT('',(0.11,-0.5,5.87900207998E-07));
#1578 = CARTESIAN_POINT('',(0.11,-0.8,0.1350005879));
#1579 = CARTESIAN_POINT('',(0.11,-0.5,0.1350005879));
#1580 = ADVANCED_FACE('',(#1581),#1591,.F.);
#1581 = FACE_BOUND('',#1582,.T.);
#1582 = EDGE_LOOP('',(#1583,#1584,#1585,#1586));
#1583 = ORIENTED_EDGE('',*,*,#1557,.T.);
#1584 = ORIENTED_EDGE('',*,*,#829,.T.);
#1585 = ORIENTED_EDGE('',*,*,#1541,.T.);
#1586 = ORIENTED_EDGE('',*,*,#1587,.T.);
#1587 = EDGE_CURVE('',#1535,#1558,#1588,.T.);
#1588 = B_SPLINE_CURVE_WITH_KNOTS('',1,(#1589,#1590),.UNSPECIFIED.,.F.,
  .F.,(2,2),(0.,0.22),.PIECEWISE_BEZIER_KNOTS.);
#1589 = CARTESIAN_POINT('',(-0.11,-0.8,0.1350005879));
#1590 = CARTESIAN_POINT('',(0.11,-0.8,0.1350005879));
#1591 = B_SPLINE_SURFACE_WITH_KNOTS('',1,1,(
    (#1592,#1593)
    ,(#1594,#1595
    )),.UNSPECIFIED.,.F.,.F.,.F.,(2,2),(2,2),(-0.11,0.11),(-0.8,-0.6),
  .PIECEWISE_BEZIER_KNOTS.);
#1592 = CARTESIAN_POINT('',(0.11,-0.8,0.1350005879));
#1593 = CARTESIAN_POINT('',(0.11,-0.6,0.1350005879));
#1594 = CARTESIAN_POINT('',(-0.11,-0.8,0.1350005879));
#1595 = CARTESIAN_POINT('',(-0.11,-0.6,0.1350005879));
#1596 = ADVANCED_FACE('',(#1597),#1607,.F.);
#1597 = FACE_BOUND('',#1598,.T.);
#1598 = EDGE_LOOP('',(#1599,#1604,#1605,#1606));
#1599 = ORIENTED_EDGE('',*,*,#1600,.T.);
#1600 = EDGE_CURVE('',#1528,#1565,#1601,.T.);
#1601 = B_SPLINE_CURVE_WITH_KNOTS('',1,(#1602,#1603),.UNSPECIFIED.,.F.,
  .F.,(2,2),(0.,0.22),.PIECEWISE_BEZIER_KNOTS.);
#1602 = CARTESIAN_POINT('',(-0.11,-0.8,5.87900207998E-07));
#1603 = CARTESIAN_POINT('',(0.11,-0.8,5.87900207998E-07));
#1604 = ORIENTED_EDGE('',*,*,#1564,.F.);
#1605 = ORIENTED_EDGE('',*,*,#1587,.F.);
#1606 = ORIENTED_EDGE('',*,*,#1534,.T.);
#1607 = B_SPLINE_SURFACE_WITH_KNOTS('',1,1,(
    (#1608,#1609)
    ,(#1610,#1611
    )),.UNSPECIFIED.,.F.,.F.,.F.,(2,2),(2,2),(-0.135,0.),(0.,0.22),
  .PIECEWISE_BEZIER_KNOTS.);
#1608 = CARTESIAN_POINT('',(-0.11,-0.8,5.87900207998E-07));
#1609 = CARTESIAN_POINT('',(0.11,-0.8,5.87900207998E-07));
#1610 = CARTESIAN_POINT('',(-0.11,-0.8,0.1350005879));
#1611 = CARTESIAN_POINT('',(0.11,-0.8,0.1350005879));
#1612 = ADVANCED_FACE('',(#1613),#1619,.T.);
#1613 = FACE_BOUND('',#1614,.T.);
#1614 = EDGE_LOOP('',(#1615,#1616,#1617,#1618));
#1615 = ORIENTED_EDGE('',*,*,#1527,.F.);
#1616 = ORIENTED_EDGE('',*,*,#1511,.F.);
#1617 = ORIENTED_EDGE('',*,*,#1571,.F.);
#1618 = ORIENTED_EDGE('',*,*,#1600,.F.);
#1619 = B_SPLINE_SURFACE_WITH_KNOTS('',1,1,(
    (#1620,#1621)
    ,(#1622,#1623
    )),.UNSPECIFIED.,.F.,.F.,.F.,(2,2),(2,2),(-0.11,0.11),(-0.8,-0.5),
  .PIECEWISE_BEZIER_KNOTS.);
#1620 = CARTESIAN_POINT('',(0.11,-0.8,5.87900207998E-07));
#1621 = CARTESIAN_POINT('',(0.11,-0.5,5.87900207998E-07));
#1622 = CARTESIAN_POINT('',(-0.11,-0.8,5.87900207998E-07));
#1623 = CARTESIAN_POINT('',(-0.11,-0.5,5.87900207998E-07));
#1624 = ADVANCED_FACE('',(#1625),#1647,.F.);
#1625 = FACE_BOUND('',#1626,.T.);
#1626 = EDGE_LOOP('',(#1627,#1634,#1635,#1642));
#1627 = ORIENTED_EDGE('',*,*,#1628,.F.);
#1628 = EDGE_CURVE('',#431,#1629,#1631,.T.);
#1629 = VERTEX_POINT('',#1630);
#1630 = CARTESIAN_POINT('',(-0.61,-0.5,5.87900207998E-07));
#1631 = B_SPLINE_CURVE_WITH_KNOTS('',1,(#1632,#1633),.UNSPECIFIED.,.F.,
  .F.,(2,2),(8.5E-02,0.135),.PIECEWISE_BEZIER_KNOTS.);
#1632 = CARTESIAN_POINT('',(-0.61,-0.5,5.000058790021E-02));
#1633 = CARTESIAN_POINT('',(-0.61,-0.5,5.87900207998E-07));
#1634 = ORIENTED_EDGE('',*,*,#611,.T.);
#1635 = ORIENTED_EDGE('',*,*,#1636,.T.);
#1636 = EDGE_CURVE('',#605,#1637,#1639,.T.);
#1637 = VERTEX_POINT('',#1638);
#1638 = CARTESIAN_POINT('',(-0.39,-0.5,5.87900207998E-07));
#1639 = B_SPLINE_CURVE_WITH_KNOTS('',1,(#1640,#1641),.UNSPECIFIED.,.F.,
  .F.,(2,2),(8.5E-02,0.135),.PIECEWISE_BEZIER_KNOTS.);
#1640 = CARTESIAN_POINT('',(-0.39,-0.5,5.000058790021E-02));
#1641 = CARTESIAN_POINT('',(-0.39,-0.5,5.87900207998E-07));
#1642 = ORIENTED_EDGE('',*,*,#1643,.T.);
#1643 = EDGE_CURVE('',#1637,#1629,#1644,.T.);
#1644 = B_SPLINE_CURVE_WITH_KNOTS('',1,(#1645,#1646),.UNSPECIFIED.,.F.,
  .F.,(2,2),(-0.22,-0.),.PIECEWISE_BEZIER_KNOTS.);
#1645 = CARTESIAN_POINT('',(-0.39,-0.5,5.87900207998E-07));
#1646 = CARTESIAN_POINT('',(-0.61,-0.5,5.87900207998E-07));
#1647 = B_SPLINE_SURFACE_WITH_KNOTS('',1,1,(
    (#1648,#1649)
    ,(#1650,#1651
    )),.UNSPECIFIED.,.F.,.F.,.F.,(2,2),(2,2),(8.5E-02,0.135),(0.,0.22),
  .PIECEWISE_BEZIER_KNOTS.);
#1648 = CARTESIAN_POINT('',(-0.61,-0.5,5.000058790021E-02));
#1649 = CARTESIAN_POINT('',(-0.39,-0.5,5.000058790021E-02));
#1650 = CARTESIAN_POINT('',(-0.61,-0.5,5.87900207998E-07));
#1651 = CARTESIAN_POINT('',(-0.39,-0.5,5.87900207998E-07));
#1652 = ADVANCED_FACE('',(#1653),#1677,.F.);
#1653 = FACE_BOUND('',#1654,.T.);
#1654 = EDGE_LOOP('',(#1655,#1656,#1657,#1658,#1665,#1672));
#1655 = ORIENTED_EDGE('',*,*,#802,.T.);
#1656 = ORIENTED_EDGE('',*,*,#428,.T.);
#1657 = ORIENTED_EDGE('',*,*,#1628,.T.);
#1658 = ORIENTED_EDGE('',*,*,#1659,.T.);
#1659 = EDGE_CURVE('',#1629,#1660,#1662,.T.);
#1660 = VERTEX_POINT('',#1661);
#1661 = CARTESIAN_POINT('',(-0.61,-0.8,5.87900207998E-07));
#1662 = B_SPLINE_CURVE_WITH_KNOTS('',1,(#1663,#1664),.UNSPECIFIED.,.F.,
  .F.,(2,2),(-0.3,-0.),.PIECEWISE_BEZIER_KNOTS.);
#1663 = CARTESIAN_POINT('',(-0.61,-0.5,5.87900207998E-07));
#1664 = CARTESIAN_POINT('',(-0.61,-0.8,5.87900207998E-07));
#1665 = ORIENTED_EDGE('',*,*,#1666,.F.);
#1666 = EDGE_CURVE('',#1667,#1660,#1669,.T.);
#1667 = VERTEX_POINT('',#1668);
#1668 = CARTESIAN_POINT('',(-0.61,-0.8,0.1350005879));
#1669 = B_SPLINE_CURVE_WITH_KNOTS('',1,(#1670,#1671),.UNSPECIFIED.,.F.,
  .F.,(2,2),(-0.,0.135),.PIECEWISE_BEZIER_KNOTS.);
#1670 = CARTESIAN_POINT('',(-0.61,-0.8,0.1350005879));
#1671 = CARTESIAN_POINT('',(-0.61,-0.8,5.87900207998E-07));
#1672 = ORIENTED_EDGE('',*,*,#1673,.F.);
#1673 = EDGE_CURVE('',#803,#1667,#1674,.T.);
#1674 = B_SPLINE_CURVE_WITH_KNOTS('',1,(#1675,#1676),.UNSPECIFIED.,.F.,
  .F.,(2,2),(-0.2,-0.),.PIECEWISE_BEZIER_KNOTS.);
#1675 = CARTESIAN_POINT('',(-0.61,-0.6,0.1350005879));
#1676 = CARTESIAN_POINT('',(-0.61,-0.8,0.1350005879));
#1677 = B_SPLINE_SURFACE_WITH_KNOTS('',1,1,(
    (#1678,#1679)
    ,(#1680,#1681
    )),.UNSPECIFIED.,.F.,.F.,.F.,(2,2),(2,2),(0.,0.135),(0.,0.3),
  .PIECEWISE_BEZIER_KNOTS.);
#1678 = CARTESIAN_POINT('',(-0.61,-0.8,0.1350005879));
#1679 = CARTESIAN_POINT('',(-0.61,-0.5,0.1350005879));
#1680 = CARTESIAN_POINT('',(-0.61,-0.8,5.87900207998E-07));
#1681 = CARTESIAN_POINT('',(-0.61,-0.5,5.87900207998E-07));
#1682 = ADVANCED_FACE('',(#1683),#1707,.F.);
#1683 = FACE_BOUND('',#1684,.T.);
#1684 = EDGE_LOOP('',(#1685,#1686,#1687,#1688,#1695,#1702));
#1685 = ORIENTED_EDGE('',*,*,#1636,.F.);
#1686 = ORIENTED_EDGE('',*,*,#604,.T.);
#1687 = ORIENTED_EDGE('',*,*,#816,.T.);
#1688 = ORIENTED_EDGE('',*,*,#1689,.F.);
#1689 = EDGE_CURVE('',#1690,#810,#1692,.T.);
#1690 = VERTEX_POINT('',#1691);
#1691 = CARTESIAN_POINT('',(-0.39,-0.8,0.1350005879));
#1692 = B_SPLINE_CURVE_WITH_KNOTS('',1,(#1693,#1694),.UNSPECIFIED.,.F.,
  .F.,(2,2),(0.,0.2),.PIECEWISE_BEZIER_KNOTS.);
#1693 = CARTESIAN_POINT('',(-0.39,-0.8,0.1350005879));
#1694 = CARTESIAN_POINT('',(-0.39,-0.6,0.1350005879));
#1695 = ORIENTED_EDGE('',*,*,#1696,.T.);
#1696 = EDGE_CURVE('',#1690,#1697,#1699,.T.);
#1697 = VERTEX_POINT('',#1698);
#1698 = CARTESIAN_POINT('',(-0.39,-0.8,5.87900207998E-07));
#1699 = B_SPLINE_CURVE_WITH_KNOTS('',1,(#1700,#1701),.UNSPECIFIED.,.F.,
  .F.,(2,2),(-0.,0.135),.PIECEWISE_BEZIER_KNOTS.);
#1700 = CARTESIAN_POINT('',(-0.39,-0.8,0.1350005879));
#1701 = CARTESIAN_POINT('',(-0.39,-0.8,5.87900207998E-07));
#1702 = ORIENTED_EDGE('',*,*,#1703,.T.);
#1703 = EDGE_CURVE('',#1697,#1637,#1704,.T.);
#1704 = B_SPLINE_CURVE_WITH_KNOTS('',1,(#1705,#1706),.UNSPECIFIED.,.F.,
  .F.,(2,2),(0.,0.3),.PIECEWISE_BEZIER_KNOTS.);
#1705 = CARTESIAN_POINT('',(-0.39,-0.8,5.87900207998E-07));
#1706 = CARTESIAN_POINT('',(-0.39,-0.5,5.87900207998E-07));
#1707 = B_SPLINE_SURFACE_WITH_KNOTS('',1,1,(
    (#1708,#1709)
    ,(#1710,#1711
    )),.UNSPECIFIED.,.F.,.F.,.F.,(2,2),(2,2),(-0.135,0.),(0.,0.3),
  .PIECEWISE_BEZIER_KNOTS.);
#1708 = CARTESIAN_POINT('',(-0.39,-0.8,5.87900207998E-07));
#1709 = CARTESIAN_POINT('',(-0.39,-0.5,5.87900207998E-07));
#1710 = CARTESIAN_POINT('',(-0.39,-0.8,0.1350005879));
#1711 = CARTESIAN_POINT('',(-0.39,-0.5,0.1350005879));
#1712 = ADVANCED_FACE('',(#1713),#1723,.F.);
#1713 = FACE_BOUND('',#1714,.T.);
#1714 = EDGE_LOOP('',(#1715,#1716,#1717,#1718));
#1715 = ORIENTED_EDGE('',*,*,#1689,.T.);
#1716 = ORIENTED_EDGE('',*,*,#809,.T.);
#1717 = ORIENTED_EDGE('',*,*,#1673,.T.);
#1718 = ORIENTED_EDGE('',*,*,#1719,.T.);
#1719 = EDGE_CURVE('',#1667,#1690,#1720,.T.);
#1720 = B_SPLINE_CURVE_WITH_KNOTS('',1,(#1721,#1722),.UNSPECIFIED.,.F.,
  .F.,(2,2),(0.,0.22),.PIECEWISE_BEZIER_KNOTS.);
#1721 = CARTESIAN_POINT('',(-0.61,-0.8,0.1350005879));
#1722 = CARTESIAN_POINT('',(-0.39,-0.8,0.1350005879));
#1723 = B_SPLINE_SURFACE_WITH_KNOTS('',1,1,(
    (#1724,#1725)
    ,(#1726,#1727
    )),.UNSPECIFIED.,.F.,.F.,.F.,(2,2),(2,2),(0.39,0.61),(-0.8,-0.6),
  .PIECEWISE_BEZIER_KNOTS.);
#1724 = CARTESIAN_POINT('',(-0.39,-0.8,0.1350005879));
#1725 = CARTESIAN_POINT('',(-0.39,-0.6,0.1350005879));
#1726 = CARTESIAN_POINT('',(-0.61,-0.8,0.1350005879));
#1727 = CARTESIAN_POINT('',(-0.61,-0.6,0.1350005879));
#1728 = ADVANCED_FACE('',(#1729),#1739,.F.);
#1729 = FACE_BOUND('',#1730,.T.);
#1730 = EDGE_LOOP('',(#1731,#1736,#1737,#1738));
#1731 = ORIENTED_EDGE('',*,*,#1732,.T.);
#1732 = EDGE_CURVE('',#1660,#1697,#1733,.T.);
#1733 = B_SPLINE_CURVE_WITH_KNOTS('',1,(#1734,#1735),.UNSPECIFIED.,.F.,
  .F.,(2,2),(0.,0.22),.PIECEWISE_BEZIER_KNOTS.);
#1734 = CARTESIAN_POINT('',(-0.61,-0.8,5.87900207998E-07));
#1735 = CARTESIAN_POINT('',(-0.39,-0.8,5.87900207998E-07));
#1736 = ORIENTED_EDGE('',*,*,#1696,.F.);
#1737 = ORIENTED_EDGE('',*,*,#1719,.F.);
#1738 = ORIENTED_EDGE('',*,*,#1666,.T.);
#1739 = B_SPLINE_SURFACE_WITH_KNOTS('',1,1,(
    (#1740,#1741)
    ,(#1742,#1743
    )),.UNSPECIFIED.,.F.,.F.,.F.,(2,2),(2,2),(-0.135,0.),(0.,0.22),
  .PIECEWISE_BEZIER_KNOTS.);
#1740 = CARTESIAN_POINT('',(-0.61,-0.8,5.87900207998E-07));
#1741 = CARTESIAN_POINT('',(-0.39,-0.8,5.87900207998E-07));
#1742 = CARTESIAN_POINT('',(-0.61,-0.8,0.1350005879));
#1743 = CARTESIAN_POINT('',(-0.39,-0.8,0.1350005879));
#1744 = ADVANCED_FACE('',(#1745),#1751,.T.);
#1745 = FACE_BOUND('',#1746,.T.);
#1746 = EDGE_LOOP('',(#1747,#1748,#1749,#1750));
#1747 = ORIENTED_EDGE('',*,*,#1659,.F.);
#1748 = ORIENTED_EDGE('',*,*,#1643,.F.);
#1749 = ORIENTED_EDGE('',*,*,#1703,.F.);
#1750 = ORIENTED_EDGE('',*,*,#1732,.F.);
#1751 = B_SPLINE_SURFACE_WITH_KNOTS('',1,1,(
    (#1752,#1753)
    ,(#1754,#1755
    )),.UNSPECIFIED.,.F.,.F.,.F.,(2,2),(2,2),(0.39,0.61),(-0.8,-0.5),
  .PIECEWISE_BEZIER_KNOTS.);
#1752 = CARTESIAN_POINT('',(-0.39,-0.8,5.87900207998E-07));
#1753 = CARTESIAN_POINT('',(-0.39,-0.5,5.87900207998E-07));
#1754 = CARTESIAN_POINT('',(-0.61,-0.8,5.87900207998E-07));
#1755 = CARTESIAN_POINT('',(-0.61,-0.5,5.87900207998E-07));
#1756 = ADVANCED_FACE('',(#1757),#1767,.T.);
#1757 = FACE_BOUND('',#1758,.T.);
#1758 = EDGE_LOOP('',(#1759,#1760,#1761,#1766));
#1759 = ORIENTED_EDGE('',*,*,#130,.T.);
#1760 = ORIENTED_EDGE('',*,*,#795,.F.);
#1761 = ORIENTED_EDGE('',*,*,#1762,.F.);
#1762 = EDGE_CURVE('',#83,#789,#1763,.T.);
#1763 = B_SPLINE_CURVE_WITH_KNOTS('',1,(#1764,#1765),.UNSPECIFIED.,.F.,
  .F.,(2,2),(0.131396555299,0.54522018923),.PIECEWISE_BEZIER_KNOTS.);
#1764 = CARTESIAN_POINT('',(0.725,-0.525,0.5625005879));
#1765 = CARTESIAN_POINT('',(0.8,-0.6,0.1625005879));
#1766 = ORIENTED_EDGE('',*,*,#80,.F.);
#1767 = B_SPLINE_SURFACE_WITH_KNOTS('',1,1,(
    (#1768,#1769)
    ,(#1770,#1771
    )),.UNSPECIFIED.,.F.,.F.,.F.,(2,2),(2,2),(-0.8,0.8),(0.,
    0.406970514902),.PIECEWISE_BEZIER_KNOTS.);
#1768 = CARTESIAN_POINT('',(0.8,-0.525,0.5625005879));
#1769 = CARTESIAN_POINT('',(0.8,-0.6,0.1625005879));
#1770 = CARTESIAN_POINT('',(-0.8,-0.525,0.5625005879));
#1771 = CARTESIAN_POINT('',(-0.8,-0.6,0.1625005879));
#1772 = ADVANCED_FACE('',(#1773),#1783,.T.);
#1773 = FACE_BOUND('',#1774,.T.);
#1774 = EDGE_LOOP('',(#1775,#1776,#1777,#1782));
#1775 = ORIENTED_EDGE('',*,*,#116,.T.);
#1776 = ORIENTED_EDGE('',*,*,#96,.F.);
#1777 = ORIENTED_EDGE('',*,*,#1778,.F.);
#1778 = EDGE_CURVE('',#872,#90,#1779,.T.);
#1779 = B_SPLINE_CURVE_WITH_KNOTS('',1,(#1780,#1781),.UNSPECIFIED.,.F.,
  .F.,(2,2),(-0.54522018923,-0.131396555299),.PIECEWISE_BEZIER_KNOTS.);
#1780 = CARTESIAN_POINT('',(0.8,0.6,0.1625005879));
#1781 = CARTESIAN_POINT('',(0.725,0.525,0.5625005879));
#1782 = ORIENTED_EDGE('',*,*,#871,.F.);
#1783 = B_SPLINE_SURFACE_WITH_KNOTS('',1,1,(
    (#1784,#1785)
    ,(#1786,#1787
    )),.UNSPECIFIED.,.F.,.F.,.F.,(2,2),(2,2),(-0.8,0.8),(0.,
    0.406970514902),.PIECEWISE_BEZIER_KNOTS.);
#1784 = CARTESIAN_POINT('',(-0.8,0.525,0.5625005879));
#1785 = CARTESIAN_POINT('',(-0.8,0.6,0.1625005879));
#1786 = CARTESIAN_POINT('',(0.8,0.525,0.5625005879));
#1787 = CARTESIAN_POINT('',(0.8,0.6,0.1625005879));
#1788 = ADVANCED_FACE('',(#1789),#1795,.T.);
#1789 = FACE_BOUND('',#1790,.T.);
#1790 = EDGE_LOOP('',(#1791,#1792,#1793,#1794));
#1791 = ORIENTED_EDGE('',*,*,#1762,.T.);
#1792 = ORIENTED_EDGE('',*,*,#1085,.F.);
#1793 = ORIENTED_EDGE('',*,*,#1778,.T.);
#1794 = ORIENTED_EDGE('',*,*,#89,.F.);
#1795 = B_SPLINE_SURFACE_WITH_KNOTS('',1,1,(
    (#1796,#1797)
    ,(#1798,#1799
    )),.UNSPECIFIED.,.F.,.F.,.F.,(2,2),(2,2),(-0.6,0.6),(0.,
    0.406970514902),.PIECEWISE_BEZIER_KNOTS.);
#1796 = CARTESIAN_POINT('',(0.725,0.6,0.5625005879));
#1797 = CARTESIAN_POINT('',(0.8,0.6,0.1625005879));
#1798 = CARTESIAN_POINT('',(0.725,-0.6,0.5625005879));
#1799 = CARTESIAN_POINT('',(0.8,-0.6,0.1625005879));
#1800 = ADVANCED_FACE('',(#1801),#1823,.T.);
#1801 = FACE_BOUND('',#1802,.T.);
#1802 = EDGE_LOOP('',(#1803,#1810,#1811,#1818));
#1803 = ORIENTED_EDGE('',*,*,#1804,.T.);
#1804 = EDGE_CURVE('',#1805,#631,#1807,.T.);
#1805 = VERTEX_POINT('',#1806);
#1806 = CARTESIAN_POINT('',(-0.174487823365,-0.1,6.000058790021E-02));
#1807 = B_SPLINE_CURVE_WITH_KNOTS('',1,(#1808,#1809),.UNSPECIFIED.,.F.,
  .F.,(2,2),(-1.E-02,0.),.PIECEWISE_BEZIER_KNOTS.);
#1808 = CARTESIAN_POINT('',(-0.174487823365,-0.1,6.000058790021E-02));
#1809 = CARTESIAN_POINT('',(-0.174487823365,-0.1,5.000058790021E-02));
#1810 = ORIENTED_EDGE('',*,*,#630,.T.);
#1811 = ORIENTED_EDGE('',*,*,#1812,.F.);
#1812 = EDGE_CURVE('',#1813,#619,#1815,.T.);
#1813 = VERTEX_POINT('',#1814);
#1814 = CARTESIAN_POINT('',(-0.174487823365,-6.352747104407E-18,
    6.000058790021E-02));
#1815 = B_SPLINE_CURVE_WITH_KNOTS('',1,(#1816,#1817),.UNSPECIFIED.,.F.,
  .F.,(2,2),(-1.E-02,0.),.PIECEWISE_BEZIER_KNOTS.);
#1816 = CARTESIAN_POINT('',(-0.174487823365,-6.352747104407E-18,
    6.000058790021E-02));
#1817 = CARTESIAN_POINT('',(-0.174487823365,-6.352747104407E-18,
    5.000058790021E-02));
#1818 = ORIENTED_EDGE('',*,*,#1819,.F.);
#1819 = EDGE_CURVE('',#1805,#1813,#1820,.T.);
#1820 = B_SPLINE_CURVE_WITH_KNOTS('',1,(#1821,#1822),.UNSPECIFIED.,.F.,
  .F.,(2,2),(-0.1,-6.352747104407E-18),.PIECEWISE_BEZIER_KNOTS.);
#1821 = CARTESIAN_POINT('',(-0.174487823365,-0.1,6.000058790021E-02));
#1822 = CARTESIAN_POINT('',(-0.174487823365,-6.352747104407E-18,
    6.000058790021E-02));
#1823 = B_SPLINE_SURFACE_WITH_KNOTS('',1,1,(
    (#1824,#1825)
    ,(#1826,#1827
    )),.UNSPECIFIED.,.F.,.F.,.F.,(2,2),(2,2),(0.,0.1),(0.,1.E-02),
  .PIECEWISE_BEZIER_KNOTS.);
#1824 = CARTESIAN_POINT('',(-0.174487823365,-0.1,5.000058790021E-02));
#1825 = CARTESIAN_POINT('',(-0.174487823365,-0.1,6.000058790021E-02));
#1826 = CARTESIAN_POINT('',(-0.174487823365,0.,5.000058790021E-02));
#1827 = CARTESIAN_POINT('',(-0.174487823365,0.,6.000058790021E-02));
#1828 = ADVANCED_FACE('',(#1829),#1845,.T.);
#1829 = FACE_BOUND('',#1830,.T.);
#1830 = EDGE_LOOP('',(#1831,#1832,#1833,#1840));
#1831 = ORIENTED_EDGE('',*,*,#1812,.T.);
#1832 = ORIENTED_EDGE('',*,*,#618,.T.);
#1833 = ORIENTED_EDGE('',*,*,#1834,.F.);
#1834 = EDGE_CURVE('',#1835,#621,#1837,.T.);
#1835 = VERTEX_POINT('',#1836);
#1836 = CARTESIAN_POINT('',(-0.12326831117,4.298692207316E-17,
    6.000058790021E-02));
#1837 = B_SPLINE_CURVE_WITH_KNOTS('',1,(#1838,#1839),.UNSPECIFIED.,.F.,
  .F.,(2,2),(-1.E-02,0.),.PIECEWISE_BEZIER_KNOTS.);
#1838 = CARTESIAN_POINT('',(-0.12326831117,9.232659125072E-17,
    6.000058790021E-02));
#1839 = CARTESIAN_POINT('',(-0.12326831117,9.232659125072E-17,
    5.000058790021E-02));
#1840 = ORIENTED_EDGE('',*,*,#1841,.F.);
#1841 = EDGE_CURVE('',#1813,#1835,#1842,.T.);
#1842 = B_SPLINE_CURVE_WITH_KNOTS('',1,(#1843,#1844),.UNSPECIFIED.,.F.,
  .F.,(2,2),(-0.174487823365,-0.12326831117),.PIECEWISE_BEZIER_KNOTS.);
#1843 = CARTESIAN_POINT('',(-0.174487823365,-6.352747104407E-18,
    6.000058790021E-02));
#1844 = CARTESIAN_POINT('',(-0.12326831117,-6.352747104407E-18,
    6.000058790021E-02));
#1845 = B_SPLINE_SURFACE_WITH_KNOTS('',1,1,(
    (#1846,#1847)
    ,(#1848,#1849
    )),.UNSPECIFIED.,.F.,.F.,.F.,(2,2),(2,2),(0.,5.121951219512E-02),(0.
    ,1.E-02),.PIECEWISE_BEZIER_KNOTS.);
#1846 = CARTESIAN_POINT('',(-0.174487823365,-6.352747104407E-18,
    5.000058790021E-02));
#1847 = CARTESIAN_POINT('',(-0.174487823365,-6.352747104407E-18,
    6.000058790021E-02));
#1848 = CARTESIAN_POINT('',(-0.12326831117,1.790812938953E-16,
    5.000058790021E-02));
#1849 = CARTESIAN_POINT('',(-0.12326831117,1.790812938953E-16,
    6.000058790021E-02));
#1850 = ADVANCED_FACE('',(#1851),#1867,.T.);
#1851 = FACE_BOUND('',#1852,.T.);
#1852 = EDGE_LOOP('',(#1853,#1854,#1855,#1862));
#1853 = ORIENTED_EDGE('',*,*,#1834,.T.);
#1854 = ORIENTED_EDGE('',*,*,#670,.T.);
#1855 = ORIENTED_EDGE('',*,*,#1856,.F.);
#1856 = EDGE_CURVE('',#1857,#661,#1859,.T.);
#1857 = VERTEX_POINT('',#1858);
#1858 = CARTESIAN_POINT('',(-0.12326831117,-1.09756097561E-02,
    6.000058790021E-02));
#1859 = B_SPLINE_CURVE_WITH_KNOTS('',1,(#1860,#1861),.UNSPECIFIED.,.F.,
  .F.,(2,2),(-1.E-02,0.),.PIECEWISE_BEZIER_KNOTS.);
#1860 = CARTESIAN_POINT('',(-0.12326831117,-1.09756097561E-02,
    6.000058790021E-02));
#1861 = CARTESIAN_POINT('',(-0.12326831117,-1.09756097561E-02,
    5.000058790021E-02));
#1862 = ORIENTED_EDGE('',*,*,#1863,.F.);
#1863 = EDGE_CURVE('',#1835,#1857,#1864,.T.);
#1864 = B_SPLINE_CURVE_WITH_KNOTS('',1,(#1865,#1866),.UNSPECIFIED.,.F.,
  .F.,(2,2),(-4.298692207316E-17,1.09756097561E-02),
  .PIECEWISE_BEZIER_KNOTS.);
#1865 = CARTESIAN_POINT('',(-0.12326831117,4.298692207316E-17,
    6.000058790021E-02));
#1866 = CARTESIAN_POINT('',(-0.12326831117,-1.09756097561E-02,
    6.000058790021E-02));
#1867 = B_SPLINE_SURFACE_WITH_KNOTS('',1,1,(
    (#1868,#1869)
    ,(#1870,#1871
    )),.UNSPECIFIED.,.F.,.F.,.F.,(2,2),(2,2),(0.,1.09756097561E-02),(0.,
    1.E-02),.PIECEWISE_BEZIER_KNOTS.);
#1868 = CARTESIAN_POINT('',(-0.12326831117,9.232659125072E-17,
    5.000058790021E-02));
#1869 = CARTESIAN_POINT('',(-0.12326831117,9.232659125072E-17,
    6.000058790021E-02));
#1870 = CARTESIAN_POINT('',(-0.12326831117,-1.09756097561E-02,
    5.000058790021E-02));
#1871 = CARTESIAN_POINT('',(-0.12326831117,-1.09756097561E-02,
    6.000058790021E-02));
#1872 = ADVANCED_FACE('',(#1873),#1889,.T.);
#1873 = FACE_BOUND('',#1874,.T.);
#1874 = EDGE_LOOP('',(#1875,#1876,#1877,#1884));
#1875 = ORIENTED_EDGE('',*,*,#1856,.T.);
#1876 = ORIENTED_EDGE('',*,*,#660,.T.);
#1877 = ORIENTED_EDGE('',*,*,#1878,.F.);
#1878 = EDGE_CURVE('',#1879,#651,#1881,.T.);
#1879 = VERTEX_POINT('',#1880);
#1880 = CARTESIAN_POINT('',(-0.161073189219,-1.09756097561E-02,
    6.000058790021E-02));
#1881 = B_SPLINE_CURVE_WITH_KNOTS('',1,(#1882,#1883),.UNSPECIFIED.,.F.,
  .F.,(2,2),(-1.E-02,0.),.PIECEWISE_BEZIER_KNOTS.);
#1882 = CARTESIAN_POINT('',(-0.161073189219,-1.09756097561E-02,
    6.000058790021E-02));
#1883 = CARTESIAN_POINT('',(-0.161073189219,-1.09756097561E-02,
    5.000058790021E-02));
#1884 = ORIENTED_EDGE('',*,*,#1885,.F.);
#1885 = EDGE_CURVE('',#1857,#1879,#1886,.T.);
#1886 = B_SPLINE_CURVE_WITH_KNOTS('',1,(#1887,#1888),.UNSPECIFIED.,.F.,
  .F.,(2,2),(0.12326831117,0.161073189219),.PIECEWISE_BEZIER_KNOTS.);
#1887 = CARTESIAN_POINT('',(-0.12326831117,-1.09756097561E-02,
    6.000058790021E-02));
#1888 = CARTESIAN_POINT('',(-0.161073189219,-1.09756097561E-02,
    6.000058790021E-02));
#1889 = B_SPLINE_SURFACE_WITH_KNOTS('',1,1,(
    (#1890,#1891)
    ,(#1892,#1893
    )),.UNSPECIFIED.,.F.,.F.,.F.,(2,2),(2,2),(0.,3.780487804878E-02),(0.
    ,1.E-02),.PIECEWISE_BEZIER_KNOTS.);
#1890 = CARTESIAN_POINT('',(-0.12326831117,-1.09756097561E-02,
    5.000058790021E-02));
#1891 = CARTESIAN_POINT('',(-0.12326831117,-1.09756097561E-02,
    6.000058790021E-02));
#1892 = CARTESIAN_POINT('',(-0.161073189219,-1.09756097561E-02,
    5.000058790021E-02));
#1893 = CARTESIAN_POINT('',(-0.161073189219,-1.09756097561E-02,
    6.000058790021E-02));
#1894 = ADVANCED_FACE('',(#1895),#1911,.T.);
#1895 = FACE_BOUND('',#1896,.T.);
#1896 = EDGE_LOOP('',(#1897,#1898,#1899,#1906));
#1897 = ORIENTED_EDGE('',*,*,#1878,.T.);
#1898 = ORIENTED_EDGE('',*,*,#650,.T.);
#1899 = ORIENTED_EDGE('',*,*,#1900,.F.);
#1900 = EDGE_CURVE('',#1901,#641,#1903,.T.);
#1901 = VERTEX_POINT('',#1902);
#1902 = CARTESIAN_POINT('',(-0.161073189219,-0.1,6.000058790021E-02));
#1903 = B_SPLINE_CURVE_WITH_KNOTS('',1,(#1904,#1905),.UNSPECIFIED.,.F.,
  .F.,(2,2),(-1.E-02,0.),.PIECEWISE_BEZIER_KNOTS.);
#1904 = CARTESIAN_POINT('',(-0.161073189219,-0.1,6.000058790021E-02));
#1905 = CARTESIAN_POINT('',(-0.161073189219,-0.1,5.000058790021E-02));
#1906 = ORIENTED_EDGE('',*,*,#1907,.F.);
#1907 = EDGE_CURVE('',#1879,#1901,#1908,.T.);
#1908 = B_SPLINE_CURVE_WITH_KNOTS('',1,(#1909,#1910),.UNSPECIFIED.,.F.,
  .F.,(2,2),(1.09756097561E-02,0.1),.PIECEWISE_BEZIER_KNOTS.);
#1909 = CARTESIAN_POINT('',(-0.161073189219,-1.09756097561E-02,
    6.000058790021E-02));
#1910 = CARTESIAN_POINT('',(-0.161073189219,-0.1,6.000058790021E-02));
#1911 = B_SPLINE_SURFACE_WITH_KNOTS('',1,1,(
    (#1912,#1913)
    ,(#1914,#1915
    )),.UNSPECIFIED.,.F.,.F.,.F.,(2,2),(2,2),(-3.469446951954E-17,
    8.90243902439E-02),(0.,1.E-02),.PIECEWISE_BEZIER_KNOTS.);
#1912 = CARTESIAN_POINT('',(-0.161073189219,-1.09756097561E-02,
    5.000058790021E-02));
#1913 = CARTESIAN_POINT('',(-0.161073189219,-1.09756097561E-02,
    6.000058790021E-02));
#1914 = CARTESIAN_POINT('',(-0.161073189219,-0.1,5.000058790021E-02));
#1915 = CARTESIAN_POINT('',(-0.161073189219,-0.1,6.000058790021E-02));
#1916 = ADVANCED_FACE('',(#1917),#1927,.T.);
#1917 = FACE_BOUND('',#1918,.T.);
#1918 = EDGE_LOOP('',(#1919,#1924,#1925,#1926));
#1919 = ORIENTED_EDGE('',*,*,#1920,.F.);
#1920 = EDGE_CURVE('',#1901,#1805,#1921,.T.);
#1921 = B_SPLINE_CURVE_WITH_KNOTS('',1,(#1922,#1923),.UNSPECIFIED.,.F.,
  .F.,(2,2),(0.161073189219,0.174487823365),.PIECEWISE_BEZIER_KNOTS.);
#1922 = CARTESIAN_POINT('',(-0.161073189219,-0.1,6.000058790021E-02));
#1923 = CARTESIAN_POINT('',(-0.174487823365,-0.1,6.000058790021E-02));
#1924 = ORIENTED_EDGE('',*,*,#1900,.T.);
#1925 = ORIENTED_EDGE('',*,*,#640,.T.);
#1926 = ORIENTED_EDGE('',*,*,#1804,.F.);
#1927 = B_SPLINE_SURFACE_WITH_KNOTS('',1,1,(
    (#1928,#1929)
    ,(#1930,#1931
    )),.UNSPECIFIED.,.F.,.F.,.F.,(2,2),(2,2),(0.,1.341463414634E-02),(0.
    ,1.E-02),.PIECEWISE_BEZIER_KNOTS.);
#1928 = CARTESIAN_POINT('',(-0.161073189219,-0.1,5.000058790021E-02));
#1929 = CARTESIAN_POINT('',(-0.161073189219,-0.1,6.000058790021E-02));
#1930 = CARTESIAN_POINT('',(-0.174487823365,-0.1,5.000058790021E-02));
#1931 = CARTESIAN_POINT('',(-0.174487823365,-0.1,6.000058790021E-02));
#1932 = ADVANCED_FACE('',(#1933),#1941,.F.);
#1933 = FACE_BOUND('',#1934,.T.);
#1934 = EDGE_LOOP('',(#1935,#1936,#1937,#1938,#1939,#1940));
#1935 = ORIENTED_EDGE('',*,*,#1907,.T.);
#1936 = ORIENTED_EDGE('',*,*,#1920,.T.);
#1937 = ORIENTED_EDGE('',*,*,#1819,.T.);
#1938 = ORIENTED_EDGE('',*,*,#1841,.T.);
#1939 = ORIENTED_EDGE('',*,*,#1863,.T.);
#1940 = ORIENTED_EDGE('',*,*,#1885,.T.);
#1941 = B_SPLINE_SURFACE_WITH_KNOTS('',1,1,(
    (#1942,#1943)
    ,(#1944,#1945
    )),.UNSPECIFIED.,.F.,.F.,.F.,(2,2),(2,2),(-0.174487823365,
    -0.12326831117),(-0.1,4.298692207316E-17),.PIECEWISE_BEZIER_KNOTS.);
#1942 = CARTESIAN_POINT('',(-0.174487823365,-0.1,6.000058790021E-02));
#1943 = CARTESIAN_POINT('',(-0.174487823365,4.298692207316E-17,
    6.000058790021E-02));
#1944 = CARTESIAN_POINT('',(-0.12326831117,-0.1,6.000058790021E-02));
#1945 = CARTESIAN_POINT('',(-0.12326831117,4.298692207316E-17,
    6.000058790021E-02));
#1946 = ADVANCED_FACE('',(#1947),#1972,.F.);
#1947 = FACE_BOUND('',#1948,.F.);
#1948 = EDGE_LOOP('',(#1949,#1961,#1966,#1967));
#1949 = ORIENTED_EDGE('',*,*,#1950,.T.);
#1950 = EDGE_CURVE('',#1951,#1953,#1955,.T.);
#1951 = VERTEX_POINT('',#1952);
#1952 = CARTESIAN_POINT('',(-6.375992702396E-02,-9.024390243902E-02,
    6.000058790021E-02));
#1953 = VERTEX_POINT('',#1954);
#1954 = CARTESIAN_POINT('',(-4.034148190201E-02,-8.384146341463E-02,
    6.000058790021E-02));
#1955 = B_SPLINE_CURVE_WITH_KNOTS('',3,(#1956,#1957,#1958,#1959,#1960),
  .UNSPECIFIED.,.F.,.F.,(4,1,4),(0.,0.440436656024,1.),.UNSPECIFIED.);
#1956 = CARTESIAN_POINT('',(-6.375992702396E-02,-9.024390243902E-02,
    6.000058790021E-02));
#1957 = CARTESIAN_POINT('',(-6.013098899937E-02,-9.005013801997E-02,
    6.000058790021E-02));
#1958 = CARTESIAN_POINT('',(-5.18915793704E-02,-8.961020093388E-02,
    6.000058790021E-02));
#1959 = CARTESIAN_POINT('',(-4.448559774548E-02,-8.591125690475E-02,
    6.000058790021E-02));
#1960 = CARTESIAN_POINT('',(-4.034148190201E-02,-8.384146341463E-02,
    6.000058790021E-02));
#1961 = ORIENTED_EDGE('',*,*,#1962,.T.);
#1962 = EDGE_CURVE('',#1953,#683,#1963,.T.);
#1963 = B_SPLINE_CURVE_WITH_KNOTS('',1,(#1964,#1965),.UNSPECIFIED.,.F.,
  .F.,(2,2),(-1.E-02,0.),.PIECEWISE_BEZIER_KNOTS.);
#1964 = CARTESIAN_POINT('',(-4.034148190201E-02,-8.384146341463E-02,
    6.000058790021E-02));
#1965 = CARTESIAN_POINT('',(-4.034148190201E-02,-8.384146341463E-02,
    5.000058790021E-02));
#1966 = ORIENTED_EDGE('',*,*,#680,.F.);
#1967 = ORIENTED_EDGE('',*,*,#1968,.F.);
#1968 = EDGE_CURVE('',#1951,#681,#1969,.T.);
#1969 = B_SPLINE_CURVE_WITH_KNOTS('',1,(#1970,#1971),.UNSPECIFIED.,.F.,
  .F.,(2,2),(-1.E-02,0.),.PIECEWISE_BEZIER_KNOTS.);
#1970 = CARTESIAN_POINT('',(-6.375992702396E-02,-9.024390243902E-02,
    6.000058790021E-02));
#1971 = CARTESIAN_POINT('',(-6.375992702396E-02,-9.024390243902E-02,
    5.000058790021E-02));
#1972 = B_SPLINE_SURFACE_WITH_KNOTS('',3,1,(
    (#1973,#1974)
    ,(#1975,#1976)
    ,(#1977,#1978)
    ,(#1979,#1980)
    ,(#1981,#1982
    )),.UNSPECIFIED.,.F.,.F.,.F.,(4,1,4),(2,2),(0.,0.559563343976,1.),(
    0.,1.),.UNSPECIFIED.);
#1973 = CARTESIAN_POINT('',(-4.034148190201E-02,-8.384146341463E-02,
    5.000058790021E-02));
#1974 = CARTESIAN_POINT('',(-4.034148190201E-02,-8.384146341463E-02,
    6.000058790021E-02));
#1975 = CARTESIAN_POINT('',(-4.448559774548E-02,-8.591125690475E-02,
    5.000058790021E-02));
#1976 = CARTESIAN_POINT('',(-4.448559774548E-02,-8.591125690475E-02,
    6.000058790021E-02));
#1977 = CARTESIAN_POINT('',(-5.18915793704E-02,-8.961020093388E-02,
    5.000058790021E-02));
#1978 = CARTESIAN_POINT('',(-5.18915793704E-02,-8.961020093388E-02,
    6.000058790021E-02));
#1979 = CARTESIAN_POINT('',(-6.013098899937E-02,-9.005013801997E-02,
    5.000058790021E-02));
#1980 = CARTESIAN_POINT('',(-6.013098899937E-02,-9.005013801997E-02,
    6.000058790021E-02));
#1981 = CARTESIAN_POINT('',(-6.375992702396E-02,-9.024390243902E-02,
    5.000058790021E-02));
#1982 = CARTESIAN_POINT('',(-6.375992702396E-02,-9.024390243902E-02,
    6.000058790021E-02));
#1983 = ADVANCED_FACE('',(#1984),#2000,.T.);
#1984 = FACE_BOUND('',#1985,.T.);
#1985 = EDGE_LOOP('',(#1986,#1987,#1988,#1995));
#1986 = ORIENTED_EDGE('',*,*,#1962,.T.);
#1987 = ORIENTED_EDGE('',*,*,#772,.T.);
#1988 = ORIENTED_EDGE('',*,*,#1989,.F.);
#1989 = EDGE_CURVE('',#1990,#763,#1992,.T.);
#1990 = VERTEX_POINT('',#1991);
#1991 = CARTESIAN_POINT('',(-4.034148190201E-02,-9.725609756098E-02,
    6.000058790021E-02));
#1992 = B_SPLINE_CURVE_WITH_KNOTS('',1,(#1993,#1994),.UNSPECIFIED.,.F.,
  .F.,(2,2),(-1.E-02,0.),.PIECEWISE_BEZIER_KNOTS.);
#1993 = CARTESIAN_POINT('',(-4.034148190201E-02,-9.725609756098E-02,
    6.000058790021E-02));
#1994 = CARTESIAN_POINT('',(-4.034148190201E-02,-9.725609756098E-02,
    5.000058790021E-02));
#1995 = ORIENTED_EDGE('',*,*,#1996,.F.);
#1996 = EDGE_CURVE('',#1953,#1990,#1997,.T.);
#1997 = B_SPLINE_CURVE_WITH_KNOTS('',1,(#1998,#1999),.UNSPECIFIED.,.F.,
  .F.,(2,2),(8.384146341463E-02,9.725609756098E-02),
  .PIECEWISE_BEZIER_KNOTS.);
#1998 = CARTESIAN_POINT('',(-4.034148190201E-02,-8.384146341463E-02,
    6.000058790021E-02));
#1999 = CARTESIAN_POINT('',(-4.034148190201E-02,-9.725609756098E-02,
    6.000058790021E-02));
#2000 = B_SPLINE_SURFACE_WITH_KNOTS('',1,1,(
    (#2001,#2002)
    ,(#2003,#2004
    )),.UNSPECIFIED.,.F.,.F.,.F.,(2,2),(2,2),(0.,1.341463414634E-02),(0.
    ,1.E-02),.PIECEWISE_BEZIER_KNOTS.);
#2001 = CARTESIAN_POINT('',(-4.034148190201E-02,-8.384146341463E-02,
    5.000058790021E-02));
#2002 = CARTESIAN_POINT('',(-4.034148190201E-02,-8.384146341463E-02,
    6.000058790021E-02));
#2003 = CARTESIAN_POINT('',(-4.034148190201E-02,-9.725609756098E-02,
    5.000058790021E-02));
#2004 = CARTESIAN_POINT('',(-4.034148190201E-02,-9.725609756098E-02,
    6.000058790021E-02));
#2005 = ADVANCED_FACE('',(#2006),#2025,.F.);
#2006 = FACE_BOUND('',#2007,.F.);
#2007 = EDGE_LOOP('',(#2008,#2018,#2023,#2024));
#2008 = ORIENTED_EDGE('',*,*,#2009,.T.);
#2009 = EDGE_CURVE('',#1990,#2010,#2012,.T.);
#2010 = VERTEX_POINT('',#2011);
#2011 = CARTESIAN_POINT('',(-6.387425629226E-02,-0.101219512195,
    6.000058790021E-02));
#2012 = B_SPLINE_CURVE_WITH_KNOTS('',3,(#2013,#2014,#2015,#2016,#2017),
  .UNSPECIFIED.,.F.,.F.,(4,1,4),(0.,0.43977387616,1.),.UNSPECIFIED.);
#2013 = CARTESIAN_POINT('',(-4.034148190201E-02,-9.725609756098E-02,
    6.000058790021E-02));
#2014 = CARTESIAN_POINT('',(-4.369364961849E-02,-9.837630013403E-02,
    6.000058790021E-02));
#2015 = CARTESIAN_POINT('',(-5.131612993892E-02,-0.100923524137,
    6.000058790021E-02));
#2016 = CARTESIAN_POINT('',(-5.936504423503E-02,-0.101113232573,
    6.000058790021E-02));
#2017 = CARTESIAN_POINT('',(-6.387425629226E-02,-0.101219512195,
    6.000058790021E-02));
#2018 = ORIENTED_EDGE('',*,*,#2019,.T.);
#2019 = EDGE_CURVE('',#2010,#753,#2020,.T.);
#2020 = B_SPLINE_CURVE_WITH_KNOTS('',1,(#2021,#2022),.UNSPECIFIED.,.F.,
  .F.,(2,2),(-1.E-02,0.),.PIECEWISE_BEZIER_KNOTS.);
#2021 = CARTESIAN_POINT('',(-6.387425629226E-02,-0.101219512195,
    6.000058790021E-02));
#2022 = CARTESIAN_POINT('',(-6.387425629226E-02,-0.101219512195,
    5.000058790021E-02));
#2023 = ORIENTED_EDGE('',*,*,#762,.F.);
#2024 = ORIENTED_EDGE('',*,*,#1989,.F.);
#2025 = B_SPLINE_SURFACE_WITH_KNOTS('',3,1,(
    (#2026,#2027)
    ,(#2028,#2029)
    ,(#2030,#2031)
    ,(#2032,#2033)
    ,(#2034,#2035
    )),.UNSPECIFIED.,.F.,.F.,.F.,(4,1,4),(2,2),(0.,0.56022612384,1.),(0.
    ,1.),.UNSPECIFIED.);
#2026 = CARTESIAN_POINT('',(-6.387425629226E-02,-0.101219512195,
    5.000058790021E-02));
#2027 = CARTESIAN_POINT('',(-6.387425629226E-02,-0.101219512195,
    6.000058790021E-02));
#2028 = CARTESIAN_POINT('',(-5.936504423503E-02,-0.101113232573,
    5.000058790021E-02));
#2029 = CARTESIAN_POINT('',(-5.936504423503E-02,-0.101113232573,
    6.000058790021E-02));
#2030 = CARTESIAN_POINT('',(-5.131612993892E-02,-0.100923524137,
    5.000058790021E-02));
#2031 = CARTESIAN_POINT('',(-5.131612993892E-02,-0.100923524137,
    6.000058790021E-02));
#2032 = CARTESIAN_POINT('',(-4.369364961849E-02,-9.837630013403E-02,
    5.000058790021E-02));
#2033 = CARTESIAN_POINT('',(-4.369364961849E-02,-9.837630013403E-02,
    6.000058790021E-02));
#2034 = CARTESIAN_POINT('',(-4.034148190201E-02,-9.725609756098E-02,
    5.000058790021E-02));
#2035 = CARTESIAN_POINT('',(-4.034148190201E-02,-9.725609756098E-02,
    6.000058790021E-02));
#2036 = ADVANCED_FACE('',(#2037),#2056,.F.);
#2037 = FACE_BOUND('',#2038,.F.);
#2038 = EDGE_LOOP('',(#2039,#2049,#2054,#2055));
#2039 = ORIENTED_EDGE('',*,*,#2040,.T.);
#2040 = EDGE_CURVE('',#2010,#2041,#2043,.T.);
#2041 = VERTEX_POINT('',#2042);
#2042 = CARTESIAN_POINT('',(-0.114731725804,-4.811356707317E-02,
    6.000058790021E-02));
#2043 = B_SPLINE_CURVE_WITH_KNOTS('',3,(#2044,#2045,#2046,#2047,#2048),
  .UNSPECIFIED.,.F.,.F.,(4,1,4),(0.,0.442601358367,1.),.UNSPECIFIED.);
#2044 = CARTESIAN_POINT('',(-6.387425629226E-02,-0.101219512195,
    6.000058790021E-02));
#2045 = CARTESIAN_POINT('',(-7.651218137719E-02,-9.882881465647E-02,
    6.000058790021E-02));
#2046 = CARTESIAN_POINT('',(-0.105065923579,-9.34273456066E-02,
    6.000058790021E-02));
#2047 = CARTESIAN_POINT('',(-0.111272300011,-6.433153331931E-02,
    6.000058790021E-02));
#2048 = CARTESIAN_POINT('',(-0.114731725804,-4.811356707317E-02,
    6.000058790021E-02));
#2049 = ORIENTED_EDGE('',*,*,#2050,.T.);
#2050 = EDGE_CURVE('',#2041,#743,#2051,.T.);
#2051 = B_SPLINE_CURVE_WITH_KNOTS('',1,(#2052,#2053),.UNSPECIFIED.,.F.,
  .F.,(2,2),(-1.E-02,0.),.PIECEWISE_BEZIER_KNOTS.);
#2052 = CARTESIAN_POINT('',(-0.114731725804,-4.811356707317E-02,
    6.000058790021E-02));
#2053 = CARTESIAN_POINT('',(-0.114731725804,-4.811356707317E-02,
    5.000058790021E-02));
#2054 = ORIENTED_EDGE('',*,*,#752,.F.);
#2055 = ORIENTED_EDGE('',*,*,#2019,.F.);
#2056 = B_SPLINE_SURFACE_WITH_KNOTS('',3,1,(
    (#2057,#2058)
    ,(#2059,#2060)
    ,(#2061,#2062)
    ,(#2063,#2064)
    ,(#2065,#2066
    )),.UNSPECIFIED.,.F.,.F.,.F.,(4,1,4),(2,2),(0.,0.557398641633,1.),(
    0.,1.),.UNSPECIFIED.);
#2057 = CARTESIAN_POINT('',(-0.114731725804,-4.811356707317E-02,
    5.000058790021E-02));
#2058 = CARTESIAN_POINT('',(-0.114731725804,-4.811356707317E-02,
    6.000058790021E-02));
#2059 = CARTESIAN_POINT('',(-0.111272300011,-6.433153331931E-02,
    5.000058790021E-02));
#2060 = CARTESIAN_POINT('',(-0.111272300011,-6.433153331931E-02,
    6.000058790021E-02));
#2061 = CARTESIAN_POINT('',(-0.105065923579,-9.34273456066E-02,
    5.000058790021E-02));
#2062 = CARTESIAN_POINT('',(-0.105065923579,-9.34273456066E-02,
    6.000058790021E-02));
#2063 = CARTESIAN_POINT('',(-7.651218137719E-02,-9.882881465647E-02,
    5.000058790021E-02));
#2064 = CARTESIAN_POINT('',(-7.651218137719E-02,-9.882881465647E-02,
    6.000058790021E-02));
#2065 = CARTESIAN_POINT('',(-6.387425629226E-02,-0.101219512195,
    5.000058790021E-02));
#2066 = CARTESIAN_POINT('',(-6.387425629226E-02,-0.101219512195,
    6.000058790021E-02));
#2067 = ADVANCED_FACE('',(#2068),#2087,.F.);
#2068 = FACE_BOUND('',#2069,.F.);
#2069 = EDGE_LOOP('',(#2070,#2080,#2085,#2086));
#2070 = ORIENTED_EDGE('',*,*,#2071,.T.);
#2071 = EDGE_CURVE('',#2041,#2072,#2074,.T.);
#2072 = VERTEX_POINT('',#2073);
#2073 = CARTESIAN_POINT('',(-6.785672580445E-02,1.219512195122E-03,
    6.000058790021E-02));
#2074 = B_SPLINE_CURVE_WITH_KNOTS('',3,(#2075,#2076,#2077,#2078,#2079),
  .UNSPECIFIED.,.F.,.F.,(4,1,4),(0.,0.445339919852,1.),.UNSPECIFIED.);
#2075 = CARTESIAN_POINT('',(-0.114731725804,-4.811356707317E-02,
    6.000058790021E-02));
#2076 = CARTESIAN_POINT('',(-0.11311959392,-3.61881308972E-02,
    6.000058790021E-02));
#2077 = CARTESIAN_POINT('',(-0.109499590833,-9.409852902423E-03,
    6.000058790021E-02));
#2078 = CARTESIAN_POINT('',(-8.271375799401E-02,-2.572753762054E-03,
    6.000058790021E-02));
#2079 = CARTESIAN_POINT('',(-6.785672580445E-02,1.219512195122E-03,
    6.000058790021E-02));
#2080 = ORIENTED_EDGE('',*,*,#2081,.T.);
#2081 = EDGE_CURVE('',#2072,#733,#2082,.T.);
#2082 = B_SPLINE_CURVE_WITH_KNOTS('',1,(#2083,#2084),.UNSPECIFIED.,.F.,
  .F.,(2,2),(-1.E-02,0.),.PIECEWISE_BEZIER_KNOTS.);
#2083 = CARTESIAN_POINT('',(-6.785672580445E-02,1.219512195122E-03,
    6.000058790021E-02));
#2084 = CARTESIAN_POINT('',(-6.785672580445E-02,1.219512195122E-03,
    5.000058790021E-02));
#2085 = ORIENTED_EDGE('',*,*,#742,.F.);
#2086 = ORIENTED_EDGE('',*,*,#2050,.F.);
#2087 = B_SPLINE_SURFACE_WITH_KNOTS('',3,1,(
    (#2088,#2089)
    ,(#2090,#2091)
    ,(#2092,#2093)
    ,(#2094,#2095)
    ,(#2096,#2097
    )),.UNSPECIFIED.,.F.,.F.,.F.,(4,1,4),(2,2),(0.,0.554660080148,1.),(
    0.,1.),.UNSPECIFIED.);
#2088 = CARTESIAN_POINT('',(-6.785672580445E-02,1.219512195122E-03,
    5.000058790021E-02));
#2089 = CARTESIAN_POINT('',(-6.785672580445E-02,1.219512195122E-03,
    6.000058790021E-02));
#2090 = CARTESIAN_POINT('',(-8.271375799401E-02,-2.572753762054E-03,
    5.000058790021E-02));
#2091 = CARTESIAN_POINT('',(-8.271375799401E-02,-2.572753762054E-03,
    6.000058790021E-02));
#2092 = CARTESIAN_POINT('',(-0.109499590833,-9.409852902423E-03,
    5.000058790021E-02));
#2093 = CARTESIAN_POINT('',(-0.109499590833,-9.409852902423E-03,
    6.000058790021E-02));
#2094 = CARTESIAN_POINT('',(-0.11311959392,-3.61881308972E-02,
    5.000058790021E-02));
#2095 = CARTESIAN_POINT('',(-0.11311959392,-3.61881308972E-02,
    6.000058790021E-02));
#2096 = CARTESIAN_POINT('',(-0.114731725804,-4.811356707317E-02,
    5.000058790021E-02));
#2097 = CARTESIAN_POINT('',(-0.114731725804,-4.811356707317E-02,
    6.000058790021E-02));
#2098 = ADVANCED_FACE('',(#2099),#2118,.F.);
#2099 = FACE_BOUND('',#2100,.F.);
#2100 = EDGE_LOOP('',(#2101,#2111,#2116,#2117));
#2101 = ORIENTED_EDGE('',*,*,#2102,.T.);
#2102 = EDGE_CURVE('',#2072,#2103,#2105,.T.);
#2103 = VERTEX_POINT('',#2104);
#2104 = CARTESIAN_POINT('',(-4.034148190201E-02,-5.182926829268E-03,
    6.000058790021E-02));
#2105 = B_SPLINE_CURVE_WITH_KNOTS('',3,(#2106,#2107,#2108,#2109,#2110),
  .UNSPECIFIED.,.F.,.F.,(4,1,4),(0.,0.440890142866,1.),.UNSPECIFIED.);
#2106 = CARTESIAN_POINT('',(-6.785672580445E-02,1.219512195122E-03,
    6.000058790021E-02));
#2107 = CARTESIAN_POINT('',(-6.363474473804E-02,1.101800970014E-03,
    6.000058790021E-02));
#2108 = CARTESIAN_POINT('',(-5.40587060474E-02,8.348155837176E-04,
    6.000058790021E-02));
#2109 = CARTESIAN_POINT('',(-4.526059340471E-02,-3.024913982773E-03,
    6.000058790021E-02));
#2110 = CARTESIAN_POINT('',(-4.034148190201E-02,-5.182926829268E-03,
    6.000058790021E-02));
#2111 = ORIENTED_EDGE('',*,*,#2112,.T.);
#2112 = EDGE_CURVE('',#2103,#723,#2113,.T.);
#2113 = B_SPLINE_CURVE_WITH_KNOTS('',1,(#2114,#2115),.UNSPECIFIED.,.F.,
  .F.,(2,2),(-1.E-02,0.),.PIECEWISE_BEZIER_KNOTS.);
#2114 = CARTESIAN_POINT('',(-4.034148190201E-02,-5.182926829268E-03,
    6.000058790021E-02));
#2115 = CARTESIAN_POINT('',(-4.034148190201E-02,-5.182926829268E-03,
    5.000058790021E-02));
#2116 = ORIENTED_EDGE('',*,*,#732,.F.);
#2117 = ORIENTED_EDGE('',*,*,#2081,.F.);
#2118 = B_SPLINE_SURFACE_WITH_KNOTS('',3,1,(
    (#2119,#2120)
    ,(#2121,#2122)
    ,(#2123,#2124)
    ,(#2125,#2126)
    ,(#2127,#2128
    )),.UNSPECIFIED.,.F.,.F.,.F.,(4,1,4),(2,2),(0.,0.559109857134,1.),(
    0.,1.),.UNSPECIFIED.);
#2119 = CARTESIAN_POINT('',(-4.034148190201E-02,-5.182926829268E-03,
    5.000058790021E-02));
#2120 = CARTESIAN_POINT('',(-4.034148190201E-02,-5.182926829268E-03,
    6.000058790021E-02));
#2121 = CARTESIAN_POINT('',(-4.526059340471E-02,-3.024913982773E-03,
    5.000058790021E-02));
#2122 = CARTESIAN_POINT('',(-4.526059340471E-02,-3.024913982773E-03,
    6.000058790021E-02));
#2123 = CARTESIAN_POINT('',(-5.40587060474E-02,8.348155837176E-04,
    5.000058790021E-02));
#2124 = CARTESIAN_POINT('',(-5.40587060474E-02,8.348155837176E-04,
    6.000058790021E-02));
#2125 = CARTESIAN_POINT('',(-6.363474473804E-02,1.101800970014E-03,
    5.000058790021E-02));
#2126 = CARTESIAN_POINT('',(-6.363474473804E-02,1.101800970014E-03,
    6.000058790021E-02));
#2127 = CARTESIAN_POINT('',(-6.785672580445E-02,1.219512195122E-03,
    5.000058790021E-02));
#2128 = CARTESIAN_POINT('',(-6.785672580445E-02,1.219512195122E-03,
    6.000058790021E-02));
#2129 = ADVANCED_FACE('',(#2130),#2146,.T.);
#2130 = FACE_BOUND('',#2131,.T.);
#2131 = EDGE_LOOP('',(#2132,#2133,#2134,#2141));
#2132 = ORIENTED_EDGE('',*,*,#2112,.T.);
#2133 = ORIENTED_EDGE('',*,*,#722,.T.);
#2134 = ORIENTED_EDGE('',*,*,#2135,.F.);
#2135 = EDGE_CURVE('',#2136,#713,#2138,.T.);
#2136 = VERTEX_POINT('',#2137);
#2137 = CARTESIAN_POINT('',(-4.034148190201E-02,-1.615853658537E-02,
    6.000058790021E-02));
#2138 = B_SPLINE_CURVE_WITH_KNOTS('',1,(#2139,#2140),.UNSPECIFIED.,.F.,
  .F.,(2,2),(-1.E-02,0.),.PIECEWISE_BEZIER_KNOTS.);
#2139 = CARTESIAN_POINT('',(-4.034148190201E-02,-1.615853658537E-02,
    6.000058790021E-02));
#2140 = CARTESIAN_POINT('',(-4.034148190201E-02,-1.615853658537E-02,
    5.000058790021E-02));
#2141 = ORIENTED_EDGE('',*,*,#2142,.F.);
#2142 = EDGE_CURVE('',#2103,#2136,#2143,.T.);
#2143 = B_SPLINE_CURVE_WITH_KNOTS('',1,(#2144,#2145),.UNSPECIFIED.,.F.,
  .F.,(2,2),(5.182926829268E-03,1.615853658537E-02),
  .PIECEWISE_BEZIER_KNOTS.);
#2144 = CARTESIAN_POINT('',(-4.034148190201E-02,-5.182926829268E-03,
    6.000058790021E-02));
#2145 = CARTESIAN_POINT('',(-4.034148190201E-02,-1.615853658537E-02,
    6.000058790021E-02));
#2146 = B_SPLINE_SURFACE_WITH_KNOTS('',1,1,(
    (#2147,#2148)
    ,(#2149,#2150
    )),.UNSPECIFIED.,.F.,.F.,.F.,(2,2),(2,2),(0.,1.09756097561E-02),(0.,
    1.E-02),.PIECEWISE_BEZIER_KNOTS.);
#2147 = CARTESIAN_POINT('',(-4.034148190201E-02,-5.182926829268E-03,
    5.000058790021E-02));
#2148 = CARTESIAN_POINT('',(-4.034148190201E-02,-5.182926829268E-03,
    6.000058790021E-02));
#2149 = CARTESIAN_POINT('',(-4.034148190201E-02,-1.615853658537E-02,
    5.000058790021E-02));
#2150 = CARTESIAN_POINT('',(-4.034148190201E-02,-1.615853658537E-02,
    6.000058790021E-02));
#2151 = ADVANCED_FACE('',(#2152),#2171,.F.);
#2152 = FACE_BOUND('',#2153,.F.);
#2153 = EDGE_LOOP('',(#2154,#2164,#2169,#2170));
#2154 = ORIENTED_EDGE('',*,*,#2155,.T.);
#2155 = EDGE_CURVE('',#2136,#2156,#2158,.T.);
#2156 = VERTEX_POINT('',#2157);
#2157 = CARTESIAN_POINT('',(-6.600840263372E-02,-9.756097560976E-03,
    6.000058790021E-02));
#2158 = B_SPLINE_CURVE_WITH_KNOTS('',3,(#2159,#2160,#2161,#2162,#2163),
  .UNSPECIFIED.,.F.,.F.,(4,1,4),(0.,0.440010228627,1.),.UNSPECIFIED.);
#2159 = CARTESIAN_POINT('',(-4.034148190201E-02,-1.615853658537E-02,
    6.000058790021E-02));
#2160 = CARTESIAN_POINT('',(-4.389349646327E-02,-1.442302927724E-02,
    6.000058790021E-02));
#2161 = CARTESIAN_POINT('',(-5.196606916766E-02,-1.047878617738E-02,
    6.000058790021E-02));
#2162 = CARTESIAN_POINT('',(-6.096762400074E-02,-1.001552120624E-02,
    6.000058790021E-02));
#2163 = CARTESIAN_POINT('',(-6.600840263372E-02,-9.756097560976E-03,
    6.000058790021E-02));
#2164 = ORIENTED_EDGE('',*,*,#2165,.T.);
#2165 = EDGE_CURVE('',#2156,#703,#2166,.T.);
#2166 = B_SPLINE_CURVE_WITH_KNOTS('',1,(#2167,#2168),.UNSPECIFIED.,.F.,
  .F.,(2,2),(-1.E-02,0.),.PIECEWISE_BEZIER_KNOTS.);
#2167 = CARTESIAN_POINT('',(-6.600840263372E-02,-9.756097560976E-03,
    6.000058790021E-02));
#2168 = CARTESIAN_POINT('',(-6.600840263372E-02,-9.756097560976E-03,
    5.000058790021E-02));
#2169 = ORIENTED_EDGE('',*,*,#712,.F.);
#2170 = ORIENTED_EDGE('',*,*,#2135,.F.);
#2171 = B_SPLINE_SURFACE_WITH_KNOTS('',3,1,(
    (#2172,#2173)
    ,(#2174,#2175)
    ,(#2176,#2177)
    ,(#2178,#2179)
    ,(#2180,#2181
    )),.UNSPECIFIED.,.F.,.F.,.F.,(4,1,4),(2,2),(0.,0.559989771373,1.),(
    0.,1.),.UNSPECIFIED.);
#2172 = CARTESIAN_POINT('',(-6.600840263372E-02,-9.756097560976E-03,
    5.000058790021E-02));
#2173 = CARTESIAN_POINT('',(-6.600840263372E-02,-9.756097560976E-03,
    6.000058790021E-02));
#2174 = CARTESIAN_POINT('',(-6.096762400074E-02,-1.001552120624E-02,
    5.000058790021E-02));
#2175 = CARTESIAN_POINT('',(-6.096762400074E-02,-1.001552120624E-02,
    6.000058790021E-02));
#2176 = CARTESIAN_POINT('',(-5.196606916766E-02,-1.047878617738E-02,
    5.000058790021E-02));
#2177 = CARTESIAN_POINT('',(-5.196606916766E-02,-1.047878617738E-02,
    6.000058790021E-02));
#2178 = CARTESIAN_POINT('',(-4.389349646327E-02,-1.442302927724E-02,
    5.000058790021E-02));
#2179 = CARTESIAN_POINT('',(-4.389349646327E-02,-1.442302927724E-02,
    6.000058790021E-02));
#2180 = CARTESIAN_POINT('',(-4.034148190201E-02,-1.615853658537E-02,
    5.000058790021E-02));
#2181 = CARTESIAN_POINT('',(-4.034148190201E-02,-1.615853658537E-02,
    6.000058790021E-02));
#2182 = ADVANCED_FACE('',(#2183),#2202,.F.);
#2183 = FACE_BOUND('',#2184,.F.);
#2184 = EDGE_LOOP('',(#2185,#2195,#2200,#2201));
#2185 = ORIENTED_EDGE('',*,*,#2186,.T.);
#2186 = EDGE_CURVE('',#2156,#2187,#2189,.T.);
#2187 = VERTEX_POINT('',#2188);
#2188 = CARTESIAN_POINT('',(-0.101317091658,-4.893292682927E-02,
    6.000058790021E-02));
#2189 = B_SPLINE_CURVE_WITH_KNOTS('',3,(#2190,#2191,#2192,#2193,#2194),
  .UNSPECIFIED.,.F.,.F.,(4,1,4),(0.,0.440940563265,1.),.UNSPECIFIED.);
#2190 = CARTESIAN_POINT('',(-6.600840263372E-02,-9.756097560976E-03,
    6.000058790021E-02));
#2191 = CARTESIAN_POINT('',(-7.506869955915E-02,-1.1630252771E-02,
    6.000058790021E-02));
#2192 = CARTESIAN_POINT('',(-9.561635990218E-02,-1.588061067897E-02,
    6.000058790021E-02));
#2193 = CARTESIAN_POINT('',(-9.927287973818E-02,-3.708077493923E-02,
    6.000058790021E-02));
#2194 = CARTESIAN_POINT('',(-0.101317091658,-4.893292682927E-02,
    6.000058790021E-02));
#2195 = ORIENTED_EDGE('',*,*,#2196,.T.);
#2196 = EDGE_CURVE('',#2187,#693,#2197,.T.);
#2197 = B_SPLINE_CURVE_WITH_KNOTS('',1,(#2198,#2199),.UNSPECIFIED.,.F.,
  .F.,(2,2),(-1.E-02,0.),.PIECEWISE_BEZIER_KNOTS.);
#2198 = CARTESIAN_POINT('',(-0.101317091658,-4.893292682927E-02,
    6.000058790021E-02));
#2199 = CARTESIAN_POINT('',(-0.101317091658,-4.893292682927E-02,
    5.000058790021E-02));
#2200 = ORIENTED_EDGE('',*,*,#702,.F.);
#2201 = ORIENTED_EDGE('',*,*,#2165,.F.);
#2202 = B_SPLINE_SURFACE_WITH_KNOTS('',3,1,(
    (#2203,#2204)
    ,(#2205,#2206)
    ,(#2207,#2208)
    ,(#2209,#2210)
    ,(#2211,#2212
    )),.UNSPECIFIED.,.F.,.F.,.F.,(4,1,4),(2,2),(0.,0.559059436735,1.),(
    0.,1.),.UNSPECIFIED.);
#2203 = CARTESIAN_POINT('',(-0.101317091658,-4.893292682927E-02,
    5.000058790021E-02));
#2204 = CARTESIAN_POINT('',(-0.101317091658,-4.893292682927E-02,
    6.000058790021E-02));
#2205 = CARTESIAN_POINT('',(-9.927287973818E-02,-3.708077493923E-02,
    5.000058790021E-02));
#2206 = CARTESIAN_POINT('',(-9.927287973818E-02,-3.708077493923E-02,
    6.000058790021E-02));
#2207 = CARTESIAN_POINT('',(-9.561635990218E-02,-1.588061067897E-02,
    5.000058790021E-02));
#2208 = CARTESIAN_POINT('',(-9.561635990218E-02,-1.588061067897E-02,
    6.000058790021E-02));
#2209 = CARTESIAN_POINT('',(-7.506869955915E-02,-1.1630252771E-02,
    5.000058790021E-02));
#2210 = CARTESIAN_POINT('',(-7.506869955915E-02,-1.1630252771E-02,
    6.000058790021E-02));
#2211 = CARTESIAN_POINT('',(-6.600840263372E-02,-9.756097560976E-03,
    5.000058790021E-02));
#2212 = CARTESIAN_POINT('',(-6.600840263372E-02,-9.756097560976E-03,
    6.000058790021E-02));
#2213 = ADVANCED_FACE('',(#2214),#2227,.F.);
#2214 = FACE_BOUND('',#2215,.F.);
#2215 = EDGE_LOOP('',(#2216,#2217,#2218,#2219));
#2216 = ORIENTED_EDGE('',*,*,#1968,.T.);
#2217 = ORIENTED_EDGE('',*,*,#692,.F.);
#2218 = ORIENTED_EDGE('',*,*,#2196,.F.);
#2219 = ORIENTED_EDGE('',*,*,#2220,.T.);
#2220 = EDGE_CURVE('',#2187,#1951,#2221,.T.);
#2221 = B_SPLINE_CURVE_WITH_KNOTS('',3,(#2222,#2223,#2224,#2225,#2226),
  .UNSPECIFIED.,.F.,.F.,(4,1,4),(0.,0.446182329404,1.),.UNSPECIFIED.);
#2222 = CARTESIAN_POINT('',(-0.101317091658,-4.893292682927E-02,
    6.000058790021E-02));
#2223 = CARTESIAN_POINT('',(-0.100157748909,-5.872987582082E-02,
    6.000058790021E-02));
#2224 = CARTESIAN_POINT('',(-9.75593879415E-02,-8.068715280358E-02,
    6.000058790021E-02));
#2225 = CARTESIAN_POINT('',(-7.580686088691E-02,-8.683764897588E-02,
    6.000058790021E-02));
#2226 = CARTESIAN_POINT('',(-6.375992702396E-02,-9.024390243902E-02,
    6.000058790021E-02));
#2227 = B_SPLINE_SURFACE_WITH_KNOTS('',3,1,(
    (#2228,#2229)
    ,(#2230,#2231)
    ,(#2232,#2233)
    ,(#2234,#2235)
    ,(#2236,#2237
    )),.UNSPECIFIED.,.F.,.F.,.F.,(4,1,4),(2,2),(0.,0.553817670596,1.),(
    0.,1.),.UNSPECIFIED.);
#2228 = CARTESIAN_POINT('',(-6.375992702396E-02,-9.024390243902E-02,
    5.000058790021E-02));
#2229 = CARTESIAN_POINT('',(-6.375992702396E-02,-9.024390243902E-02,
    6.000058790021E-02));
#2230 = CARTESIAN_POINT('',(-7.580686088691E-02,-8.683764897588E-02,
    5.000058790021E-02));
#2231 = CARTESIAN_POINT('',(-7.580686088691E-02,-8.683764897588E-02,
    6.000058790021E-02));
#2232 = CARTESIAN_POINT('',(-9.75593879415E-02,-8.068715280358E-02,
    5.000058790021E-02));
#2233 = CARTESIAN_POINT('',(-9.75593879415E-02,-8.068715280358E-02,
    6.000058790021E-02));
#2234 = CARTESIAN_POINT('',(-0.100157748909,-5.872987582082E-02,
    5.000058790021E-02));
#2235 = CARTESIAN_POINT('',(-0.100157748909,-5.872987582082E-02,
    6.000058790021E-02));
#2236 = CARTESIAN_POINT('',(-0.101317091658,-4.893292682927E-02,
    5.000058790021E-02));
#2237 = CARTESIAN_POINT('',(-0.101317091658,-4.893292682927E-02,
    6.000058790021E-02));
#2238 = ADVANCED_FACE('',(#2239),#2251,.F.);
#2239 = FACE_BOUND('',#2240,.T.);
#2240 = EDGE_LOOP('',(#2241,#2242,#2243,#2244,#2245,#2246,#2247,#2248,
    #2249,#2250));
#2241 = ORIENTED_EDGE('',*,*,#2186,.T.);
#2242 = ORIENTED_EDGE('',*,*,#2220,.T.);
#2243 = ORIENTED_EDGE('',*,*,#1950,.T.);
#2244 = ORIENTED_EDGE('',*,*,#1996,.T.);
#2245 = ORIENTED_EDGE('',*,*,#2009,.T.);
#2246 = ORIENTED_EDGE('',*,*,#2040,.T.);
#2247 = ORIENTED_EDGE('',*,*,#2071,.T.);
#2248 = ORIENTED_EDGE('',*,*,#2102,.T.);
#2249 = ORIENTED_EDGE('',*,*,#2142,.T.);
#2250 = ORIENTED_EDGE('',*,*,#2155,.T.);
#2251 = B_SPLINE_SURFACE_WITH_KNOTS('',1,1,(
    (#2252,#2253)
    ,(#2254,#2255
    )),.UNSPECIFIED.,.F.,.F.,.F.,(2,2),(2,2),(-0.114731725804,
    -4.034148190201E-02),(-0.101219512195,1.219512195122E-03),
  .PIECEWISE_BEZIER_KNOTS.);
#2252 = CARTESIAN_POINT('',(-0.114731725804,-0.101219512195,
    6.000058790021E-02));
#2253 = CARTESIAN_POINT('',(-0.114731725804,1.219512195122E-03,
    6.000058790021E-02));
#2254 = CARTESIAN_POINT('',(-4.034148190201E-02,-0.101219512195,
    6.000058790021E-02));
#2255 = CARTESIAN_POINT('',(-4.034148190201E-02,1.219512195122E-03,
    6.000058790021E-02));
#2256 = ADVANCED_FACE('',(#2257),#2279,.T.);
#2257 = FACE_BOUND('',#2258,.T.);
#2258 = EDGE_LOOP('',(#2259,#2266,#2267,#2274));
#2259 = ORIENTED_EDGE('',*,*,#2260,.T.);
#2260 = EDGE_CURVE('',#2261,#319,#2263,.T.);
#2261 = VERTEX_POINT('',#2262);
#2262 = CARTESIAN_POINT('',(2.795120102482E-02,-4.512195121951E-02,
    6.000058790021E-02));
#2263 = B_SPLINE_CURVE_WITH_KNOTS('',1,(#2264,#2265),.UNSPECIFIED.,.F.,
  .F.,(2,2),(-1.E-02,0.),.PIECEWISE_BEZIER_KNOTS.);
#2264 = CARTESIAN_POINT('',(2.795120102482E-02,-4.512195121951E-02,
    6.000058790021E-02));
#2265 = CARTESIAN_POINT('',(2.795120102482E-02,-4.512195121951E-02,
    5.000058790021E-02));
#2266 = ORIENTED_EDGE('',*,*,#318,.T.);
#2267 = ORIENTED_EDGE('',*,*,#2268,.F.);
#2268 = EDGE_CURVE('',#2269,#307,#2271,.T.);
#2269 = VERTEX_POINT('',#2270);
#2270 = CARTESIAN_POINT('',(2.795120102482E-02,-5.609756097561E-02,
    6.000058790021E-02));
#2271 = B_SPLINE_CURVE_WITH_KNOTS('',1,(#2272,#2273),.UNSPECIFIED.,.F.,
  .F.,(2,2),(-1.E-02,0.),.PIECEWISE_BEZIER_KNOTS.);
#2272 = CARTESIAN_POINT('',(2.795120102482E-02,-5.609756097561E-02,
    6.000058790021E-02));
#2273 = CARTESIAN_POINT('',(2.795120102482E-02,-5.609756097561E-02,
    5.000058790021E-02));
#2274 = ORIENTED_EDGE('',*,*,#2275,.F.);
#2275 = EDGE_CURVE('',#2261,#2269,#2276,.T.);
#2276 = B_SPLINE_CURVE_WITH_KNOTS('',1,(#2277,#2278),.UNSPECIFIED.,.F.,
  .F.,(2,2),(4.512195121951E-02,5.609756097561E-02),
  .PIECEWISE_BEZIER_KNOTS.);
#2277 = CARTESIAN_POINT('',(2.795120102482E-02,-4.512195121951E-02,
    6.000058790021E-02));
#2278 = CARTESIAN_POINT('',(2.795120102482E-02,-5.609756097561E-02,
    6.000058790021E-02));
#2279 = B_SPLINE_SURFACE_WITH_KNOTS('',1,1,(
    (#2280,#2281)
    ,(#2282,#2283
    )),.UNSPECIFIED.,.F.,.F.,.F.,(2,2),(2,2),(0.,1.09756097561E-02),(0.,
    1.E-02),.PIECEWISE_BEZIER_KNOTS.);
#2280 = CARTESIAN_POINT('',(2.795120102482E-02,-4.512195121951E-02,
    5.000058790021E-02));
#2281 = CARTESIAN_POINT('',(2.795120102482E-02,-4.512195121951E-02,
    6.000058790021E-02));
#2282 = CARTESIAN_POINT('',(2.795120102482E-02,-5.609756097561E-02,
    5.000058790021E-02));
#2283 = CARTESIAN_POINT('',(2.795120102482E-02,-5.609756097561E-02,
    6.000058790021E-02));
#2284 = ADVANCED_FACE('',(#2285),#2301,.T.);
#2285 = FACE_BOUND('',#2286,.T.);
#2286 = EDGE_LOOP('',(#2287,#2288,#2289,#2296));
#2287 = ORIENTED_EDGE('',*,*,#2268,.T.);
#2288 = ORIENTED_EDGE('',*,*,#306,.T.);
#2289 = ORIENTED_EDGE('',*,*,#2290,.F.);
#2290 = EDGE_CURVE('',#2291,#309,#2293,.T.);
#2291 = VERTEX_POINT('',#2292);
#2292 = CARTESIAN_POINT('',(-7.414652633719E-03,-5.609756097561E-02,
    6.000058790021E-02));
#2293 = B_SPLINE_CURVE_WITH_KNOTS('',1,(#2294,#2295),.UNSPECIFIED.,.F.,
  .F.,(2,2),(-1.E-02,0.),.PIECEWISE_BEZIER_KNOTS.);
#2294 = CARTESIAN_POINT('',(-7.414652633719E-03,-5.609756097561E-02,
    6.000058790021E-02));
#2295 = CARTESIAN_POINT('',(-7.414652633719E-03,-5.609756097561E-02,
    5.000058790021E-02));
#2296 = ORIENTED_EDGE('',*,*,#2297,.F.);
#2297 = EDGE_CURVE('',#2269,#2291,#2298,.T.);
#2298 = B_SPLINE_CURVE_WITH_KNOTS('',1,(#2299,#2300),.UNSPECIFIED.,.F.,
  .F.,(2,2),(-2.795120102482E-02,7.414652633719E-03),
  .PIECEWISE_BEZIER_KNOTS.);
#2299 = CARTESIAN_POINT('',(2.795120102482E-02,-5.609756097561E-02,
    6.000058790021E-02));
#2300 = CARTESIAN_POINT('',(-7.414652633719E-03,-5.609756097561E-02,
    6.000058790021E-02));
#2301 = B_SPLINE_SURFACE_WITH_KNOTS('',1,1,(
    (#2302,#2303)
    ,(#2304,#2305
    )),.UNSPECIFIED.,.F.,.F.,.F.,(2,2),(2,2),(-4.857225732735E-17,
    3.536585365854E-02),(0.,1.E-02),.PIECEWISE_BEZIER_KNOTS.);
#2302 = CARTESIAN_POINT('',(2.795120102482E-02,-5.609756097561E-02,
    5.000058790021E-02));
#2303 = CARTESIAN_POINT('',(2.795120102482E-02,-5.609756097561E-02,
    6.000058790021E-02));
#2304 = CARTESIAN_POINT('',(-7.414652633719E-03,-5.609756097561E-02,
    5.000058790021E-02));
#2305 = CARTESIAN_POINT('',(-7.414652633719E-03,-5.609756097561E-02,
    6.000058790021E-02));
#2306 = ADVANCED_FACE('',(#2307),#2323,.T.);
#2307 = FACE_BOUND('',#2308,.T.);
#2308 = EDGE_LOOP('',(#2309,#2310,#2311,#2318));
#2309 = ORIENTED_EDGE('',*,*,#2290,.T.);
#2310 = ORIENTED_EDGE('',*,*,#418,.T.);
#2311 = ORIENTED_EDGE('',*,*,#2312,.F.);
#2312 = EDGE_CURVE('',#2313,#409,#2315,.T.);
#2313 = VERTEX_POINT('',#2314);
#2314 = CARTESIAN_POINT('',(-7.414652633719E-03,-8.90243902439E-02,
    6.000058790021E-02));
#2315 = B_SPLINE_CURVE_WITH_KNOTS('',1,(#2316,#2317),.UNSPECIFIED.,.F.,
  .F.,(2,2),(-1.E-02,0.),.PIECEWISE_BEZIER_KNOTS.);
#2316 = CARTESIAN_POINT('',(-7.414652633719E-03,-8.90243902439E-02,
    6.000058790021E-02));
#2317 = CARTESIAN_POINT('',(-7.414652633719E-03,-8.90243902439E-02,
    5.000058790021E-02));
#2318 = ORIENTED_EDGE('',*,*,#2319,.F.);
#2319 = EDGE_CURVE('',#2291,#2313,#2320,.T.);
#2320 = B_SPLINE_CURVE_WITH_KNOTS('',1,(#2321,#2322),.UNSPECIFIED.,.F.,
  .F.,(2,2),(5.609756097561E-02,8.90243902439E-02),
  .PIECEWISE_BEZIER_KNOTS.);
#2321 = CARTESIAN_POINT('',(-7.414652633719E-03,-5.609756097561E-02,
    6.000058790021E-02));
#2322 = CARTESIAN_POINT('',(-7.414652633719E-03,-8.90243902439E-02,
    6.000058790021E-02));
#2323 = B_SPLINE_SURFACE_WITH_KNOTS('',1,1,(
    (#2324,#2325)
    ,(#2326,#2327
    )),.UNSPECIFIED.,.F.,.F.,.F.,(2,2),(2,2),(-6.938893903907E-18,
    3.292682926829E-02),(0.,1.E-02),.PIECEWISE_BEZIER_KNOTS.);
#2324 = CARTESIAN_POINT('',(-7.414652633719E-03,-5.609756097561E-02,
    5.000058790021E-02));
#2325 = CARTESIAN_POINT('',(-7.414652633719E-03,-5.609756097561E-02,
    6.000058790021E-02));
#2326 = CARTESIAN_POINT('',(-7.41465263372E-03,-8.90243902439E-02,
    5.000058790021E-02));
#2327 = CARTESIAN_POINT('',(-7.41465263372E-03,-8.90243902439E-02,
    6.000058790021E-02));
#2328 = ADVANCED_FACE('',(#2329),#2345,.T.);
#2329 = FACE_BOUND('',#2330,.T.);
#2330 = EDGE_LOOP('',(#2331,#2332,#2333,#2340));
#2331 = ORIENTED_EDGE('',*,*,#2312,.T.);
#2332 = ORIENTED_EDGE('',*,*,#408,.T.);
#2333 = ORIENTED_EDGE('',*,*,#2334,.F.);
#2334 = EDGE_CURVE('',#2335,#399,#2337,.T.);
#2335 = VERTEX_POINT('',#2336);
#2336 = CARTESIAN_POINT('',(3.039022541506E-02,-8.90243902439E-02,
    6.000058790021E-02));
#2337 = B_SPLINE_CURVE_WITH_KNOTS('',1,(#2338,#2339),.UNSPECIFIED.,.F.,
  .F.,(2,2),(-1.E-02,0.),.PIECEWISE_BEZIER_KNOTS.);
#2338 = CARTESIAN_POINT('',(3.039022541506E-02,-8.90243902439E-02,
    6.000058790021E-02));
#2339 = CARTESIAN_POINT('',(3.039022541506E-02,-8.90243902439E-02,
    5.000058790021E-02));
#2340 = ORIENTED_EDGE('',*,*,#2341,.F.);
#2341 = EDGE_CURVE('',#2313,#2335,#2342,.T.);
#2342 = B_SPLINE_CURVE_WITH_KNOTS('',1,(#2343,#2344),.UNSPECIFIED.,.F.,
  .F.,(2,2),(-7.414652633719E-03,3.039022541506E-02),
  .PIECEWISE_BEZIER_KNOTS.);
#2343 = CARTESIAN_POINT('',(-7.414652633719E-03,-8.90243902439E-02,
    6.000058790021E-02));
#2344 = CARTESIAN_POINT('',(3.039022541506E-02,-8.90243902439E-02,
    6.000058790021E-02));
#2345 = B_SPLINE_SURFACE_WITH_KNOTS('',1,1,(
    (#2346,#2347)
    ,(#2348,#2349
    )),.UNSPECIFIED.,.F.,.F.,.F.,(2,2),(2,2),(-1.908195823574E-17,
    3.780487804878E-02),(0.,1.E-02),.PIECEWISE_BEZIER_KNOTS.);
#2346 = CARTESIAN_POINT('',(-7.414652633719E-03,-8.90243902439E-02,
    5.000058790021E-02));
#2347 = CARTESIAN_POINT('',(-7.414652633719E-03,-8.90243902439E-02,
    6.000058790021E-02));
#2348 = CARTESIAN_POINT('',(3.039022541506E-02,-8.90243902439E-02,
    5.000058790021E-02));
#2349 = CARTESIAN_POINT('',(3.039022541506E-02,-8.90243902439E-02,
    6.000058790021E-02));
#2350 = ADVANCED_FACE('',(#2351),#2367,.T.);
#2351 = FACE_BOUND('',#2352,.T.);
#2352 = EDGE_LOOP('',(#2353,#2354,#2355,#2362));
#2353 = ORIENTED_EDGE('',*,*,#2334,.T.);
#2354 = ORIENTED_EDGE('',*,*,#398,.T.);
#2355 = ORIENTED_EDGE('',*,*,#2356,.F.);
#2356 = EDGE_CURVE('',#2357,#389,#2359,.T.);
#2357 = VERTEX_POINT('',#2358);
#2358 = CARTESIAN_POINT('',(3.039022541506E-02,-1.E-01,
    6.000058790021E-02));
#2359 = B_SPLINE_CURVE_WITH_KNOTS('',1,(#2360,#2361),.UNSPECIFIED.,.F.,
  .F.,(2,2),(-1.E-02,0.),.PIECEWISE_BEZIER_KNOTS.);
#2360 = CARTESIAN_POINT('',(3.039022541506E-02,-1.E-01,
    6.000058790021E-02));
#2361 = CARTESIAN_POINT('',(3.039022541506E-02,-1.E-01,
    5.000058790021E-02));
#2362 = ORIENTED_EDGE('',*,*,#2363,.F.);
#2363 = EDGE_CURVE('',#2335,#2357,#2364,.T.);
#2364 = B_SPLINE_CURVE_WITH_KNOTS('',1,(#2365,#2366),.UNSPECIFIED.,.F.,
  .F.,(2,2),(8.90243902439E-02,1.E-01),.PIECEWISE_BEZIER_KNOTS.);
#2365 = CARTESIAN_POINT('',(3.039022541506E-02,-8.90243902439E-02,
    6.000058790021E-02));
#2366 = CARTESIAN_POINT('',(3.039022541506E-02,-1.E-01,
    6.000058790021E-02));
#2367 = B_SPLINE_SURFACE_WITH_KNOTS('',1,1,(
    (#2368,#2369)
    ,(#2370,#2371
    )),.UNSPECIFIED.,.F.,.F.,.F.,(2,2),(2,2),(0.,1.09756097561E-02),(0.,
    1.E-02),.PIECEWISE_BEZIER_KNOTS.);
#2368 = CARTESIAN_POINT('',(3.039022541506E-02,-8.90243902439E-02,
    5.000058790021E-02));
#2369 = CARTESIAN_POINT('',(3.039022541506E-02,-8.90243902439E-02,
    6.000058790021E-02));
#2370 = CARTESIAN_POINT('',(3.039022541506E-02,-1.E-01,
    5.000058790021E-02));
#2371 = CARTESIAN_POINT('',(3.039022541506E-02,-1.E-01,
    6.000058790021E-02));
#2372 = ADVANCED_FACE('',(#2373),#2389,.T.);
#2373 = FACE_BOUND('',#2374,.T.);
#2374 = EDGE_LOOP('',(#2375,#2376,#2377,#2384));
#2375 = ORIENTED_EDGE('',*,*,#2356,.T.);
#2376 = ORIENTED_EDGE('',*,*,#388,.T.);
#2377 = ORIENTED_EDGE('',*,*,#2378,.F.);
#2378 = EDGE_CURVE('',#2379,#379,#2381,.T.);
#2379 = VERTEX_POINT('',#2380);
#2380 = CARTESIAN_POINT('',(-2.082928678006E-02,-1.E-01,
    6.000058790021E-02));
#2381 = B_SPLINE_CURVE_WITH_KNOTS('',1,(#2382,#2383),.UNSPECIFIED.,.F.,
  .F.,(2,2),(-1.E-02,0.),.PIECEWISE_BEZIER_KNOTS.);
#2382 = CARTESIAN_POINT('',(-2.082928678006E-02,-1.E-01,
    6.000058790021E-02));
#2383 = CARTESIAN_POINT('',(-2.082928678006E-02,-1.E-01,
    5.000058790021E-02));
#2384 = ORIENTED_EDGE('',*,*,#2385,.F.);
#2385 = EDGE_CURVE('',#2357,#2379,#2386,.T.);
#2386 = B_SPLINE_CURVE_WITH_KNOTS('',1,(#2387,#2388),.UNSPECIFIED.,.F.,
  .F.,(2,2),(-3.039022541506E-02,2.082928678006E-02),
  .PIECEWISE_BEZIER_KNOTS.);
#2387 = CARTESIAN_POINT('',(3.039022541506E-02,-1.E-01,
    6.000058790021E-02));
#2388 = CARTESIAN_POINT('',(-2.082928678006E-02,-1.E-01,
    6.000058790021E-02));
#2389 = B_SPLINE_SURFACE_WITH_KNOTS('',1,1,(
    (#2390,#2391)
    ,(#2392,#2393
    )),.UNSPECIFIED.,.F.,.F.,.F.,(2,2),(2,2),(0.,5.121951219512E-02),(0.
    ,1.E-02),.PIECEWISE_BEZIER_KNOTS.);
#2390 = CARTESIAN_POINT('',(3.039022541506E-02,-1.E-01,
    5.000058790021E-02));
#2391 = CARTESIAN_POINT('',(3.039022541506E-02,-1.E-01,
    6.000058790021E-02));
#2392 = CARTESIAN_POINT('',(-2.082928678006E-02,-1.E-01,
    5.000058790021E-02));
#2393 = CARTESIAN_POINT('',(-2.082928678006E-02,-1.E-01,
    6.000058790021E-02));
#2394 = ADVANCED_FACE('',(#2395),#2411,.T.);
#2395 = FACE_BOUND('',#2396,.T.);
#2396 = EDGE_LOOP('',(#2397,#2398,#2399,#2406));
#2397 = ORIENTED_EDGE('',*,*,#2378,.T.);
#2398 = ORIENTED_EDGE('',*,*,#378,.T.);
#2399 = ORIENTED_EDGE('',*,*,#2400,.F.);
#2400 = EDGE_CURVE('',#2401,#369,#2403,.T.);
#2401 = VERTEX_POINT('',#2402);
#2402 = CARTESIAN_POINT('',(-2.082928678006E-02,-5.421010862428E-17,
    6.000058790021E-02));
#2403 = B_SPLINE_CURVE_WITH_KNOTS('',1,(#2404,#2405),.UNSPECIFIED.,.F.,
  .F.,(2,2),(-1.E-02,0.),.PIECEWISE_BEZIER_KNOTS.);
#2404 = CARTESIAN_POINT('',(-2.082928678006E-02,-5.421010862428E-17,
    6.000058790021E-02));
#2405 = CARTESIAN_POINT('',(-2.082928678006E-02,-5.421010862428E-17,
    5.000058790021E-02));
#2406 = ORIENTED_EDGE('',*,*,#2407,.F.);
#2407 = EDGE_CURVE('',#2379,#2401,#2408,.T.);
#2408 = B_SPLINE_CURVE_WITH_KNOTS('',1,(#2409,#2410),.UNSPECIFIED.,.F.,
  .F.,(2,2),(-1.E-01,-5.421010862428E-17),.PIECEWISE_BEZIER_KNOTS.);
#2409 = CARTESIAN_POINT('',(-2.082928678006E-02,-1.E-01,
    6.000058790021E-02));
#2410 = CARTESIAN_POINT('',(-2.082928678006E-02,-5.421010862428E-17,
    6.000058790021E-02));
#2411 = B_SPLINE_SURFACE_WITH_KNOTS('',1,1,(
    (#2412,#2413)
    ,(#2414,#2415
    )),.UNSPECIFIED.,.F.,.F.,.F.,(2,2),(2,2),(-1.387778780781E-17,1.E-01
    ),(0.,1.E-02),.PIECEWISE_BEZIER_KNOTS.);
#2412 = CARTESIAN_POINT('',(-2.082928678006E-02,-1.E-01,
    5.000058790021E-02));
#2413 = CARTESIAN_POINT('',(-2.082928678006E-02,-1.E-01,
    6.000058790021E-02));
#2414 = CARTESIAN_POINT('',(-2.082928678006E-02,-5.551115123126E-17,
    5.000058790021E-02));
#2415 = CARTESIAN_POINT('',(-2.082928678006E-02,-5.551115123126E-17,
    6.000058790021E-02));
#2416 = ADVANCED_FACE('',(#2417),#2433,.T.);
#2417 = FACE_BOUND('',#2418,.T.);
#2418 = EDGE_LOOP('',(#2419,#2420,#2421,#2428));
#2419 = ORIENTED_EDGE('',*,*,#2400,.T.);
#2420 = ORIENTED_EDGE('',*,*,#368,.T.);
#2421 = ORIENTED_EDGE('',*,*,#2422,.F.);
#2422 = EDGE_CURVE('',#2423,#359,#2425,.T.);
#2423 = VERTEX_POINT('',#2424);
#2424 = CARTESIAN_POINT('',(3.282924980531E-02,-2.866147735272E-16,
    6.000058790021E-02));
#2425 = B_SPLINE_CURVE_WITH_KNOTS('',1,(#2426,#2427),.UNSPECIFIED.,.F.,
  .F.,(2,2),(-1.E-02,0.),.PIECEWISE_BEZIER_KNOTS.);
#2426 = CARTESIAN_POINT('',(3.282924980531E-02,-5.190194384301E-16,
    6.000058790021E-02));
#2427 = CARTESIAN_POINT('',(3.282924980531E-02,-5.190194384301E-16,
    5.000058790021E-02));
#2428 = ORIENTED_EDGE('',*,*,#2429,.F.);
#2429 = EDGE_CURVE('',#2401,#2423,#2430,.T.);
#2430 = B_SPLINE_CURVE_WITH_KNOTS('',1,(#2431,#2432),.UNSPECIFIED.,.F.,
  .F.,(2,2),(-2.082928678006E-02,3.282924980531E-02),
  .PIECEWISE_BEZIER_KNOTS.);
#2431 = CARTESIAN_POINT('',(-2.082928678006E-02,-5.421010862428E-17,
    6.000058790021E-02));
#2432 = CARTESIAN_POINT('',(3.282924980531E-02,-5.421010862428E-17,
    6.000058790021E-02));
#2433 = B_SPLINE_SURFACE_WITH_KNOTS('',1,1,(
    (#2434,#2435)
    ,(#2436,#2437
    )),.UNSPECIFIED.,.F.,.F.,.F.,(2,2),(2,2),(-1.387778780781E-17,
    5.365853658537E-02),(0.,1.E-02),.PIECEWISE_BEZIER_KNOTS.);
#2434 = CARTESIAN_POINT('',(-2.082928678006E-02,-5.421010862428E-17,
    5.000058790021E-02));
#2435 = CARTESIAN_POINT('',(-2.082928678006E-02,-5.421010862428E-17,
    6.000058790021E-02));
#2436 = CARTESIAN_POINT('',(3.282924980531E-02,-3.332710687976E-17,
    5.000058790021E-02));
#2437 = CARTESIAN_POINT('',(3.282924980531E-02,-3.332710687976E-17,
    6.000058790021E-02));
#2438 = ADVANCED_FACE('',(#2439),#2455,.T.);
#2439 = FACE_BOUND('',#2440,.T.);
#2440 = EDGE_LOOP('',(#2441,#2442,#2443,#2450));
#2441 = ORIENTED_EDGE('',*,*,#2422,.T.);
#2442 = ORIENTED_EDGE('',*,*,#358,.T.);
#2443 = ORIENTED_EDGE('',*,*,#2444,.F.);
#2444 = EDGE_CURVE('',#2445,#349,#2447,.T.);
#2445 = VERTEX_POINT('',#2446);
#2446 = CARTESIAN_POINT('',(3.282924980531E-02,-1.09756097561E-02,
    6.000058790021E-02));
#2447 = B_SPLINE_CURVE_WITH_KNOTS('',1,(#2448,#2449),.UNSPECIFIED.,.F.,
  .F.,(2,2),(-1.E-02,0.),.PIECEWISE_BEZIER_KNOTS.);
#2448 = CARTESIAN_POINT('',(3.282924980531E-02,-1.09756097561E-02,
    6.000058790021E-02));
#2449 = CARTESIAN_POINT('',(3.282924980531E-02,-1.09756097561E-02,
    5.000058790021E-02));
#2450 = ORIENTED_EDGE('',*,*,#2451,.F.);
#2451 = EDGE_CURVE('',#2423,#2445,#2452,.T.);
#2452 = B_SPLINE_CURVE_WITH_KNOTS('',1,(#2453,#2454),.UNSPECIFIED.,.F.,
  .F.,(2,2),(2.866147735272E-16,1.09756097561E-02),
  .PIECEWISE_BEZIER_KNOTS.);
#2453 = CARTESIAN_POINT('',(3.282924980531E-02,-2.866147735272E-16,
    6.000058790021E-02));
#2454 = CARTESIAN_POINT('',(3.282924980531E-02,-1.09756097561E-02,
    6.000058790021E-02));
#2455 = B_SPLINE_SURFACE_WITH_KNOTS('',1,1,(
    (#2456,#2457)
    ,(#2458,#2459
    )),.UNSPECIFIED.,.F.,.F.,.F.,(2,2),(2,2),(-2.324046649029E-16,
    1.09756097561E-02),(0.,1.E-02),.PIECEWISE_BEZIER_KNOTS.);
#2456 = CARTESIAN_POINT('',(3.282924980531E-02,-2.866147735272E-16,
    5.000058790021E-02));
#2457 = CARTESIAN_POINT('',(3.282924980531E-02,-2.866147735272E-16,
    6.000058790021E-02));
#2458 = CARTESIAN_POINT('',(3.282924980531E-02,-1.09756097561E-02,
    5.000058790021E-02));
#2459 = CARTESIAN_POINT('',(3.282924980531E-02,-1.09756097561E-02,
    6.000058790021E-02));
#2460 = ADVANCED_FACE('',(#2461),#2477,.T.);
#2461 = FACE_BOUND('',#2462,.T.);
#2462 = EDGE_LOOP('',(#2463,#2464,#2465,#2472));
#2463 = ORIENTED_EDGE('',*,*,#2444,.T.);
#2464 = ORIENTED_EDGE('',*,*,#348,.T.);
#2465 = ORIENTED_EDGE('',*,*,#2466,.F.);
#2466 = EDGE_CURVE('',#2467,#339,#2469,.T.);
#2467 = VERTEX_POINT('',#2468);
#2468 = CARTESIAN_POINT('',(-7.414652633719E-03,-1.09756097561E-02,
    6.000058790021E-02));
#2469 = B_SPLINE_CURVE_WITH_KNOTS('',1,(#2470,#2471),.UNSPECIFIED.,.F.,
  .F.,(2,2),(-1.E-02,0.),.PIECEWISE_BEZIER_KNOTS.);
#2470 = CARTESIAN_POINT('',(-7.414652633719E-03,-1.09756097561E-02,
    6.000058790021E-02));
#2471 = CARTESIAN_POINT('',(-7.414652633719E-03,-1.09756097561E-02,
    5.000058790021E-02));
#2472 = ORIENTED_EDGE('',*,*,#2473,.F.);
#2473 = EDGE_CURVE('',#2445,#2467,#2474,.T.);
#2474 = B_SPLINE_CURVE_WITH_KNOTS('',1,(#2475,#2476),.UNSPECIFIED.,.F.,
  .F.,(2,2),(-3.282924980531E-02,7.414652633719E-03),
  .PIECEWISE_BEZIER_KNOTS.);
#2475 = CARTESIAN_POINT('',(3.282924980531E-02,-1.09756097561E-02,
    6.000058790021E-02));
#2476 = CARTESIAN_POINT('',(-7.414652633719E-03,-1.09756097561E-02,
    6.000058790021E-02));
#2477 = B_SPLINE_SURFACE_WITH_KNOTS('',1,1,(
    (#2478,#2479)
    ,(#2480,#2481
    )),.UNSPECIFIED.,.F.,.F.,.F.,(2,2),(2,2),(-6.245004513517E-17,
    4.024390243902E-02),(0.,1.E-02),.PIECEWISE_BEZIER_KNOTS.);
#2478 = CARTESIAN_POINT('',(3.282924980531E-02,-1.09756097561E-02,
    5.000058790021E-02));
#2479 = CARTESIAN_POINT('',(3.282924980531E-02,-1.09756097561E-02,
    6.000058790021E-02));
#2480 = CARTESIAN_POINT('',(-7.414652633719E-03,-1.09756097561E-02,
    5.000058790021E-02));
#2481 = CARTESIAN_POINT('',(-7.414652633719E-03,-1.09756097561E-02,
    6.000058790021E-02));
#2482 = ADVANCED_FACE('',(#2483),#2499,.T.);
#2483 = FACE_BOUND('',#2484,.T.);
#2484 = EDGE_LOOP('',(#2485,#2486,#2487,#2494));
#2485 = ORIENTED_EDGE('',*,*,#2466,.T.);
#2486 = ORIENTED_EDGE('',*,*,#338,.T.);
#2487 = ORIENTED_EDGE('',*,*,#2488,.F.);
#2488 = EDGE_CURVE('',#2489,#329,#2491,.T.);
#2489 = VERTEX_POINT('',#2490);
#2490 = CARTESIAN_POINT('',(-7.414652633719E-03,-4.512195121951E-02,
    6.000058790021E-02));
#2491 = B_SPLINE_CURVE_WITH_KNOTS('',1,(#2492,#2493),.UNSPECIFIED.,.F.,
  .F.,(2,2),(-1.E-02,0.),.PIECEWISE_BEZIER_KNOTS.);
#2492 = CARTESIAN_POINT('',(-7.414652633719E-03,-4.512195121951E-02,
    6.000058790021E-02));
#2493 = CARTESIAN_POINT('',(-7.414652633719E-03,-4.512195121951E-02,
    5.000058790021E-02));
#2494 = ORIENTED_EDGE('',*,*,#2495,.F.);
#2495 = EDGE_CURVE('',#2467,#2489,#2496,.T.);
#2496 = B_SPLINE_CURVE_WITH_KNOTS('',1,(#2497,#2498),.UNSPECIFIED.,.F.,
  .F.,(2,2),(1.09756097561E-02,4.512195121951E-02),
  .PIECEWISE_BEZIER_KNOTS.);
#2497 = CARTESIAN_POINT('',(-7.414652633719E-03,-1.09756097561E-02,
    6.000058790021E-02));
#2498 = CARTESIAN_POINT('',(-7.414652633719E-03,-4.512195121951E-02,
    6.000058790021E-02));
#2499 = B_SPLINE_SURFACE_WITH_KNOTS('',1,1,(
    (#2500,#2501)
    ,(#2502,#2503
    )),.UNSPECIFIED.,.F.,.F.,.F.,(2,2),(2,2),(0.,3.414634146341E-02),(0.
    ,1.E-02),.PIECEWISE_BEZIER_KNOTS.);
#2500 = CARTESIAN_POINT('',(-7.414652633719E-03,-1.09756097561E-02,
    5.000058790021E-02));
#2501 = CARTESIAN_POINT('',(-7.414652633719E-03,-1.09756097561E-02,
    6.000058790021E-02));
#2502 = CARTESIAN_POINT('',(-7.414652633719E-03,-4.512195121951E-02,
    5.000058790021E-02));
#2503 = CARTESIAN_POINT('',(-7.414652633719E-03,-4.512195121951E-02,
    6.000058790021E-02));
#2504 = ADVANCED_FACE('',(#2505),#2515,.T.);
#2505 = FACE_BOUND('',#2506,.T.);
#2506 = EDGE_LOOP('',(#2507,#2512,#2513,#2514));
#2507 = ORIENTED_EDGE('',*,*,#2508,.F.);
#2508 = EDGE_CURVE('',#2489,#2261,#2509,.T.);
#2509 = B_SPLINE_CURVE_WITH_KNOTS('',1,(#2510,#2511),.UNSPECIFIED.,.F.,
  .F.,(2,2),(-7.414652633719E-03,2.795120102482E-02),
  .PIECEWISE_BEZIER_KNOTS.);
#2510 = CARTESIAN_POINT('',(-7.414652633719E-03,-4.512195121951E-02,
    6.000058790021E-02));
#2511 = CARTESIAN_POINT('',(2.795120102482E-02,-4.512195121951E-02,
    6.000058790021E-02));
#2512 = ORIENTED_EDGE('',*,*,#2488,.T.);
#2513 = ORIENTED_EDGE('',*,*,#328,.T.);
#2514 = ORIENTED_EDGE('',*,*,#2260,.F.);
#2515 = B_SPLINE_SURFACE_WITH_KNOTS('',1,1,(
    (#2516,#2517)
    ,(#2518,#2519
    )),.UNSPECIFIED.,.F.,.F.,.F.,(2,2),(2,2),(0.,3.536585365854E-02),(0.
    ,1.E-02),.PIECEWISE_BEZIER_KNOTS.);
#2516 = CARTESIAN_POINT('',(-7.414652633719E-03,-4.512195121951E-02,
    5.000058790021E-02));
#2517 = CARTESIAN_POINT('',(-7.414652633719E-03,-4.512195121951E-02,
    6.000058790021E-02));
#2518 = CARTESIAN_POINT('',(2.795120102482E-02,-4.512195121951E-02,
    5.000058790021E-02));
#2519 = CARTESIAN_POINT('',(2.795120102482E-02,-4.512195121951E-02,
    6.000058790021E-02));
#2520 = ADVANCED_FACE('',(#2521),#2535,.F.);
#2521 = FACE_BOUND('',#2522,.T.);
#2522 = EDGE_LOOP('',(#2523,#2524,#2525,#2526,#2527,#2528,#2529,#2530,
    #2531,#2532,#2533,#2534));
#2523 = ORIENTED_EDGE('',*,*,#2495,.T.);
#2524 = ORIENTED_EDGE('',*,*,#2508,.T.);
#2525 = ORIENTED_EDGE('',*,*,#2275,.T.);
#2526 = ORIENTED_EDGE('',*,*,#2297,.T.);
#2527 = ORIENTED_EDGE('',*,*,#2319,.T.);
#2528 = ORIENTED_EDGE('',*,*,#2341,.T.);
#2529 = ORIENTED_EDGE('',*,*,#2363,.T.);
#2530 = ORIENTED_EDGE('',*,*,#2385,.T.);
#2531 = ORIENTED_EDGE('',*,*,#2407,.T.);
#2532 = ORIENTED_EDGE('',*,*,#2429,.T.);
#2533 = ORIENTED_EDGE('',*,*,#2451,.T.);
#2534 = ORIENTED_EDGE('',*,*,#2473,.T.);
#2535 = B_SPLINE_SURFACE_WITH_KNOTS('',1,1,(
    (#2536,#2537)
    ,(#2538,#2539
    )),.UNSPECIFIED.,.F.,.F.,.F.,(2,2),(2,2),(-2.082928678006E-02,
    3.282924980531E-02),(-1.E-01,-5.421010862428E-17),
  .PIECEWISE_BEZIER_KNOTS.);
#2536 = CARTESIAN_POINT('',(-2.082928678006E-02,-1.E-01,
    6.000058790021E-02));
#2537 = CARTESIAN_POINT('',(-2.082928678006E-02,-5.421010862428E-17,
    6.000058790021E-02));
#2538 = CARTESIAN_POINT('',(3.282924980531E-02,-1.E-01,
    6.000058790021E-02));
#2539 = CARTESIAN_POINT('',(3.282924980531E-02,-5.421010862428E-17,
    6.000058790021E-02));
#2540 = ADVANCED_FACE('',(#2541),#2566,.T.);
#2541 = FACE_BOUND('',#2542,.T.);
#2542 = EDGE_LOOP('',(#2543,#2550,#2551,#2558));
#2543 = ORIENTED_EDGE('',*,*,#2544,.T.);
#2544 = EDGE_CURVE('',#2545,#237,#2547,.T.);
#2545 = VERTEX_POINT('',#2546);
#2546 = CARTESIAN_POINT('',(0.154780469318,-3.040583582847E-15,
    6.000058790021E-02));
#2547 = B_SPLINE_CURVE_WITH_KNOTS('',1,(#2548,#2549),.UNSPECIFIED.,.F.,
  .F.,(2,2),(-1.E-02,0.),.PIECEWISE_BEZIER_KNOTS.);
#2548 = CARTESIAN_POINT('',(0.154780469318,-3.248688990075E-15,
    6.000058790021E-02));
#2549 = CARTESIAN_POINT('',(0.154780469318,-3.248688990075E-15,
    5.000058790021E-02));
#2550 = ORIENTED_EDGE('',*,*,#236,.T.);
#2551 = ORIENTED_EDGE('',*,*,#2552,.F.);
#2552 = EDGE_CURVE('',#2553,#225,#2555,.T.);
#2553 = VERTEX_POINT('',#2554);
#2554 = CARTESIAN_POINT('',(0.16432696322,-2.804878048781E-02,
    6.000058790021E-02));
#2555 = B_SPLINE_CURVE_WITH_KNOTS('',1,(#2556,#2557),.UNSPECIFIED.,.F.,
  .F.,(2,2),(-1.E-02,0.),.PIECEWISE_BEZIER_KNOTS.);
#2556 = CARTESIAN_POINT('',(0.16432696322,-2.804878048781E-02,
    6.000058790021E-02));
#2557 = CARTESIAN_POINT('',(0.16432696322,-2.804878048781E-02,
    5.000058790021E-02));
#2558 = ORIENTED_EDGE('',*,*,#2559,.F.);
#2559 = EDGE_CURVE('',#2545,#2553,#2560,.T.);
#2560 = B_SPLINE_CURVE_WITH_KNOTS('',3,(#2561,#2562,#2563,#2564,#2565),
  .UNSPECIFIED.,.F.,.F.,(4,1,4),(0.,0.5,1.),.QUASI_UNIFORM_KNOTS.);
#2561 = CARTESIAN_POINT('',(0.154780469318,-3.040583582847E-15,
    6.000058790021E-02));
#2562 = CARTESIAN_POINT('',(0.156371551635,-4.674796747971E-03,
    6.000058790021E-02));
#2563 = CARTESIAN_POINT('',(0.159553716269,-1.402439024391E-02,
    6.000058790021E-02));
#2564 = CARTESIAN_POINT('',(0.162735880903,-2.337398373984E-02,
    6.000058790021E-02));
#2565 = CARTESIAN_POINT('',(0.16432696322,-2.804878048781E-02,
    6.000058790021E-02));
#2566 = B_SPLINE_SURFACE_WITH_KNOTS('',1,1,(
    (#2567,#2568)
    ,(#2569,#2570
    )),.UNSPECIFIED.,.F.,.F.,.F.,(2,2),(2,2),(-1.873501354055E-16,
    2.962886485646E-02),(0.,1.E-02),.PIECEWISE_BEZIER_KNOTS.);
#2567 = CARTESIAN_POINT('',(0.154780469318,-3.071330091994E-15,
    5.000058790021E-02));
#2568 = CARTESIAN_POINT('',(0.154780469318,-3.071330091994E-15,
    6.000058790021E-02));
#2569 = CARTESIAN_POINT('',(0.16432696322,-2.804878048781E-02,
    5.000058790021E-02));
#2570 = CARTESIAN_POINT('',(0.16432696322,-2.804878048781E-02,
    6.000058790021E-02));
#2571 = ADVANCED_FACE('',(#2572),#2588,.T.);
#2572 = FACE_BOUND('',#2573,.T.);
#2573 = EDGE_LOOP('',(#2574,#2575,#2576,#2583));
#2574 = ORIENTED_EDGE('',*,*,#2552,.T.);
#2575 = ORIENTED_EDGE('',*,*,#224,.T.);
#2576 = ORIENTED_EDGE('',*,*,#2577,.F.);
#2577 = EDGE_CURVE('',#2578,#227,#2580,.T.);
#2578 = VERTEX_POINT('',#2579);
#2579 = CARTESIAN_POINT('',(0.20563793883,-2.804878048781E-02,
    6.000058790021E-02));
#2580 = B_SPLINE_CURVE_WITH_KNOTS('',1,(#2581,#2582),.UNSPECIFIED.,.F.,
  .F.,(2,2),(-1.E-02,0.),.PIECEWISE_BEZIER_KNOTS.);
#2581 = CARTESIAN_POINT('',(0.20563793883,-2.804878048781E-02,
    6.000058790021E-02));
#2582 = CARTESIAN_POINT('',(0.20563793883,-2.804878048781E-02,
    5.000058790021E-02));
#2583 = ORIENTED_EDGE('',*,*,#2584,.F.);
#2584 = EDGE_CURVE('',#2553,#2578,#2585,.T.);
#2585 = B_SPLINE_CURVE_WITH_KNOTS('',1,(#2586,#2587),.UNSPECIFIED.,.F.,
  .F.,(2,2),(0.16432696322,0.20563793883),.PIECEWISE_BEZIER_KNOTS.);
#2586 = CARTESIAN_POINT('',(0.16432696322,-2.804878048781E-02,
    6.000058790021E-02));
#2587 = CARTESIAN_POINT('',(0.20563793883,-2.804878048781E-02,
    6.000058790021E-02));
#2588 = B_SPLINE_SURFACE_WITH_KNOTS('',1,1,(
    (#2589,#2590)
    ,(#2591,#2592
    )),.UNSPECIFIED.,.F.,.F.,.F.,(2,2),(2,2),(0.,4.131097560976E-02),(0.
    ,1.E-02),.PIECEWISE_BEZIER_KNOTS.);
#2589 = CARTESIAN_POINT('',(0.16432696322,-2.804878048781E-02,
    5.000058790021E-02));
#2590 = CARTESIAN_POINT('',(0.16432696322,-2.804878048781E-02,
    6.000058790021E-02));
#2591 = CARTESIAN_POINT('',(0.20563793883,-2.804878048781E-02,
    5.000058790021E-02));
#2592 = CARTESIAN_POINT('',(0.20563793883,-2.804878048781E-02,
    6.000058790021E-02));
#2593 = ADVANCED_FACE('',(#2594),#2613,.T.);
#2594 = FACE_BOUND('',#2595,.T.);
#2595 = EDGE_LOOP('',(#2596,#2597,#2598,#2605));
#2596 = ORIENTED_EDGE('',*,*,#2577,.T.);
#2597 = ORIENTED_EDGE('',*,*,#296,.T.);
#2598 = ORIENTED_EDGE('',*,*,#2599,.F.);
#2599 = EDGE_CURVE('',#2600,#287,#2602,.T.);
#2600 = VERTEX_POINT('',#2601);
#2601 = CARTESIAN_POINT('',(0.215756079074,-5.507408223047E-15,
    6.000058790021E-02));
#2602 = B_SPLINE_CURVE_WITH_KNOTS('',1,(#2603,#2604),.UNSPECIFIED.,.F.,
  .F.,(2,2),(-1.E-02,0.),.PIECEWISE_BEZIER_KNOTS.);
#2603 = CARTESIAN_POINT('',(0.215756079074,-5.507408223047E-15,
    6.000058790021E-02));
#2604 = CARTESIAN_POINT('',(0.215756079074,-5.507408223047E-15,
    5.000058790021E-02));
#2605 = ORIENTED_EDGE('',*,*,#2606,.F.);
#2606 = EDGE_CURVE('',#2578,#2600,#2607,.T.);
#2607 = B_SPLINE_CURVE_WITH_KNOTS('',3,(#2608,#2609,#2610,#2611,#2612),
  .UNSPECIFIED.,.F.,.F.,(4,1,4),(0.,0.5,1.),.UNSPECIFIED.);
#2608 = CARTESIAN_POINT('',(0.20563793883,-2.804878048781E-02,
    6.000058790021E-02));
#2609 = CARTESIAN_POINT('',(0.207324295537,-2.337398373984E-02,
    6.000058790021E-02));
#2610 = CARTESIAN_POINT('',(0.210697008952,-1.402439024391E-02,
    6.000058790021E-02));
#2611 = CARTESIAN_POINT('',(0.214069722366,-4.674796747973E-03,
    6.000058790021E-02));
#2612 = CARTESIAN_POINT('',(0.215756079074,-5.507408223047E-15,
    6.000058790021E-02));
#2613 = B_SPLINE_SURFACE_WITH_KNOTS('',1,1,(
    (#2614,#2615)
    ,(#2616,#2617
    )),.UNSPECIFIED.,.F.,.F.,.F.,(2,2),(2,2),(0.,2.981796184933E-02),(0.
    ,1.E-02),.PIECEWISE_BEZIER_KNOTS.);
#2614 = CARTESIAN_POINT('',(0.20563793883,-2.804878048781E-02,
    5.000058790021E-02));
#2615 = CARTESIAN_POINT('',(0.20563793883,-2.804878048781E-02,
    6.000058790021E-02));
#2616 = CARTESIAN_POINT('',(0.215756079074,-5.415806692E-15,
    5.000058790021E-02));
#2617 = CARTESIAN_POINT('',(0.215756079074,-5.415806692E-15,
    6.000058790021E-02));
#2618 = ADVANCED_FACE('',(#2619),#2635,.T.);
#2619 = FACE_BOUND('',#2620,.T.);
#2620 = EDGE_LOOP('',(#2621,#2622,#2623,#2630));
#2621 = ORIENTED_EDGE('',*,*,#2599,.T.);
#2622 = ORIENTED_EDGE('',*,*,#286,.T.);
#2623 = ORIENTED_EDGE('',*,*,#2624,.F.);
#2624 = EDGE_CURVE('',#2625,#277,#2627,.T.);
#2625 = VERTEX_POINT('',#2626);
#2626 = CARTESIAN_POINT('',(0.230390225415,-5.79963458985E-15,
    6.000058790021E-02));
#2627 = B_SPLINE_CURVE_WITH_KNOTS('',1,(#2628,#2629),.UNSPECIFIED.,.F.,
  .F.,(2,2),(-1.E-02,0.),.PIECEWISE_BEZIER_KNOTS.);
#2628 = CARTESIAN_POINT('',(0.230390225415,-6.091860956653E-15,
    6.000058790021E-02));
#2629 = CARTESIAN_POINT('',(0.230390225415,-6.091860956653E-15,
    5.000058790021E-02));
#2630 = ORIENTED_EDGE('',*,*,#2631,.F.);
#2631 = EDGE_CURVE('',#2600,#2625,#2632,.T.);
#2632 = B_SPLINE_CURVE_WITH_KNOTS('',1,(#2633,#2634),.UNSPECIFIED.,.F.,
  .F.,(2,2),(0.215756079074,0.230390225415),.PIECEWISE_BEZIER_KNOTS.);
#2633 = CARTESIAN_POINT('',(0.215756079074,-5.507408223047E-15,
    6.000058790021E-02));
#2634 = CARTESIAN_POINT('',(0.230390225415,-5.507408223047E-15,
    6.000058790021E-02));
#2635 = B_SPLINE_SURFACE_WITH_KNOTS('',1,1,(
    (#2636,#2637)
    ,(#2638,#2639
    )),.UNSPECIFIED.,.F.,.F.,.F.,(2,2),(2,2),(0.,1.463414634146E-02),(0.
    ,1.E-02),.PIECEWISE_BEZIER_KNOTS.);
#2636 = CARTESIAN_POINT('',(0.215756079074,-5.507408223047E-15,
    5.000058790021E-02));
#2637 = CARTESIAN_POINT('',(0.215756079074,-5.507408223047E-15,
    6.000058790021E-02));
#2638 = CARTESIAN_POINT('',(0.230390225415,-6.099484253178E-15,
    5.000058790021E-02));
#2639 = CARTESIAN_POINT('',(0.230390225415,-6.099484253178E-15,
    6.000058790021E-02));
#2640 = ADVANCED_FACE('',(#2641),#2660,.T.);
#2641 = FACE_BOUND('',#2642,.T.);
#2642 = EDGE_LOOP('',(#2643,#2644,#2645,#2652));
#2643 = ORIENTED_EDGE('',*,*,#2624,.T.);
#2644 = ORIENTED_EDGE('',*,*,#276,.T.);
#2645 = ORIENTED_EDGE('',*,*,#2646,.F.);
#2646 = EDGE_CURVE('',#2647,#267,#2649,.T.);
#2647 = VERTEX_POINT('',#2648);
#2648 = CARTESIAN_POINT('',(0.191365835171,-0.1,6.000058790021E-02));
#2649 = B_SPLINE_CURVE_WITH_KNOTS('',1,(#2650,#2651),.UNSPECIFIED.,.F.,
  .F.,(2,2),(-1.E-02,0.),.PIECEWISE_BEZIER_KNOTS.);
#2650 = CARTESIAN_POINT('',(0.191365835171,-0.1,6.000058790021E-02));
#2651 = CARTESIAN_POINT('',(0.191365835171,-0.1,5.000058790021E-02));
#2652 = ORIENTED_EDGE('',*,*,#2653,.F.);
#2653 = EDGE_CURVE('',#2625,#2647,#2654,.T.);
#2654 = B_SPLINE_CURVE_WITH_KNOTS('',3,(#2655,#2656,#2657,#2658,#2659),
  .UNSPECIFIED.,.F.,.F.,(4,1,4),(0.,0.5,1.),.UNSPECIFIED.);
#2655 = CARTESIAN_POINT('',(0.230390225415,-5.79963458985E-15,
    6.000058790021E-02));
#2656 = CARTESIAN_POINT('',(0.223886160374,-1.666666666667E-02,
    6.000058790021E-02));
#2657 = CARTESIAN_POINT('',(0.210878030293,-5.E-02,6.000058790021E-02));
#2658 = CARTESIAN_POINT('',(0.197869900212,-8.333333333334E-02,
    6.000058790021E-02));
#2659 = CARTESIAN_POINT('',(0.191365835171,-0.1,6.000058790021E-02));
#2660 = B_SPLINE_SURFACE_WITH_KNOTS('',1,1,(
    (#2661,#2662)
    ,(#2663,#2664
    )),.UNSPECIFIED.,.F.,.F.,.F.,(2,2),(2,2),(-2.636779683485E-16,
    0.107344785779),(0.,1.E-02),.PIECEWISE_BEZIER_KNOTS.);
#2661 = CARTESIAN_POINT('',(0.230390225415,-5.846224462588E-15,
    5.000058790021E-02));
#2662 = CARTESIAN_POINT('',(0.230390225415,-5.846224462588E-15,
    6.000058790021E-02));
#2663 = CARTESIAN_POINT('',(0.191365835171,-0.1,5.000058790021E-02));
#2664 = CARTESIAN_POINT('',(0.191365835171,-0.1,6.000058790021E-02));
#2665 = ADVANCED_FACE('',(#2666),#2682,.T.);
#2666 = FACE_BOUND('',#2667,.T.);
#2667 = EDGE_LOOP('',(#2668,#2669,#2670,#2677));
#2668 = ORIENTED_EDGE('',*,*,#2646,.T.);
#2669 = ORIENTED_EDGE('',*,*,#266,.T.);
#2670 = ORIENTED_EDGE('',*,*,#2671,.F.);
#2671 = EDGE_CURVE('',#2672,#257,#2674,.T.);
#2672 = VERTEX_POINT('',#2673);
#2673 = CARTESIAN_POINT('',(0.177951201025,-0.1,6.000058790021E-02));
#2674 = B_SPLINE_CURVE_WITH_KNOTS('',1,(#2675,#2676),.UNSPECIFIED.,.F.,
  .F.,(2,2),(-1.E-02,0.),.PIECEWISE_BEZIER_KNOTS.);
#2675 = CARTESIAN_POINT('',(0.177951201025,-0.1,6.000058790021E-02));
#2676 = CARTESIAN_POINT('',(0.177951201025,-0.1,5.000058790021E-02));
#2677 = ORIENTED_EDGE('',*,*,#2678,.F.);
#2678 = EDGE_CURVE('',#2647,#2672,#2679,.T.);
#2679 = B_SPLINE_CURVE_WITH_KNOTS('',1,(#2680,#2681),.UNSPECIFIED.,.F.,
  .F.,(2,2),(-0.191365835171,-0.177951201025),.PIECEWISE_BEZIER_KNOTS.);
#2680 = CARTESIAN_POINT('',(0.191365835171,-0.1,6.000058790021E-02));
#2681 = CARTESIAN_POINT('',(0.177951201025,-0.1,6.000058790021E-02));
#2682 = B_SPLINE_SURFACE_WITH_KNOTS('',1,1,(
    (#2683,#2684)
    ,(#2685,#2686
    )),.UNSPECIFIED.,.F.,.F.,.F.,(2,2),(2,2),(0.,1.341463414634E-02),(0.
    ,1.E-02),.PIECEWISE_BEZIER_KNOTS.);
#2683 = CARTESIAN_POINT('',(0.191365835171,-0.1,5.000058790021E-02));
#2684 = CARTESIAN_POINT('',(0.191365835171,-0.1,6.000058790021E-02));
#2685 = CARTESIAN_POINT('',(0.177951201025,-0.1,5.000058790021E-02));
#2686 = CARTESIAN_POINT('',(0.177951201025,-0.1,6.000058790021E-02));
#2687 = ADVANCED_FACE('',(#2688),#2707,.T.);
#2688 = FACE_BOUND('',#2689,.T.);
#2689 = EDGE_LOOP('',(#2690,#2691,#2692,#2699));
#2690 = ORIENTED_EDGE('',*,*,#2671,.T.);
#2691 = ORIENTED_EDGE('',*,*,#256,.T.);
#2692 = ORIENTED_EDGE('',*,*,#2693,.F.);
#2693 = EDGE_CURVE('',#2694,#247,#2696,.T.);
#2694 = VERTEX_POINT('',#2695);
#2695 = CARTESIAN_POINT('',(0.140146322976,-2.832478175618E-15,
    6.000058790021E-02));
#2696 = B_SPLINE_CURVE_WITH_KNOTS('',1,(#2697,#2698),.UNSPECIFIED.,.F.,
  .F.,(2,2),(-1.E-02,0.),.PIECEWISE_BEZIER_KNOTS.);
#2697 = CARTESIAN_POINT('',(0.140146322976,-2.832478175618E-15,
    6.000058790021E-02));
#2698 = CARTESIAN_POINT('',(0.140146322976,-2.832478175618E-15,
    5.000058790021E-02));
#2699 = ORIENTED_EDGE('',*,*,#2700,.F.);
#2700 = EDGE_CURVE('',#2672,#2694,#2701,.T.);
#2701 = B_SPLINE_CURVE_WITH_KNOTS('',3,(#2702,#2703,#2704,#2705,#2706),
  .UNSPECIFIED.,.F.,.F.,(4,1,4),(0.,0.5,1.),.UNSPECIFIED.);
#2702 = CARTESIAN_POINT('',(0.177951201025,-0.1,6.000058790021E-02));
#2703 = CARTESIAN_POINT('',(0.171650388017,-8.333333333334E-02,
    6.000058790021E-02));
#2704 = CARTESIAN_POINT('',(0.159048762,-5.E-02,6.000058790021E-02));
#2705 = CARTESIAN_POINT('',(0.146447135984,-1.666666666667E-02,
    6.000058790021E-02));
#2706 = CARTESIAN_POINT('',(0.140146322976,-2.832478175618E-15,
    6.000058790021E-02));
#2707 = B_SPLINE_SURFACE_WITH_KNOTS('',1,1,(
    (#2708,#2709)
    ,(#2710,#2711
    )),.UNSPECIFIED.,.F.,.F.,.F.,(2,2),(2,2),(-2.775557561563E-16,
    0.106907477775),(0.,1.E-02),.PIECEWISE_BEZIER_KNOTS.);
#2708 = CARTESIAN_POINT('',(0.177951201025,-0.1,5.000058790021E-02));
#2709 = CARTESIAN_POINT('',(0.177951201025,-0.1,6.000058790021E-02));
#2710 = CARTESIAN_POINT('',(0.140146322976,-2.706168622524E-15,
    5.000058790021E-02));
#2711 = CARTESIAN_POINT('',(0.140146322976,-2.706168622524E-15,
    6.000058790021E-02));
#2712 = ADVANCED_FACE('',(#2713),#2723,.T.);
#2713 = FACE_BOUND('',#2714,.T.);
#2714 = EDGE_LOOP('',(#2715,#2720,#2721,#2722));
#2715 = ORIENTED_EDGE('',*,*,#2716,.F.);
#2716 = EDGE_CURVE('',#2694,#2545,#2717,.T.);
#2717 = B_SPLINE_CURVE_WITH_KNOTS('',1,(#2718,#2719),.UNSPECIFIED.,.F.,
  .F.,(2,2),(0.140146322976,0.154780469318),.PIECEWISE_BEZIER_KNOTS.);
#2718 = CARTESIAN_POINT('',(0.140146322976,-2.832478175618E-15,
    6.000058790021E-02));
#2719 = CARTESIAN_POINT('',(0.154780469318,-2.832478175618E-15,
    6.000058790021E-02));
#2720 = ORIENTED_EDGE('',*,*,#2693,.T.);
#2721 = ORIENTED_EDGE('',*,*,#246,.T.);
#2722 = ORIENTED_EDGE('',*,*,#2544,.F.);
#2723 = B_SPLINE_SURFACE_WITH_KNOTS('',1,1,(
    (#2724,#2725)
    ,(#2726,#2727
    )),.UNSPECIFIED.,.F.,.F.,.F.,(2,2),(2,2),(0.,1.463414634146E-02),(0.
    ,1.E-02),.PIECEWISE_BEZIER_KNOTS.);
#2724 = CARTESIAN_POINT('',(0.140146322976,-2.832478175618E-15,
    5.000058790021E-02));
#2725 = CARTESIAN_POINT('',(0.140146322976,-2.832478175618E-15,
    6.000058790021E-02));
#2726 = CARTESIAN_POINT('',(0.154780469318,-3.247577259332E-15,
    5.000058790021E-02));
#2727 = CARTESIAN_POINT('',(0.154780469318,-3.247577259332E-15,
    6.000058790021E-02));
#2728 = ADVANCED_FACE('',(#2729,#2758),#2768,.F.);
#2729 = FACE_BOUND('',#2730,.T.);
#2730 = EDGE_LOOP('',(#2731,#2740,#2750));
#2731 = ORIENTED_EDGE('',*,*,#2732,.T.);
#2732 = EDGE_CURVE('',#2733,#2735,#2737,.T.);
#2733 = VERTEX_POINT('',#2734);
#2734 = CARTESIAN_POINT('',(0.20114098761,-3.902439024391E-02,
    6.000058790021E-02));
#2735 = VERTEX_POINT('',#2736);
#2736 = CARTESIAN_POINT('',(0.167699676635,-3.902439024391E-02,
    6.000058790021E-02));
#2737 = B_SPLINE_CURVE_WITH_KNOTS('',1,(#2738,#2739),.UNSPECIFIED.,.F.,
  .F.,(2,2),(-0.20114098761,-0.167699676635),.PIECEWISE_BEZIER_KNOTS.);
#2738 = CARTESIAN_POINT('',(0.20114098761,-3.902439024391E-02,
    6.000058790021E-02));
#2739 = CARTESIAN_POINT('',(0.167699676635,-3.902439024391E-02,
    6.000058790021E-02));
#2740 = ORIENTED_EDGE('',*,*,#2741,.T.);
#2741 = EDGE_CURVE('',#2735,#2742,#2744,.T.);
#2742 = VERTEX_POINT('',#2743);
#2743 = CARTESIAN_POINT('',(0.182619646147,-8.079268292683E-02,
    6.000058790021E-02));
#2744 = B_SPLINE_CURVE_WITH_KNOTS('',3,(#2745,#2746,#2747,#2748,#2749),
  .UNSPECIFIED.,.F.,.F.,(4,1,4),(0.,0.5,1.),.QUASI_UNIFORM_KNOTS.);
#2745 = CARTESIAN_POINT('',(0.167699676635,-3.902439024391E-02,
    6.000058790021E-02));
#2746 = CARTESIAN_POINT('',(0.17018633822,-4.598577235773E-02,
    6.000058790021E-02));
#2747 = CARTESIAN_POINT('',(0.175159661391,-5.990853658537E-02,
    6.000058790021E-02));
#2748 = CARTESIAN_POINT('',(0.180132984561,-7.383130081301E-02,
    6.000058790021E-02));
#2749 = CARTESIAN_POINT('',(0.182619646147,-8.079268292683E-02,
    6.000058790021E-02));
#2750 = ORIENTED_EDGE('',*,*,#2751,.T.);
#2751 = EDGE_CURVE('',#2742,#2733,#2752,.T.);
#2752 = B_SPLINE_CURVE_WITH_KNOTS('',3,(#2753,#2754,#2755,#2756,#2757),
  .UNSPECIFIED.,.F.,.F.,(4,1,4),(0.,0.515310119872,1.),.UNSPECIFIED.);
#2753 = CARTESIAN_POINT('',(0.182619646147,-8.079268292683E-02,
    6.000058790021E-02));
#2754 = CARTESIAN_POINT('',(0.186541544479,-7.394461356399E-02,
    6.000058790021E-02));
#2755 = CARTESIAN_POINT('',(0.194152298045,-6.065539392954E-02,
    6.000058790021E-02));
#2756 = CARTESIAN_POINT('',(0.198859469326,-4.608601888687E-02,
    6.000058790021E-02));
#2757 = CARTESIAN_POINT('',(0.20114098761,-3.902439024391E-02,
    6.000058790021E-02));
#2758 = FACE_BOUND('',#2759,.T.);
#2759 = EDGE_LOOP('',(#2760,#2761,#2762,#2763,#2764,#2765,#2766,#2767));
#2760 = ORIENTED_EDGE('',*,*,#2700,.T.);
#2761 = ORIENTED_EDGE('',*,*,#2716,.T.);
#2762 = ORIENTED_EDGE('',*,*,#2559,.T.);
#2763 = ORIENTED_EDGE('',*,*,#2584,.T.);
#2764 = ORIENTED_EDGE('',*,*,#2606,.T.);
#2765 = ORIENTED_EDGE('',*,*,#2631,.T.);
#2766 = ORIENTED_EDGE('',*,*,#2653,.T.);
#2767 = ORIENTED_EDGE('',*,*,#2678,.T.);
#2768 = B_SPLINE_SURFACE_WITH_KNOTS('',1,1,(
    (#2769,#2770)
    ,(#2771,#2772
    )),.UNSPECIFIED.,.F.,.F.,.F.,(2,2),(2,2),(0.140146322976,
    0.230390225415),(-0.1,-2.832478175618E-15),
  .PIECEWISE_BEZIER_KNOTS.);
#2769 = CARTESIAN_POINT('',(0.140146322976,-0.1,6.000058790021E-02));
#2770 = CARTESIAN_POINT('',(0.140146322976,-2.832478175618E-15,
    6.000058790021E-02));
#2771 = CARTESIAN_POINT('',(0.230390225415,-0.1,6.000058790021E-02));
#2772 = CARTESIAN_POINT('',(0.230390225415,-2.832478175618E-15,
    6.000058790021E-02));
#2773 = ADVANCED_FACE('',(#2774),#2799,.T.);
#2774 = FACE_BOUND('',#2775,.T.);
#2775 = EDGE_LOOP('',(#2776,#2783,#2784,#2791));
#2776 = ORIENTED_EDGE('',*,*,#2777,.F.);
#2777 = EDGE_CURVE('',#2735,#2778,#2780,.T.);
#2778 = VERTEX_POINT('',#2779);
#2779 = CARTESIAN_POINT('',(0.167699676635,-3.902439024391E-02,
    5.000058790021E-02));
#2780 = B_SPLINE_CURVE_WITH_KNOTS('',1,(#2781,#2782),.UNSPECIFIED.,.F.,
  .F.,(2,2),(-1.E-02,0.),.PIECEWISE_BEZIER_KNOTS.);
#2781 = CARTESIAN_POINT('',(0.167699676635,-3.902439024391E-02,
    6.000058790021E-02));
#2782 = CARTESIAN_POINT('',(0.167699676635,-3.902439024391E-02,
    5.000058790021E-02));
#2783 = ORIENTED_EDGE('',*,*,#2732,.F.);
#2784 = ORIENTED_EDGE('',*,*,#2785,.T.);
#2785 = EDGE_CURVE('',#2733,#2786,#2788,.T.);
#2786 = VERTEX_POINT('',#2787);
#2787 = CARTESIAN_POINT('',(0.20114098761,-3.902439024391E-02,
    5.000058790021E-02));
#2788 = B_SPLINE_CURVE_WITH_KNOTS('',1,(#2789,#2790),.UNSPECIFIED.,.F.,
  .F.,(2,2),(-1.E-02,0.),.PIECEWISE_BEZIER_KNOTS.);
#2789 = CARTESIAN_POINT('',(0.20114098761,-3.902439024391E-02,
    6.000058790021E-02));
#2790 = CARTESIAN_POINT('',(0.20114098761,-3.902439024391E-02,
    5.000058790021E-02));
#2791 = ORIENTED_EDGE('',*,*,#2792,.T.);
#2792 = EDGE_CURVE('',#2786,#2778,#2793,.T.);
#2793 = B_SPLINE_CURVE_WITH_KNOTS('',3,(#2794,#2795,#2796,#2797,#2798),
  .UNSPECIFIED.,.F.,.F.,(4,1,4),(0.,0.5,0.999984123171),.UNSPECIFIED.);
#2794 = CARTESIAN_POINT('',(0.20114098761,-3.902439024391E-02,
    5.000058790021E-02));
#2795 = CARTESIAN_POINT('',(0.195567435781,-3.902439024391E-02,
    5.000058790021E-02));
#2796 = CARTESIAN_POINT('',(0.184420509103,-3.902439024391E-02,
    5.000058790021E-02));
#2797 = CARTESIAN_POINT('',(0.173273582425,-3.902439024391E-02,
    5.000058790021E-02));
#2798 = CARTESIAN_POINT('',(0.167699676635,-3.902439024391E-02,
    5.000058790021E-02));
#2799 = B_SPLINE_SURFACE_WITH_KNOTS('',1,1,(
    (#2800,#2801)
    ,(#2802,#2803
    )),.UNSPECIFIED.,.F.,.F.,.F.,(2,2),(2,2),(0.,3.344131097561E-02),(0.
    ,1.E-02),.PIECEWISE_BEZIER_KNOTS.);
#2800 = CARTESIAN_POINT('',(0.20114098761,-3.902439024391E-02,
    5.000058790021E-02));
#2801 = CARTESIAN_POINT('',(0.20114098761,-3.902439024391E-02,
    6.000058790021E-02));
#2802 = CARTESIAN_POINT('',(0.167699676635,-3.902439024391E-02,
    5.000058790021E-02));
#2803 = CARTESIAN_POINT('',(0.167699676635,-3.902439024391E-02,
    6.000058790021E-02));
#2804 = ADVANCED_FACE('',(#2805),#2824,.T.);
#2805 = FACE_BOUND('',#2806,.T.);
#2806 = EDGE_LOOP('',(#2807,#2808,#2809,#2816));
#2807 = ORIENTED_EDGE('',*,*,#2785,.F.);
#2808 = ORIENTED_EDGE('',*,*,#2751,.F.);
#2809 = ORIENTED_EDGE('',*,*,#2810,.T.);
#2810 = EDGE_CURVE('',#2742,#2811,#2813,.T.);
#2811 = VERTEX_POINT('',#2812);
#2812 = CARTESIAN_POINT('',(0.182619646147,-8.079268292683E-02,
    5.000058790021E-02));
#2813 = B_SPLINE_CURVE_WITH_KNOTS('',1,(#2814,#2815),.UNSPECIFIED.,.F.,
  .F.,(2,2),(-1.E-02,0.),.PIECEWISE_BEZIER_KNOTS.);
#2814 = CARTESIAN_POINT('',(0.182619646147,-8.079268292683E-02,
    6.000058790021E-02));
#2815 = CARTESIAN_POINT('',(0.182619646147,-8.079268292683E-02,
    5.000058790021E-02));
#2816 = ORIENTED_EDGE('',*,*,#2817,.T.);
#2817 = EDGE_CURVE('',#2811,#2786,#2818,.T.);
#2818 = B_SPLINE_CURVE_WITH_KNOTS('',3,(#2819,#2820,#2821,#2822,#2823),
  .UNSPECIFIED.,.F.,.F.,(4,1,4),(0.,0.515310119872,0.999988560479),
  .UNSPECIFIED.);
#2819 = CARTESIAN_POINT('',(0.182619646147,-8.079268292683E-02,
    5.000058790021E-02));
#2820 = CARTESIAN_POINT('',(0.186541544479,-7.394461356399E-02,
    5.000058790021E-02));
#2821 = CARTESIAN_POINT('',(0.194152210982,-6.065554595184E-02,
    5.000058790021E-02));
#2822 = CARTESIAN_POINT('',(0.19885936163,-4.608635222004E-02,
    5.000058790021E-02));
#2823 = CARTESIAN_POINT('',(0.20114098761,-3.902439024391E-02,
    5.000058790021E-02));
#2824 = B_SPLINE_SURFACE_WITH_KNOTS('',3,1,(
    (#2825,#2826)
    ,(#2827,#2828)
    ,(#2829,#2830)
    ,(#2831,#2832)
    ,(#2833,#2834
    )),.UNSPECIFIED.,.F.,.F.,.F.,(4,1,4),(2,2),(0.,0.515310119872,1.),(
    0.,1.),.UNSPECIFIED.);
#2825 = CARTESIAN_POINT('',(0.182619646147,-8.079268292683E-02,
    5.000058790021E-02));
#2826 = CARTESIAN_POINT('',(0.182619646147,-8.079268292683E-02,
    6.000058790021E-02));
#2827 = CARTESIAN_POINT('',(0.186541544479,-7.394461356399E-02,
    5.000058790021E-02));
#2828 = CARTESIAN_POINT('',(0.186541544479,-7.394461356399E-02,
    6.000058790021E-02));
#2829 = CARTESIAN_POINT('',(0.194152298045,-6.065539392954E-02,
    5.000058790021E-02));
#2830 = CARTESIAN_POINT('',(0.194152298045,-6.065539392954E-02,
    6.000058790021E-02));
#2831 = CARTESIAN_POINT('',(0.198859469326,-4.608601888687E-02,
    5.000058790021E-02));
#2832 = CARTESIAN_POINT('',(0.198859469326,-4.608601888687E-02,
    6.000058790021E-02));
#2833 = CARTESIAN_POINT('',(0.20114098761,-3.902439024391E-02,
    5.000058790021E-02));
#2834 = CARTESIAN_POINT('',(0.20114098761,-3.902439024391E-02,
    6.000058790021E-02));
#2835 = ADVANCED_FACE('',(#2836),#2849,.T.);
#2836 = FACE_BOUND('',#2837,.T.);
#2837 = EDGE_LOOP('',(#2838,#2839,#2840,#2848));
#2838 = ORIENTED_EDGE('',*,*,#2741,.F.);
#2839 = ORIENTED_EDGE('',*,*,#2777,.T.);
#2840 = ORIENTED_EDGE('',*,*,#2841,.T.);
#2841 = EDGE_CURVE('',#2778,#2811,#2842,.T.);
#2842 = B_SPLINE_CURVE_WITH_KNOTS('',3,(#2843,#2844,#2845,#2846,#2847),
  .UNSPECIFIED.,.F.,.F.,(4,1,4),(0.,0.5,1.),.QUASI_UNIFORM_KNOTS.);
#2843 = CARTESIAN_POINT('',(0.167699676635,-3.902439024391E-02,
    5.000058790021E-02));
#2844 = CARTESIAN_POINT('',(0.17018633822,-4.598577235773E-02,
    5.000058790021E-02));
#2845 = CARTESIAN_POINT('',(0.175159661391,-5.990853658537E-02,
    5.000058790021E-02));
#2846 = CARTESIAN_POINT('',(0.180132984561,-7.383130081301E-02,
    5.000058790021E-02));
#2847 = CARTESIAN_POINT('',(0.182619646147,-8.079268292683E-02,
    5.000058790021E-02));
#2848 = ORIENTED_EDGE('',*,*,#2810,.F.);
#2849 = B_SPLINE_SURFACE_WITH_KNOTS('',1,1,(
    (#2850,#2851)
    ,(#2852,#2853
    )),.UNSPECIFIED.,.F.,.F.,.F.,(2,2),(2,2),(0.,4.435308065841E-02),(0.
    ,1.E-02),.PIECEWISE_BEZIER_KNOTS.);
#2850 = CARTESIAN_POINT('',(0.167699676635,-3.902439024391E-02,
    5.000058790021E-02));
#2851 = CARTESIAN_POINT('',(0.167699676635,-3.902439024391E-02,
    6.000058790021E-02));
#2852 = CARTESIAN_POINT('',(0.182619646147,-8.079268292683E-02,
    5.000058790021E-02));
#2853 = CARTESIAN_POINT('',(0.182619646147,-8.079268292683E-02,
    6.000058790021E-02));
#2854 = ADVANCED_FACE('',(#2855),#2877,.T.);
#2855 = FACE_BOUND('',#2856,.T.);
#2856 = EDGE_LOOP('',(#2857,#2864,#2865,#2872));
#2857 = ORIENTED_EDGE('',*,*,#2858,.T.);
#2858 = EDGE_CURVE('',#2859,#185,#2861,.T.);
#2859 = VERTEX_POINT('',#2860);
#2860 = CARTESIAN_POINT('',(5.234144492726E-02,-1.E-01,
    6.000058790021E-02));
#2861 = B_SPLINE_CURVE_WITH_KNOTS('',1,(#2862,#2863),.UNSPECIFIED.,.F.,
  .F.,(2,2),(-1.E-02,0.),.PIECEWISE_BEZIER_KNOTS.);
#2862 = CARTESIAN_POINT('',(5.234144492726E-02,-1.E-01,
    6.000058790021E-02));
#2863 = CARTESIAN_POINT('',(5.234144492726E-02,-1.E-01,
    5.000058790021E-02));
#2864 = ORIENTED_EDGE('',*,*,#184,.T.);
#2865 = ORIENTED_EDGE('',*,*,#2866,.F.);
#2866 = EDGE_CURVE('',#2867,#173,#2869,.T.);
#2867 = VERTEX_POINT('',#2868);
#2868 = CARTESIAN_POINT('',(5.234144492726E-02,-8.064283053453E-16,
    6.000058790021E-02));
#2869 = B_SPLINE_CURVE_WITH_KNOTS('',1,(#2870,#2871),.UNSPECIFIED.,.F.,
  .F.,(2,2),(-1.E-02,0.),.PIECEWISE_BEZIER_KNOTS.);
#2870 = CARTESIAN_POINT('',(5.234144492726E-02,-8.064283053453E-16,
    6.000058790021E-02));
#2871 = CARTESIAN_POINT('',(5.234144492726E-02,-8.064283053453E-16,
    5.000058790021E-02));
#2872 = ORIENTED_EDGE('',*,*,#2873,.F.);
#2873 = EDGE_CURVE('',#2859,#2867,#2874,.T.);
#2874 = B_SPLINE_CURVE_WITH_KNOTS('',1,(#2875,#2876),.UNSPECIFIED.,.F.,
  .F.,(2,2),(-1.E-01,-8.064283053453E-16),.PIECEWISE_BEZIER_KNOTS.);
#2875 = CARTESIAN_POINT('',(5.234144492726E-02,-1.E-01,
    6.000058790021E-02));
#2876 = CARTESIAN_POINT('',(5.234144492726E-02,-8.064283053453E-16,
    6.000058790021E-02));
#2877 = B_SPLINE_SURFACE_WITH_KNOTS('',1,1,(
    (#2878,#2879)
    ,(#2880,#2881
    )),.UNSPECIFIED.,.F.,.F.,.F.,(2,2),(2,2),(-2.498001805407E-16,1.E-01
    ),(0.,1.E-02),.PIECEWISE_BEZIER_KNOTS.);
#2878 = CARTESIAN_POINT('',(5.234144492726E-02,-1.E-01,
    5.000058790021E-02));
#2879 = CARTESIAN_POINT('',(5.234144492726E-02,-1.E-01,
    6.000058790021E-02));
#2880 = CARTESIAN_POINT('',(5.234144492726E-02,-8.049116928532E-16,
    5.000058790021E-02));
#2881 = CARTESIAN_POINT('',(5.234144492726E-02,-8.049116928532E-16,
    6.000058790021E-02));
#2882 = ADVANCED_FACE('',(#2883),#2899,.T.);
#2883 = FACE_BOUND('',#2884,.T.);
#2884 = EDGE_LOOP('',(#2885,#2886,#2887,#2894));
#2885 = ORIENTED_EDGE('',*,*,#2866,.T.);
#2886 = ORIENTED_EDGE('',*,*,#172,.T.);
#2887 = ORIENTED_EDGE('',*,*,#2888,.F.);
#2888 = EDGE_CURVE('',#2889,#175,#2891,.T.);
#2889 = VERTEX_POINT('',#2890);
#2890 = CARTESIAN_POINT('',(7.953275590287E-02,-9.892286032746E-16,
    6.000058790021E-02));
#2891 = B_SPLINE_CURVE_WITH_KNOTS('',1,(#2892,#2893),.UNSPECIFIED.,.F.,
  .F.,(2,2),(-1.E-02,0.),.PIECEWISE_BEZIER_KNOTS.);
#2892 = CARTESIAN_POINT('',(7.953275590287E-02,-1.172028901204E-15,
    6.000058790021E-02));
#2893 = CARTESIAN_POINT('',(7.953275590287E-02,-1.172028901204E-15,
    5.000058790021E-02));
#2894 = ORIENTED_EDGE('',*,*,#2895,.F.);
#2895 = EDGE_CURVE('',#2867,#2889,#2896,.T.);
#2896 = B_SPLINE_CURVE_WITH_KNOTS('',1,(#2897,#2898),.UNSPECIFIED.,.F.,
  .F.,(2,2),(5.234144492726E-02,7.953275590287E-02),
  .PIECEWISE_BEZIER_KNOTS.);
#2897 = CARTESIAN_POINT('',(5.234144492726E-02,-8.064283053453E-16,
    6.000058790021E-02));
#2898 = CARTESIAN_POINT('',(7.953275590287E-02,-8.064283053453E-16,
    6.000058790021E-02));
#2899 = B_SPLINE_SURFACE_WITH_KNOTS('',1,1,(
    (#2900,#2901)
    ,(#2902,#2903
    )),.UNSPECIFIED.,.F.,.F.,.F.,(2,2),(2,2),(-5.96744875736E-16,
    2.719131097561E-02),(0.,1.E-02),.PIECEWISE_BEZIER_KNOTS.);
#2900 = CARTESIAN_POINT('',(5.234144492726E-02,-8.064283053453E-16,
    5.000058790021E-02));
#2901 = CARTESIAN_POINT('',(5.234144492726E-02,-8.064283053453E-16,
    6.000058790021E-02));
#2902 = CARTESIAN_POINT('',(7.953275590287E-02,-1.17361708798E-15,
    5.000058790021E-02));
#2903 = CARTESIAN_POINT('',(7.953275590287E-02,-1.17361708798E-15,
    6.000058790021E-02));
#2904 = ADVANCED_FACE('',(#2905),#2924,.F.);
#2905 = FACE_BOUND('',#2906,.F.);
#2906 = EDGE_LOOP('',(#2907,#2917,#2922,#2923));
#2907 = ORIENTED_EDGE('',*,*,#2908,.T.);
#2908 = EDGE_CURVE('',#2889,#2909,#2911,.T.);
#2909 = VERTEX_POINT('',#2910);
#2910 = CARTESIAN_POINT('',(0.132829249805,-5.125762195122E-02,
    6.000058790021E-02));
#2911 = B_SPLINE_CURVE_WITH_KNOTS('',3,(#2912,#2913,#2914,#2915,#2916),
  .UNSPECIFIED.,.F.,.F.,(4,1,4),(0.,0.444960023715,1.),.UNSPECIFIED.);
#2912 = CARTESIAN_POINT('',(7.953275590287E-02,-9.892286032746E-16,
    6.000058790021E-02));
#2913 = CARTESIAN_POINT('',(9.240806576611E-02,-1.901821919038E-03,
    6.000058790021E-02));
#2914 = CARTESIAN_POINT('',(0.121343945794,-6.175963005151E-03,
    6.000058790021E-02));
#2915 = CARTESIAN_POINT('',(0.128729803512,-3.516663825053E-02,
    6.000058790021E-02));
#2916 = CARTESIAN_POINT('',(0.132829249805,-5.125762195122E-02,
    6.000058790021E-02));
#2917 = ORIENTED_EDGE('',*,*,#2918,.T.);
#2918 = EDGE_CURVE('',#2909,#205,#2919,.T.);
#2919 = B_SPLINE_CURVE_WITH_KNOTS('',1,(#2920,#2921),.UNSPECIFIED.,.F.,
  .F.,(2,2),(-1.E-02,0.),.PIECEWISE_BEZIER_KNOTS.);
#2920 = CARTESIAN_POINT('',(0.132829249805,-5.125762195122E-02,
    6.000058790021E-02));
#2921 = CARTESIAN_POINT('',(0.132829249805,-5.125762195122E-02,
    5.000058790021E-02));
#2922 = ORIENTED_EDGE('',*,*,#214,.F.);
#2923 = ORIENTED_EDGE('',*,*,#2888,.F.);
#2924 = B_SPLINE_SURFACE_WITH_KNOTS('',3,1,(
    (#2925,#2926)
    ,(#2927,#2928)
    ,(#2929,#2930)
    ,(#2931,#2932)
    ,(#2933,#2934
    )),.UNSPECIFIED.,.F.,.F.,.F.,(4,1,4),(2,2),(0.,0.555039976285,1.),(
    0.,1.),.UNSPECIFIED.);
#2925 = CARTESIAN_POINT('',(0.132829249805,-5.125762195122E-02,
    5.000058790021E-02));
#2926 = CARTESIAN_POINT('',(0.132829249805,-5.125762195122E-02,
    6.000058790021E-02));
#2927 = CARTESIAN_POINT('',(0.128729803512,-3.516663825053E-02,
    5.000058790021E-02));
#2928 = CARTESIAN_POINT('',(0.128729803512,-3.516663825053E-02,
    6.000058790021E-02));
#2929 = CARTESIAN_POINT('',(0.121343945794,-6.175963005151E-03,
    5.000058790021E-02));
#2930 = CARTESIAN_POINT('',(0.121343945794,-6.175963005151E-03,
    6.000058790021E-02));
#2931 = CARTESIAN_POINT('',(9.240806576611E-02,-1.901821919038E-03,
    5.000058790021E-02));
#2932 = CARTESIAN_POINT('',(9.240806576611E-02,-1.901821919038E-03,
    6.000058790021E-02));
#2933 = CARTESIAN_POINT('',(7.953275590287E-02,-1.172028901204E-15,
    5.000058790021E-02));
#2934 = CARTESIAN_POINT('',(7.953275590287E-02,-1.172028901204E-15,
    6.000058790021E-02));
#2935 = ADVANCED_FACE('',(#2936),#2955,.F.);
#2936 = FACE_BOUND('',#2937,.F.);
#2937 = EDGE_LOOP('',(#2938,#2948,#2953,#2954));
#2938 = ORIENTED_EDGE('',*,*,#2939,.T.);
#2939 = EDGE_CURVE('',#2909,#2940,#2942,.T.);
#2940 = VERTEX_POINT('',#2941);
#2941 = CARTESIAN_POINT('',(8.05617193175E-02,-0.1,6.000058790021E-02));
#2942 = B_SPLINE_CURVE_WITH_KNOTS('',3,(#2943,#2944,#2945,#2946,#2947),
  .UNSPECIFIED.,.F.,.F.,(4,1,4),(0.,0.441185701024,1.),.UNSPECIFIED.);
#2943 = CARTESIAN_POINT('',(0.132829249805,-5.125762195122E-02,
    6.000058790021E-02));
#2944 = CARTESIAN_POINT('',(0.130403877215,-6.350452971119E-02,
    6.000058790021E-02));
#2945 = CARTESIAN_POINT('',(0.12490648103,-9.126360651615E-02,
    6.000058790021E-02));
#2946 = CARTESIAN_POINT('',(9.645872959364E-02,-9.686811854147E-02,
    6.000058790021E-02));
#2947 = CARTESIAN_POINT('',(8.05617193175E-02,-0.1,6.000058790021E-02));
#2948 = ORIENTED_EDGE('',*,*,#2949,.T.);
#2949 = EDGE_CURVE('',#2940,#195,#2950,.T.);
#2950 = B_SPLINE_CURVE_WITH_KNOTS('',1,(#2951,#2952),.UNSPECIFIED.,.F.,
  .F.,(2,2),(-1.E-02,0.),.PIECEWISE_BEZIER_KNOTS.);
#2951 = CARTESIAN_POINT('',(8.05617193175E-02,-0.1,6.000058790021E-02));
#2952 = CARTESIAN_POINT('',(8.05617193175E-02,-0.1,5.000058790021E-02));
#2953 = ORIENTED_EDGE('',*,*,#204,.F.);
#2954 = ORIENTED_EDGE('',*,*,#2918,.F.);
#2955 = B_SPLINE_SURFACE_WITH_KNOTS('',3,1,(
    (#2956,#2957)
    ,(#2958,#2959)
    ,(#2960,#2961)
    ,(#2962,#2963)
    ,(#2964,#2965
    )),.UNSPECIFIED.,.F.,.F.,.F.,(4,1,4),(2,2),(0.,0.558814298976,1.),(
    0.,1.),.UNSPECIFIED.);
#2956 = CARTESIAN_POINT('',(8.05617193175E-02,-0.1,5.000058790021E-02));
#2957 = CARTESIAN_POINT('',(8.05617193175E-02,-0.1,6.000058790021E-02));
#2958 = CARTESIAN_POINT('',(9.645872959364E-02,-9.686811854147E-02,
    5.000058790021E-02));
#2959 = CARTESIAN_POINT('',(9.645872959364E-02,-9.686811854147E-02,
    6.000058790021E-02));
#2960 = CARTESIAN_POINT('',(0.12490648103,-9.126360651615E-02,
    5.000058790021E-02));
#2961 = CARTESIAN_POINT('',(0.12490648103,-9.126360651615E-02,
    6.000058790021E-02));
#2962 = CARTESIAN_POINT('',(0.130403877215,-6.350452971119E-02,
    5.000058790021E-02));
#2963 = CARTESIAN_POINT('',(0.130403877215,-6.350452971119E-02,
    6.000058790021E-02));
#2964 = CARTESIAN_POINT('',(0.132829249805,-5.125762195122E-02,
    5.000058790021E-02));
#2965 = CARTESIAN_POINT('',(0.132829249805,-5.125762195122E-02,
    6.000058790021E-02));
#2966 = ADVANCED_FACE('',(#2967),#2977,.T.);
#2967 = FACE_BOUND('',#2968,.T.);
#2968 = EDGE_LOOP('',(#2969,#2974,#2975,#2976));
#2969 = ORIENTED_EDGE('',*,*,#2970,.F.);
#2970 = EDGE_CURVE('',#2940,#2859,#2971,.T.);
#2971 = B_SPLINE_CURVE_WITH_KNOTS('',1,(#2972,#2973),.UNSPECIFIED.,.F.,
  .F.,(2,2),(-8.05617193175E-02,-5.234144492726E-02),
  .PIECEWISE_BEZIER_KNOTS.);
#2972 = CARTESIAN_POINT('',(8.05617193175E-02,-0.1,6.000058790021E-02));
#2973 = CARTESIAN_POINT('',(5.234144492726E-02,-0.1,6.000058790021E-02)
  );
#2974 = ORIENTED_EDGE('',*,*,#2949,.T.);
#2975 = ORIENTED_EDGE('',*,*,#194,.T.);
#2976 = ORIENTED_EDGE('',*,*,#2858,.F.);
#2977 = B_SPLINE_SURFACE_WITH_KNOTS('',1,1,(
    (#2978,#2979)
    ,(#2980,#2981
    )),.UNSPECIFIED.,.F.,.F.,.F.,(2,2),(2,2),(-1.387778780781E-17,
    2.822027439024E-02),(0.,1.E-02),.PIECEWISE_BEZIER_KNOTS.);
#2978 = CARTESIAN_POINT('',(8.05617193175E-02,-0.1,5.000058790021E-02));
#2979 = CARTESIAN_POINT('',(8.05617193175E-02,-0.1,6.000058790021E-02));
#2980 = CARTESIAN_POINT('',(5.234144492726E-02,-1.E-01,
    5.000058790021E-02));
#2981 = CARTESIAN_POINT('',(5.234144492726E-02,-1.E-01,
    6.000058790021E-02));
#2982 = ADVANCED_FACE('',(#2983,#3026),#3033,.F.);
#2983 = FACE_BOUND('',#2984,.T.);
#2984 = EDGE_LOOP('',(#2985,#2997,#3007,#3014,#3021));
#2985 = ORIENTED_EDGE('',*,*,#2986,.T.);
#2986 = EDGE_CURVE('',#2987,#2989,#2991,.T.);
#2987 = VERTEX_POINT('',#2988);
#2988 = CARTESIAN_POINT('',(8.050455468335E-02,-8.90243902439E-02,
    6.000058790021E-02));
#2989 = VERTEX_POINT('',#2990);
#2990 = CARTESIAN_POINT('',(0.119414615659,-5.097179878049E-02,
    6.000058790021E-02));
#2991 = B_SPLINE_CURVE_WITH_KNOTS('',3,(#2992,#2993,#2994,#2995,#2996),
  .UNSPECIFIED.,.F.,.F.,(4,1,4),(0.,0.445627601179,1.),.UNSPECIFIED.);
#2992 = CARTESIAN_POINT('',(8.050455468335E-02,-8.90243902439E-02,
    6.000058790021E-02));
#2993 = CARTESIAN_POINT('',(9.018285977079E-02,-8.778777289863E-02,
    6.000058790021E-02));
#2994 = CARTESIAN_POINT('',(0.111901229687,-8.501277121111E-02,
    6.000058790021E-02));
#2995 = CARTESIAN_POINT('',(0.11673494005,-6.311263167155E-02,
    6.000058790021E-02));
#2996 = CARTESIAN_POINT('',(0.119414615659,-5.097179878049E-02,
    6.000058790021E-02));
#2997 = ORIENTED_EDGE('',*,*,#2998,.T.);
#2998 = EDGE_CURVE('',#2989,#2999,#3001,.T.);
#2999 = VERTEX_POINT('',#3000);
#3000 = CARTESIAN_POINT('',(7.995196321994E-02,-1.09756097561E-02,
    6.000058790021E-02));
#3001 = B_SPLINE_CURVE_WITH_KNOTS('',3,(#3002,#3003,#3004,#3005,#3006),
  .UNSPECIFIED.,.F.,.F.,(4,1,4),(0.,0.444581886925,1.),.UNSPECIFIED.);
#3002 = CARTESIAN_POINT('',(0.119414615659,-5.097179878049E-02,
    6.000058790021E-02));
#3003 = CARTESIAN_POINT('',(0.118118416244,-4.099924365734E-02,
    6.000058790021E-02));
#3004 = CARTESIAN_POINT('',(0.115202869179,-1.856793141445E-02,
    6.000058790021E-02));
#3005 = CARTESIAN_POINT('',(9.253957005521E-02,-1.368672192195E-02,
    6.000058790021E-02));
#3006 = CARTESIAN_POINT('',(7.995196321994E-02,-1.09756097561E-02,
    6.000058790021E-02));
#3007 = ORIENTED_EDGE('',*,*,#3008,.T.);
#3008 = EDGE_CURVE('',#2999,#3009,#3011,.T.);
#3009 = VERTEX_POINT('',#3010);
#3010 = CARTESIAN_POINT('',(6.57560790736E-02,-1.09756097561E-02,
    6.000058790021E-02));
#3011 = B_SPLINE_CURVE_WITH_KNOTS('',1,(#3012,#3013),.UNSPECIFIED.,.F.,
  .F.,(2,2),(-7.995196321994E-02,-6.57560790736E-02),
  .PIECEWISE_BEZIER_KNOTS.);
#3012 = CARTESIAN_POINT('',(7.995196321994E-02,-1.09756097561E-02,
    6.000058790021E-02));
#3013 = CARTESIAN_POINT('',(6.57560790736E-02,-1.09756097561E-02,
    6.000058790021E-02));
#3014 = ORIENTED_EDGE('',*,*,#3015,.T.);
#3015 = EDGE_CURVE('',#3009,#3016,#3018,.T.);
#3016 = VERTEX_POINT('',#3017);
#3017 = CARTESIAN_POINT('',(6.57560790736E-02,-8.90243902439E-02,
    6.000058790021E-02));
#3018 = B_SPLINE_CURVE_WITH_KNOTS('',1,(#3019,#3020),.UNSPECIFIED.,.F.,
  .F.,(2,2),(1.09756097561E-02,8.90243902439E-02),
  .PIECEWISE_BEZIER_KNOTS.);
#3019 = CARTESIAN_POINT('',(6.57560790736E-02,-1.09756097561E-02,
    6.000058790021E-02));
#3020 = CARTESIAN_POINT('',(6.57560790736E-02,-8.90243902439E-02,
    6.000058790021E-02));
#3021 = ORIENTED_EDGE('',*,*,#3022,.T.);
#3022 = EDGE_CURVE('',#3016,#2987,#3023,.T.);
#3023 = B_SPLINE_CURVE_WITH_KNOTS('',1,(#3024,#3025),.UNSPECIFIED.,.F.,
  .F.,(2,2),(6.57560790736E-02,8.050455468335E-02),
  .PIECEWISE_BEZIER_KNOTS.);
#3024 = CARTESIAN_POINT('',(6.57560790736E-02,-8.90243902439E-02,
    6.000058790021E-02));
#3025 = CARTESIAN_POINT('',(8.050455468335E-02,-8.90243902439E-02,
    6.000058790021E-02));
#3026 = FACE_BOUND('',#3027,.T.);
#3027 = EDGE_LOOP('',(#3028,#3029,#3030,#3031,#3032));
#3028 = ORIENTED_EDGE('',*,*,#2939,.T.);
#3029 = ORIENTED_EDGE('',*,*,#2970,.T.);
#3030 = ORIENTED_EDGE('',*,*,#2873,.T.);
#3031 = ORIENTED_EDGE('',*,*,#2895,.T.);
#3032 = ORIENTED_EDGE('',*,*,#2908,.T.);
#3033 = B_SPLINE_SURFACE_WITH_KNOTS('',1,1,(
    (#3034,#3035)
    ,(#3036,#3037
    )),.UNSPECIFIED.,.F.,.F.,.F.,(2,2),(2,2),(5.234144492726E-02,
    0.132829249805),(-0.1,-8.064283053453E-16),
  .PIECEWISE_BEZIER_KNOTS.);
#3034 = CARTESIAN_POINT('',(5.234144492726E-02,-0.1,6.000058790021E-02)
  );
#3035 = CARTESIAN_POINT('',(5.234144492726E-02,-8.064283053453E-16,
    6.000058790021E-02));
#3036 = CARTESIAN_POINT('',(0.132829249805,-0.1,6.000058790021E-02));
#3037 = CARTESIAN_POINT('',(0.132829249805,-8.064283053453E-16,
    6.000058790021E-02));
#3038 = ADVANCED_FACE('',(#3039),#3064,.T.);
#3039 = FACE_BOUND('',#3040,.T.);
#3040 = EDGE_LOOP('',(#3041,#3048,#3049,#3056));
#3041 = ORIENTED_EDGE('',*,*,#3042,.F.);
#3042 = EDGE_CURVE('',#2989,#3043,#3045,.T.);
#3043 = VERTEX_POINT('',#3044);
#3044 = CARTESIAN_POINT('',(0.119414615659,-5.097179878049E-02,
    5.000058790021E-02));
#3045 = B_SPLINE_CURVE_WITH_KNOTS('',1,(#3046,#3047),.UNSPECIFIED.,.F.,
  .F.,(2,2),(-1.E-02,-6.938893903907E-18),.PIECEWISE_BEZIER_KNOTS.);
#3046 = CARTESIAN_POINT('',(0.119414615659,-5.097179878049E-02,
    6.000058790021E-02));
#3047 = CARTESIAN_POINT('',(0.119414615659,-5.097179878049E-02,
    5.000058790021E-02));
#3048 = ORIENTED_EDGE('',*,*,#2986,.F.);
#3049 = ORIENTED_EDGE('',*,*,#3050,.T.);
#3050 = EDGE_CURVE('',#2987,#3051,#3053,.T.);
#3051 = VERTEX_POINT('',#3052);
#3052 = CARTESIAN_POINT('',(8.050455468335E-02,-8.90243902439E-02,
    5.000058790021E-02));
#3053 = B_SPLINE_CURVE_WITH_KNOTS('',1,(#3054,#3055),.UNSPECIFIED.,.F.,
  .F.,(2,2),(-1.E-02,0.),.PIECEWISE_BEZIER_KNOTS.);
#3054 = CARTESIAN_POINT('',(8.050455468335E-02,-8.90243902439E-02,
    6.000058790021E-02));
#3055 = CARTESIAN_POINT('',(8.050455468335E-02,-8.90243902439E-02,
    5.000058790021E-02));
#3056 = ORIENTED_EDGE('',*,*,#3057,.T.);
#3057 = EDGE_CURVE('',#3051,#3043,#3058,.T.);
#3058 = B_SPLINE_CURVE_WITH_KNOTS('',3,(#3059,#3060,#3061,#3062,#3063),
  .UNSPECIFIED.,.F.,.F.,(4,1,4),(0.,0.445627601179,0.99999087706),
  .UNSPECIFIED.);
#3059 = CARTESIAN_POINT('',(8.050455468335E-02,-8.90243902439E-02,
    5.000058790021E-02));
#3060 = CARTESIAN_POINT('',(9.018285977079E-02,-8.778777289863E-02,
    5.000058790021E-02));
#3061 = CARTESIAN_POINT('',(0.111901031552,-8.501279652728E-02,
    5.000058790021E-02));
#3062 = CARTESIAN_POINT('',(0.116734851853,-6.31130312573E-02,
    5.000058790021E-02));
#3063 = CARTESIAN_POINT('',(0.119414615659,-5.097179878049E-02,
    5.000058790021E-02));
#3064 = B_SPLINE_SURFACE_WITH_KNOTS('',3,1,(
    (#3065,#3066)
    ,(#3067,#3068)
    ,(#3069,#3070)
    ,(#3071,#3072)
    ,(#3073,#3074
    )),.UNSPECIFIED.,.F.,.F.,.F.,(4,1,4),(2,2),(0.,0.445627601179,1.),(
    0.,1.),.UNSPECIFIED.);
#3065 = CARTESIAN_POINT('',(8.050455468335E-02,-8.90243902439E-02,
    5.000058790021E-02));
#3066 = CARTESIAN_POINT('',(8.050455468335E-02,-8.90243902439E-02,
    6.000058790021E-02));
#3067 = CARTESIAN_POINT('',(9.018285977079E-02,-8.778777289863E-02,
    5.000058790021E-02));
#3068 = CARTESIAN_POINT('',(9.018285977079E-02,-8.778777289863E-02,
    6.000058790021E-02));
#3069 = CARTESIAN_POINT('',(0.111901229687,-8.501277121111E-02,
    5.000058790021E-02));
#3070 = CARTESIAN_POINT('',(0.111901229687,-8.501277121111E-02,
    6.000058790021E-02));
#3071 = CARTESIAN_POINT('',(0.11673494005,-6.311263167155E-02,
    5.000058790021E-02));
#3072 = CARTESIAN_POINT('',(0.11673494005,-6.311263167155E-02,
    6.000058790021E-02));
#3073 = CARTESIAN_POINT('',(0.119414615659,-5.097179878049E-02,
    5.000058790021E-02));
#3074 = CARTESIAN_POINT('',(0.119414615659,-5.097179878049E-02,
    6.000058790021E-02));
#3075 = ADVANCED_FACE('',(#3076),#3095,.T.);
#3076 = FACE_BOUND('',#3077,.T.);
#3077 = EDGE_LOOP('',(#3078,#3079,#3080,#3087));
#3078 = ORIENTED_EDGE('',*,*,#3050,.F.);
#3079 = ORIENTED_EDGE('',*,*,#3022,.F.);
#3080 = ORIENTED_EDGE('',*,*,#3081,.T.);
#3081 = EDGE_CURVE('',#3016,#3082,#3084,.T.);
#3082 = VERTEX_POINT('',#3083);
#3083 = CARTESIAN_POINT('',(6.57560790736E-02,-8.90243902439E-02,
    5.000058790021E-02));
#3084 = B_SPLINE_CURVE_WITH_KNOTS('',1,(#3085,#3086),.UNSPECIFIED.,.F.,
  .F.,(2,2),(-1.E-02,0.),.PIECEWISE_BEZIER_KNOTS.);
#3085 = CARTESIAN_POINT('',(6.57560790736E-02,-8.90243902439E-02,
    6.000058790021E-02));
#3086 = CARTESIAN_POINT('',(6.57560790736E-02,-8.90243902439E-02,
    5.000058790021E-02));
#3087 = ORIENTED_EDGE('',*,*,#3088,.T.);
#3088 = EDGE_CURVE('',#3082,#3051,#3089,.T.);
#3089 = B_SPLINE_CURVE_WITH_KNOTS('',3,(#3090,#3091,#3092,#3093,#3094),
  .UNSPECIFIED.,.F.,.F.,(4,1,4),(0.,0.5,0.999951512102),.UNSPECIFIED.);
#3090 = CARTESIAN_POINT('',(6.57560790736E-02,-8.90243902439E-02,
    5.000058790021E-02));
#3091 = CARTESIAN_POINT('',(6.821415834189E-02,-8.90243902439E-02,
    5.000058790021E-02));
#3092 = CARTESIAN_POINT('',(7.313007850428E-02,-8.90243902439E-02,
    5.000058790021E-02));
#3093 = CARTESIAN_POINT('',(7.804599866668E-02,-8.90243902439E-02,
    5.000058790021E-02));
#3094 = CARTESIAN_POINT('',(8.050455468335E-02,-8.90243902439E-02,
    5.000058790021E-02));
#3095 = B_SPLINE_SURFACE_WITH_KNOTS('',1,1,(
    (#3096,#3097)
    ,(#3098,#3099
    )),.UNSPECIFIED.,.F.,.F.,.F.,(2,2),(2,2),(0.,1.474847560976E-02),(0.
    ,1.E-02),.PIECEWISE_BEZIER_KNOTS.);
#3096 = CARTESIAN_POINT('',(6.57560790736E-02,-8.90243902439E-02,
    5.000058790021E-02));
#3097 = CARTESIAN_POINT('',(6.57560790736E-02,-8.90243902439E-02,
    6.000058790021E-02));
#3098 = CARTESIAN_POINT('',(8.050455468335E-02,-8.90243902439E-02,
    5.000058790021E-02));
#3099 = CARTESIAN_POINT('',(8.050455468335E-02,-8.90243902439E-02,
    6.000058790021E-02));
#3100 = ADVANCED_FACE('',(#3101),#3120,.T.);
#3101 = FACE_BOUND('',#3102,.T.);
#3102 = EDGE_LOOP('',(#3103,#3104,#3105,#3112));
#3103 = ORIENTED_EDGE('',*,*,#3081,.F.);
#3104 = ORIENTED_EDGE('',*,*,#3015,.F.);
#3105 = ORIENTED_EDGE('',*,*,#3106,.T.);
#3106 = EDGE_CURVE('',#3009,#3107,#3109,.T.);
#3107 = VERTEX_POINT('',#3108);
#3108 = CARTESIAN_POINT('',(6.57560790736E-02,-1.09756097561E-02,
    5.000058790021E-02));
#3109 = B_SPLINE_CURVE_WITH_KNOTS('',1,(#3110,#3111),.UNSPECIFIED.,.F.,
  .F.,(2,2),(-1.E-02,0.),.PIECEWISE_BEZIER_KNOTS.);
#3110 = CARTESIAN_POINT('',(6.57560790736E-02,-1.09756097561E-02,
    6.000058790021E-02));
#3111 = CARTESIAN_POINT('',(6.57560790736E-02,-1.09756097561E-02,
    5.000058790021E-02));
#3112 = ORIENTED_EDGE('',*,*,#3113,.T.);
#3113 = EDGE_CURVE('',#3107,#3082,#3114,.T.);
#3114 = B_SPLINE_CURVE_WITH_KNOTS('',3,(#3115,#3116,#3117,#3118,#3119),
  .UNSPECIFIED.,.F.,.F.,(4,1,4),(0.,0.5,0.99999359375),.UNSPECIFIED.);
#3115 = CARTESIAN_POINT('',(6.57560790736E-02,-1.09756097561E-02,
    5.000058790021E-02));
#3116 = CARTESIAN_POINT('',(6.57560790736E-02,-2.39837398374E-02,
    5.000058790021E-02));
#3117 = CARTESIAN_POINT('',(6.57560790736E-02,-4.999983333333E-02,
    5.000058790021E-02));
#3118 = CARTESIAN_POINT('',(6.57560790736E-02,-7.601592682927E-02,
    5.000058790021E-02));
#3119 = CARTESIAN_POINT('',(6.57560790736E-02,-8.90243902439E-02,
    5.000058790021E-02));
#3120 = B_SPLINE_SURFACE_WITH_KNOTS('',1,1,(
    (#3121,#3122)
    ,(#3123,#3124
    )),.UNSPECIFIED.,.F.,.F.,.F.,(2,2),(2,2),(0.,7.80487804878E-02),(0.,
    1.E-02),.PIECEWISE_BEZIER_KNOTS.);
#3121 = CARTESIAN_POINT('',(6.57560790736E-02,-1.09756097561E-02,
    5.000058790021E-02));
#3122 = CARTESIAN_POINT('',(6.57560790736E-02,-1.09756097561E-02,
    6.000058790021E-02));
#3123 = CARTESIAN_POINT('',(6.57560790736E-02,-8.90243902439E-02,
    5.000058790021E-02));
#3124 = CARTESIAN_POINT('',(6.57560790736E-02,-8.90243902439E-02,
    6.000058790021E-02));
#3125 = ADVANCED_FACE('',(#3126),#3145,.T.);
#3126 = FACE_BOUND('',#3127,.T.);
#3127 = EDGE_LOOP('',(#3128,#3129,#3130,#3137));
#3128 = ORIENTED_EDGE('',*,*,#3106,.F.);
#3129 = ORIENTED_EDGE('',*,*,#3008,.F.);
#3130 = ORIENTED_EDGE('',*,*,#3131,.T.);
#3131 = EDGE_CURVE('',#2999,#3132,#3134,.T.);
#3132 = VERTEX_POINT('',#3133);
#3133 = CARTESIAN_POINT('',(7.995196321994E-02,-1.09756097561E-02,
    5.000058790021E-02));
#3134 = B_SPLINE_CURVE_WITH_KNOTS('',1,(#3135,#3136),.UNSPECIFIED.,.F.,
  .F.,(2,2),(-1.E-02,-6.938893903907E-18),.PIECEWISE_BEZIER_KNOTS.);
#3135 = CARTESIAN_POINT('',(7.995196321994E-02,-1.09756097561E-02,
    6.000058790021E-02));
#3136 = CARTESIAN_POINT('',(7.995196321994E-02,-1.09756097561E-02,
    5.000058790021E-02));
#3137 = ORIENTED_EDGE('',*,*,#3138,.T.);
#3138 = EDGE_CURVE('',#3132,#3107,#3139,.T.);
#3139 = B_SPLINE_CURVE_WITH_KNOTS('',3,(#3140,#3141,#3142,#3143,#3144),
  .UNSPECIFIED.,.F.,.F.,(4,1,4),(0.,0.5,0.999964778523),.UNSPECIFIED.);
#3140 = CARTESIAN_POINT('',(7.995196321994E-02,-1.09756097561E-02,
    5.000058790021E-02));
#3141 = CARTESIAN_POINT('',(7.758598252888E-02,-1.09756097561E-02,
    5.000058790021E-02));
#3142 = CARTESIAN_POINT('',(7.285418781344E-02,-1.09756097561E-02,
    5.000058790021E-02));
#3143 = CARTESIAN_POINT('',(6.812239309799E-02,-1.09756097561E-02,
    5.000058790021E-02));
#3144 = CARTESIAN_POINT('',(6.57560790736E-02,-1.09756097561E-02,
    5.000058790021E-02));
#3145 = B_SPLINE_SURFACE_WITH_KNOTS('',1,1,(
    (#3146,#3147)
    ,(#3148,#3149
    )),.UNSPECIFIED.,.F.,.F.,.F.,(2,2),(2,2),(0.,1.419588414634E-02),(0.
    ,1.E-02),.PIECEWISE_BEZIER_KNOTS.);
#3146 = CARTESIAN_POINT('',(7.995196321994E-02,-1.09756097561E-02,
    5.000058790021E-02));
#3147 = CARTESIAN_POINT('',(7.995196321994E-02,-1.09756097561E-02,
    6.000058790021E-02));
#3148 = CARTESIAN_POINT('',(6.57560790736E-02,-1.09756097561E-02,
    5.000058790021E-02));
#3149 = CARTESIAN_POINT('',(6.57560790736E-02,-1.09756097561E-02,
    6.000058790021E-02));
#3150 = ADVANCED_FACE('',(#3151),#3164,.T.);
#3151 = FACE_BOUND('',#3152,.T.);
#3152 = EDGE_LOOP('',(#3153,#3154,#3155,#3163));
#3153 = ORIENTED_EDGE('',*,*,#2998,.F.);
#3154 = ORIENTED_EDGE('',*,*,#3042,.T.);
#3155 = ORIENTED_EDGE('',*,*,#3156,.T.);
#3156 = EDGE_CURVE('',#3043,#3132,#3157,.T.);
#3157 = B_SPLINE_CURVE_WITH_KNOTS('',3,(#3158,#3159,#3160,#3161,#3162),
  .UNSPECIFIED.,.F.,.F.,(4,1,4),(0.,0.444581886925,1.),.UNSPECIFIED.);
#3158 = CARTESIAN_POINT('',(0.119414615659,-5.097179878049E-02,
    5.000058790021E-02));
#3159 = CARTESIAN_POINT('',(0.118118416244,-4.099924365734E-02,
    5.000058790021E-02));
#3160 = CARTESIAN_POINT('',(0.115202869179,-1.856793141445E-02,
    5.000058790021E-02));
#3161 = CARTESIAN_POINT('',(9.253957005521E-02,-1.368672192195E-02,
    5.000058790021E-02));
#3162 = CARTESIAN_POINT('',(7.995196321994E-02,-1.09756097561E-02,
    5.000058790021E-02));
#3163 = ORIENTED_EDGE('',*,*,#3131,.F.);
#3164 = B_SPLINE_SURFACE_WITH_KNOTS('',3,1,(
    (#3165,#3166)
    ,(#3167,#3168)
    ,(#3169,#3170)
    ,(#3171,#3172)
    ,(#3173,#3174
    )),.UNSPECIFIED.,.F.,.F.,.F.,(4,1,4),(2,2),(0.,0.444581886925,1.),(
    0.,1.),.UNSPECIFIED.);
#3165 = CARTESIAN_POINT('',(0.119414615659,-5.097179878049E-02,
    5.000058790021E-02));
#3166 = CARTESIAN_POINT('',(0.119414615659,-5.097179878049E-02,
    6.000058790021E-02));
#3167 = CARTESIAN_POINT('',(0.118118416244,-4.099924365734E-02,
    5.000058790021E-02));
#3168 = CARTESIAN_POINT('',(0.118118416244,-4.099924365734E-02,
    6.000058790021E-02));
#3169 = CARTESIAN_POINT('',(0.115202869179,-1.856793141445E-02,
    5.000058790021E-02));
#3170 = CARTESIAN_POINT('',(0.115202869179,-1.856793141445E-02,
    6.000058790021E-02));
#3171 = CARTESIAN_POINT('',(9.253957005521E-02,-1.368672192195E-02,
    5.000058790021E-02));
#3172 = CARTESIAN_POINT('',(9.253957005521E-02,-1.368672192195E-02,
    6.000058790021E-02));
#3173 = CARTESIAN_POINT('',(7.995196321994E-02,-1.09756097561E-02,
    5.000058790021E-02));
#3174 = CARTESIAN_POINT('',(7.995196321994E-02,-1.09756097561E-02,
    6.000058790021E-02));
#3175 = ADVANCED_FACE('',(#3176),#3181,.F.);
#3176 = FACE_BOUND('',#3177,.T.);
#3177 = EDGE_LOOP('',(#3178,#3179,#3180));
#3178 = ORIENTED_EDGE('',*,*,#2792,.F.);
#3179 = ORIENTED_EDGE('',*,*,#2817,.F.);
#3180 = ORIENTED_EDGE('',*,*,#2841,.F.);
#3181 = B_SPLINE_SURFACE_WITH_KNOTS('',1,1,(
    (#3182,#3183)
    ,(#3184,#3185
    )),.UNSPECIFIED.,.F.,.F.,.F.,(2,2),(2,2),(0.167699676635,
    0.20114098761),(-8.079268292683E-02,-3.902439024391E-02),
  .PIECEWISE_BEZIER_KNOTS.);
#3182 = CARTESIAN_POINT('',(0.167699676635,-8.079268292683E-02,
    5.000058790021E-02));
#3183 = CARTESIAN_POINT('',(0.167699676635,-3.902439024391E-02,
    5.000058790021E-02));
#3184 = CARTESIAN_POINT('',(0.20114098761,-8.079268292683E-02,
    5.000058790021E-02));
#3185 = CARTESIAN_POINT('',(0.20114098761,-3.902439024391E-02,
    5.000058790021E-02));
#3186 = ADVANCED_FACE('',(#3187),#3194,.F.);
#3187 = FACE_BOUND('',#3188,.T.);
#3188 = EDGE_LOOP('',(#3189,#3190,#3191,#3192,#3193));
#3189 = ORIENTED_EDGE('',*,*,#3057,.F.);
#3190 = ORIENTED_EDGE('',*,*,#3088,.F.);
#3191 = ORIENTED_EDGE('',*,*,#3113,.F.);
#3192 = ORIENTED_EDGE('',*,*,#3138,.F.);
#3193 = ORIENTED_EDGE('',*,*,#3156,.F.);
#3194 = B_SPLINE_SURFACE_WITH_KNOTS('',1,1,(
    (#3195,#3196)
    ,(#3197,#3198
    )),.UNSPECIFIED.,.F.,.F.,.F.,(2,2),(2,2),(6.57560790736E-02,
    0.119414615659),(-8.90243902439E-02,-1.09756097561E-02),
  .PIECEWISE_BEZIER_KNOTS.);
#3195 = CARTESIAN_POINT('',(6.57560790736E-02,-8.90243902439E-02,
    5.000058790021E-02));
#3196 = CARTESIAN_POINT('',(6.57560790736E-02,-1.09756097561E-02,
    5.000058790021E-02));
#3197 = CARTESIAN_POINT('',(0.119414615659,-8.90243902439E-02,
    5.000058790021E-02));
#3198 = CARTESIAN_POINT('',(0.119414615659,-1.09756097561E-02,
    5.000058790021E-02));
#3199 = ADVANCED_FACE('',(#3200),#3213,.F.);
#3200 = FACE_BOUND('',#3201,.F.);
#3201 = EDGE_LOOP('',(#3202,#3203,#3204,#3212));
#3202 = ORIENTED_EDGE('',*,*,#69,.F.);
#3203 = ORIENTED_EDGE('',*,*,#21,.F.);
#3204 = ORIENTED_EDGE('',*,*,#3205,.T.);
#3205 = EDGE_CURVE('',#22,#41,#3206,.T.);
#3206 = ( BOUNDED_CURVE() B_SPLINE_CURVE(2,(#3207,#3208,#3209,#3210,
#3211),.UNSPECIFIED.,.F.,.F.) B_SPLINE_CURVE_WITH_KNOTS((3,2,3),(0.,
1.570796326795,3.14159265359),.PIECEWISE_BEZIER_KNOTS.) CURVE() 
GEOMETRIC_REPRESENTATION_ITEM() RATIONAL_B_SPLINE_CURVE((1.,
0.707106781187,1.,0.707106781187,1.)) REPRESENTATION_ITEM('') );
#3207 = CARTESIAN_POINT('',(-0.467301530153,-0.358595281602,0.5525005879
    ));
#3208 = CARTESIAN_POINT('',(-0.467301530153,-0.258595281602,0.5525005879
    ));
#3209 = CARTESIAN_POINT('',(-0.567301530153,-0.258595281602,0.5525005879
    ));
#3210 = CARTESIAN_POINT('',(-0.667301530153,-0.258595281602,0.5525005879
    ));
#3211 = CARTESIAN_POINT('',(-0.667301530153,-0.358595281602,0.5525005879
    ));
#3212 = ORIENTED_EDGE('',*,*,#40,.T.);
#3213 = ( BOUNDED_SURFACE() B_SPLINE_SURFACE(2,1,(
    (#3214,#3215)
    ,(#3216,#3217)
    ,(#3218,#3219)
    ,(#3220,#3221)
    ,(#3222,#3223
)),.UNSPECIFIED.,.F.,.F.,.F.) B_SPLINE_SURFACE_WITH_KNOTS((3,2,3),(2,2),
  (0.,1.570796326795,3.14159265359),(0.,1.E-02),
.PIECEWISE_BEZIER_KNOTS.) GEOMETRIC_REPRESENTATION_ITEM() 
RATIONAL_B_SPLINE_SURFACE((
    (1.,1.)
    ,(0.707106781187,0.707106781187)
    ,(1.,1.)
    ,(0.707106781187,0.707106781187)
,(1.,1.))) REPRESENTATION_ITEM('') SURFACE() );
#3214 = CARTESIAN_POINT('',(-0.467301530153,-0.358595281602,0.5525005879
    ));
#3215 = CARTESIAN_POINT('',(-0.467301530153,-0.358595281602,0.5625005879
    ));
#3216 = CARTESIAN_POINT('',(-0.467301530153,-0.258595281602,0.5525005879
    ));
#3217 = CARTESIAN_POINT('',(-0.467301530153,-0.258595281602,0.5625005879
    ));
#3218 = CARTESIAN_POINT('',(-0.567301530153,-0.258595281602,0.5525005879
    ));
#3219 = CARTESIAN_POINT('',(-0.567301530153,-0.258595281602,0.5625005879
    ));
#3220 = CARTESIAN_POINT('',(-0.667301530153,-0.258595281602,0.5525005879
    ));
#3221 = CARTESIAN_POINT('',(-0.667301530153,-0.258595281602,0.5625005879
    ));
#3222 = CARTESIAN_POINT('',(-0.667301530153,-0.358595281602,0.5525005879
    ));
#3223 = CARTESIAN_POINT('',(-0.667301530153,-0.358595281602,0.5625005879
    ));
#3224 = ADVANCED_FACE('',(#3225),#3229,.T.);
#3225 = FACE_BOUND('',#3226,.T.);
#3226 = EDGE_LOOP('',(#3227,#3228));
#3227 = ORIENTED_EDGE('',*,*,#3205,.T.);
#3228 = ORIENTED_EDGE('',*,*,#47,.T.);
#3229 = B_SPLINE_SURFACE_WITH_KNOTS('',1,1,(
    (#3230,#3231)
    ,(#3232,#3233
    )),.UNSPECIFIED.,.F.,.F.,.F.,(2,2),(2,2),(-1.E-01,1.E-01),(-1.E-01,
    1.E-01),.PIECEWISE_BEZIER_KNOTS.);
#3230 = CARTESIAN_POINT('',(-0.667301530153,-0.458595281602,0.5525005879
    ));
#3231 = CARTESIAN_POINT('',(-0.667301530153,-0.258595281602,0.5525005879
    ));
#3232 = CARTESIAN_POINT('',(-0.467301530153,-0.458595281602,0.5525005879
    ));
#3233 = CARTESIAN_POINT('',(-0.467301530153,-0.258595281602,0.5525005879
    ));
#3234 = MANIFOLD_SOLID_BREP('',#3235);
#3235 = CLOSED_SHELL('',(#3236,#3272,#3300,#3328,#3356,#3384,#3404,#3418
    ));
#3236 = ADVANCED_FACE('',(#3237),#3267,.F.);
#3237 = FACE_BOUND('',#3238,.T.);
#3238 = EDGE_LOOP('',(#3239,#3248,#3255,#3262));
#3239 = ORIENTED_EDGE('',*,*,#3240,.T.);
#3240 = EDGE_CURVE('',#3241,#3243,#3245,.T.);
#3241 = VERTEX_POINT('',#3242);
#3242 = CARTESIAN_POINT('',(0.431169995357,0.400152799611,0.5625005879)
  );
#3243 = VERTEX_POINT('',#3244);
#3244 = CARTESIAN_POINT('',(0.431169995357,0.403862655857,0.5625005879)
  );
#3245 = B_SPLINE_CURVE_WITH_KNOTS('',1,(#3246,#3247),.UNSPECIFIED.,.F.,
  .F.,(2,2),(-3.709856245405E-03,0.),.PIECEWISE_BEZIER_KNOTS.);
#3246 = CARTESIAN_POINT('',(0.431169995357,0.400152799611,0.5625005879)
  );
#3247 = CARTESIAN_POINT('',(0.431169995357,0.403862655857,0.5625005879)
  );
#3248 = ORIENTED_EDGE('',*,*,#3249,.F.);
#3249 = EDGE_CURVE('',#3250,#3243,#3252,.T.);
#3250 = VERTEX_POINT('',#3251);
#3251 = CARTESIAN_POINT('',(0.431169995357,0.403862655857,0.5635005879)
  );
#3252 = B_SPLINE_CURVE_WITH_KNOTS('',1,(#3253,#3254),.UNSPECIFIED.,.F.,
  .F.,(2,2),(-0.,1.E-03),.PIECEWISE_BEZIER_KNOTS.);
#3253 = CARTESIAN_POINT('',(0.431169995357,0.403862655857,0.5635005879)
  );
#3254 = CARTESIAN_POINT('',(0.431169995357,0.403862655857,0.5625005879)
  );
#3255 = ORIENTED_EDGE('',*,*,#3256,.F.);
#3256 = EDGE_CURVE('',#3257,#3250,#3259,.T.);
#3257 = VERTEX_POINT('',#3258);
#3258 = CARTESIAN_POINT('',(0.431169995357,0.400152799611,0.5635005879)
  );
#3259 = B_SPLINE_CURVE_WITH_KNOTS('',1,(#3260,#3261),.UNSPECIFIED.,.F.,
  .F.,(2,2),(-3.709856245405E-03,0.),.PIECEWISE_BEZIER_KNOTS.);
#3260 = CARTESIAN_POINT('',(0.431169995357,0.400152799611,0.5635005879)
  );
#3261 = CARTESIAN_POINT('',(0.431169995357,0.403862655857,0.5635005879)
  );
#3262 = ORIENTED_EDGE('',*,*,#3263,.T.);
#3263 = EDGE_CURVE('',#3257,#3241,#3264,.T.);
#3264 = B_SPLINE_CURVE_WITH_KNOTS('',1,(#3265,#3266),.UNSPECIFIED.,.F.,
  .F.,(2,2),(-0.,1.E-03),.PIECEWISE_BEZIER_KNOTS.);
#3265 = CARTESIAN_POINT('',(0.431169995357,0.400152799611,0.5635005879)
  );
#3266 = CARTESIAN_POINT('',(0.431169995357,0.400152799611,0.5625005879)
  );
#3267 = B_SPLINE_SURFACE_WITH_KNOTS('',1,1,(
    (#3268,#3269)
    ,(#3270,#3271)),.UNSPECIFIED.,.F.,.F.,.F.,(2,2),(2,2),(-1.E-03,0.),(
    -3.709856245405E-03,0.),.PIECEWISE_BEZIER_KNOTS.);
#3268 = CARTESIAN_POINT('',(0.431169995357,0.400152799611,0.5625005879)
  );
#3269 = CARTESIAN_POINT('',(0.431169995357,0.403862655857,0.5625005879)
  );
#3270 = CARTESIAN_POINT('',(0.431169995357,0.400152799611,0.5635005879)
  );
#3271 = CARTESIAN_POINT('',(0.431169995357,0.403862655857,0.5635005879)
  );
#3272 = ADVANCED_FACE('',(#3273),#3295,.F.);
#3273 = FACE_BOUND('',#3274,.T.);
#3274 = EDGE_LOOP('',(#3275,#3282,#3289,#3294));
#3275 = ORIENTED_EDGE('',*,*,#3276,.T.);
#3276 = EDGE_CURVE('',#3243,#3277,#3279,.T.);
#3277 = VERTEX_POINT('',#3278);
#3278 = CARTESIAN_POINT('',(0.418210452688,0.403862655857,0.5625005879)
  );
#3279 = B_SPLINE_CURVE_WITH_KNOTS('',1,(#3280,#3281),.UNSPECIFIED.,.F.,
  .F.,(2,2),(-1.295954266907E-02,-0.),.PIECEWISE_BEZIER_KNOTS.);
#3280 = CARTESIAN_POINT('',(0.431169995357,0.403862655857,0.5625005879)
  );
#3281 = CARTESIAN_POINT('',(0.418210452688,0.403862655857,0.5625005879)
  );
#3282 = ORIENTED_EDGE('',*,*,#3283,.F.);
#3283 = EDGE_CURVE('',#3284,#3277,#3286,.T.);
#3284 = VERTEX_POINT('',#3285);
#3285 = CARTESIAN_POINT('',(0.418210452688,0.403862655857,0.5635005879)
  );
#3286 = B_SPLINE_CURVE_WITH_KNOTS('',1,(#3287,#3288),.UNSPECIFIED.,.F.,
  .F.,(2,2),(-0.,1.E-03),.PIECEWISE_BEZIER_KNOTS.);
#3287 = CARTESIAN_POINT('',(0.418210452688,0.403862655857,0.5635005879)
  );
#3288 = CARTESIAN_POINT('',(0.418210452688,0.403862655857,0.5625005879)
  );
#3289 = ORIENTED_EDGE('',*,*,#3290,.F.);
#3290 = EDGE_CURVE('',#3250,#3284,#3291,.T.);
#3291 = B_SPLINE_CURVE_WITH_KNOTS('',1,(#3292,#3293),.UNSPECIFIED.,.F.,
  .F.,(2,2),(-1.295954266907E-02,-0.),.PIECEWISE_BEZIER_KNOTS.);
#3292 = CARTESIAN_POINT('',(0.431169995357,0.403862655857,0.5635005879)
  );
#3293 = CARTESIAN_POINT('',(0.418210452688,0.403862655857,0.5635005879)
  );
#3294 = ORIENTED_EDGE('',*,*,#3249,.T.);
#3295 = B_SPLINE_SURFACE_WITH_KNOTS('',1,1,(
    (#3296,#3297)
    ,(#3298,#3299
    )),.UNSPECIFIED.,.F.,.F.,.F.,(2,2),(2,2),(0.,1.E-03),(0.,
    1.295954266907E-02),.PIECEWISE_BEZIER_KNOTS.);
#3296 = CARTESIAN_POINT('',(0.418210452688,0.403862655857,0.5635005879)
  );
#3297 = CARTESIAN_POINT('',(0.431169995357,0.403862655857,0.5635005879)
  );
#3298 = CARTESIAN_POINT('',(0.418210452688,0.403862655857,0.5625005879)
  );
#3299 = CARTESIAN_POINT('',(0.431169995357,0.403862655857,0.5625005879)
  );
#3300 = ADVANCED_FACE('',(#3301),#3323,.F.);
#3301 = FACE_BOUND('',#3302,.T.);
#3302 = EDGE_LOOP('',(#3303,#3310,#3317,#3322));
#3303 = ORIENTED_EDGE('',*,*,#3304,.T.);
#3304 = EDGE_CURVE('',#3277,#3305,#3307,.T.);
#3305 = VERTEX_POINT('',#3306);
#3306 = CARTESIAN_POINT('',(0.418210452688,0.43269306336,0.5625005879));
#3307 = B_SPLINE_CURVE_WITH_KNOTS('',1,(#3308,#3309),.UNSPECIFIED.,.F.,
  .F.,(2,2),(-2.883040750361E-02,0.),.PIECEWISE_BEZIER_KNOTS.);
#3308 = CARTESIAN_POINT('',(0.418210452688,0.403862655857,0.5625005879)
  );
#3309 = CARTESIAN_POINT('',(0.418210452688,0.43269306336,0.5625005879));
#3310 = ORIENTED_EDGE('',*,*,#3311,.F.);
#3311 = EDGE_CURVE('',#3312,#3305,#3314,.T.);
#3312 = VERTEX_POINT('',#3313);
#3313 = CARTESIAN_POINT('',(0.418210452688,0.43269306336,0.5635005879));
#3314 = B_SPLINE_CURVE_WITH_KNOTS('',1,(#3315,#3316),.UNSPECIFIED.,.F.,
  .F.,(2,2),(-0.,1.E-03),.PIECEWISE_BEZIER_KNOTS.);
#3315 = CARTESIAN_POINT('',(0.418210452688,0.43269306336,0.5635005879));
#3316 = CARTESIAN_POINT('',(0.418210452688,0.43269306336,0.5625005879));
#3317 = ORIENTED_EDGE('',*,*,#3318,.F.);
#3318 = EDGE_CURVE('',#3284,#3312,#3319,.T.);
#3319 = B_SPLINE_CURVE_WITH_KNOTS('',1,(#3320,#3321),.UNSPECIFIED.,.F.,
  .F.,(2,2),(-2.883040750361E-02,0.),.PIECEWISE_BEZIER_KNOTS.);
#3320 = CARTESIAN_POINT('',(0.418210452688,0.403862655857,0.5635005879)
  );
#3321 = CARTESIAN_POINT('',(0.418210452688,0.43269306336,0.5635005879));
#3322 = ORIENTED_EDGE('',*,*,#3283,.T.);
#3323 = B_SPLINE_SURFACE_WITH_KNOTS('',1,1,(
    (#3324,#3325)
    ,(#3326,#3327)),.UNSPECIFIED.,.F.,.F.,.F.,(2,2),(2,2),(-1.E-03,0.),(
    -2.883040750361E-02,0.),.PIECEWISE_BEZIER_KNOTS.);
#3324 = CARTESIAN_POINT('',(0.418210452688,0.403862655857,0.5625005879)
  );
#3325 = CARTESIAN_POINT('',(0.418210452688,0.43269306336,0.5625005879));
#3326 = CARTESIAN_POINT('',(0.418210452688,0.403862655857,0.5635005879)
  );
#3327 = CARTESIAN_POINT('',(0.418210452688,0.43269306336,0.5635005879));
#3328 = ADVANCED_FACE('',(#3329),#3351,.F.);
#3329 = FACE_BOUND('',#3330,.T.);
#3330 = EDGE_LOOP('',(#3331,#3338,#3345,#3350));
#3331 = ORIENTED_EDGE('',*,*,#3332,.T.);
#3332 = EDGE_CURVE('',#3305,#3333,#3335,.T.);
#3333 = VERTEX_POINT('',#3334);
#3334 = CARTESIAN_POINT('',(0.414009830706,0.43269306336,0.5625005879));
#3335 = B_SPLINE_CURVE_WITH_KNOTS('',1,(#3336,#3337),.UNSPECIFIED.,.F.,
  .F.,(2,2),(-4.200621981903E-03,-0.),.PIECEWISE_BEZIER_KNOTS.);
#3336 = CARTESIAN_POINT('',(0.418210452688,0.43269306336,0.5625005879));
#3337 = CARTESIAN_POINT('',(0.414009830706,0.43269306336,0.5625005879));
#3338 = ORIENTED_EDGE('',*,*,#3339,.F.);
#3339 = EDGE_CURVE('',#3340,#3333,#3342,.T.);
#3340 = VERTEX_POINT('',#3341);
#3341 = CARTESIAN_POINT('',(0.414009830706,0.43269306336,0.5635005879));
#3342 = B_SPLINE_CURVE_WITH_KNOTS('',1,(#3343,#3344),.UNSPECIFIED.,.F.,
  .F.,(2,2),(-0.,1.E-03),.PIECEWISE_BEZIER_KNOTS.);
#3343 = CARTESIAN_POINT('',(0.414009830706,0.43269306336,0.5635005879));
#3344 = CARTESIAN_POINT('',(0.414009830706,0.43269306336,0.5625005879));
#3345 = ORIENTED_EDGE('',*,*,#3346,.F.);
#3346 = EDGE_CURVE('',#3312,#3340,#3347,.T.);
#3347 = B_SPLINE_CURVE_WITH_KNOTS('',1,(#3348,#3349),.UNSPECIFIED.,.F.,
  .F.,(2,2),(-4.200621981903E-03,-0.),.PIECEWISE_BEZIER_KNOTS.);
#3348 = CARTESIAN_POINT('',(0.418210452688,0.43269306336,0.5635005879));
#3349 = CARTESIAN_POINT('',(0.414009830706,0.43269306336,0.5635005879));
#3350 = ORIENTED_EDGE('',*,*,#3311,.T.);
#3351 = B_SPLINE_SURFACE_WITH_KNOTS('',1,1,(
    (#3352,#3353)
    ,(#3354,#3355
    )),.UNSPECIFIED.,.F.,.F.,.F.,(2,2),(2,2),(0.,1.E-03),(0.,
    4.200621981903E-03),.PIECEWISE_BEZIER_KNOTS.);
#3352 = CARTESIAN_POINT('',(0.414009830706,0.43269306336,0.5635005879));
#3353 = CARTESIAN_POINT('',(0.418210452688,0.43269306336,0.5635005879));
#3354 = CARTESIAN_POINT('',(0.414009830706,0.43269306336,0.5625005879));
#3355 = CARTESIAN_POINT('',(0.418210452688,0.43269306336,0.5625005879));
#3356 = ADVANCED_FACE('',(#3357),#3379,.F.);
#3357 = FACE_BOUND('',#3358,.T.);
#3358 = EDGE_LOOP('',(#3359,#3366,#3373,#3378));
#3359 = ORIENTED_EDGE('',*,*,#3360,.T.);
#3360 = EDGE_CURVE('',#3333,#3361,#3363,.T.);
#3361 = VERTEX_POINT('',#3362);
#3362 = CARTESIAN_POINT('',(0.414009830706,0.400152799611,0.5625005879)
  );
#3363 = B_SPLINE_CURVE_WITH_KNOTS('',1,(#3364,#3365),.UNSPECIFIED.,.F.,
  .F.,(2,2),(-3.254026374901E-02,-0.),.PIECEWISE_BEZIER_KNOTS.);
#3364 = CARTESIAN_POINT('',(0.414009830706,0.43269306336,0.5625005879));
#3365 = CARTESIAN_POINT('',(0.414009830706,0.400152799611,0.5625005879)
  );
#3366 = ORIENTED_EDGE('',*,*,#3367,.F.);
#3367 = EDGE_CURVE('',#3368,#3361,#3370,.T.);
#3368 = VERTEX_POINT('',#3369);
#3369 = CARTESIAN_POINT('',(0.414009830706,0.400152799611,0.5635005879)
  );
#3370 = B_SPLINE_CURVE_WITH_KNOTS('',1,(#3371,#3372),.UNSPECIFIED.,.F.,
  .F.,(2,2),(-0.,1.E-03),.PIECEWISE_BEZIER_KNOTS.);
#3371 = CARTESIAN_POINT('',(0.414009830706,0.400152799611,0.5635005879)
  );
#3372 = CARTESIAN_POINT('',(0.414009830706,0.400152799611,0.5625005879)
  );
#3373 = ORIENTED_EDGE('',*,*,#3374,.F.);
#3374 = EDGE_CURVE('',#3340,#3368,#3375,.T.);
#3375 = B_SPLINE_CURVE_WITH_KNOTS('',1,(#3376,#3377),.UNSPECIFIED.,.F.,
  .F.,(2,2),(-3.254026374901E-02,-0.),.PIECEWISE_BEZIER_KNOTS.);
#3376 = CARTESIAN_POINT('',(0.414009830706,0.43269306336,0.5635005879));
#3377 = CARTESIAN_POINT('',(0.414009830706,0.400152799611,0.5635005879)
  );
#3378 = ORIENTED_EDGE('',*,*,#3339,.T.);
#3379 = B_SPLINE_SURFACE_WITH_KNOTS('',1,1,(
    (#3380,#3381)
    ,(#3382,#3383
    )),.UNSPECIFIED.,.F.,.F.,.F.,(2,2),(2,2),(0.,1.E-03),(0.,
    3.254026374901E-02),.PIECEWISE_BEZIER_KNOTS.);
#3380 = CARTESIAN_POINT('',(0.414009830706,0.400152799611,0.5635005879)
  );
#3381 = CARTESIAN_POINT('',(0.414009830706,0.43269306336,0.5635005879));
#3382 = CARTESIAN_POINT('',(0.414009830706,0.400152799611,0.5625005879)
  );
#3383 = CARTESIAN_POINT('',(0.414009830706,0.43269306336,0.5625005879));
#3384 = ADVANCED_FACE('',(#3385),#3399,.F.);
#3385 = FACE_BOUND('',#3386,.T.);
#3386 = EDGE_LOOP('',(#3387,#3392,#3393,#3398));
#3387 = ORIENTED_EDGE('',*,*,#3388,.T.);
#3388 = EDGE_CURVE('',#3361,#3241,#3389,.T.);
#3389 = B_SPLINE_CURVE_WITH_KNOTS('',1,(#3390,#3391),.UNSPECIFIED.,.F.,
  .F.,(2,2),(-1.716016465097E-02,0.),.PIECEWISE_BEZIER_KNOTS.);
#3390 = CARTESIAN_POINT('',(0.414009830706,0.400152799611,0.5625005879)
  );
#3391 = CARTESIAN_POINT('',(0.431169995357,0.400152799611,0.5625005879)
  );
#3392 = ORIENTED_EDGE('',*,*,#3263,.F.);
#3393 = ORIENTED_EDGE('',*,*,#3394,.F.);
#3394 = EDGE_CURVE('',#3368,#3257,#3395,.T.);
#3395 = B_SPLINE_CURVE_WITH_KNOTS('',1,(#3396,#3397),.UNSPECIFIED.,.F.,
  .F.,(2,2),(-1.716016465097E-02,0.),.PIECEWISE_BEZIER_KNOTS.);
#3396 = CARTESIAN_POINT('',(0.414009830706,0.400152799611,0.5635005879)
  );
#3397 = CARTESIAN_POINT('',(0.431169995357,0.400152799611,0.5635005879)
  );
#3398 = ORIENTED_EDGE('',*,*,#3367,.T.);
#3399 = B_SPLINE_SURFACE_WITH_KNOTS('',1,1,(
    (#3400,#3401)
    ,(#3402,#3403)),.UNSPECIFIED.,.F.,.F.,.F.,(2,2),(2,2),(-1.E-03,0.),(
    -1.716016465097E-02,0.),.PIECEWISE_BEZIER_KNOTS.);
#3400 = CARTESIAN_POINT('',(0.414009830706,0.400152799611,0.5625005879)
  );
#3401 = CARTESIAN_POINT('',(0.431169995357,0.400152799611,0.5625005879)
  );
#3402 = CARTESIAN_POINT('',(0.414009830706,0.400152799611,0.5635005879)
  );
#3403 = CARTESIAN_POINT('',(0.431169995357,0.400152799611,0.5635005879)
  );
#3404 = ADVANCED_FACE('',(#3405),#3413,.F.);
#3405 = FACE_BOUND('',#3406,.T.);
#3406 = EDGE_LOOP('',(#3407,#3408,#3409,#3410,#3411,#3412));
#3407 = ORIENTED_EDGE('',*,*,#3256,.T.);
#3408 = ORIENTED_EDGE('',*,*,#3290,.T.);
#3409 = ORIENTED_EDGE('',*,*,#3318,.T.);
#3410 = ORIENTED_EDGE('',*,*,#3346,.T.);
#3411 = ORIENTED_EDGE('',*,*,#3374,.T.);
#3412 = ORIENTED_EDGE('',*,*,#3394,.T.);
#3413 = B_SPLINE_SURFACE_WITH_KNOTS('',1,1,(
    (#3414,#3415)
    ,(#3416,#3417
    )),.UNSPECIFIED.,.F.,.F.,.F.,(2,2),(2,2),(-0.431169995357,
    -0.414009830706),(0.400152799611,0.43269306336),
  .PIECEWISE_BEZIER_KNOTS.);
#3414 = CARTESIAN_POINT('',(0.431169995357,0.400152799611,0.5635005879)
  );
#3415 = CARTESIAN_POINT('',(0.431169995357,0.43269306336,0.5635005879));
#3416 = CARTESIAN_POINT('',(0.414009830706,0.400152799611,0.5635005879)
  );
#3417 = CARTESIAN_POINT('',(0.414009830706,0.43269306336,0.5635005879));
#3418 = ADVANCED_FACE('',(#3419),#3427,.T.);
#3419 = FACE_BOUND('',#3420,.T.);
#3420 = EDGE_LOOP('',(#3421,#3422,#3423,#3424,#3425,#3426));
#3421 = ORIENTED_EDGE('',*,*,#3240,.F.);
#3422 = ORIENTED_EDGE('',*,*,#3388,.F.);
#3423 = ORIENTED_EDGE('',*,*,#3360,.F.);
#3424 = ORIENTED_EDGE('',*,*,#3332,.F.);
#3425 = ORIENTED_EDGE('',*,*,#3304,.F.);
#3426 = ORIENTED_EDGE('',*,*,#3276,.F.);
#3427 = B_SPLINE_SURFACE_WITH_KNOTS('',1,1,(
    (#3428,#3429)
    ,(#3430,#3431
    )),.UNSPECIFIED.,.F.,.F.,.F.,(2,2),(2,2),(-0.431169995357,
    -0.414009830706),(0.400152799611,0.43269306336),
  .PIECEWISE_BEZIER_KNOTS.);
#3428 = CARTESIAN_POINT('',(0.431169995357,0.400152799611,0.5625005879)
  );
#3429 = CARTESIAN_POINT('',(0.431169995357,0.43269306336,0.5625005879));
#3430 = CARTESIAN_POINT('',(0.414009830706,0.400152799611,0.5625005879)
  );
#3431 = CARTESIAN_POINT('',(0.414009830706,0.43269306336,0.5625005879));
#3432 = MANIFOLD_SOLID_BREP('',#3433);
#3433 = CLOSED_SHELL('',(#3434,#3478,#3506,#3542,#3578,#3614,#3650,#3686
    ,#3722,#3750,#3786,#3822,#3858,#3894,#3922,#3944));
#3434 = ADVANCED_FACE('',(#3435),#3469,.F.);
#3435 = FACE_BOUND('',#3436,.F.);
#3436 = EDGE_LOOP('',(#3437,#3446,#3455,#3462));
#3437 = ORIENTED_EDGE('',*,*,#3438,.F.);
#3438 = EDGE_CURVE('',#3439,#3441,#3443,.T.);
#3439 = VERTEX_POINT('',#3440);
#3440 = CARTESIAN_POINT('',(0.447856030398,0.399603807431,0.5635005879)
  );
#3441 = VERTEX_POINT('',#3442);
#3442 = CARTESIAN_POINT('',(0.447856030398,0.399603807431,0.5625005879)
  );
#3443 = B_SPLINE_CURVE_WITH_KNOTS('',1,(#3444,#3445),.UNSPECIFIED.,.F.,
  .F.,(2,2),(-0.,1.E-03),.PIECEWISE_BEZIER_KNOTS.);
#3444 = CARTESIAN_POINT('',(0.447856030398,0.399603807431,0.5635005879)
  );
#3445 = CARTESIAN_POINT('',(0.447856030398,0.399603807431,0.5625005879)
  );
#3446 = ORIENTED_EDGE('',*,*,#3447,.T.);
#3447 = EDGE_CURVE('',#3439,#3448,#3450,.T.);
#3448 = VERTEX_POINT('',#3449);
#3449 = CARTESIAN_POINT('',(0.456864492985,0.401500325871,0.5635005879)
  );
#3450 = B_SPLINE_CURVE_WITH_KNOTS('',3,(#3451,#3452,#3453,#3454),
  .UNSPECIFIED.,.F.,.F.,(4,4),(0.,1.),.PIECEWISE_BEZIER_KNOTS.);
#3451 = CARTESIAN_POINT('',(0.447856030398,0.399603807431,0.5635005879)
  );
#3452 = CARTESIAN_POINT('',(0.451466069884,0.399603807431,0.5635005879)
  );
#3453 = CARTESIAN_POINT('',(0.454468890746,0.400235980244,0.5635005879)
  );
#3454 = CARTESIAN_POINT('',(0.456864492985,0.401500325871,0.5635005879)
  );
#3455 = ORIENTED_EDGE('',*,*,#3456,.T.);
#3456 = EDGE_CURVE('',#3448,#3457,#3459,.T.);
#3457 = VERTEX_POINT('',#3458);
#3458 = CARTESIAN_POINT('',(0.456864492985,0.401500325871,0.5625005879)
  );
#3459 = B_SPLINE_CURVE_WITH_KNOTS('',1,(#3460,#3461),.UNSPECIFIED.,.F.,
  .F.,(2,2),(-0.,1.E-03),.PIECEWISE_BEZIER_KNOTS.);
#3460 = CARTESIAN_POINT('',(0.456864492985,0.401500325871,0.5635005879)
  );
#3461 = CARTESIAN_POINT('',(0.456864492985,0.401500325871,0.5625005879)
  );
#3462 = ORIENTED_EDGE('',*,*,#3463,.F.);
#3463 = EDGE_CURVE('',#3441,#3457,#3464,.T.);
#3464 = B_SPLINE_CURVE_WITH_KNOTS('',3,(#3465,#3466,#3467,#3468),
  .UNSPECIFIED.,.F.,.F.,(4,4),(0.,1.),.PIECEWISE_BEZIER_KNOTS.);
#3465 = CARTESIAN_POINT('',(0.447856030398,0.399603807431,0.5625005879)
  );
#3466 = CARTESIAN_POINT('',(0.451466069884,0.399603807431,0.5625005879)
  );
#3467 = CARTESIAN_POINT('',(0.454468890746,0.400235980244,0.5625005879)
  );
#3468 = CARTESIAN_POINT('',(0.456864492985,0.401500325871,0.5625005879)
  );
#3469 = B_SPLINE_SURFACE_WITH_KNOTS('',3,1,(
    (#3470,#3471)
    ,(#3472,#3473)
    ,(#3474,#3475)
    ,(#3476,#3477
    )),.UNSPECIFIED.,.F.,.F.,.F.,(4,4),(2,2),(0.,1.),(0.,1.),
  .PIECEWISE_BEZIER_KNOTS.);
#3470 = CARTESIAN_POINT('',(0.447856030398,0.399603807431,0.5635005879)
  );
#3471 = CARTESIAN_POINT('',(0.447856030398,0.399603807431,0.5625005879)
  );
#3472 = CARTESIAN_POINT('',(0.451466069884,0.399603807431,0.5635005879)
  );
#3473 = CARTESIAN_POINT('',(0.451466069884,0.399603807431,0.5625005879)
  );
#3474 = CARTESIAN_POINT('',(0.454468890746,0.400235980244,0.5635005879)
  );
#3475 = CARTESIAN_POINT('',(0.454468890746,0.400235980244,0.5625005879)
  );
#3476 = CARTESIAN_POINT('',(0.456864492985,0.401500325871,0.5635005879)
  );
#3477 = CARTESIAN_POINT('',(0.456864492985,0.401500325871,0.5625005879)
  );
#3478 = ADVANCED_FACE('',(#3479),#3501,.F.);
#3479 = FACE_BOUND('',#3480,.T.);
#3480 = EDGE_LOOP('',(#3481,#3488,#3495,#3500));
#3481 = ORIENTED_EDGE('',*,*,#3482,.T.);
#3482 = EDGE_CURVE('',#3457,#3483,#3485,.T.);
#3483 = VERTEX_POINT('',#3484);
#3484 = CARTESIAN_POINT('',(0.456864492985,0.405526268523,0.5625005879)
  );
#3485 = B_SPLINE_CURVE_WITH_KNOTS('',1,(#3486,#3487),.UNSPECIFIED.,.F.,
  .F.,(2,2),(-4.025942652049E-03,0.),.PIECEWISE_BEZIER_KNOTS.);
#3486 = CARTESIAN_POINT('',(0.456864492985,0.401500325871,0.5625005879)
  );
#3487 = CARTESIAN_POINT('',(0.456864492985,0.405526268523,0.5625005879)
  );
#3488 = ORIENTED_EDGE('',*,*,#3489,.F.);
#3489 = EDGE_CURVE('',#3490,#3483,#3492,.T.);
#3490 = VERTEX_POINT('',#3491);
#3491 = CARTESIAN_POINT('',(0.456864492985,0.405526268523,0.5635005879)
  );
#3492 = B_SPLINE_CURVE_WITH_KNOTS('',1,(#3493,#3494),.UNSPECIFIED.,.F.,
  .F.,(2,2),(-0.,1.E-03),.PIECEWISE_BEZIER_KNOTS.);
#3493 = CARTESIAN_POINT('',(0.456864492985,0.405526268523,0.5635005879)
  );
#3494 = CARTESIAN_POINT('',(0.456864492985,0.405526268523,0.5625005879)
  );
#3495 = ORIENTED_EDGE('',*,*,#3496,.F.);
#3496 = EDGE_CURVE('',#3448,#3490,#3497,.T.);
#3497 = B_SPLINE_CURVE_WITH_KNOTS('',1,(#3498,#3499),.UNSPECIFIED.,.F.,
  .F.,(2,2),(-4.025942652049E-03,0.),.PIECEWISE_BEZIER_KNOTS.);
#3498 = CARTESIAN_POINT('',(0.456864492985,0.401500325871,0.5635005879)
  );
#3499 = CARTESIAN_POINT('',(0.456864492985,0.405526268523,0.5635005879)
  );
#3500 = ORIENTED_EDGE('',*,*,#3456,.T.);
#3501 = B_SPLINE_SURFACE_WITH_KNOTS('',1,1,(
    (#3502,#3503)
    ,(#3504,#3505)),.UNSPECIFIED.,.F.,.F.,.F.,(2,2),(2,2),(-1.E-03,0.),(
    -4.025942652049E-03,0.),.PIECEWISE_BEZIER_KNOTS.);
#3502 = CARTESIAN_POINT('',(0.456864492985,0.401500325871,0.5625005879)
  );
#3503 = CARTESIAN_POINT('',(0.456864492985,0.405526268523,0.5625005879)
  );
#3504 = CARTESIAN_POINT('',(0.456864492985,0.401500325871,0.5635005879)
  );
#3505 = CARTESIAN_POINT('',(0.456864492985,0.405526268523,0.5635005879)
  );
#3506 = ADVANCED_FACE('',(#3507),#3533,.F.);
#3507 = FACE_BOUND('',#3508,.F.);
#3508 = EDGE_LOOP('',(#3509,#3510,#3519,#3526));
#3509 = ORIENTED_EDGE('',*,*,#3489,.F.);
#3510 = ORIENTED_EDGE('',*,*,#3511,.T.);
#3511 = EDGE_CURVE('',#3490,#3512,#3514,.T.);
#3512 = VERTEX_POINT('',#3513);
#3513 = CARTESIAN_POINT('',(0.448463249021,0.40334693593,0.5635005879));
#3514 = B_SPLINE_CURVE_WITH_KNOTS('',3,(#3515,#3516,#3517,#3518),
  .UNSPECIFIED.,.F.,.F.,(4,4),(12.,13.),.PIECEWISE_BEZIER_KNOTS.);
#3515 = CARTESIAN_POINT('',(0.456864492985,0.405526268523,0.5635005879)
  );
#3516 = CARTESIAN_POINT('',(0.454485526873,0.404078925503,0.5635005879)
  );
#3517 = CARTESIAN_POINT('',(0.45168233953,0.40334693593,0.5635005879));
#3518 = CARTESIAN_POINT('',(0.448463249021,0.40334693593,0.5635005879));
#3519 = ORIENTED_EDGE('',*,*,#3520,.T.);
#3520 = EDGE_CURVE('',#3512,#3521,#3523,.T.);
#3521 = VERTEX_POINT('',#3522);
#3522 = CARTESIAN_POINT('',(0.448463249021,0.40334693593,0.5625005879));
#3523 = B_SPLINE_CURVE_WITH_KNOTS('',1,(#3524,#3525),.UNSPECIFIED.,.F.,
  .F.,(2,2),(-0.,1.E-03),.PIECEWISE_BEZIER_KNOTS.);
#3524 = CARTESIAN_POINT('',(0.448463249021,0.40334693593,0.5635005879));
#3525 = CARTESIAN_POINT('',(0.448463249021,0.40334693593,0.5625005879));
#3526 = ORIENTED_EDGE('',*,*,#3527,.F.);
#3527 = EDGE_CURVE('',#3483,#3521,#3528,.T.);
#3528 = B_SPLINE_CURVE_WITH_KNOTS('',3,(#3529,#3530,#3531,#3532),
  .UNSPECIFIED.,.F.,.F.,(4,4),(12.,13.),.PIECEWISE_BEZIER_KNOTS.);
#3529 = CARTESIAN_POINT('',(0.456864492985,0.405526268523,0.5625005879)
  );
#3530 = CARTESIAN_POINT('',(0.454485526873,0.404078925503,0.5625005879)
  );
#3531 = CARTESIAN_POINT('',(0.45168233953,0.40334693593,0.5625005879));
#3532 = CARTESIAN_POINT('',(0.448463249021,0.40334693593,0.5625005879));
#3533 = B_SPLINE_SURFACE_WITH_KNOTS('',3,1,(
    (#3534,#3535)
    ,(#3536,#3537)
    ,(#3538,#3539)
    ,(#3540,#3541
    )),.UNSPECIFIED.,.F.,.F.,.F.,(4,4),(2,2),(12.,13.),(0.,1.),
  .PIECEWISE_BEZIER_KNOTS.);
#3534 = CARTESIAN_POINT('',(0.456864492985,0.405526268523,0.5635005879)
  );
#3535 = CARTESIAN_POINT('',(0.456864492985,0.405526268523,0.5625005879)
  );
#3536 = CARTESIAN_POINT('',(0.454485526873,0.404078925503,0.5635005879)
  );
#3537 = CARTESIAN_POINT('',(0.454485526873,0.404078925503,0.5625005879)
  );
#3538 = CARTESIAN_POINT('',(0.45168233953,0.40334693593,0.5635005879));
#3539 = CARTESIAN_POINT('',(0.45168233953,0.40334693593,0.5625005879));
#3540 = CARTESIAN_POINT('',(0.448463249021,0.40334693593,0.5635005879));
#3541 = CARTESIAN_POINT('',(0.448463249021,0.40334693593,0.5625005879));
#3542 = ADVANCED_FACE('',(#3543),#3569,.F.);
#3543 = FACE_BOUND('',#3544,.F.);
#3544 = EDGE_LOOP('',(#3545,#3546,#3555,#3562));
#3545 = ORIENTED_EDGE('',*,*,#3520,.F.);
#3546 = ORIENTED_EDGE('',*,*,#3547,.T.);
#3547 = EDGE_CURVE('',#3512,#3548,#3550,.T.);
#3548 = VERTEX_POINT('',#3549);
#3549 = CARTESIAN_POINT('',(0.440103595374,0.406773978022,0.5635005879)
  );
#3550 = B_SPLINE_CURVE_WITH_KNOTS('',3,(#3551,#3552,#3553,#3554),
  .UNSPECIFIED.,.F.,.F.,(4,4),(11.,12.),.PIECEWISE_BEZIER_KNOTS.);
#3551 = CARTESIAN_POINT('',(0.448463249021,0.40334693593,0.5635005879));
#3552 = CARTESIAN_POINT('',(0.445019570803,0.40334693593,0.5635005879));
#3553 = CARTESIAN_POINT('',(0.442233019587,0.40449482867,0.5635005879));
#3554 = CARTESIAN_POINT('',(0.440103595374,0.406773978022,0.5635005879)
  );
#3555 = ORIENTED_EDGE('',*,*,#3556,.T.);
#3556 = EDGE_CURVE('',#3548,#3557,#3559,.T.);
#3557 = VERTEX_POINT('',#3558);
#3558 = CARTESIAN_POINT('',(0.440103595374,0.406773978022,0.5625005879)
  );
#3559 = B_SPLINE_CURVE_WITH_KNOTS('',1,(#3560,#3561),.UNSPECIFIED.,.F.,
  .F.,(2,2),(-0.,1.E-03),.PIECEWISE_BEZIER_KNOTS.);
#3560 = CARTESIAN_POINT('',(0.440103595374,0.406773978022,0.5635005879)
  );
#3561 = CARTESIAN_POINT('',(0.440103595374,0.406773978022,0.5625005879)
  );
#3562 = ORIENTED_EDGE('',*,*,#3563,.F.);
#3563 = EDGE_CURVE('',#3521,#3557,#3564,.T.);
#3564 = B_SPLINE_CURVE_WITH_KNOTS('',3,(#3565,#3566,#3567,#3568),
  .UNSPECIFIED.,.F.,.F.,(4,4),(11.,12.),.PIECEWISE_BEZIER_KNOTS.);
#3565 = CARTESIAN_POINT('',(0.448463249021,0.40334693593,0.5625005879));
#3566 = CARTESIAN_POINT('',(0.445019570803,0.40334693593,0.5625005879));
#3567 = CARTESIAN_POINT('',(0.442233019587,0.40449482867,0.5625005879));
#3568 = CARTESIAN_POINT('',(0.440103595374,0.406773978022,0.5625005879)
  );
#3569 = B_SPLINE_SURFACE_WITH_KNOTS('',3,1,(
    (#3570,#3571)
    ,(#3572,#3573)
    ,(#3574,#3575)
    ,(#3576,#3577
    )),.UNSPECIFIED.,.F.,.F.,.F.,(4,4),(2,2),(11.,12.),(0.,1.),
  .PIECEWISE_BEZIER_KNOTS.);
#3570 = CARTESIAN_POINT('',(0.448463249021,0.40334693593,0.5635005879));
#3571 = CARTESIAN_POINT('',(0.448463249021,0.40334693593,0.5625005879));
#3572 = CARTESIAN_POINT('',(0.445019570803,0.40334693593,0.5635005879));
#3573 = CARTESIAN_POINT('',(0.445019570803,0.40334693593,0.5625005879));
#3574 = CARTESIAN_POINT('',(0.442233019587,0.40449482867,0.5635005879));
#3575 = CARTESIAN_POINT('',(0.442233019587,0.40449482867,0.5625005879));
#3576 = CARTESIAN_POINT('',(0.440103595374,0.406773978022,0.5635005879)
  );
#3577 = CARTESIAN_POINT('',(0.440103595374,0.406773978022,0.5625005879)
  );
#3578 = ADVANCED_FACE('',(#3579),#3605,.F.);
#3579 = FACE_BOUND('',#3580,.F.);
#3580 = EDGE_LOOP('',(#3581,#3582,#3591,#3598));
#3581 = ORIENTED_EDGE('',*,*,#3556,.F.);
#3582 = ORIENTED_EDGE('',*,*,#3583,.T.);
#3583 = EDGE_CURVE('',#3548,#3584,#3586,.T.);
#3584 = VERTEX_POINT('',#3585);
#3585 = CARTESIAN_POINT('',(0.436909459055,0.416056936699,0.5635005879)
  );
#3586 = B_SPLINE_CURVE_WITH_KNOTS('',3,(#3587,#3588,#3589,#3590),
  .UNSPECIFIED.,.F.,.F.,(4,4),(10.,11.),.PIECEWISE_BEZIER_KNOTS.);
#3587 = CARTESIAN_POINT('',(0.440103595374,0.406773978022,0.5635005879)
  );
#3588 = CARTESIAN_POINT('',(0.437974171162,0.409069763502,0.5635005879)
  );
#3589 = CARTESIAN_POINT('',(0.436909459055,0.412164083061,0.5635005879)
  );
#3590 = CARTESIAN_POINT('',(0.436909459055,0.416056936699,0.5635005879)
  );
#3591 = ORIENTED_EDGE('',*,*,#3592,.T.);
#3592 = EDGE_CURVE('',#3584,#3593,#3595,.T.);
#3593 = VERTEX_POINT('',#3594);
#3594 = CARTESIAN_POINT('',(0.436909459055,0.416056936699,0.5625005879)
  );
#3595 = B_SPLINE_CURVE_WITH_KNOTS('',1,(#3596,#3597),.UNSPECIFIED.,.F.,
  .F.,(2,2),(-0.,1.E-03),.PIECEWISE_BEZIER_KNOTS.);
#3596 = CARTESIAN_POINT('',(0.436909459055,0.416056936699,0.5635005879)
  );
#3597 = CARTESIAN_POINT('',(0.436909459055,0.416056936699,0.5625005879)
  );
#3598 = ORIENTED_EDGE('',*,*,#3599,.F.);
#3599 = EDGE_CURVE('',#3557,#3593,#3600,.T.);
#3600 = B_SPLINE_CURVE_WITH_KNOTS('',3,(#3601,#3602,#3603,#3604),
  .UNSPECIFIED.,.F.,.F.,(4,4),(10.,11.),.PIECEWISE_BEZIER_KNOTS.);
#3601 = CARTESIAN_POINT('',(0.440103595374,0.406773978022,0.5625005879)
  );
#3602 = CARTESIAN_POINT('',(0.437974171162,0.409069763502,0.5625005879)
  );
#3603 = CARTESIAN_POINT('',(0.436909459055,0.412164083061,0.5625005879)
  );
#3604 = CARTESIAN_POINT('',(0.436909459055,0.416056936699,0.5625005879)
  );
#3605 = B_SPLINE_SURFACE_WITH_KNOTS('',3,1,(
    (#3606,#3607)
    ,(#3608,#3609)
    ,(#3610,#3611)
    ,(#3612,#3613
    )),.UNSPECIFIED.,.F.,.F.,.F.,(4,4),(2,2),(10.,11.),(0.,1.),
  .PIECEWISE_BEZIER_KNOTS.);
#3606 = CARTESIAN_POINT('',(0.440103595374,0.406773978022,0.5635005879)
  );
#3607 = CARTESIAN_POINT('',(0.440103595374,0.406773978022,0.5625005879)
  );
#3608 = CARTESIAN_POINT('',(0.437974171162,0.409069763502,0.5635005879)
  );
#3609 = CARTESIAN_POINT('',(0.437974171162,0.409069763502,0.5625005879)
  );
#3610 = CARTESIAN_POINT('',(0.436909459055,0.412164083061,0.5635005879)
  );
#3611 = CARTESIAN_POINT('',(0.436909459055,0.412164083061,0.5625005879)
  );
#3612 = CARTESIAN_POINT('',(0.436909459055,0.416056936699,0.5635005879)
  );
#3613 = CARTESIAN_POINT('',(0.436909459055,0.416056936699,0.5625005879)
  );
#3614 = ADVANCED_FACE('',(#3615),#3641,.F.);
#3615 = FACE_BOUND('',#3616,.F.);
#3616 = EDGE_LOOP('',(#3617,#3618,#3627,#3634));
#3617 = ORIENTED_EDGE('',*,*,#3592,.F.);
#3618 = ORIENTED_EDGE('',*,*,#3619,.T.);
#3619 = EDGE_CURVE('',#3584,#3620,#3622,.T.);
#3620 = VERTEX_POINT('',#3621);
#3621 = CARTESIAN_POINT('',(0.440328183084,0.425838979176,0.5635005879)
  );
#3622 = B_SPLINE_CURVE_WITH_KNOTS('',3,(#3623,#3624,#3625,#3626),
  .UNSPECIFIED.,.F.,.F.,(4,4),(9.,10.),.PIECEWISE_BEZIER_KNOTS.);
#3623 = CARTESIAN_POINT('',(0.436909459055,0.416056936699,0.5635005879)
  );
#3624 = CARTESIAN_POINT('',(0.436909459055,0.420149423858,0.5635005879)
  );
#3625 = CARTESIAN_POINT('',(0.438049033732,0.423410104683,0.5635005879)
  );
#3626 = CARTESIAN_POINT('',(0.440328183084,0.425838979176,0.5635005879)
  );
#3627 = ORIENTED_EDGE('',*,*,#3628,.T.);
#3628 = EDGE_CURVE('',#3620,#3629,#3631,.T.);
#3629 = VERTEX_POINT('',#3630);
#3630 = CARTESIAN_POINT('',(0.440328183084,0.425838979176,0.5625005879)
  );
#3631 = B_SPLINE_CURVE_WITH_KNOTS('',1,(#3632,#3633),.UNSPECIFIED.,.F.,
  .F.,(2,2),(-0.,1.E-03),.PIECEWISE_BEZIER_KNOTS.);
#3632 = CARTESIAN_POINT('',(0.440328183084,0.425838979176,0.5635005879)
  );
#3633 = CARTESIAN_POINT('',(0.440328183084,0.425838979176,0.5625005879)
  );
#3634 = ORIENTED_EDGE('',*,*,#3635,.F.);
#3635 = EDGE_CURVE('',#3593,#3629,#3636,.T.);
#3636 = B_SPLINE_CURVE_WITH_KNOTS('',3,(#3637,#3638,#3639,#3640),
  .UNSPECIFIED.,.F.,.F.,(4,4),(9.,10.),.PIECEWISE_BEZIER_KNOTS.);
#3637 = CARTESIAN_POINT('',(0.436909459055,0.416056936699,0.5625005879)
  );
#3638 = CARTESIAN_POINT('',(0.436909459055,0.420149423858,0.5625005879)
  );
#3639 = CARTESIAN_POINT('',(0.438049033732,0.423410104683,0.5625005879)
  );
#3640 = CARTESIAN_POINT('',(0.440328183084,0.425838979176,0.5625005879)
  );
#3641 = B_SPLINE_SURFACE_WITH_KNOTS('',3,1,(
    (#3642,#3643)
    ,(#3644,#3645)
    ,(#3646,#3647)
    ,(#3648,#3649
    )),.UNSPECIFIED.,.F.,.F.,.F.,(4,4),(2,2),(9.,10.),(0.,1.),
  .PIECEWISE_BEZIER_KNOTS.);
#3642 = CARTESIAN_POINT('',(0.436909459055,0.416056936699,0.5635005879)
  );
#3643 = CARTESIAN_POINT('',(0.436909459055,0.416056936699,0.5625005879)
  );
#3644 = CARTESIAN_POINT('',(0.436909459055,0.420149423858,0.5635005879)
  );
#3645 = CARTESIAN_POINT('',(0.436909459055,0.420149423858,0.5625005879)
  );
#3646 = CARTESIAN_POINT('',(0.438049033732,0.423410104683,0.5635005879)
  );
#3647 = CARTESIAN_POINT('',(0.438049033732,0.423410104683,0.5625005879)
  );
#3648 = CARTESIAN_POINT('',(0.440328183084,0.425838979176,0.5635005879)
  );
#3649 = CARTESIAN_POINT('',(0.440328183084,0.425838979176,0.5625005879)
  );
#3650 = ADVANCED_FACE('',(#3651),#3677,.F.);
#3651 = FACE_BOUND('',#3652,.F.);
#3652 = EDGE_LOOP('',(#3653,#3654,#3663,#3670));
#3653 = ORIENTED_EDGE('',*,*,#3628,.F.);
#3654 = ORIENTED_EDGE('',*,*,#3655,.T.);
#3655 = EDGE_CURVE('',#3620,#3656,#3658,.T.);
#3656 = VERTEX_POINT('',#3657);
#3657 = CARTESIAN_POINT('',(0.449195238594,0.429449018661,0.5635005879)
  );
#3658 = B_SPLINE_CURVE_WITH_KNOTS('',3,(#3659,#3660,#3661,#3662),
  .UNSPECIFIED.,.F.,.F.,(4,4),(8.,9.),.PIECEWISE_BEZIER_KNOTS.);
#3659 = CARTESIAN_POINT('',(0.440328183084,0.425838979176,0.5635005879)
  );
#3660 = CARTESIAN_POINT('',(0.4426156505,0.428251217542,0.5635005879));
#3661 = CARTESIAN_POINT('',(0.445568562982,0.429449018661,0.5635005879)
  );
#3662 = CARTESIAN_POINT('',(0.449195238594,0.429449018661,0.5635005879)
  );
#3663 = ORIENTED_EDGE('',*,*,#3664,.T.);
#3664 = EDGE_CURVE('',#3656,#3665,#3667,.T.);
#3665 = VERTEX_POINT('',#3666);
#3666 = CARTESIAN_POINT('',(0.449195238594,0.429449018661,0.5625005879)
  );
#3667 = B_SPLINE_CURVE_WITH_KNOTS('',1,(#3668,#3669),.UNSPECIFIED.,.F.,
  .F.,(2,2),(-0.,1.E-03),.PIECEWISE_BEZIER_KNOTS.);
#3668 = CARTESIAN_POINT('',(0.449195238594,0.429449018661,0.5635005879)
  );
#3669 = CARTESIAN_POINT('',(0.449195238594,0.429449018661,0.5625005879)
  );
#3670 = ORIENTED_EDGE('',*,*,#3671,.F.);
#3671 = EDGE_CURVE('',#3629,#3665,#3672,.T.);
#3672 = B_SPLINE_CURVE_WITH_KNOTS('',3,(#3673,#3674,#3675,#3676),
  .UNSPECIFIED.,.F.,.F.,(4,4),(8.,9.),.PIECEWISE_BEZIER_KNOTS.);
#3673 = CARTESIAN_POINT('',(0.440328183084,0.425838979176,0.5625005879)
  );
#3674 = CARTESIAN_POINT('',(0.4426156505,0.428251217542,0.5625005879));
#3675 = CARTESIAN_POINT('',(0.445568562982,0.429449018661,0.5625005879)
  );
#3676 = CARTESIAN_POINT('',(0.449195238594,0.429449018661,0.5625005879)
  );
#3677 = B_SPLINE_SURFACE_WITH_KNOTS('',3,1,(
    (#3678,#3679)
    ,(#3680,#3681)
    ,(#3682,#3683)
    ,(#3684,#3685
    )),.UNSPECIFIED.,.F.,.F.,.F.,(4,4),(2,2),(8.,9.),(0.,1.),
  .PIECEWISE_BEZIER_KNOTS.);
#3678 = CARTESIAN_POINT('',(0.440328183084,0.425838979176,0.5635005879)
  );
#3679 = CARTESIAN_POINT('',(0.440328183084,0.425838979176,0.5625005879)
  );
#3680 = CARTESIAN_POINT('',(0.4426156505,0.428251217542,0.5635005879));
#3681 = CARTESIAN_POINT('',(0.4426156505,0.428251217542,0.5625005879));
#3682 = CARTESIAN_POINT('',(0.445568562982,0.429449018661,0.5635005879)
  );
#3683 = CARTESIAN_POINT('',(0.445568562982,0.429449018661,0.5625005879)
  );
#3684 = CARTESIAN_POINT('',(0.449195238594,0.429449018661,0.5635005879)
  );
#3685 = CARTESIAN_POINT('',(0.449195238594,0.429449018661,0.5625005879)
  );
#3686 = ADVANCED_FACE('',(#3687),#3713,.F.);
#3687 = FACE_BOUND('',#3688,.F.);
#3688 = EDGE_LOOP('',(#3689,#3690,#3699,#3706));
#3689 = ORIENTED_EDGE('',*,*,#3664,.F.);
#3690 = ORIENTED_EDGE('',*,*,#3691,.T.);
#3691 = EDGE_CURVE('',#3656,#3692,#3694,.T.);
#3692 = VERTEX_POINT('',#3693);
#3693 = CARTESIAN_POINT('',(0.456864492985,0.427519227969,0.5635005879)
  );
#3694 = B_SPLINE_CURVE_WITH_KNOTS('',3,(#3695,#3696,#3697,#3698),
  .UNSPECIFIED.,.F.,.F.,(4,4),(7.,8.),.PIECEWISE_BEZIER_KNOTS.);
#3695 = CARTESIAN_POINT('',(0.449195238594,0.429449018661,0.5635005879)
  );
#3696 = CARTESIAN_POINT('',(0.45198178981,0.429449018661,0.5635005879));
#3697 = CARTESIAN_POINT('',(0.454535435253,0.428816845848,0.5635005879)
  );
#3698 = CARTESIAN_POINT('',(0.456864492985,0.427519227969,0.5635005879)
  );
#3699 = ORIENTED_EDGE('',*,*,#3700,.T.);
#3700 = EDGE_CURVE('',#3692,#3701,#3703,.T.);
#3701 = VERTEX_POINT('',#3702);
#3702 = CARTESIAN_POINT('',(0.456864492985,0.427519227969,0.5625005879)
  );
#3703 = B_SPLINE_CURVE_WITH_KNOTS('',1,(#3704,#3705),.UNSPECIFIED.,.F.,
  .F.,(2,2),(-0.,1.E-03),.PIECEWISE_BEZIER_KNOTS.);
#3704 = CARTESIAN_POINT('',(0.456864492985,0.427519227969,0.5635005879)
  );
#3705 = CARTESIAN_POINT('',(0.456864492985,0.427519227969,0.5625005879)
  );
#3706 = ORIENTED_EDGE('',*,*,#3707,.F.);
#3707 = EDGE_CURVE('',#3665,#3701,#3708,.T.);
#3708 = B_SPLINE_CURVE_WITH_KNOTS('',3,(#3709,#3710,#3711,#3712),
  .UNSPECIFIED.,.F.,.F.,(4,4),(7.,8.),.PIECEWISE_BEZIER_KNOTS.);
#3709 = CARTESIAN_POINT('',(0.449195238594,0.429449018661,0.5625005879)
  );
#3710 = CARTESIAN_POINT('',(0.45198178981,0.429449018661,0.5625005879));
#3711 = CARTESIAN_POINT('',(0.454535435253,0.428816845848,0.5625005879)
  );
#3712 = CARTESIAN_POINT('',(0.456864492985,0.427519227969,0.5625005879)
  );
#3713 = B_SPLINE_SURFACE_WITH_KNOTS('',3,1,(
    (#3714,#3715)
    ,(#3716,#3717)
    ,(#3718,#3719)
    ,(#3720,#3721
    )),.UNSPECIFIED.,.F.,.F.,.F.,(4,4),(2,2),(7.,8.),(0.,1.),
  .PIECEWISE_BEZIER_KNOTS.);
#3714 = CARTESIAN_POINT('',(0.449195238594,0.429449018661,0.5635005879)
  );
#3715 = CARTESIAN_POINT('',(0.449195238594,0.429449018661,0.5625005879)
  );
#3716 = CARTESIAN_POINT('',(0.45198178981,0.429449018661,0.5635005879));
#3717 = CARTESIAN_POINT('',(0.45198178981,0.429449018661,0.5625005879));
#3718 = CARTESIAN_POINT('',(0.454535435253,0.428816845848,0.5635005879)
  );
#3719 = CARTESIAN_POINT('',(0.454535435253,0.428816845848,0.5625005879)
  );
#3720 = CARTESIAN_POINT('',(0.456864492985,0.427519227969,0.5635005879)
  );
#3721 = CARTESIAN_POINT('',(0.456864492985,0.427519227969,0.5625005879)
  );
#3722 = ADVANCED_FACE('',(#3723),#3745,.F.);
#3723 = FACE_BOUND('',#3724,.T.);
#3724 = EDGE_LOOP('',(#3725,#3732,#3739,#3744));
#3725 = ORIENTED_EDGE('',*,*,#3726,.T.);
#3726 = EDGE_CURVE('',#3701,#3727,#3729,.T.);
#3727 = VERTEX_POINT('',#3728);
#3728 = CARTESIAN_POINT('',(0.456864492985,0.431911165407,0.5625005879)
  );
#3729 = B_SPLINE_CURVE_WITH_KNOTS('',1,(#3730,#3731),.UNSPECIFIED.,.F.,
  .F.,(2,2),(-4.391937438397E-03,0.),.PIECEWISE_BEZIER_KNOTS.);
#3730 = CARTESIAN_POINT('',(0.456864492985,0.427519227969,0.5625005879)
  );
#3731 = CARTESIAN_POINT('',(0.456864492985,0.431911165407,0.5625005879)
  );
#3732 = ORIENTED_EDGE('',*,*,#3733,.F.);
#3733 = EDGE_CURVE('',#3734,#3727,#3736,.T.);
#3734 = VERTEX_POINT('',#3735);
#3735 = CARTESIAN_POINT('',(0.456864492985,0.431911165407,0.5635005879)
  );
#3736 = B_SPLINE_CURVE_WITH_KNOTS('',1,(#3737,#3738),.UNSPECIFIED.,.F.,
  .F.,(2,2),(-0.,1.E-03),.PIECEWISE_BEZIER_KNOTS.);
#3737 = CARTESIAN_POINT('',(0.456864492985,0.431911165407,0.5635005879)
  );
#3738 = CARTESIAN_POINT('',(0.456864492985,0.431911165407,0.5625005879)
  );
#3739 = ORIENTED_EDGE('',*,*,#3740,.F.);
#3740 = EDGE_CURVE('',#3692,#3734,#3741,.T.);
#3741 = B_SPLINE_CURVE_WITH_KNOTS('',1,(#3742,#3743),.UNSPECIFIED.,.F.,
  .F.,(2,2),(-4.391937438397E-03,0.),.PIECEWISE_BEZIER_KNOTS.);
#3742 = CARTESIAN_POINT('',(0.456864492985,0.427519227969,0.5635005879)
  );
#3743 = CARTESIAN_POINT('',(0.456864492985,0.431911165407,0.5635005879)
  );
#3744 = ORIENTED_EDGE('',*,*,#3700,.T.);
#3745 = B_SPLINE_SURFACE_WITH_KNOTS('',1,1,(
    (#3746,#3747)
    ,(#3748,#3749)),.UNSPECIFIED.,.F.,.F.,.F.,(2,2),(2,2),(-1.E-03,0.),(
    -4.391937438397E-03,0.),.PIECEWISE_BEZIER_KNOTS.);
#3746 = CARTESIAN_POINT('',(0.456864492985,0.427519227969,0.5625005879)
  );
#3747 = CARTESIAN_POINT('',(0.456864492985,0.431911165407,0.5625005879)
  );
#3748 = CARTESIAN_POINT('',(0.456864492985,0.427519227969,0.5635005879)
  );
#3749 = CARTESIAN_POINT('',(0.456864492985,0.431911165407,0.5635005879)
  );
#3750 = ADVANCED_FACE('',(#3751),#3777,.F.);
#3751 = FACE_BOUND('',#3752,.F.);
#3752 = EDGE_LOOP('',(#3753,#3754,#3763,#3770));
#3753 = ORIENTED_EDGE('',*,*,#3733,.F.);
#3754 = ORIENTED_EDGE('',*,*,#3755,.T.);
#3755 = EDGE_CURVE('',#3734,#3756,#3758,.T.);
#3756 = VERTEX_POINT('',#3757);
#3757 = CARTESIAN_POINT('',(0.449153648278,0.43324205554,0.5635005879));
#3758 = B_SPLINE_CURVE_WITH_KNOTS('',3,(#3759,#3760,#3761,#3762),
  .UNSPECIFIED.,.F.,.F.,(4,4),(5.,6.),.PIECEWISE_BEZIER_KNOTS.);
#3759 = CARTESIAN_POINT('',(0.456864492985,0.431911165407,0.5635005879)
  );
#3760 = CARTESIAN_POINT('',(0.454834885533,0.43279288012,0.5635005879));
#3761 = CARTESIAN_POINT('',(0.452264603963,0.43324205554,0.5635005879));
#3762 = CARTESIAN_POINT('',(0.449153648278,0.43324205554,0.5635005879));
#3763 = ORIENTED_EDGE('',*,*,#3764,.T.);
#3764 = EDGE_CURVE('',#3756,#3765,#3767,.T.);
#3765 = VERTEX_POINT('',#3766);
#3766 = CARTESIAN_POINT('',(0.449153648278,0.43324205554,0.5625005879));
#3767 = B_SPLINE_CURVE_WITH_KNOTS('',1,(#3768,#3769),.UNSPECIFIED.,.F.,
  .F.,(2,2),(-0.,1.E-03),.PIECEWISE_BEZIER_KNOTS.);
#3768 = CARTESIAN_POINT('',(0.449153648278,0.43324205554,0.5635005879));
#3769 = CARTESIAN_POINT('',(0.449153648278,0.43324205554,0.5625005879));
#3770 = ORIENTED_EDGE('',*,*,#3771,.F.);
#3771 = EDGE_CURVE('',#3727,#3765,#3772,.T.);
#3772 = B_SPLINE_CURVE_WITH_KNOTS('',3,(#3773,#3774,#3775,#3776),
  .UNSPECIFIED.,.F.,.F.,(4,4),(5.,6.),.PIECEWISE_BEZIER_KNOTS.);
#3773 = CARTESIAN_POINT('',(0.456864492985,0.431911165407,0.5625005879)
  );
#3774 = CARTESIAN_POINT('',(0.454834885533,0.43279288012,0.5625005879));
#3775 = CARTESIAN_POINT('',(0.452264603963,0.43324205554,0.5625005879));
#3776 = CARTESIAN_POINT('',(0.449153648278,0.43324205554,0.5625005879));
#3777 = B_SPLINE_SURFACE_WITH_KNOTS('',3,1,(
    (#3778,#3779)
    ,(#3780,#3781)
    ,(#3782,#3783)
    ,(#3784,#3785
    )),.UNSPECIFIED.,.F.,.F.,.F.,(4,4),(2,2),(5.,6.),(0.,1.),
  .PIECEWISE_BEZIER_KNOTS.);
#3778 = CARTESIAN_POINT('',(0.456864492985,0.431911165407,0.5635005879)
  );
#3779 = CARTESIAN_POINT('',(0.456864492985,0.431911165407,0.5625005879)
  );
#3780 = CARTESIAN_POINT('',(0.454834885533,0.43279288012,0.5635005879));
#3781 = CARTESIAN_POINT('',(0.454834885533,0.43279288012,0.5625005879));
#3782 = CARTESIAN_POINT('',(0.452264603963,0.43324205554,0.5635005879));
#3783 = CARTESIAN_POINT('',(0.452264603963,0.43324205554,0.5625005879));
#3784 = CARTESIAN_POINT('',(0.449153648278,0.43324205554,0.5635005879));
#3785 = CARTESIAN_POINT('',(0.449153648278,0.43324205554,0.5625005879));
#3786 = ADVANCED_FACE('',(#3787),#3813,.F.);
#3787 = FACE_BOUND('',#3788,.F.);
#3788 = EDGE_LOOP('',(#3789,#3790,#3799,#3806));
#3789 = ORIENTED_EDGE('',*,*,#3764,.F.);
#3790 = ORIENTED_EDGE('',*,*,#3791,.T.);
#3791 = EDGE_CURVE('',#3756,#3792,#3794,.T.);
#3792 = VERTEX_POINT('',#3793);
#3793 = CARTESIAN_POINT('',(0.437200591272,0.428450851062,0.5635005879)
  );
#3794 = B_SPLINE_CURVE_WITH_KNOTS('',3,(#3795,#3796,#3797,#3798),
  .UNSPECIFIED.,.F.,.F.,(4,4),(4.,5.),.PIECEWISE_BEZIER_KNOTS.);
#3795 = CARTESIAN_POINT('',(0.449153648278,0.43324205554,0.5635005879));
#3796 = CARTESIAN_POINT('',(0.444320853483,0.43324205554,0.5635005879));
#3797 = CARTESIAN_POINT('',(0.440336501147,0.431644987381,0.5635005879)
  );
#3798 = CARTESIAN_POINT('',(0.437200591272,0.428450851062,0.5635005879)
  );
#3799 = ORIENTED_EDGE('',*,*,#3800,.T.);
#3800 = EDGE_CURVE('',#3792,#3801,#3803,.T.);
#3801 = VERTEX_POINT('',#3802);
#3802 = CARTESIAN_POINT('',(0.437200591272,0.428450851062,0.5625005879)
  );
#3803 = B_SPLINE_CURVE_WITH_KNOTS('',1,(#3804,#3805),.UNSPECIFIED.,.F.,
  .F.,(2,2),(-0.,1.E-03),.PIECEWISE_BEZIER_KNOTS.);
#3804 = CARTESIAN_POINT('',(0.437200591272,0.428450851062,0.5635005879)
  );
#3805 = CARTESIAN_POINT('',(0.437200591272,0.428450851062,0.5625005879)
  );
#3806 = ORIENTED_EDGE('',*,*,#3807,.F.);
#3807 = EDGE_CURVE('',#3765,#3801,#3808,.T.);
#3808 = B_SPLINE_CURVE_WITH_KNOTS('',3,(#3809,#3810,#3811,#3812),
  .UNSPECIFIED.,.F.,.F.,(4,4),(4.,5.),.PIECEWISE_BEZIER_KNOTS.);
#3809 = CARTESIAN_POINT('',(0.449153648278,0.43324205554,0.5625005879));
#3810 = CARTESIAN_POINT('',(0.444320853483,0.43324205554,0.5625005879));
#3811 = CARTESIAN_POINT('',(0.440336501147,0.431644987381,0.5625005879)
  );
#3812 = CARTESIAN_POINT('',(0.437200591272,0.428450851062,0.5625005879)
  );
#3813 = B_SPLINE_SURFACE_WITH_KNOTS('',3,1,(
    (#3814,#3815)
    ,(#3816,#3817)
    ,(#3818,#3819)
    ,(#3820,#3821
    )),.UNSPECIFIED.,.F.,.F.,.F.,(4,4),(2,2),(4.,5.),(0.,1.),
  .PIECEWISE_BEZIER_KNOTS.);
#3814 = CARTESIAN_POINT('',(0.449153648278,0.43324205554,0.5635005879));
#3815 = CARTESIAN_POINT('',(0.449153648278,0.43324205554,0.5625005879));
#3816 = CARTESIAN_POINT('',(0.444320853483,0.43324205554,0.5635005879));
#3817 = CARTESIAN_POINT('',(0.444320853483,0.43324205554,0.5625005879));
#3818 = CARTESIAN_POINT('',(0.440336501147,0.431644987381,0.5635005879)
  );
#3819 = CARTESIAN_POINT('',(0.440336501147,0.431644987381,0.5625005879)
  );
#3820 = CARTESIAN_POINT('',(0.437200591272,0.428450851062,0.5635005879)
  );
#3821 = CARTESIAN_POINT('',(0.437200591272,0.428450851062,0.5625005879)
  );
#3822 = ADVANCED_FACE('',(#3823),#3849,.F.);
#3823 = FACE_BOUND('',#3824,.F.);
#3824 = EDGE_LOOP('',(#3825,#3826,#3835,#3842));
#3825 = ORIENTED_EDGE('',*,*,#3800,.F.);
#3826 = ORIENTED_EDGE('',*,*,#3827,.T.);
#3827 = EDGE_CURVE('',#3792,#3828,#3830,.T.);
#3828 = VERTEX_POINT('',#3829);
#3829 = CARTESIAN_POINT('',(0.43250088549,0.415807394799,0.5635005879));
#3830 = B_SPLINE_CURVE_WITH_KNOTS('',3,(#3831,#3832,#3833,#3834),
  .UNSPECIFIED.,.F.,.F.,(4,4),(3.,4.),.PIECEWISE_BEZIER_KNOTS.);
#3831 = CARTESIAN_POINT('',(0.437200591272,0.428450851062,0.5635005879)
  );
#3832 = CARTESIAN_POINT('',(0.434064681396,0.425256714743,0.5635005879)
  );
#3833 = CARTESIAN_POINT('',(0.43250088549,0.421047774698,0.5635005879));
#3834 = CARTESIAN_POINT('',(0.43250088549,0.415807394799,0.5635005879));
#3835 = ORIENTED_EDGE('',*,*,#3836,.T.);
#3836 = EDGE_CURVE('',#3828,#3837,#3839,.T.);
#3837 = VERTEX_POINT('',#3838);
#3838 = CARTESIAN_POINT('',(0.43250088549,0.415807394799,0.5625005879));
#3839 = B_SPLINE_CURVE_WITH_KNOTS('',1,(#3840,#3841),.UNSPECIFIED.,.F.,
  .F.,(2,2),(-0.,1.E-03),.PIECEWISE_BEZIER_KNOTS.);
#3840 = CARTESIAN_POINT('',(0.43250088549,0.415807394799,0.5635005879));
#3841 = CARTESIAN_POINT('',(0.43250088549,0.415807394799,0.5625005879));
#3842 = ORIENTED_EDGE('',*,*,#3843,.F.);
#3843 = EDGE_CURVE('',#3801,#3837,#3844,.T.);
#3844 = B_SPLINE_CURVE_WITH_KNOTS('',3,(#3845,#3846,#3847,#3848),
  .UNSPECIFIED.,.F.,.F.,(4,4),(3.,4.),.PIECEWISE_BEZIER_KNOTS.);
#3845 = CARTESIAN_POINT('',(0.437200591272,0.428450851062,0.5625005879)
  );
#3846 = CARTESIAN_POINT('',(0.434064681396,0.425256714743,0.5625005879)
  );
#3847 = CARTESIAN_POINT('',(0.43250088549,0.421047774698,0.5625005879));
#3848 = CARTESIAN_POINT('',(0.43250088549,0.415807394799,0.5625005879));
#3849 = B_SPLINE_SURFACE_WITH_KNOTS('',3,1,(
    (#3850,#3851)
    ,(#3852,#3853)
    ,(#3854,#3855)
    ,(#3856,#3857
    )),.UNSPECIFIED.,.F.,.F.,.F.,(4,4),(2,2),(3.,4.),(0.,1.),
  .PIECEWISE_BEZIER_KNOTS.);
#3850 = CARTESIAN_POINT('',(0.437200591272,0.428450851062,0.5635005879)
  );
#3851 = CARTESIAN_POINT('',(0.437200591272,0.428450851062,0.5625005879)
  );
#3852 = CARTESIAN_POINT('',(0.434064681396,0.425256714743,0.5635005879)
  );
#3853 = CARTESIAN_POINT('',(0.434064681396,0.425256714743,0.5625005879)
  );
#3854 = CARTESIAN_POINT('',(0.43250088549,0.421047774698,0.5635005879));
#3855 = CARTESIAN_POINT('',(0.43250088549,0.421047774698,0.5625005879));
#3856 = CARTESIAN_POINT('',(0.43250088549,0.415807394799,0.5635005879));
#3857 = CARTESIAN_POINT('',(0.43250088549,0.415807394799,0.5625005879));
#3858 = ADVANCED_FACE('',(#3859),#3885,.F.);
#3859 = FACE_BOUND('',#3860,.F.);
#3860 = EDGE_LOOP('',(#3861,#3862,#3871,#3878));
#3861 = ORIENTED_EDGE('',*,*,#3836,.F.);
#3862 = ORIENTED_EDGE('',*,*,#3863,.T.);
#3863 = EDGE_CURVE('',#3828,#3864,#3866,.T.);
#3864 = VERTEX_POINT('',#3865);
#3865 = CARTESIAN_POINT('',(0.436676553282,0.40404565325,0.5635005879));
#3866 = B_SPLINE_CURVE_WITH_KNOTS('',3,(#3867,#3868,#3869,#3870),
  .UNSPECIFIED.,.F.,.F.,(4,4),(2.,3.),.PIECEWISE_BEZIER_KNOTS.);
#3867 = CARTESIAN_POINT('',(0.43250088549,0.415807394799,0.5635005879));
#3868 = CARTESIAN_POINT('',(0.43250088549,0.410933009688,0.5635005879));
#3869 = CARTESIAN_POINT('',(0.433890002066,0.407006883796,0.5635005879)
  );
#3870 = CARTESIAN_POINT('',(0.436676553282,0.40404565325,0.5635005879));
#3871 = ORIENTED_EDGE('',*,*,#3872,.T.);
#3872 = EDGE_CURVE('',#3864,#3873,#3875,.T.);
#3873 = VERTEX_POINT('',#3874);
#3874 = CARTESIAN_POINT('',(0.436676553282,0.40404565325,0.5625005879));
#3875 = B_SPLINE_CURVE_WITH_KNOTS('',1,(#3876,#3877),.UNSPECIFIED.,.F.,
  .F.,(2,2),(-0.,1.E-03),.PIECEWISE_BEZIER_KNOTS.);
#3876 = CARTESIAN_POINT('',(0.436676553282,0.40404565325,0.5635005879));
#3877 = CARTESIAN_POINT('',(0.436676553282,0.40404565325,0.5625005879));
#3878 = ORIENTED_EDGE('',*,*,#3879,.F.);
#3879 = EDGE_CURVE('',#3837,#3873,#3880,.T.);
#3880 = B_SPLINE_CURVE_WITH_KNOTS('',3,(#3881,#3882,#3883,#3884),
  .UNSPECIFIED.,.F.,.F.,(4,4),(2.,3.),.PIECEWISE_BEZIER_KNOTS.);
#3881 = CARTESIAN_POINT('',(0.43250088549,0.415807394799,0.5625005879));
#3882 = CARTESIAN_POINT('',(0.43250088549,0.410933009688,0.5625005879));
#3883 = CARTESIAN_POINT('',(0.433890002066,0.407006883796,0.5625005879)
  );
#3884 = CARTESIAN_POINT('',(0.436676553282,0.40404565325,0.5625005879));
#3885 = B_SPLINE_SURFACE_WITH_KNOTS('',3,1,(
    (#3886,#3887)
    ,(#3888,#3889)
    ,(#3890,#3891)
    ,(#3892,#3893
    )),.UNSPECIFIED.,.F.,.F.,.F.,(4,4),(2,2),(2.,3.),(0.,1.),
  .PIECEWISE_BEZIER_KNOTS.);
#3886 = CARTESIAN_POINT('',(0.43250088549,0.415807394799,0.5635005879));
#3887 = CARTESIAN_POINT('',(0.43250088549,0.415807394799,0.5625005879));
#3888 = CARTESIAN_POINT('',(0.43250088549,0.410933009688,0.5635005879));
#3889 = CARTESIAN_POINT('',(0.43250088549,0.410933009688,0.5625005879));
#3890 = CARTESIAN_POINT('',(0.433890002066,0.407006883796,0.5635005879)
  );
#3891 = CARTESIAN_POINT('',(0.433890002066,0.407006883796,0.5625005879)
  );
#3892 = CARTESIAN_POINT('',(0.436676553282,0.40404565325,0.5635005879));
#3893 = CARTESIAN_POINT('',(0.436676553282,0.40404565325,0.5625005879));
#3894 = ADVANCED_FACE('',(#3895),#3913,.F.);
#3895 = FACE_BOUND('',#3896,.F.);
#3896 = EDGE_LOOP('',(#3897,#3898,#3905,#3906));
#3897 = ORIENTED_EDGE('',*,*,#3872,.F.);
#3898 = ORIENTED_EDGE('',*,*,#3899,.T.);
#3899 = EDGE_CURVE('',#3864,#3439,#3900,.T.);
#3900 = B_SPLINE_CURVE_WITH_KNOTS('',3,(#3901,#3902,#3903,#3904),
  .UNSPECIFIED.,.F.,.F.,(4,4),(1.,2.),.PIECEWISE_BEZIER_KNOTS.);
#3901 = CARTESIAN_POINT('',(0.436676553282,0.40404565325,0.5635005879));
#3902 = CARTESIAN_POINT('',(0.439463104498,0.401084422704,0.5635005879)
  );
#3903 = CARTESIAN_POINT('',(0.44318959687,0.399603807431,0.5635005879));
#3904 = CARTESIAN_POINT('',(0.447856030398,0.399603807431,0.5635005879)
  );
#3905 = ORIENTED_EDGE('',*,*,#3438,.T.);
#3906 = ORIENTED_EDGE('',*,*,#3907,.F.);
#3907 = EDGE_CURVE('',#3873,#3441,#3908,.T.);
#3908 = B_SPLINE_CURVE_WITH_KNOTS('',3,(#3909,#3910,#3911,#3912),
  .UNSPECIFIED.,.F.,.F.,(4,4),(1.,2.),.PIECEWISE_BEZIER_KNOTS.);
#3909 = CARTESIAN_POINT('',(0.436676553282,0.40404565325,0.5625005879));
#3910 = CARTESIAN_POINT('',(0.439463104498,0.401084422704,0.5625005879)
  );
#3911 = CARTESIAN_POINT('',(0.44318959687,0.399603807431,0.5625005879));
#3912 = CARTESIAN_POINT('',(0.447856030398,0.399603807431,0.5625005879)
  );
#3913 = B_SPLINE_SURFACE_WITH_KNOTS('',3,1,(
    (#3914,#3915)
    ,(#3916,#3917)
    ,(#3918,#3919)
    ,(#3920,#3921
    )),.UNSPECIFIED.,.F.,.F.,.F.,(4,4),(2,2),(1.,2.),(0.,1.),
  .PIECEWISE_BEZIER_KNOTS.);
#3914 = CARTESIAN_POINT('',(0.436676553282,0.40404565325,0.5635005879));
#3915 = CARTESIAN_POINT('',(0.436676553282,0.40404565325,0.5625005879));
#3916 = CARTESIAN_POINT('',(0.439463104498,0.401084422704,0.5635005879)
  );
#3917 = CARTESIAN_POINT('',(0.439463104498,0.401084422704,0.5625005879)
  );
#3918 = CARTESIAN_POINT('',(0.44318959687,0.399603807431,0.5635005879));
#3919 = CARTESIAN_POINT('',(0.44318959687,0.399603807431,0.5625005879));
#3920 = CARTESIAN_POINT('',(0.447856030398,0.399603807431,0.5635005879)
  );
#3921 = CARTESIAN_POINT('',(0.447856030398,0.399603807431,0.5625005879)
  );
#3922 = ADVANCED_FACE('',(#3923),#3939,.T.);
#3923 = FACE_BOUND('',#3924,.T.);
#3924 = EDGE_LOOP('',(#3925,#3926,#3927,#3928,#3929,#3930,#3931,#3932,
    #3933,#3934,#3935,#3936,#3937,#3938));
#3925 = ORIENTED_EDGE('',*,*,#3447,.T.);
#3926 = ORIENTED_EDGE('',*,*,#3496,.T.);
#3927 = ORIENTED_EDGE('',*,*,#3511,.T.);
#3928 = ORIENTED_EDGE('',*,*,#3547,.T.);
#3929 = ORIENTED_EDGE('',*,*,#3583,.T.);
#3930 = ORIENTED_EDGE('',*,*,#3619,.T.);
#3931 = ORIENTED_EDGE('',*,*,#3655,.T.);
#3932 = ORIENTED_EDGE('',*,*,#3691,.T.);
#3933 = ORIENTED_EDGE('',*,*,#3740,.T.);
#3934 = ORIENTED_EDGE('',*,*,#3755,.T.);
#3935 = ORIENTED_EDGE('',*,*,#3791,.T.);
#3936 = ORIENTED_EDGE('',*,*,#3827,.T.);
#3937 = ORIENTED_EDGE('',*,*,#3863,.T.);
#3938 = ORIENTED_EDGE('',*,*,#3899,.T.);
#3939 = B_SPLINE_SURFACE_WITH_KNOTS('',1,1,(
    (#3940,#3941)
    ,(#3942,#3943
    )),.UNSPECIFIED.,.F.,.F.,.F.,(2,2),(2,2),(-2.031479016903E-02,
    4.048817326182E-03),(-4.74129609827E-04,3.31641184989E-02),
  .PIECEWISE_BEZIER_KNOTS.);
#3940 = CARTESIAN_POINT('',(0.43250088549,0.399603807431,0.5635005879));
#3941 = CARTESIAN_POINT('',(0.43250088549,0.43324205554,0.5635005879));
#3942 = CARTESIAN_POINT('',(0.456864492985,0.399603807431,0.5635005879)
  );
#3943 = CARTESIAN_POINT('',(0.456864492985,0.43324205554,0.5635005879));
#3944 = ADVANCED_FACE('',(#3945),#3961,.F.);
#3945 = FACE_BOUND('',#3946,.T.);
#3946 = EDGE_LOOP('',(#3947,#3948,#3949,#3950,#3951,#3952,#3953,#3954,
    #3955,#3956,#3957,#3958,#3959,#3960));
#3947 = ORIENTED_EDGE('',*,*,#3463,.F.);
#3948 = ORIENTED_EDGE('',*,*,#3907,.F.);
#3949 = ORIENTED_EDGE('',*,*,#3879,.F.);
#3950 = ORIENTED_EDGE('',*,*,#3843,.F.);
#3951 = ORIENTED_EDGE('',*,*,#3807,.F.);
#3952 = ORIENTED_EDGE('',*,*,#3771,.F.);
#3953 = ORIENTED_EDGE('',*,*,#3726,.F.);
#3954 = ORIENTED_EDGE('',*,*,#3707,.F.);
#3955 = ORIENTED_EDGE('',*,*,#3671,.F.);
#3956 = ORIENTED_EDGE('',*,*,#3635,.F.);
#3957 = ORIENTED_EDGE('',*,*,#3599,.F.);
#3958 = ORIENTED_EDGE('',*,*,#3563,.F.);
#3959 = ORIENTED_EDGE('',*,*,#3527,.F.);
#3960 = ORIENTED_EDGE('',*,*,#3482,.F.);
#3961 = B_SPLINE_SURFACE_WITH_KNOTS('',1,1,(
    (#3962,#3963)
    ,(#3964,#3965
    )),.UNSPECIFIED.,.F.,.F.,.F.,(2,2),(2,2),(-2.031479016903E-02,
    4.048817326182E-03),(-4.74129609827E-04,3.31641184989E-02),
  .PIECEWISE_BEZIER_KNOTS.);
#3962 = CARTESIAN_POINT('',(0.43250088549,0.399603807431,0.5625005879));
#3963 = CARTESIAN_POINT('',(0.43250088549,0.43324205554,0.5625005879));
#3964 = CARTESIAN_POINT('',(0.456864492985,0.399603807431,0.5625005879)
  );
#3965 = CARTESIAN_POINT('',(0.456864492985,0.43324205554,0.5625005879));
#3966 = MANIFOLD_SOLID_BREP('',#3967);
#3967 = CLOSED_SHELL('',(#3968,#4004,#4032,#4060,#4088,#4116,#4144,#4172
    ,#4200,#4228,#4256,#4284,#4304,#4324));
#3968 = ADVANCED_FACE('',(#3969),#3999,.F.);
#3969 = FACE_BOUND('',#3970,.T.);
#3970 = EDGE_LOOP('',(#3971,#3980,#3987,#3994));
#3971 = ORIENTED_EDGE('',*,*,#3972,.T.);
#3972 = EDGE_CURVE('',#3973,#3975,#3977,.T.);
#3973 = VERTEX_POINT('',#3974);
#3974 = CARTESIAN_POINT('',(0.48087874182,0.400152799611,0.5625005879));
#3975 = VERTEX_POINT('',#3976);
#3976 = CARTESIAN_POINT('',(0.48087874182,0.403862655857,0.5625005879));
#3977 = B_SPLINE_CURVE_WITH_KNOTS('',1,(#3978,#3979),.UNSPECIFIED.,.F.,
  .F.,(2,2),(-3.709856245405E-03,0.),.PIECEWISE_BEZIER_KNOTS.);
#3978 = CARTESIAN_POINT('',(0.48087874182,0.400152799611,0.5625005879));
#3979 = CARTESIAN_POINT('',(0.48087874182,0.403862655857,0.5625005879));
#3980 = ORIENTED_EDGE('',*,*,#3981,.F.);
#3981 = EDGE_CURVE('',#3982,#3975,#3984,.T.);
#3982 = VERTEX_POINT('',#3983);
#3983 = CARTESIAN_POINT('',(0.48087874182,0.403862655857,0.5635005879));
#3984 = B_SPLINE_CURVE_WITH_KNOTS('',1,(#3985,#3986),.UNSPECIFIED.,.F.,
  .F.,(2,2),(-0.,1.E-03),.PIECEWISE_BEZIER_KNOTS.);
#3985 = CARTESIAN_POINT('',(0.48087874182,0.403862655857,0.5635005879));
#3986 = CARTESIAN_POINT('',(0.48087874182,0.403862655857,0.5625005879));
#3987 = ORIENTED_EDGE('',*,*,#3988,.F.);
#3988 = EDGE_CURVE('',#3989,#3982,#3991,.T.);
#3989 = VERTEX_POINT('',#3990);
#3990 = CARTESIAN_POINT('',(0.48087874182,0.400152799611,0.5635005879));
#3991 = B_SPLINE_CURVE_WITH_KNOTS('',1,(#3992,#3993),.UNSPECIFIED.,.F.,
  .F.,(2,2),(-3.709856245405E-03,0.),.PIECEWISE_BEZIER_KNOTS.);
#3992 = CARTESIAN_POINT('',(0.48087874182,0.400152799611,0.5635005879));
#3993 = CARTESIAN_POINT('',(0.48087874182,0.403862655857,0.5635005879));
#3994 = ORIENTED_EDGE('',*,*,#3995,.T.);
#3995 = EDGE_CURVE('',#3989,#3973,#3996,.T.);
#3996 = B_SPLINE_CURVE_WITH_KNOTS('',1,(#3997,#3998),.UNSPECIFIED.,.F.,
  .F.,(2,2),(-0.,1.E-03),.PIECEWISE_BEZIER_KNOTS.);
#3997 = CARTESIAN_POINT('',(0.48087874182,0.400152799611,0.5635005879));
#3998 = CARTESIAN_POINT('',(0.48087874182,0.400152799611,0.5625005879));
#3999 = B_SPLINE_SURFACE_WITH_KNOTS('',1,1,(
    (#4000,#4001)
    ,(#4002,#4003)),.UNSPECIFIED.,.F.,.F.,.F.,(2,2),(2,2),(-1.E-03,0.),(
    -3.709856245405E-03,0.),.PIECEWISE_BEZIER_KNOTS.);
#4000 = CARTESIAN_POINT('',(0.48087874182,0.400152799611,0.5625005879));
#4001 = CARTESIAN_POINT('',(0.48087874182,0.403862655857,0.5625005879));
#4002 = CARTESIAN_POINT('',(0.48087874182,0.400152799611,0.5635005879));
#4003 = CARTESIAN_POINT('',(0.48087874182,0.403862655857,0.5635005879));
#4004 = ADVANCED_FACE('',(#4005),#4027,.F.);
#4005 = FACE_BOUND('',#4006,.T.);
#4006 = EDGE_LOOP('',(#4007,#4014,#4021,#4026));
#4007 = ORIENTED_EDGE('',*,*,#4008,.T.);
#4008 = EDGE_CURVE('',#3975,#4009,#4011,.T.);
#4009 = VERTEX_POINT('',#4010);
#4010 = CARTESIAN_POINT('',(0.467578158555,0.403862655857,0.5625005879)
  );
#4011 = B_SPLINE_CURVE_WITH_KNOTS('',1,(#4012,#4013),.UNSPECIFIED.,.F.,
  .F.,(2,2),(-1.330058326545E-02,-0.),.PIECEWISE_BEZIER_KNOTS.);
#4012 = CARTESIAN_POINT('',(0.48087874182,0.403862655857,0.5625005879));
#4013 = CARTESIAN_POINT('',(0.467578158555,0.403862655857,0.5625005879)
  );
#4014 = ORIENTED_EDGE('',*,*,#4015,.F.);
#4015 = EDGE_CURVE('',#4016,#4009,#4018,.T.);
#4016 = VERTEX_POINT('',#4017);
#4017 = CARTESIAN_POINT('',(0.467578158555,0.403862655857,0.5635005879)
  );
#4018 = B_SPLINE_CURVE_WITH_KNOTS('',1,(#4019,#4020),.UNSPECIFIED.,.F.,
  .F.,(2,2),(-0.,1.E-03),.PIECEWISE_BEZIER_KNOTS.);
#4019 = CARTESIAN_POINT('',(0.467578158555,0.403862655857,0.5635005879)
  );
#4020 = CARTESIAN_POINT('',(0.467578158555,0.403862655857,0.5625005879)
  );
#4021 = ORIENTED_EDGE('',*,*,#4022,.F.);
#4022 = EDGE_CURVE('',#3982,#4016,#4023,.T.);
#4023 = B_SPLINE_CURVE_WITH_KNOTS('',1,(#4024,#4025),.UNSPECIFIED.,.F.,
  .F.,(2,2),(-1.330058326545E-02,-0.),.PIECEWISE_BEZIER_KNOTS.);
#4024 = CARTESIAN_POINT('',(0.48087874182,0.403862655857,0.5635005879));
#4025 = CARTESIAN_POINT('',(0.467578158555,0.403862655857,0.5635005879)
  );
#4026 = ORIENTED_EDGE('',*,*,#3981,.T.);
#4027 = B_SPLINE_SURFACE_WITH_KNOTS('',1,1,(
    (#4028,#4029)
    ,(#4030,#4031
    )),.UNSPECIFIED.,.F.,.F.,.F.,(2,2),(2,2),(0.,1.E-03),(0.,
    1.330058326545E-02),.PIECEWISE_BEZIER_KNOTS.);
#4028 = CARTESIAN_POINT('',(0.467578158555,0.403862655857,0.5635005879)
  );
#4029 = CARTESIAN_POINT('',(0.48087874182,0.403862655857,0.5635005879));
#4030 = CARTESIAN_POINT('',(0.467578158555,0.403862655857,0.5625005879)
  );
#4031 = CARTESIAN_POINT('',(0.48087874182,0.403862655857,0.5625005879));
#4032 = ADVANCED_FACE('',(#4033),#4055,.F.);
#4033 = FACE_BOUND('',#4034,.T.);
#4034 = EDGE_LOOP('',(#4035,#4042,#4049,#4054));
#4035 = ORIENTED_EDGE('',*,*,#4036,.T.);
#4036 = EDGE_CURVE('',#4009,#4037,#4039,.T.);
#4037 = VERTEX_POINT('',#4038);
#4038 = CARTESIAN_POINT('',(0.467578158555,0.4148092272,0.5625005879));
#4039 = B_SPLINE_CURVE_WITH_KNOTS('',1,(#4040,#4041),.UNSPECIFIED.,.F.,
  .F.,(2,2),(-1.094657134293E-02,0.),.PIECEWISE_BEZIER_KNOTS.);
#4040 = CARTESIAN_POINT('',(0.467578158555,0.403862655857,0.5625005879)
  );
#4041 = CARTESIAN_POINT('',(0.467578158555,0.4148092272,0.5625005879));
#4042 = ORIENTED_EDGE('',*,*,#4043,.F.);
#4043 = EDGE_CURVE('',#4044,#4037,#4046,.T.);
#4044 = VERTEX_POINT('',#4045);
#4045 = CARTESIAN_POINT('',(0.467578158555,0.4148092272,0.5635005879));
#4046 = B_SPLINE_CURVE_WITH_KNOTS('',1,(#4047,#4048),.UNSPECIFIED.,.F.,
  .F.,(2,2),(-0.,1.E-03),.PIECEWISE_BEZIER_KNOTS.);
#4047 = CARTESIAN_POINT('',(0.467578158555,0.4148092272,0.5635005879));
#4048 = CARTESIAN_POINT('',(0.467578158555,0.4148092272,0.5625005879));
#4049 = ORIENTED_EDGE('',*,*,#4050,.F.);
#4050 = EDGE_CURVE('',#4016,#4044,#4051,.T.);
#4051 = B_SPLINE_CURVE_WITH_KNOTS('',1,(#4052,#4053),.UNSPECIFIED.,.F.,
  .F.,(2,2),(-1.094657134293E-02,0.),.PIECEWISE_BEZIER_KNOTS.);
#4052 = CARTESIAN_POINT('',(0.467578158555,0.403862655857,0.5635005879)
  );
#4053 = CARTESIAN_POINT('',(0.467578158555,0.4148092272,0.5635005879));
#4054 = ORIENTED_EDGE('',*,*,#4015,.T.);
#4055 = B_SPLINE_SURFACE_WITH_KNOTS('',1,1,(
    (#4056,#4057)
    ,(#4058,#4059)),.UNSPECIFIED.,.F.,.F.,.F.,(2,2),(2,2),(-1.E-03,0.),(
    -1.094657134293E-02,0.),.PIECEWISE_BEZIER_KNOTS.);
#4056 = CARTESIAN_POINT('',(0.467578158555,0.403862655857,0.5625005879)
  );
#4057 = CARTESIAN_POINT('',(0.467578158555,0.4148092272,0.5625005879));
#4058 = CARTESIAN_POINT('',(0.467578158555,0.403862655857,0.5635005879)
  );
#4059 = CARTESIAN_POINT('',(0.467578158555,0.4148092272,0.5635005879));
#4060 = ADVANCED_FACE('',(#4061),#4083,.F.);
#4061 = FACE_BOUND('',#4062,.T.);
#4062 = EDGE_LOOP('',(#4063,#4070,#4077,#4082));
#4063 = ORIENTED_EDGE('',*,*,#4064,.T.);
#4064 = EDGE_CURVE('',#4037,#4065,#4067,.T.);
#4065 = VERTEX_POINT('',#4066);
#4066 = CARTESIAN_POINT('',(0.479215129154,0.4148092272,0.5625005879));
#4067 = B_SPLINE_CURVE_WITH_KNOTS('',1,(#4068,#4069),.UNSPECIFIED.,.F.,
  .F.,(2,2),(-1.163697059936E-02,0.),.PIECEWISE_BEZIER_KNOTS.);
#4068 = CARTESIAN_POINT('',(0.467578158555,0.4148092272,0.5625005879));
#4069 = CARTESIAN_POINT('',(0.479215129154,0.4148092272,0.5625005879));
#4070 = ORIENTED_EDGE('',*,*,#4071,.F.);
#4071 = EDGE_CURVE('',#4072,#4065,#4074,.T.);
#4072 = VERTEX_POINT('',#4073);
#4073 = CARTESIAN_POINT('',(0.479215129154,0.4148092272,0.5635005879));
#4074 = B_SPLINE_CURVE_WITH_KNOTS('',1,(#4075,#4076),.UNSPECIFIED.,.F.,
  .F.,(2,2),(-0.,1.E-03),.PIECEWISE_BEZIER_KNOTS.);
#4075 = CARTESIAN_POINT('',(0.479215129154,0.4148092272,0.5635005879));
#4076 = CARTESIAN_POINT('',(0.479215129154,0.4148092272,0.5625005879));
#4077 = ORIENTED_EDGE('',*,*,#4078,.F.);
#4078 = EDGE_CURVE('',#4044,#4072,#4079,.T.);
#4079 = B_SPLINE_CURVE_WITH_KNOTS('',1,(#4080,#4081),.UNSPECIFIED.,.F.,
  .F.,(2,2),(-1.163697059936E-02,0.),.PIECEWISE_BEZIER_KNOTS.);
#4080 = CARTESIAN_POINT('',(0.467578158555,0.4148092272,0.5635005879));
#4081 = CARTESIAN_POINT('',(0.479215129154,0.4148092272,0.5635005879));
#4082 = ORIENTED_EDGE('',*,*,#4043,.T.);
#4083 = B_SPLINE_SURFACE_WITH_KNOTS('',1,1,(
    (#4084,#4085)
    ,(#4086,#4087)),.UNSPECIFIED.,.F.,.F.,.F.,(2,2),(2,2),(-1.E-03,0.),(
    -1.163697059936E-02,0.),.PIECEWISE_BEZIER_KNOTS.);
#4084 = CARTESIAN_POINT('',(0.467578158555,0.4148092272,0.5625005879));
#4085 = CARTESIAN_POINT('',(0.479215129154,0.4148092272,0.5625005879));
#4086 = CARTESIAN_POINT('',(0.467578158555,0.4148092272,0.5635005879));
#4087 = CARTESIAN_POINT('',(0.479215129154,0.4148092272,0.5635005879));
#4088 = ADVANCED_FACE('',(#4089),#4111,.F.);
#4089 = FACE_BOUND('',#4090,.T.);
#4090 = EDGE_LOOP('',(#4091,#4098,#4105,#4110));
#4091 = ORIENTED_EDGE('',*,*,#4092,.T.);
#4092 = EDGE_CURVE('',#4065,#4093,#4095,.T.);
#4093 = VERTEX_POINT('',#4094);
#4094 = CARTESIAN_POINT('',(0.479215129154,0.418535719572,0.5625005879)
  );
#4095 = B_SPLINE_CURVE_WITH_KNOTS('',1,(#4096,#4097),.UNSPECIFIED.,.F.,
  .F.,(2,2),(-3.726492372048E-03,0.),.PIECEWISE_BEZIER_KNOTS.);
#4096 = CARTESIAN_POINT('',(0.479215129154,0.4148092272,0.5625005879));
#4097 = CARTESIAN_POINT('',(0.479215129154,0.418535719572,0.5625005879)
  );
#4098 = ORIENTED_EDGE('',*,*,#4099,.F.);
#4099 = EDGE_CURVE('',#4100,#4093,#4102,.T.);
#4100 = VERTEX_POINT('',#4101);
#4101 = CARTESIAN_POINT('',(0.479215129154,0.418535719572,0.5635005879)
  );
#4102 = B_SPLINE_CURVE_WITH_KNOTS('',1,(#4103,#4104),.UNSPECIFIED.,.F.,
  .F.,(2,2),(-0.,1.E-03),.PIECEWISE_BEZIER_KNOTS.);
#4103 = CARTESIAN_POINT('',(0.479215129154,0.418535719572,0.5635005879)
  );
#4104 = CARTESIAN_POINT('',(0.479215129154,0.418535719572,0.5625005879)
  );
#4105 = ORIENTED_EDGE('',*,*,#4106,.F.);
#4106 = EDGE_CURVE('',#4072,#4100,#4107,.T.);
#4107 = B_SPLINE_CURVE_WITH_KNOTS('',1,(#4108,#4109),.UNSPECIFIED.,.F.,
  .F.,(2,2),(-3.726492372048E-03,0.),.PIECEWISE_BEZIER_KNOTS.);
#4108 = CARTESIAN_POINT('',(0.479215129154,0.4148092272,0.5635005879));
#4109 = CARTESIAN_POINT('',(0.479215129154,0.418535719572,0.5635005879)
  );
#4110 = ORIENTED_EDGE('',*,*,#4071,.T.);
#4111 = B_SPLINE_SURFACE_WITH_KNOTS('',1,1,(
    (#4112,#4113)
    ,(#4114,#4115)),.UNSPECIFIED.,.F.,.F.,.F.,(2,2),(2,2),(-1.E-03,0.),(
    -3.726492372048E-03,0.),.PIECEWISE_BEZIER_KNOTS.);
#4112 = CARTESIAN_POINT('',(0.479215129154,0.4148092272,0.5625005879));
#4113 = CARTESIAN_POINT('',(0.479215129154,0.418535719572,0.5625005879)
  );
#4114 = CARTESIAN_POINT('',(0.479215129154,0.4148092272,0.5635005879));
#4115 = CARTESIAN_POINT('',(0.479215129154,0.418535719572,0.5635005879)
  );
#4116 = ADVANCED_FACE('',(#4117),#4139,.F.);
#4117 = FACE_BOUND('',#4118,.T.);
#4118 = EDGE_LOOP('',(#4119,#4126,#4133,#4138));
#4119 = ORIENTED_EDGE('',*,*,#4120,.T.);
#4120 = EDGE_CURVE('',#4093,#4121,#4123,.T.);
#4121 = VERTEX_POINT('',#4122);
#4122 = CARTESIAN_POINT('',(0.467578158555,0.418535719572,0.5625005879)
  );
#4123 = B_SPLINE_CURVE_WITH_KNOTS('',1,(#4124,#4125),.UNSPECIFIED.,.F.,
  .F.,(2,2),(-1.163697059936E-02,-0.),.PIECEWISE_BEZIER_KNOTS.);
#4124 = CARTESIAN_POINT('',(0.479215129154,0.418535719572,0.5625005879)
  );
#4125 = CARTESIAN_POINT('',(0.467578158555,0.418535719572,0.5625005879)
  );
#4126 = ORIENTED_EDGE('',*,*,#4127,.F.);
#4127 = EDGE_CURVE('',#4128,#4121,#4130,.T.);
#4128 = VERTEX_POINT('',#4129);
#4129 = CARTESIAN_POINT('',(0.467578158555,0.418535719572,0.5635005879)
  );
#4130 = B_SPLINE_CURVE_WITH_KNOTS('',1,(#4131,#4132),.UNSPECIFIED.,.F.,
  .F.,(2,2),(-0.,1.E-03),.PIECEWISE_BEZIER_KNOTS.);
#4131 = CARTESIAN_POINT('',(0.467578158555,0.418535719572,0.5635005879)
  );
#4132 = CARTESIAN_POINT('',(0.467578158555,0.418535719572,0.5625005879)
  );
#4133 = ORIENTED_EDGE('',*,*,#4134,.F.);
#4134 = EDGE_CURVE('',#4100,#4128,#4135,.T.);
#4135 = B_SPLINE_CURVE_WITH_KNOTS('',1,(#4136,#4137),.UNSPECIFIED.,.F.,
  .F.,(2,2),(-1.163697059936E-02,-0.),.PIECEWISE_BEZIER_KNOTS.);
#4136 = CARTESIAN_POINT('',(0.479215129154,0.418535719572,0.5635005879)
  );
#4137 = CARTESIAN_POINT('',(0.467578158555,0.418535719572,0.5635005879)
  );
#4138 = ORIENTED_EDGE('',*,*,#4099,.T.);
#4139 = B_SPLINE_SURFACE_WITH_KNOTS('',1,1,(
    (#4140,#4141)
    ,(#4142,#4143
    )),.UNSPECIFIED.,.F.,.F.,.F.,(2,2),(2,2),(0.,1.E-03),(0.,
    1.163697059936E-02),.PIECEWISE_BEZIER_KNOTS.);
#4140 = CARTESIAN_POINT('',(0.467578158555,0.418535719572,0.5635005879)
  );
#4141 = CARTESIAN_POINT('',(0.479215129154,0.418535719572,0.5635005879)
  );
#4142 = CARTESIAN_POINT('',(0.467578158555,0.418535719572,0.5625005879)
  );
#4143 = CARTESIAN_POINT('',(0.479215129154,0.418535719572,0.5625005879)
  );
#4144 = ADVANCED_FACE('',(#4145),#4167,.F.);
#4145 = FACE_BOUND('',#4146,.T.);
#4146 = EDGE_LOOP('',(#4147,#4154,#4161,#4166));
#4147 = ORIENTED_EDGE('',*,*,#4148,.T.);
#4148 = EDGE_CURVE('',#4121,#4149,#4151,.T.);
#4149 = VERTEX_POINT('',#4150);
#4150 = CARTESIAN_POINT('',(0.467578158555,0.428949934862,0.5625005879)
  );
#4151 = B_SPLINE_CURVE_WITH_KNOTS('',1,(#4152,#4153),.UNSPECIFIED.,.F.,
  .F.,(2,2),(-1.041421528994E-02,0.),.PIECEWISE_BEZIER_KNOTS.);
#4152 = CARTESIAN_POINT('',(0.467578158555,0.418535719572,0.5625005879)
  );
#4153 = CARTESIAN_POINT('',(0.467578158555,0.428949934862,0.5625005879)
  );
#4154 = ORIENTED_EDGE('',*,*,#4155,.F.);
#4155 = EDGE_CURVE('',#4156,#4149,#4158,.T.);
#4156 = VERTEX_POINT('',#4157);
#4157 = CARTESIAN_POINT('',(0.467578158555,0.428949934862,0.5635005879)
  );
#4158 = B_SPLINE_CURVE_WITH_KNOTS('',1,(#4159,#4160),.UNSPECIFIED.,.F.,
  .F.,(2,2),(-0.,1.E-03),.PIECEWISE_BEZIER_KNOTS.);
#4159 = CARTESIAN_POINT('',(0.467578158555,0.428949934862,0.5635005879)
  );
#4160 = CARTESIAN_POINT('',(0.467578158555,0.428949934862,0.5625005879)
  );
#4161 = ORIENTED_EDGE('',*,*,#4162,.F.);
#4162 = EDGE_CURVE('',#4128,#4156,#4163,.T.);
#4163 = B_SPLINE_CURVE_WITH_KNOTS('',1,(#4164,#4165),.UNSPECIFIED.,.F.,
  .F.,(2,2),(-1.041421528994E-02,0.),.PIECEWISE_BEZIER_KNOTS.);
#4164 = CARTESIAN_POINT('',(0.467578158555,0.418535719572,0.5635005879)
  );
#4165 = CARTESIAN_POINT('',(0.467578158555,0.428949934862,0.5635005879)
  );
#4166 = ORIENTED_EDGE('',*,*,#4127,.T.);
#4167 = B_SPLINE_SURFACE_WITH_KNOTS('',1,1,(
    (#4168,#4169)
    ,(#4170,#4171)),.UNSPECIFIED.,.F.,.F.,.F.,(2,2),(2,2),(-1.E-03,0.),(
    -1.041421528994E-02,0.),.PIECEWISE_BEZIER_KNOTS.);
#4168 = CARTESIAN_POINT('',(0.467578158555,0.418535719572,0.5625005879)
  );
#4169 = CARTESIAN_POINT('',(0.467578158555,0.428949934862,0.5625005879)
  );
#4170 = CARTESIAN_POINT('',(0.467578158555,0.418535719572,0.5635005879)
  );
#4171 = CARTESIAN_POINT('',(0.467578158555,0.428949934862,0.5635005879)
  );
#4172 = ADVANCED_FACE('',(#4173),#4195,.F.);
#4173 = FACE_BOUND('',#4174,.T.);
#4174 = EDGE_LOOP('',(#4175,#4182,#4189,#4194));
#4175 = ORIENTED_EDGE('',*,*,#4176,.T.);
#4176 = EDGE_CURVE('',#4149,#4177,#4179,.T.);
#4177 = VERTEX_POINT('',#4178);
#4178 = CARTESIAN_POINT('',(0.480138434184,0.428949934862,0.5625005879)
  );
#4179 = B_SPLINE_CURVE_WITH_KNOTS('',1,(#4180,#4181),.UNSPECIFIED.,.F.,
  .F.,(2,2),(-1.25602756291E-02,0.),.PIECEWISE_BEZIER_KNOTS.);
#4180 = CARTESIAN_POINT('',(0.467578158555,0.428949934862,0.5625005879)
  );
#4181 = CARTESIAN_POINT('',(0.480138434184,0.428949934862,0.5625005879)
  );
#4182 = ORIENTED_EDGE('',*,*,#4183,.F.);
#4183 = EDGE_CURVE('',#4184,#4177,#4186,.T.);
#4184 = VERTEX_POINT('',#4185);
#4185 = CARTESIAN_POINT('',(0.480138434184,0.428949934862,0.5635005879)
  );
#4186 = B_SPLINE_CURVE_WITH_KNOTS('',1,(#4187,#4188),.UNSPECIFIED.,.F.,
  .F.,(2,2),(-0.,1.E-03),.PIECEWISE_BEZIER_KNOTS.);
#4187 = CARTESIAN_POINT('',(0.480138434184,0.428949934862,0.5635005879)
  );
#4188 = CARTESIAN_POINT('',(0.480138434184,0.428949934862,0.5625005879)
  );
#4189 = ORIENTED_EDGE('',*,*,#4190,.F.);
#4190 = EDGE_CURVE('',#4156,#4184,#4191,.T.);
#4191 = B_SPLINE_CURVE_WITH_KNOTS('',1,(#4192,#4193),.UNSPECIFIED.,.F.,
  .F.,(2,2),(-1.25602756291E-02,0.),.PIECEWISE_BEZIER_KNOTS.);
#4192 = CARTESIAN_POINT('',(0.467578158555,0.428949934862,0.5635005879)
  );
#4193 = CARTESIAN_POINT('',(0.480138434184,0.428949934862,0.5635005879)
  );
#4194 = ORIENTED_EDGE('',*,*,#4155,.T.);
#4195 = B_SPLINE_SURFACE_WITH_KNOTS('',1,1,(
    (#4196,#4197)
    ,(#4198,#4199)),.UNSPECIFIED.,.F.,.F.,.F.,(2,2),(2,2),(-1.E-03,0.),(
    -1.25602756291E-02,0.),.PIECEWISE_BEZIER_KNOTS.);
#4196 = CARTESIAN_POINT('',(0.467578158555,0.428949934862,0.5625005879)
  );
#4197 = CARTESIAN_POINT('',(0.480138434184,0.428949934862,0.5625005879)
  );
#4198 = CARTESIAN_POINT('',(0.467578158555,0.428949934862,0.5635005879)
  );
#4199 = CARTESIAN_POINT('',(0.480138434184,0.428949934862,0.5635005879)
  );
#4200 = ADVANCED_FACE('',(#4201),#4223,.F.);
#4201 = FACE_BOUND('',#4202,.T.);
#4202 = EDGE_LOOP('',(#4203,#4210,#4217,#4222));
#4203 = ORIENTED_EDGE('',*,*,#4204,.T.);
#4204 = EDGE_CURVE('',#4177,#4205,#4207,.T.);
#4205 = VERTEX_POINT('',#4206);
#4206 = CARTESIAN_POINT('',(0.480138434184,0.43269306336,0.5625005879));
#4207 = B_SPLINE_CURVE_WITH_KNOTS('',1,(#4208,#4209),.UNSPECIFIED.,.F.,
  .F.,(2,2),(-3.74312849869E-03,0.),.PIECEWISE_BEZIER_KNOTS.);
#4208 = CARTESIAN_POINT('',(0.480138434184,0.428949934862,0.5625005879)
  );
#4209 = CARTESIAN_POINT('',(0.480138434184,0.43269306336,0.5625005879));
#4210 = ORIENTED_EDGE('',*,*,#4211,.F.);
#4211 = EDGE_CURVE('',#4212,#4205,#4214,.T.);
#4212 = VERTEX_POINT('',#4213);
#4213 = CARTESIAN_POINT('',(0.480138434184,0.43269306336,0.5635005879));
#4214 = B_SPLINE_CURVE_WITH_KNOTS('',1,(#4215,#4216),.UNSPECIFIED.,.F.,
  .F.,(2,2),(-0.,1.E-03),.PIECEWISE_BEZIER_KNOTS.);
#4215 = CARTESIAN_POINT('',(0.480138434184,0.43269306336,0.5635005879));
#4216 = CARTESIAN_POINT('',(0.480138434184,0.43269306336,0.5625005879));
#4217 = ORIENTED_EDGE('',*,*,#4218,.F.);
#4218 = EDGE_CURVE('',#4184,#4212,#4219,.T.);
#4219 = B_SPLINE_CURVE_WITH_KNOTS('',1,(#4220,#4221),.UNSPECIFIED.,.F.,
  .F.,(2,2),(-3.74312849869E-03,0.),.PIECEWISE_BEZIER_KNOTS.);
#4220 = CARTESIAN_POINT('',(0.480138434184,0.428949934862,0.5635005879)
  );
#4221 = CARTESIAN_POINT('',(0.480138434184,0.43269306336,0.5635005879));
#4222 = ORIENTED_EDGE('',*,*,#4183,.T.);
#4223 = B_SPLINE_SURFACE_WITH_KNOTS('',1,1,(
    (#4224,#4225)
    ,(#4226,#4227)),.UNSPECIFIED.,.F.,.F.,.F.,(2,2),(2,2),(-1.E-03,0.),(
    -3.74312849869E-03,0.),.PIECEWISE_BEZIER_KNOTS.);
#4224 = CARTESIAN_POINT('',(0.480138434184,0.428949934862,0.5625005879)
  );
#4225 = CARTESIAN_POINT('',(0.480138434184,0.43269306336,0.5625005879));
#4226 = CARTESIAN_POINT('',(0.480138434184,0.428949934862,0.5635005879)
  );
#4227 = CARTESIAN_POINT('',(0.480138434184,0.43269306336,0.5635005879));
#4228 = ADVANCED_FACE('',(#4229),#4251,.F.);
#4229 = FACE_BOUND('',#4230,.T.);
#4230 = EDGE_LOOP('',(#4231,#4238,#4245,#4250));
#4231 = ORIENTED_EDGE('',*,*,#4232,.T.);
#4232 = EDGE_CURVE('',#4205,#4233,#4235,.T.);
#4233 = VERTEX_POINT('',#4234);
#4234 = CARTESIAN_POINT('',(0.463377536573,0.43269306336,0.5625005879));
#4235 = B_SPLINE_CURVE_WITH_KNOTS('',1,(#4236,#4237),.UNSPECIFIED.,.F.,
  .F.,(2,2),(-1.6760897611E-02,-0.),.PIECEWISE_BEZIER_KNOTS.);
#4236 = CARTESIAN_POINT('',(0.480138434184,0.43269306336,0.5625005879));
#4237 = CARTESIAN_POINT('',(0.463377536573,0.43269306336,0.5625005879));
#4238 = ORIENTED_EDGE('',*,*,#4239,.F.);
#4239 = EDGE_CURVE('',#4240,#4233,#4242,.T.);
#4240 = VERTEX_POINT('',#4241);
#4241 = CARTESIAN_POINT('',(0.463377536573,0.43269306336,0.5635005879));
#4242 = B_SPLINE_CURVE_WITH_KNOTS('',1,(#4243,#4244),.UNSPECIFIED.,.F.,
  .F.,(2,2),(-0.,1.E-03),.PIECEWISE_BEZIER_KNOTS.);
#4243 = CARTESIAN_POINT('',(0.463377536573,0.43269306336,0.5635005879));
#4244 = CARTESIAN_POINT('',(0.463377536573,0.43269306336,0.5625005879));
#4245 = ORIENTED_EDGE('',*,*,#4246,.F.);
#4246 = EDGE_CURVE('',#4212,#4240,#4247,.T.);
#4247 = B_SPLINE_CURVE_WITH_KNOTS('',1,(#4248,#4249),.UNSPECIFIED.,.F.,
  .F.,(2,2),(-1.6760897611E-02,-0.),.PIECEWISE_BEZIER_KNOTS.);
#4248 = CARTESIAN_POINT('',(0.480138434184,0.43269306336,0.5635005879));
#4249 = CARTESIAN_POINT('',(0.463377536573,0.43269306336,0.5635005879));
#4250 = ORIENTED_EDGE('',*,*,#4211,.T.);
#4251 = B_SPLINE_SURFACE_WITH_KNOTS('',1,1,(
    (#4252,#4253)
    ,(#4254,#4255
    )),.UNSPECIFIED.,.F.,.F.,.F.,(2,2),(2,2),(0.,1.E-03),(0.,
    1.6760897611E-02),.PIECEWISE_BEZIER_KNOTS.);
#4252 = CARTESIAN_POINT('',(0.463377536573,0.43269306336,0.5635005879));
#4253 = CARTESIAN_POINT('',(0.480138434184,0.43269306336,0.5635005879));
#4254 = CARTESIAN_POINT('',(0.463377536573,0.43269306336,0.5625005879));
#4255 = CARTESIAN_POINT('',(0.480138434184,0.43269306336,0.5625005879));
#4256 = ADVANCED_FACE('',(#4257),#4279,.F.);
#4257 = FACE_BOUND('',#4258,.T.);
#4258 = EDGE_LOOP('',(#4259,#4266,#4273,#4278));
#4259 = ORIENTED_EDGE('',*,*,#4260,.T.);
#4260 = EDGE_CURVE('',#4233,#4261,#4263,.T.);
#4261 = VERTEX_POINT('',#4262);
#4262 = CARTESIAN_POINT('',(0.463377536573,0.400152799611,0.5625005879)
  );
#4263 = B_SPLINE_CURVE_WITH_KNOTS('',1,(#4264,#4265),.UNSPECIFIED.,.F.,
  .F.,(2,2),(-3.254026374901E-02,-0.),.PIECEWISE_BEZIER_KNOTS.);
#4264 = CARTESIAN_POINT('',(0.463377536573,0.43269306336,0.5625005879));
#4265 = CARTESIAN_POINT('',(0.463377536573,0.400152799611,0.5625005879)
  );
#4266 = ORIENTED_EDGE('',*,*,#4267,.F.);
#4267 = EDGE_CURVE('',#4268,#4261,#4270,.T.);
#4268 = VERTEX_POINT('',#4269);
#4269 = CARTESIAN_POINT('',(0.463377536573,0.400152799611,0.5635005879)
  );
#4270 = B_SPLINE_CURVE_WITH_KNOTS('',1,(#4271,#4272),.UNSPECIFIED.,.F.,
  .F.,(2,2),(-0.,1.E-03),.PIECEWISE_BEZIER_KNOTS.);
#4271 = CARTESIAN_POINT('',(0.463377536573,0.400152799611,0.5635005879)
  );
#4272 = CARTESIAN_POINT('',(0.463377536573,0.400152799611,0.5625005879)
  );
#4273 = ORIENTED_EDGE('',*,*,#4274,.F.);
#4274 = EDGE_CURVE('',#4240,#4268,#4275,.T.);
#4275 = B_SPLINE_CURVE_WITH_KNOTS('',1,(#4276,#4277),.UNSPECIFIED.,.F.,
  .F.,(2,2),(-3.254026374901E-02,-0.),.PIECEWISE_BEZIER_KNOTS.);
#4276 = CARTESIAN_POINT('',(0.463377536573,0.43269306336,0.5635005879));
#4277 = CARTESIAN_POINT('',(0.463377536573,0.400152799611,0.5635005879)
  );
#4278 = ORIENTED_EDGE('',*,*,#4239,.T.);
#4279 = B_SPLINE_SURFACE_WITH_KNOTS('',1,1,(
    (#4280,#4281)
    ,(#4282,#4283
    )),.UNSPECIFIED.,.F.,.F.,.F.,(2,2),(2,2),(0.,1.E-03),(0.,
    3.254026374901E-02),.PIECEWISE_BEZIER_KNOTS.);
#4280 = CARTESIAN_POINT('',(0.463377536573,0.400152799611,0.5635005879)
  );
#4281 = CARTESIAN_POINT('',(0.463377536573,0.43269306336,0.5635005879));
#4282 = CARTESIAN_POINT('',(0.463377536573,0.400152799611,0.5625005879)
  );
#4283 = CARTESIAN_POINT('',(0.463377536573,0.43269306336,0.5625005879));
#4284 = ADVANCED_FACE('',(#4285),#4299,.F.);
#4285 = FACE_BOUND('',#4286,.T.);
#4286 = EDGE_LOOP('',(#4287,#4292,#4293,#4298));
#4287 = ORIENTED_EDGE('',*,*,#4288,.T.);
#4288 = EDGE_CURVE('',#4261,#3973,#4289,.T.);
#4289 = B_SPLINE_CURVE_WITH_KNOTS('',1,(#4290,#4291),.UNSPECIFIED.,.F.,
  .F.,(2,2),(-1.750120524735E-02,0.),.PIECEWISE_BEZIER_KNOTS.);
#4290 = CARTESIAN_POINT('',(0.463377536573,0.400152799611,0.5625005879)
  );
#4291 = CARTESIAN_POINT('',(0.48087874182,0.400152799611,0.5625005879));
#4292 = ORIENTED_EDGE('',*,*,#3995,.F.);
#4293 = ORIENTED_EDGE('',*,*,#4294,.F.);
#4294 = EDGE_CURVE('',#4268,#3989,#4295,.T.);
#4295 = B_SPLINE_CURVE_WITH_KNOTS('',1,(#4296,#4297),.UNSPECIFIED.,.F.,
  .F.,(2,2),(-1.750120524735E-02,0.),.PIECEWISE_BEZIER_KNOTS.);
#4296 = CARTESIAN_POINT('',(0.463377536573,0.400152799611,0.5635005879)
  );
#4297 = CARTESIAN_POINT('',(0.48087874182,0.400152799611,0.5635005879));
#4298 = ORIENTED_EDGE('',*,*,#4267,.T.);
#4299 = B_SPLINE_SURFACE_WITH_KNOTS('',1,1,(
    (#4300,#4301)
    ,(#4302,#4303)),.UNSPECIFIED.,.F.,.F.,.F.,(2,2),(2,2),(-1.E-03,0.),(
    -1.750120524735E-02,0.),.PIECEWISE_BEZIER_KNOTS.);
#4300 = CARTESIAN_POINT('',(0.463377536573,0.400152799611,0.5625005879)
  );
#4301 = CARTESIAN_POINT('',(0.48087874182,0.400152799611,0.5625005879));
#4302 = CARTESIAN_POINT('',(0.463377536573,0.400152799611,0.5635005879)
  );
#4303 = CARTESIAN_POINT('',(0.48087874182,0.400152799611,0.5635005879));
#4304 = ADVANCED_FACE('',(#4305),#4319,.F.);
#4305 = FACE_BOUND('',#4306,.T.);
#4306 = EDGE_LOOP('',(#4307,#4308,#4309,#4310,#4311,#4312,#4313,#4314,
    #4315,#4316,#4317,#4318));
#4307 = ORIENTED_EDGE('',*,*,#3988,.T.);
#4308 = ORIENTED_EDGE('',*,*,#4022,.T.);
#4309 = ORIENTED_EDGE('',*,*,#4050,.T.);
#4310 = ORIENTED_EDGE('',*,*,#4078,.T.);
#4311 = ORIENTED_EDGE('',*,*,#4106,.T.);
#4312 = ORIENTED_EDGE('',*,*,#4134,.T.);
#4313 = ORIENTED_EDGE('',*,*,#4162,.T.);
#4314 = ORIENTED_EDGE('',*,*,#4190,.T.);
#4315 = ORIENTED_EDGE('',*,*,#4218,.T.);
#4316 = ORIENTED_EDGE('',*,*,#4246,.T.);
#4317 = ORIENTED_EDGE('',*,*,#4274,.T.);
#4318 = ORIENTED_EDGE('',*,*,#4294,.T.);
#4319 = B_SPLINE_SURFACE_WITH_KNOTS('',1,1,(
    (#4320,#4321)
    ,(#4322,#4323
    )),.UNSPECIFIED.,.F.,.F.,.F.,(2,2),(2,2),(-0.48087874182,
    -0.463377536573),(0.400152799611,0.43269306336),
  .PIECEWISE_BEZIER_KNOTS.);
#4320 = CARTESIAN_POINT('',(0.48087874182,0.400152799611,0.5635005879));
#4321 = CARTESIAN_POINT('',(0.48087874182,0.43269306336,0.5635005879));
#4322 = CARTESIAN_POINT('',(0.463377536573,0.400152799611,0.5635005879)
  );
#4323 = CARTESIAN_POINT('',(0.463377536573,0.43269306336,0.5635005879));
#4324 = ADVANCED_FACE('',(#4325),#4339,.T.);
#4325 = FACE_BOUND('',#4326,.T.);
#4326 = EDGE_LOOP('',(#4327,#4328,#4329,#4330,#4331,#4332,#4333,#4334,
    #4335,#4336,#4337,#4338));
#4327 = ORIENTED_EDGE('',*,*,#3972,.F.);
#4328 = ORIENTED_EDGE('',*,*,#4288,.F.);
#4329 = ORIENTED_EDGE('',*,*,#4260,.F.);
#4330 = ORIENTED_EDGE('',*,*,#4232,.F.);
#4331 = ORIENTED_EDGE('',*,*,#4204,.F.);
#4332 = ORIENTED_EDGE('',*,*,#4176,.F.);
#4333 = ORIENTED_EDGE('',*,*,#4148,.F.);
#4334 = ORIENTED_EDGE('',*,*,#4120,.F.);
#4335 = ORIENTED_EDGE('',*,*,#4092,.F.);
#4336 = ORIENTED_EDGE('',*,*,#4064,.F.);
#4337 = ORIENTED_EDGE('',*,*,#4036,.F.);
#4338 = ORIENTED_EDGE('',*,*,#4008,.F.);
#4339 = B_SPLINE_SURFACE_WITH_KNOTS('',1,1,(
    (#4340,#4341)
    ,(#4342,#4343
    )),.UNSPECIFIED.,.F.,.F.,.F.,(2,2),(2,2),(-0.48087874182,
    -0.463377536573),(0.400152799611,0.43269306336),
  .PIECEWISE_BEZIER_KNOTS.);
#4340 = CARTESIAN_POINT('',(0.48087874182,0.400152799611,0.5625005879));
#4341 = CARTESIAN_POINT('',(0.48087874182,0.43269306336,0.5625005879));
#4342 = CARTESIAN_POINT('',(0.463377536573,0.400152799611,0.5625005879)
  );
#4343 = CARTESIAN_POINT('',(0.463377536573,0.43269306336,0.5625005879));
#4344 = MANIFOLD_SOLID_BREP('',#4345);
#4345 = CLOSED_SHELL('',(#4346,#4470,#4594,#4614,#4634,#4654,#4674,#4694
    ,#4710,#4722,#4742,#4758,#4774,#4794,#4814,#4834));
#4346 = ADVANCED_FACE('',(#4347,#4406),#4465,.T.);
#4347 = FACE_BOUND('',#4348,.T.);
#4348 = EDGE_LOOP('',(#4349,#4358,#4367,#4376,#4385,#4394,#4401));
#4349 = ORIENTED_EDGE('',*,*,#4350,.T.);
#4350 = EDGE_CURVE('',#4351,#4353,#4355,.T.);
#4351 = VERTEX_POINT('',#4352);
#4352 = CARTESIAN_POINT('',(0.487025790622,0.400152799611,0.5635005879)
  );
#4353 = VERTEX_POINT('',#4354);
#4354 = CARTESIAN_POINT('',(0.495976026765,0.400152799611,0.5635005879)
  );
#4355 = B_SPLINE_CURVE_WITH_KNOTS('',1,(#4356,#4357),.UNSPECIFIED.,.F.,
  .F.,(2,2),(-8.95023614366E-03,0.),.PIECEWISE_BEZIER_KNOTS.);
#4356 = CARTESIAN_POINT('',(0.487025790622,0.400152799611,0.5635005879)
  );
#4357 = CARTESIAN_POINT('',(0.495976026765,0.400152799611,0.5635005879)
  );
#4358 = ORIENTED_EDGE('',*,*,#4359,.T.);
#4359 = EDGE_CURVE('',#4353,#4360,#4362,.T.);
#4360 = VERTEX_POINT('',#4361);
#4361 = CARTESIAN_POINT('',(0.508611164965,0.404711098316,0.5635005879)
  );
#4362 = B_SPLINE_CURVE_WITH_KNOTS('',3,(#4363,#4364,#4365,#4366),
  .UNSPECIFIED.,.F.,.F.,(4,4),(5.,6.),.PIECEWISE_BEZIER_KNOTS.);
#4363 = CARTESIAN_POINT('',(0.495976026765,0.400152799611,0.5635005879)
  );
#4364 = CARTESIAN_POINT('',(0.501124907967,0.400152799611,0.5635005879)
  );
#4365 = CARTESIAN_POINT('',(0.505342166076,0.401666687137,0.5635005879)
  );
#4366 = CARTESIAN_POINT('',(0.508611164965,0.404711098316,0.5635005879)
  );
#4367 = ORIENTED_EDGE('',*,*,#4368,.T.);
#4368 = EDGE_CURVE('',#4360,#4369,#4371,.T.);
#4369 = VERTEX_POINT('',#4370);
#4370 = CARTESIAN_POINT('',(0.51351882233,0.416838834652,0.5635005879));
#4371 = B_SPLINE_CURVE_WITH_KNOTS('',3,(#4372,#4373,#4374,#4375),
  .UNSPECIFIED.,.F.,.F.,(4,4),(4.,5.),.PIECEWISE_BEZIER_KNOTS.);
#4372 = CARTESIAN_POINT('',(0.508611164965,0.404711098316,0.5635005879)
  );
#4373 = CARTESIAN_POINT('',(0.511880163853,0.407755509495,0.5635005879)
  );
#4374 = CARTESIAN_POINT('',(0.51351882233,0.411798088274,0.5635005879));
#4375 = CARTESIAN_POINT('',(0.51351882233,0.416838834652,0.5635005879));
#4376 = ORIENTED_EDGE('',*,*,#4377,.T.);
#4377 = EDGE_CURVE('',#4369,#4378,#4380,.T.);
#4378 = VERTEX_POINT('',#4379);
#4379 = CARTESIAN_POINT('',(0.508611164965,0.428384306555,0.5635005879)
  );
#4380 = B_SPLINE_CURVE_WITH_KNOTS('',3,(#4381,#4382,#4383,#4384),
  .UNSPECIFIED.,.F.,.F.,(4,4),(3.,4.),.PIECEWISE_BEZIER_KNOTS.);
#4381 = CARTESIAN_POINT('',(0.51351882233,0.416838834652,0.5635005879));
#4382 = CARTESIAN_POINT('',(0.51351882233,0.421663311384,0.5635005879));
#4383 = CARTESIAN_POINT('',(0.511880163853,0.425506256643,0.5635005879)
  );
#4384 = CARTESIAN_POINT('',(0.508611164965,0.428384306555,0.5635005879)
  );
#4385 = ORIENTED_EDGE('',*,*,#4386,.T.);
#4386 = EDGE_CURVE('',#4378,#4387,#4389,.T.);
#4387 = VERTEX_POINT('',#4388);
#4388 = CARTESIAN_POINT('',(0.496308749299,0.43269306336,0.5635005879));
#4389 = B_SPLINE_CURVE_WITH_KNOTS('',3,(#4390,#4391,#4392,#4393),
  .UNSPECIFIED.,.F.,.F.,(4,4),(2.,3.),.PIECEWISE_BEZIER_KNOTS.);
#4390 = CARTESIAN_POINT('',(0.508611164965,0.428384306555,0.5635005879)
  );
#4391 = CARTESIAN_POINT('',(0.505342166076,0.431262356468,0.5635005879)
  );
#4392 = CARTESIAN_POINT('',(0.501241360854,0.43269306336,0.5635005879));
#4393 = CARTESIAN_POINT('',(0.496308749299,0.43269306336,0.5635005879));
#4394 = ORIENTED_EDGE('',*,*,#4395,.T.);
#4395 = EDGE_CURVE('',#4387,#4396,#4398,.T.);
#4396 = VERTEX_POINT('',#4397);
#4397 = CARTESIAN_POINT('',(0.487025790622,0.43269306336,0.5635005879));
#4398 = B_SPLINE_CURVE_WITH_KNOTS('',1,(#4399,#4400),.UNSPECIFIED.,.F.,
  .F.,(2,2),(-9.282958676945E-03,-0.),.PIECEWISE_BEZIER_KNOTS.);
#4399 = CARTESIAN_POINT('',(0.496308749299,0.43269306336,0.5635005879));
#4400 = CARTESIAN_POINT('',(0.487025790622,0.43269306336,0.5635005879));
#4401 = ORIENTED_EDGE('',*,*,#4402,.T.);
#4402 = EDGE_CURVE('',#4396,#4351,#4403,.T.);
#4403 = B_SPLINE_CURVE_WITH_KNOTS('',1,(#4404,#4405),.UNSPECIFIED.,.F.,
  .F.,(2,2),(-3.254026374901E-02,-0.),.PIECEWISE_BEZIER_KNOTS.);
#4404 = CARTESIAN_POINT('',(0.487025790622,0.43269306336,0.5635005879));
#4405 = CARTESIAN_POINT('',(0.487025790622,0.400152799611,0.5635005879)
  );
#4406 = FACE_BOUND('',#4407,.T.);
#4407 = EDGE_LOOP('',(#4408,#4417,#4424,#4433,#4442,#4451,#4460));
#4408 = ORIENTED_EDGE('',*,*,#4409,.F.);
#4409 = EDGE_CURVE('',#4410,#4412,#4414,.T.);
#4410 = VERTEX_POINT('',#4411);
#4411 = CARTESIAN_POINT('',(0.491226412604,0.428949934862,0.5635005879)
  );
#4412 = VERTEX_POINT('',#4413);
#4413 = CARTESIAN_POINT('',(0.491226412604,0.403862655857,0.5635005879)
  );
#4414 = B_SPLINE_CURVE_WITH_KNOTS('',1,(#4415,#4416),.UNSPECIFIED.,.F.,
  .F.,(2,2),(0.,2.508727900492E-02),.PIECEWISE_BEZIER_KNOTS.);
#4415 = CARTESIAN_POINT('',(0.491226412604,0.428949934862,0.5635005879)
  );
#4416 = CARTESIAN_POINT('',(0.491226412604,0.403862655857,0.5635005879)
  );
#4417 = ORIENTED_EDGE('',*,*,#4418,.F.);
#4418 = EDGE_CURVE('',#4419,#4410,#4421,.T.);
#4419 = VERTEX_POINT('',#4420);
#4420 = CARTESIAN_POINT('',(0.496142388032,0.428949934862,0.5635005879)
  );
#4421 = B_SPLINE_CURVE_WITH_KNOTS('',1,(#4422,#4423),.UNSPECIFIED.,.F.,
  .F.,(2,2),(0.,4.915975428067E-03),.PIECEWISE_BEZIER_KNOTS.);
#4422 = CARTESIAN_POINT('',(0.496142388032,0.428949934862,0.5635005879)
  );
#4423 = CARTESIAN_POINT('',(0.491226412604,0.428949934862,0.5635005879)
  );
#4424 = ORIENTED_EDGE('',*,*,#4425,.F.);
#4425 = EDGE_CURVE('',#4426,#4419,#4428,.T.);
#4426 = VERTEX_POINT('',#4427);
#4427 = CARTESIAN_POINT('',(0.505533481532,0.425888887556,0.5635005879)
  );
#4428 = B_SPLINE_CURVE_WITH_KNOTS('',3,(#4429,#4430,#4431,#4432),
  .UNSPECIFIED.,.F.,.F.,(4,4),(5.,6.),.PIECEWISE_BEZIER_KNOTS.);
#4429 = CARTESIAN_POINT('',(0.505533481532,0.425888887556,0.5635005879)
  );
#4430 = CARTESIAN_POINT('',(0.503154515419,0.427935131135,0.5635005879)
  );
#4431 = CARTESIAN_POINT('',(0.500018605544,0.428949934862,0.5635005879)
  );
#4432 = CARTESIAN_POINT('',(0.496142388032,0.428949934862,0.5635005879)
  );
#4433 = ORIENTED_EDGE('',*,*,#4434,.F.);
#4434 = EDGE_CURVE('',#4435,#4426,#4437,.T.);
#4435 = VERTEX_POINT('',#4436);
#4436 = CARTESIAN_POINT('',(0.509101930701,0.416722381766,0.5635005879)
  );
#4437 = B_SPLINE_CURVE_WITH_KNOTS('',3,(#4438,#4439,#4440,#4441),
  .UNSPECIFIED.,.F.,.F.,(4,4),(4.,5.),.PIECEWISE_BEZIER_KNOTS.);
#4438 = CARTESIAN_POINT('',(0.509101930701,0.416722381766,0.5635005879)
  );
#4439 = CARTESIAN_POINT('',(0.509101930701,0.420781596671,0.5635005879)
  );
#4440 = CARTESIAN_POINT('',(0.507912447645,0.423842643977,0.5635005879)
  );
#4441 = CARTESIAN_POINT('',(0.505533481532,0.425888887556,0.5635005879)
  );
#4442 = ORIENTED_EDGE('',*,*,#4443,.F.);
#4443 = EDGE_CURVE('',#4444,#4435,#4446,.T.);
#4444 = VERTEX_POINT('',#4445);
#4445 = CARTESIAN_POINT('',(0.505624980229,0.407256425695,0.5635005879)
  );
#4446 = B_SPLINE_CURVE_WITH_KNOTS('',3,(#4447,#4448,#4449,#4450),
  .UNSPECIFIED.,.F.,.F.,(4,4),(3.,4.),.PIECEWISE_BEZIER_KNOTS.);
#4447 = CARTESIAN_POINT('',(0.505624980229,0.407256425695,0.5635005879)
  );
#4448 = CARTESIAN_POINT('',(0.507945719898,0.409502302795,0.5635005879)
  );
#4449 = CARTESIAN_POINT('',(0.509101930701,0.41266316686,0.5635005879));
#4450 = CARTESIAN_POINT('',(0.509101930701,0.416722381766,0.5635005879)
  );
#4451 = ORIENTED_EDGE('',*,*,#4452,.F.);
#4452 = EDGE_CURVE('',#4453,#4444,#4455,.T.);
#4453 = VERTEX_POINT('',#4454);
#4454 = CARTESIAN_POINT('',(0.495951072575,0.403862655857,0.5635005879)
  );
#4455 = B_SPLINE_CURVE_WITH_KNOTS('',3,(#4456,#4457,#4458,#4459),
  .UNSPECIFIED.,.F.,.F.,(4,4),(2.,3.),.PIECEWISE_BEZIER_KNOTS.);
#4456 = CARTESIAN_POINT('',(0.495951072575,0.403862655857,0.5635005879)
  );
#4457 = CARTESIAN_POINT('',(0.500085150051,0.403862655857,0.5635005879)
  );
#4458 = CARTESIAN_POINT('',(0.503312558623,0.40499391247,0.5635005879));
#4459 = CARTESIAN_POINT('',(0.505624980229,0.407256425695,0.5635005879)
  );
#4460 = ORIENTED_EDGE('',*,*,#4461,.F.);
#4461 = EDGE_CURVE('',#4412,#4453,#4462,.T.);
#4462 = B_SPLINE_CURVE_WITH_KNOTS('',1,(#4463,#4464),.UNSPECIFIED.,.F.,
  .F.,(2,2),(0.,4.724659971683E-03),.PIECEWISE_BEZIER_KNOTS.);
#4463 = CARTESIAN_POINT('',(0.491226412604,0.403862655857,0.5635005879)
  );
#4464 = CARTESIAN_POINT('',(0.495951072575,0.403862655857,0.5635005879)
  );
#4465 = B_SPLINE_SURFACE_WITH_KNOTS('',1,1,(
    (#4466,#4467)
    ,(#4468,#4469
    )),.UNSPECIFIED.,.F.,.F.,.F.,(2,2),(2,2),(-1.60580212596E-02,
    1.043501044813E-02),(-3.146515406357E-02,1.075109685439E-03),
  .PIECEWISE_BEZIER_KNOTS.);
#4466 = CARTESIAN_POINT('',(0.487025790622,0.400152799611,0.5635005879)
  );
#4467 = CARTESIAN_POINT('',(0.487025790622,0.43269306336,0.5635005879));
#4468 = CARTESIAN_POINT('',(0.51351882233,0.400152799611,0.5635005879));
#4469 = CARTESIAN_POINT('',(0.51351882233,0.43269306336,0.5635005879));
#4470 = ADVANCED_FACE('',(#4471,#4530),#4589,.F.);
#4471 = FACE_BOUND('',#4472,.T.);
#4472 = EDGE_LOOP('',(#4473,#4482,#4489,#4496,#4505,#4514,#4523));
#4473 = ORIENTED_EDGE('',*,*,#4474,.F.);
#4474 = EDGE_CURVE('',#4475,#4477,#4479,.T.);
#4475 = VERTEX_POINT('',#4476);
#4476 = CARTESIAN_POINT('',(0.487025790622,0.400152799611,0.5625005879)
  );
#4477 = VERTEX_POINT('',#4478);
#4478 = CARTESIAN_POINT('',(0.495976026765,0.400152799611,0.5625005879)
  );
#4479 = B_SPLINE_CURVE_WITH_KNOTS('',1,(#4480,#4481),.UNSPECIFIED.,.F.,
  .F.,(2,2),(-8.95023614366E-03,0.),.PIECEWISE_BEZIER_KNOTS.);
#4480 = CARTESIAN_POINT('',(0.487025790622,0.400152799611,0.5625005879)
  );
#4481 = CARTESIAN_POINT('',(0.495976026765,0.400152799611,0.5625005879)
  );
#4482 = ORIENTED_EDGE('',*,*,#4483,.F.);
#4483 = EDGE_CURVE('',#4484,#4475,#4486,.T.);
#4484 = VERTEX_POINT('',#4485);
#4485 = CARTESIAN_POINT('',(0.487025790622,0.43269306336,0.5625005879));
#4486 = B_SPLINE_CURVE_WITH_KNOTS('',1,(#4487,#4488),.UNSPECIFIED.,.F.,
  .F.,(2,2),(-3.254026374901E-02,-0.),.PIECEWISE_BEZIER_KNOTS.);
#4487 = CARTESIAN_POINT('',(0.487025790622,0.43269306336,0.5625005879));
#4488 = CARTESIAN_POINT('',(0.487025790622,0.400152799611,0.5625005879)
  );
#4489 = ORIENTED_EDGE('',*,*,#4490,.F.);
#4490 = EDGE_CURVE('',#4491,#4484,#4493,.T.);
#4491 = VERTEX_POINT('',#4492);
#4492 = CARTESIAN_POINT('',(0.496308749299,0.43269306336,0.5625005879));
#4493 = B_SPLINE_CURVE_WITH_KNOTS('',1,(#4494,#4495),.UNSPECIFIED.,.F.,
  .F.,(2,2),(-9.282958676945E-03,-0.),.PIECEWISE_BEZIER_KNOTS.);
#4494 = CARTESIAN_POINT('',(0.496308749299,0.43269306336,0.5625005879));
#4495 = CARTESIAN_POINT('',(0.487025790622,0.43269306336,0.5625005879));
#4496 = ORIENTED_EDGE('',*,*,#4497,.F.);
#4497 = EDGE_CURVE('',#4498,#4491,#4500,.T.);
#4498 = VERTEX_POINT('',#4499);
#4499 = CARTESIAN_POINT('',(0.508611164965,0.428384306555,0.5625005879)
  );
#4500 = B_SPLINE_CURVE_WITH_KNOTS('',3,(#4501,#4502,#4503,#4504),
  .UNSPECIFIED.,.F.,.F.,(4,4),(2.,3.),.PIECEWISE_BEZIER_KNOTS.);
#4501 = CARTESIAN_POINT('',(0.508611164965,0.428384306555,0.5625005879)
  );
#4502 = CARTESIAN_POINT('',(0.505342166076,0.431262356468,0.5625005879)
  );
#4503 = CARTESIAN_POINT('',(0.501241360854,0.43269306336,0.5625005879));
#4504 = CARTESIAN_POINT('',(0.496308749299,0.43269306336,0.5625005879));
#4505 = ORIENTED_EDGE('',*,*,#4506,.F.);
#4506 = EDGE_CURVE('',#4507,#4498,#4509,.T.);
#4507 = VERTEX_POINT('',#4508);
#4508 = CARTESIAN_POINT('',(0.51351882233,0.416838834652,0.5625005879));
#4509 = B_SPLINE_CURVE_WITH_KNOTS('',3,(#4510,#4511,#4512,#4513),
  .UNSPECIFIED.,.F.,.F.,(4,4),(3.,4.),.PIECEWISE_BEZIER_KNOTS.);
#4510 = CARTESIAN_POINT('',(0.51351882233,0.416838834652,0.5625005879));
#4511 = CARTESIAN_POINT('',(0.51351882233,0.421663311384,0.5625005879));
#4512 = CARTESIAN_POINT('',(0.511880163853,0.425506256643,0.5625005879)
  );
#4513 = CARTESIAN_POINT('',(0.508611164965,0.428384306555,0.5625005879)
  );
#4514 = ORIENTED_EDGE('',*,*,#4515,.F.);
#4515 = EDGE_CURVE('',#4516,#4507,#4518,.T.);
#4516 = VERTEX_POINT('',#4517);
#4517 = CARTESIAN_POINT('',(0.508611164965,0.404711098316,0.5625005879)
  );
#4518 = B_SPLINE_CURVE_WITH_KNOTS('',3,(#4519,#4520,#4521,#4522),
  .UNSPECIFIED.,.F.,.F.,(4,4),(4.,5.),.PIECEWISE_BEZIER_KNOTS.);
#4519 = CARTESIAN_POINT('',(0.508611164965,0.404711098316,0.5625005879)
  );
#4520 = CARTESIAN_POINT('',(0.511880163853,0.407755509495,0.5625005879)
  );
#4521 = CARTESIAN_POINT('',(0.51351882233,0.411798088274,0.5625005879));
#4522 = CARTESIAN_POINT('',(0.51351882233,0.416838834652,0.5625005879));
#4523 = ORIENTED_EDGE('',*,*,#4524,.F.);
#4524 = EDGE_CURVE('',#4477,#4516,#4525,.T.);
#4525 = B_SPLINE_CURVE_WITH_KNOTS('',3,(#4526,#4527,#4528,#4529),
  .UNSPECIFIED.,.F.,.F.,(4,4),(5.,6.),.PIECEWISE_BEZIER_KNOTS.);
#4526 = CARTESIAN_POINT('',(0.495976026765,0.400152799611,0.5625005879)
  );
#4527 = CARTESIAN_POINT('',(0.501124907967,0.400152799611,0.5625005879)
  );
#4528 = CARTESIAN_POINT('',(0.505342166076,0.401666687137,0.5625005879)
  );
#4529 = CARTESIAN_POINT('',(0.508611164965,0.404711098316,0.5625005879)
  );
#4530 = FACE_BOUND('',#4531,.T.);
#4531 = EDGE_LOOP('',(#4532,#4541,#4548,#4555,#4564,#4573,#4582));
#4532 = ORIENTED_EDGE('',*,*,#4533,.T.);
#4533 = EDGE_CURVE('',#4534,#4536,#4538,.T.);
#4534 = VERTEX_POINT('',#4535);
#4535 = CARTESIAN_POINT('',(0.496142388032,0.428949934862,0.5625005879)
  );
#4536 = VERTEX_POINT('',#4537);
#4537 = CARTESIAN_POINT('',(0.491226412604,0.428949934862,0.5625005879)
  );
#4538 = B_SPLINE_CURVE_WITH_KNOTS('',1,(#4539,#4540),.UNSPECIFIED.,.F.,
  .F.,(2,2),(0.,4.915975428067E-03),.PIECEWISE_BEZIER_KNOTS.);
#4539 = CARTESIAN_POINT('',(0.496142388032,0.428949934862,0.5625005879)
  );
#4540 = CARTESIAN_POINT('',(0.491226412604,0.428949934862,0.5625005879)
  );
#4541 = ORIENTED_EDGE('',*,*,#4542,.T.);
#4542 = EDGE_CURVE('',#4536,#4543,#4545,.T.);
#4543 = VERTEX_POINT('',#4544);
#4544 = CARTESIAN_POINT('',(0.491226412604,0.403862655857,0.5625005879)
  );
#4545 = B_SPLINE_CURVE_WITH_KNOTS('',1,(#4546,#4547),.UNSPECIFIED.,.F.,
  .F.,(2,2),(0.,2.508727900492E-02),.PIECEWISE_BEZIER_KNOTS.);
#4546 = CARTESIAN_POINT('',(0.491226412604,0.428949934862,0.5625005879)
  );
#4547 = CARTESIAN_POINT('',(0.491226412604,0.403862655857,0.5625005879)
  );
#4548 = ORIENTED_EDGE('',*,*,#4549,.T.);
#4549 = EDGE_CURVE('',#4543,#4550,#4552,.T.);
#4550 = VERTEX_POINT('',#4551);
#4551 = CARTESIAN_POINT('',(0.495951072575,0.403862655857,0.5625005879)
  );
#4552 = B_SPLINE_CURVE_WITH_KNOTS('',1,(#4553,#4554),.UNSPECIFIED.,.F.,
  .F.,(2,2),(0.,4.724659971683E-03),.PIECEWISE_BEZIER_KNOTS.);
#4553 = CARTESIAN_POINT('',(0.491226412604,0.403862655857,0.5625005879)
  );
#4554 = CARTESIAN_POINT('',(0.495951072575,0.403862655857,0.5625005879)
  );
#4555 = ORIENTED_EDGE('',*,*,#4556,.T.);
#4556 = EDGE_CURVE('',#4550,#4557,#4559,.T.);
#4557 = VERTEX_POINT('',#4558);
#4558 = CARTESIAN_POINT('',(0.505624980229,0.407256425695,0.5625005879)
  );
#4559 = B_SPLINE_CURVE_WITH_KNOTS('',3,(#4560,#4561,#4562,#4563),
  .UNSPECIFIED.,.F.,.F.,(4,4),(2.,3.),.PIECEWISE_BEZIER_KNOTS.);
#4560 = CARTESIAN_POINT('',(0.495951072575,0.403862655857,0.5625005879)
  );
#4561 = CARTESIAN_POINT('',(0.500085150051,0.403862655857,0.5625005879)
  );
#4562 = CARTESIAN_POINT('',(0.503312558623,0.40499391247,0.5625005879));
#4563 = CARTESIAN_POINT('',(0.505624980229,0.407256425695,0.5625005879)
  );
#4564 = ORIENTED_EDGE('',*,*,#4565,.T.);
#4565 = EDGE_CURVE('',#4557,#4566,#4568,.T.);
#4566 = VERTEX_POINT('',#4567);
#4567 = CARTESIAN_POINT('',(0.509101930701,0.416722381766,0.5625005879)
  );
#4568 = B_SPLINE_CURVE_WITH_KNOTS('',3,(#4569,#4570,#4571,#4572),
  .UNSPECIFIED.,.F.,.F.,(4,4),(3.,4.),.PIECEWISE_BEZIER_KNOTS.);
#4569 = CARTESIAN_POINT('',(0.505624980229,0.407256425695,0.5625005879)
  );
#4570 = CARTESIAN_POINT('',(0.507945719898,0.409502302795,0.5625005879)
  );
#4571 = CARTESIAN_POINT('',(0.509101930701,0.41266316686,0.5625005879));
#4572 = CARTESIAN_POINT('',(0.509101930701,0.416722381766,0.5625005879)
  );
#4573 = ORIENTED_EDGE('',*,*,#4574,.T.);
#4574 = EDGE_CURVE('',#4566,#4575,#4577,.T.);
#4575 = VERTEX_POINT('',#4576);
#4576 = CARTESIAN_POINT('',(0.505533481532,0.425888887556,0.5625005879)
  );
#4577 = B_SPLINE_CURVE_WITH_KNOTS('',3,(#4578,#4579,#4580,#4581),
  .UNSPECIFIED.,.F.,.F.,(4,4),(4.,5.),.PIECEWISE_BEZIER_KNOTS.);
#4578 = CARTESIAN_POINT('',(0.509101930701,0.416722381766,0.5625005879)
  );
#4579 = CARTESIAN_POINT('',(0.509101930701,0.420781596671,0.5625005879)
  );
#4580 = CARTESIAN_POINT('',(0.507912447645,0.423842643977,0.5625005879)
  );
#4581 = CARTESIAN_POINT('',(0.505533481532,0.425888887556,0.5625005879)
  );
#4582 = ORIENTED_EDGE('',*,*,#4583,.T.);
#4583 = EDGE_CURVE('',#4575,#4534,#4584,.T.);
#4584 = B_SPLINE_CURVE_WITH_KNOTS('',3,(#4585,#4586,#4587,#4588),
  .UNSPECIFIED.,.F.,.F.,(4,4),(5.,6.),.PIECEWISE_BEZIER_KNOTS.);
#4585 = CARTESIAN_POINT('',(0.505533481532,0.425888887556,0.5625005879)
  );
#4586 = CARTESIAN_POINT('',(0.503154515419,0.427935131135,0.5625005879)
  );
#4587 = CARTESIAN_POINT('',(0.500018605544,0.428949934862,0.5625005879)
  );
#4588 = CARTESIAN_POINT('',(0.496142388032,0.428949934862,0.5625005879)
  );
#4589 = B_SPLINE_SURFACE_WITH_KNOTS('',1,1,(
    (#4590,#4591)
    ,(#4592,#4593
    )),.UNSPECIFIED.,.F.,.F.,.F.,(2,2),(2,2),(-1.60580212596E-02,
    1.043501044813E-02),(-3.146515406357E-02,1.075109685439E-03),
  .PIECEWISE_BEZIER_KNOTS.);
#4590 = CARTESIAN_POINT('',(0.487025790622,0.400152799611,0.5625005879)
  );
#4591 = CARTESIAN_POINT('',(0.487025790622,0.43269306336,0.5625005879));
#4592 = CARTESIAN_POINT('',(0.51351882233,0.400152799611,0.5625005879));
#4593 = CARTESIAN_POINT('',(0.51351882233,0.43269306336,0.5625005879));
#4594 = ADVANCED_FACE('',(#4595),#4609,.F.);
#4595 = FACE_BOUND('',#4596,.T.);
#4596 = EDGE_LOOP('',(#4597,#4598,#4603,#4604));
#4597 = ORIENTED_EDGE('',*,*,#4474,.T.);
#4598 = ORIENTED_EDGE('',*,*,#4599,.F.);
#4599 = EDGE_CURVE('',#4353,#4477,#4600,.T.);
#4600 = B_SPLINE_CURVE_WITH_KNOTS('',1,(#4601,#4602),.UNSPECIFIED.,.F.,
  .F.,(2,2),(-0.,1.E-03),.PIECEWISE_BEZIER_KNOTS.);
#4601 = CARTESIAN_POINT('',(0.495976026765,0.400152799611,0.5635005879)
  );
#4602 = CARTESIAN_POINT('',(0.495976026765,0.400152799611,0.5625005879)
  );
#4603 = ORIENTED_EDGE('',*,*,#4350,.F.);
#4604 = ORIENTED_EDGE('',*,*,#4605,.T.);
#4605 = EDGE_CURVE('',#4351,#4475,#4606,.T.);
#4606 = B_SPLINE_CURVE_WITH_KNOTS('',1,(#4607,#4608),.UNSPECIFIED.,.F.,
  .F.,(2,2),(-0.,1.E-03),.PIECEWISE_BEZIER_KNOTS.);
#4607 = CARTESIAN_POINT('',(0.487025790622,0.400152799611,0.5635005879)
  );
#4608 = CARTESIAN_POINT('',(0.487025790622,0.400152799611,0.5625005879)
  );
#4609 = B_SPLINE_SURFACE_WITH_KNOTS('',1,1,(
    (#4610,#4611)
    ,(#4612,#4613)),.UNSPECIFIED.,.F.,.F.,.F.,(2,2),(2,2),(-1.E-03,0.),(
    -8.95023614366E-03,0.),.PIECEWISE_BEZIER_KNOTS.);
#4610 = CARTESIAN_POINT('',(0.487025790622,0.400152799611,0.5625005879)
  );
#4611 = CARTESIAN_POINT('',(0.495976026765,0.400152799611,0.5625005879)
  );
#4612 = CARTESIAN_POINT('',(0.487025790622,0.400152799611,0.5635005879)
  );
#4613 = CARTESIAN_POINT('',(0.495976026765,0.400152799611,0.5635005879)
  );
#4614 = ADVANCED_FACE('',(#4615),#4625,.F.);
#4615 = FACE_BOUND('',#4616,.F.);
#4616 = EDGE_LOOP('',(#4617,#4618,#4619,#4624));
#4617 = ORIENTED_EDGE('',*,*,#4599,.F.);
#4618 = ORIENTED_EDGE('',*,*,#4359,.T.);
#4619 = ORIENTED_EDGE('',*,*,#4620,.T.);
#4620 = EDGE_CURVE('',#4360,#4516,#4621,.T.);
#4621 = B_SPLINE_CURVE_WITH_KNOTS('',1,(#4622,#4623),.UNSPECIFIED.,.F.,
  .F.,(2,2),(-0.,1.E-03),.PIECEWISE_BEZIER_KNOTS.);
#4622 = CARTESIAN_POINT('',(0.508611164965,0.404711098316,0.5635005879)
  );
#4623 = CARTESIAN_POINT('',(0.508611164965,0.404711098316,0.5625005879)
  );
#4624 = ORIENTED_EDGE('',*,*,#4524,.F.);
#4625 = B_SPLINE_SURFACE_WITH_KNOTS('',3,1,(
    (#4626,#4627)
    ,(#4628,#4629)
    ,(#4630,#4631)
    ,(#4632,#4633
    )),.UNSPECIFIED.,.F.,.F.,.F.,(4,4),(2,2),(5.,6.),(0.,1.),
  .PIECEWISE_BEZIER_KNOTS.);
#4626 = CARTESIAN_POINT('',(0.495976026765,0.400152799611,0.5635005879)
  );
#4627 = CARTESIAN_POINT('',(0.495976026765,0.400152799611,0.5625005879)
  );
#4628 = CARTESIAN_POINT('',(0.501124907967,0.400152799611,0.5635005879)
  );
#4629 = CARTESIAN_POINT('',(0.501124907967,0.400152799611,0.5625005879)
  );
#4630 = CARTESIAN_POINT('',(0.505342166076,0.401666687137,0.5635005879)
  );
#4631 = CARTESIAN_POINT('',(0.505342166076,0.401666687137,0.5625005879)
  );
#4632 = CARTESIAN_POINT('',(0.508611164965,0.404711098316,0.5635005879)
  );
#4633 = CARTESIAN_POINT('',(0.508611164965,0.404711098316,0.5625005879)
  );
#4634 = ADVANCED_FACE('',(#4635),#4645,.F.);
#4635 = FACE_BOUND('',#4636,.F.);
#4636 = EDGE_LOOP('',(#4637,#4638,#4639,#4644));
#4637 = ORIENTED_EDGE('',*,*,#4620,.F.);
#4638 = ORIENTED_EDGE('',*,*,#4368,.T.);
#4639 = ORIENTED_EDGE('',*,*,#4640,.T.);
#4640 = EDGE_CURVE('',#4369,#4507,#4641,.T.);
#4641 = B_SPLINE_CURVE_WITH_KNOTS('',1,(#4642,#4643),.UNSPECIFIED.,.F.,
  .F.,(2,2),(-0.,1.E-03),.PIECEWISE_BEZIER_KNOTS.);
#4642 = CARTESIAN_POINT('',(0.51351882233,0.416838834652,0.5635005879));
#4643 = CARTESIAN_POINT('',(0.51351882233,0.416838834652,0.5625005879));
#4644 = ORIENTED_EDGE('',*,*,#4515,.F.);
#4645 = B_SPLINE_SURFACE_WITH_KNOTS('',3,1,(
    (#4646,#4647)
    ,(#4648,#4649)
    ,(#4650,#4651)
    ,(#4652,#4653
    )),.UNSPECIFIED.,.F.,.F.,.F.,(4,4),(2,2),(4.,5.),(0.,1.),
  .PIECEWISE_BEZIER_KNOTS.);
#4646 = CARTESIAN_POINT('',(0.508611164965,0.404711098316,0.5635005879)
  );
#4647 = CARTESIAN_POINT('',(0.508611164965,0.404711098316,0.5625005879)
  );
#4648 = CARTESIAN_POINT('',(0.511880163853,0.407755509495,0.5635005879)
  );
#4649 = CARTESIAN_POINT('',(0.511880163853,0.407755509495,0.5625005879)
  );
#4650 = CARTESIAN_POINT('',(0.51351882233,0.411798088274,0.5635005879));
#4651 = CARTESIAN_POINT('',(0.51351882233,0.411798088274,0.5625005879));
#4652 = CARTESIAN_POINT('',(0.51351882233,0.416838834652,0.5635005879));
#4653 = CARTESIAN_POINT('',(0.51351882233,0.416838834652,0.5625005879));
#4654 = ADVANCED_FACE('',(#4655),#4665,.F.);
#4655 = FACE_BOUND('',#4656,.F.);
#4656 = EDGE_LOOP('',(#4657,#4658,#4659,#4664));
#4657 = ORIENTED_EDGE('',*,*,#4640,.F.);
#4658 = ORIENTED_EDGE('',*,*,#4377,.T.);
#4659 = ORIENTED_EDGE('',*,*,#4660,.T.);
#4660 = EDGE_CURVE('',#4378,#4498,#4661,.T.);
#4661 = B_SPLINE_CURVE_WITH_KNOTS('',1,(#4662,#4663),.UNSPECIFIED.,.F.,
  .F.,(2,2),(-0.,1.E-03),.PIECEWISE_BEZIER_KNOTS.);
#4662 = CARTESIAN_POINT('',(0.508611164965,0.428384306555,0.5635005879)
  );
#4663 = CARTESIAN_POINT('',(0.508611164965,0.428384306555,0.5625005879)
  );
#4664 = ORIENTED_EDGE('',*,*,#4506,.F.);
#4665 = B_SPLINE_SURFACE_WITH_KNOTS('',3,1,(
    (#4666,#4667)
    ,(#4668,#4669)
    ,(#4670,#4671)
    ,(#4672,#4673
    )),.UNSPECIFIED.,.F.,.F.,.F.,(4,4),(2,2),(3.,4.),(0.,1.),
  .PIECEWISE_BEZIER_KNOTS.);
#4666 = CARTESIAN_POINT('',(0.51351882233,0.416838834652,0.5635005879));
#4667 = CARTESIAN_POINT('',(0.51351882233,0.416838834652,0.5625005879));
#4668 = CARTESIAN_POINT('',(0.51351882233,0.421663311384,0.5635005879));
#4669 = CARTESIAN_POINT('',(0.51351882233,0.421663311384,0.5625005879));
#4670 = CARTESIAN_POINT('',(0.511880163853,0.425506256643,0.5635005879)
  );
#4671 = CARTESIAN_POINT('',(0.511880163853,0.425506256643,0.5625005879)
  );
#4672 = CARTESIAN_POINT('',(0.508611164965,0.428384306555,0.5635005879)
  );
#4673 = CARTESIAN_POINT('',(0.508611164965,0.428384306555,0.5625005879)
  );
#4674 = ADVANCED_FACE('',(#4675),#4685,.F.);
#4675 = FACE_BOUND('',#4676,.F.);
#4676 = EDGE_LOOP('',(#4677,#4678,#4679,#4684));
#4677 = ORIENTED_EDGE('',*,*,#4660,.F.);
#4678 = ORIENTED_EDGE('',*,*,#4386,.T.);
#4679 = ORIENTED_EDGE('',*,*,#4680,.T.);
#4680 = EDGE_CURVE('',#4387,#4491,#4681,.T.);
#4681 = B_SPLINE_CURVE_WITH_KNOTS('',1,(#4682,#4683),.UNSPECIFIED.,.F.,
  .F.,(2,2),(-0.,1.E-03),.PIECEWISE_BEZIER_KNOTS.);
#4682 = CARTESIAN_POINT('',(0.496308749299,0.43269306336,0.5635005879));
#4683 = CARTESIAN_POINT('',(0.496308749299,0.43269306336,0.5625005879));
#4684 = ORIENTED_EDGE('',*,*,#4497,.F.);
#4685 = B_SPLINE_SURFACE_WITH_KNOTS('',3,1,(
    (#4686,#4687)
    ,(#4688,#4689)
    ,(#4690,#4691)
    ,(#4692,#4693
    )),.UNSPECIFIED.,.F.,.F.,.F.,(4,4),(2,2),(2.,3.),(0.,1.),
  .PIECEWISE_BEZIER_KNOTS.);
#4686 = CARTESIAN_POINT('',(0.508611164965,0.428384306555,0.5635005879)
  );
#4687 = CARTESIAN_POINT('',(0.508611164965,0.428384306555,0.5625005879)
  );
#4688 = CARTESIAN_POINT('',(0.505342166076,0.431262356468,0.5635005879)
  );
#4689 = CARTESIAN_POINT('',(0.505342166076,0.431262356468,0.5625005879)
  );
#4690 = CARTESIAN_POINT('',(0.501241360854,0.43269306336,0.5635005879));
#4691 = CARTESIAN_POINT('',(0.501241360854,0.43269306336,0.5625005879));
#4692 = CARTESIAN_POINT('',(0.496308749299,0.43269306336,0.5635005879));
#4693 = CARTESIAN_POINT('',(0.496308749299,0.43269306336,0.5625005879));
#4694 = ADVANCED_FACE('',(#4695),#4705,.F.);
#4695 = FACE_BOUND('',#4696,.T.);
#4696 = EDGE_LOOP('',(#4697,#4698,#4703,#4704));
#4697 = ORIENTED_EDGE('',*,*,#4490,.T.);
#4698 = ORIENTED_EDGE('',*,*,#4699,.F.);
#4699 = EDGE_CURVE('',#4396,#4484,#4700,.T.);
#4700 = B_SPLINE_CURVE_WITH_KNOTS('',1,(#4701,#4702),.UNSPECIFIED.,.F.,
  .F.,(2,2),(-0.,1.E-03),.PIECEWISE_BEZIER_KNOTS.);
#4701 = CARTESIAN_POINT('',(0.487025790622,0.43269306336,0.5635005879));
#4702 = CARTESIAN_POINT('',(0.487025790622,0.43269306336,0.5625005879));
#4703 = ORIENTED_EDGE('',*,*,#4395,.F.);
#4704 = ORIENTED_EDGE('',*,*,#4680,.T.);
#4705 = B_SPLINE_SURFACE_WITH_KNOTS('',1,1,(
    (#4706,#4707)
    ,(#4708,#4709
    )),.UNSPECIFIED.,.F.,.F.,.F.,(2,2),(2,2),(0.,1.E-03),(0.,
    9.282958676945E-03),.PIECEWISE_BEZIER_KNOTS.);
#4706 = CARTESIAN_POINT('',(0.487025790622,0.43269306336,0.5635005879));
#4707 = CARTESIAN_POINT('',(0.496308749299,0.43269306336,0.5635005879));
#4708 = CARTESIAN_POINT('',(0.487025790622,0.43269306336,0.5625005879));
#4709 = CARTESIAN_POINT('',(0.496308749299,0.43269306336,0.5625005879));
#4710 = ADVANCED_FACE('',(#4711),#4717,.F.);
#4711 = FACE_BOUND('',#4712,.T.);
#4712 = EDGE_LOOP('',(#4713,#4714,#4715,#4716));
#4713 = ORIENTED_EDGE('',*,*,#4483,.T.);
#4714 = ORIENTED_EDGE('',*,*,#4605,.F.);
#4715 = ORIENTED_EDGE('',*,*,#4402,.F.);
#4716 = ORIENTED_EDGE('',*,*,#4699,.T.);
#4717 = B_SPLINE_SURFACE_WITH_KNOTS('',1,1,(
    (#4718,#4719)
    ,(#4720,#4721
    )),.UNSPECIFIED.,.F.,.F.,.F.,(2,2),(2,2),(0.,1.E-03),(0.,
    3.254026374901E-02),.PIECEWISE_BEZIER_KNOTS.);
#4718 = CARTESIAN_POINT('',(0.487025790622,0.400152799611,0.5635005879)
  );
#4719 = CARTESIAN_POINT('',(0.487025790622,0.43269306336,0.5635005879));
#4720 = CARTESIAN_POINT('',(0.487025790622,0.400152799611,0.5625005879)
  );
#4721 = CARTESIAN_POINT('',(0.487025790622,0.43269306336,0.5625005879));
#4722 = ADVANCED_FACE('',(#4723),#4737,.T.);
#4723 = FACE_BOUND('',#4724,.T.);
#4724 = EDGE_LOOP('',(#4725,#4726,#4731,#4732));
#4725 = ORIENTED_EDGE('',*,*,#4533,.F.);
#4726 = ORIENTED_EDGE('',*,*,#4727,.F.);
#4727 = EDGE_CURVE('',#4419,#4534,#4728,.T.);
#4728 = B_SPLINE_CURVE_WITH_KNOTS('',1,(#4729,#4730),.UNSPECIFIED.,.F.,
  .F.,(2,2),(-0.,1.E-03),.PIECEWISE_BEZIER_KNOTS.);
#4729 = CARTESIAN_POINT('',(0.496142388032,0.428949934862,0.5635005879)
  );
#4730 = CARTESIAN_POINT('',(0.496142388032,0.428949934862,0.5625005879)
  );
#4731 = ORIENTED_EDGE('',*,*,#4418,.T.);
#4732 = ORIENTED_EDGE('',*,*,#4733,.T.);
#4733 = EDGE_CURVE('',#4410,#4536,#4734,.T.);
#4734 = B_SPLINE_CURVE_WITH_KNOTS('',1,(#4735,#4736),.UNSPECIFIED.,.F.,
  .F.,(2,2),(-0.,1.E-03),.PIECEWISE_BEZIER_KNOTS.);
#4735 = CARTESIAN_POINT('',(0.491226412604,0.428949934862,0.5635005879)
  );
#4736 = CARTESIAN_POINT('',(0.491226412604,0.428949934862,0.5625005879)
  );
#4737 = B_SPLINE_SURFACE_WITH_KNOTS('',1,1,(
    (#4738,#4739)
    ,(#4740,#4741)),.UNSPECIFIED.,.F.,.F.,.F.,(2,2),(2,2),(0.,1.E-03),(
    -4.915975428067E-03,0.),.PIECEWISE_BEZIER_KNOTS.);
#4738 = CARTESIAN_POINT('',(0.491226412604,0.428949934862,0.5635005879)
  );
#4739 = CARTESIAN_POINT('',(0.496142388032,0.428949934862,0.5635005879)
  );
#4740 = CARTESIAN_POINT('',(0.491226412604,0.428949934862,0.5625005879)
  );
#4741 = CARTESIAN_POINT('',(0.496142388032,0.428949934862,0.5625005879)
  );
#4742 = ADVANCED_FACE('',(#4743),#4753,.T.);
#4743 = FACE_BOUND('',#4744,.T.);
#4744 = EDGE_LOOP('',(#4745,#4746,#4747,#4748));
#4745 = ORIENTED_EDGE('',*,*,#4542,.F.);
#4746 = ORIENTED_EDGE('',*,*,#4733,.F.);
#4747 = ORIENTED_EDGE('',*,*,#4409,.T.);
#4748 = ORIENTED_EDGE('',*,*,#4749,.T.);
#4749 = EDGE_CURVE('',#4412,#4543,#4750,.T.);
#4750 = B_SPLINE_CURVE_WITH_KNOTS('',1,(#4751,#4752),.UNSPECIFIED.,.F.,
  .F.,(2,2),(-0.,1.E-03),.PIECEWISE_BEZIER_KNOTS.);
#4751 = CARTESIAN_POINT('',(0.491226412604,0.403862655857,0.5635005879)
  );
#4752 = CARTESIAN_POINT('',(0.491226412604,0.403862655857,0.5625005879)
  );
#4753 = B_SPLINE_SURFACE_WITH_KNOTS('',1,1,(
    (#4754,#4755)
    ,(#4756,#4757)),.UNSPECIFIED.,.F.,.F.,.F.,(2,2),(2,2),(0.,1.E-03),(
    -2.508727900492E-02,0.),.PIECEWISE_BEZIER_KNOTS.);
#4754 = CARTESIAN_POINT('',(0.491226412604,0.403862655857,0.5635005879)
  );
#4755 = CARTESIAN_POINT('',(0.491226412604,0.428949934862,0.5635005879)
  );
#4756 = CARTESIAN_POINT('',(0.491226412604,0.403862655857,0.5625005879)
  );
#4757 = CARTESIAN_POINT('',(0.491226412604,0.428949934862,0.5625005879)
  );
#4758 = ADVANCED_FACE('',(#4759),#4769,.T.);
#4759 = FACE_BOUND('',#4760,.T.);
#4760 = EDGE_LOOP('',(#4761,#4762,#4763,#4764));
#4761 = ORIENTED_EDGE('',*,*,#4549,.F.);
#4762 = ORIENTED_EDGE('',*,*,#4749,.F.);
#4763 = ORIENTED_EDGE('',*,*,#4461,.T.);
#4764 = ORIENTED_EDGE('',*,*,#4765,.T.);
#4765 = EDGE_CURVE('',#4453,#4550,#4766,.T.);
#4766 = B_SPLINE_CURVE_WITH_KNOTS('',1,(#4767,#4768),.UNSPECIFIED.,.F.,
  .F.,(2,2),(-0.,1.E-03),.PIECEWISE_BEZIER_KNOTS.);
#4767 = CARTESIAN_POINT('',(0.495951072575,0.403862655857,0.5635005879)
  );
#4768 = CARTESIAN_POINT('',(0.495951072575,0.403862655857,0.5625005879)
  );
#4769 = B_SPLINE_SURFACE_WITH_KNOTS('',1,1,(
    (#4770,#4771)
    ,(#4772,#4773
    )),.UNSPECIFIED.,.F.,.F.,.F.,(2,2),(2,2),(-1.E-03,0.),(0.,
    4.724659971683E-03),.PIECEWISE_BEZIER_KNOTS.);
#4770 = CARTESIAN_POINT('',(0.491226412604,0.403862655857,0.5625005879)
  );
#4771 = CARTESIAN_POINT('',(0.495951072575,0.403862655857,0.5625005879)
  );
#4772 = CARTESIAN_POINT('',(0.491226412604,0.403862655857,0.5635005879)
  );
#4773 = CARTESIAN_POINT('',(0.495951072575,0.403862655857,0.5635005879)
  );
#4774 = ADVANCED_FACE('',(#4775),#4785,.T.);
#4775 = FACE_BOUND('',#4776,.T.);
#4776 = EDGE_LOOP('',(#4777,#4778,#4779,#4780));
#4777 = ORIENTED_EDGE('',*,*,#4556,.F.);
#4778 = ORIENTED_EDGE('',*,*,#4765,.F.);
#4779 = ORIENTED_EDGE('',*,*,#4452,.T.);
#4780 = ORIENTED_EDGE('',*,*,#4781,.T.);
#4781 = EDGE_CURVE('',#4444,#4557,#4782,.T.);
#4782 = B_SPLINE_CURVE_WITH_KNOTS('',1,(#4783,#4784),.UNSPECIFIED.,.F.,
  .F.,(2,2),(-0.,1.E-03),.PIECEWISE_BEZIER_KNOTS.);
#4783 = CARTESIAN_POINT('',(0.505624980229,0.407256425695,0.5635005879)
  );
#4784 = CARTESIAN_POINT('',(0.505624980229,0.407256425695,0.5625005879)
  );
#4785 = B_SPLINE_SURFACE_WITH_KNOTS('',3,1,(
    (#4786,#4787)
    ,(#4788,#4789)
    ,(#4790,#4791)
    ,(#4792,#4793
    )),.UNSPECIFIED.,.F.,.F.,.F.,(4,4),(2,2),(2.,3.),(0.,1.),
  .PIECEWISE_BEZIER_KNOTS.);
#4786 = CARTESIAN_POINT('',(0.495951072575,0.403862655857,0.5635005879)
  );
#4787 = CARTESIAN_POINT('',(0.495951072575,0.403862655857,0.5625005879)
  );
#4788 = CARTESIAN_POINT('',(0.500085150051,0.403862655857,0.5635005879)
  );
#4789 = CARTESIAN_POINT('',(0.500085150051,0.403862655857,0.5625005879)
  );
#4790 = CARTESIAN_POINT('',(0.503312558623,0.40499391247,0.5635005879));
#4791 = CARTESIAN_POINT('',(0.503312558623,0.40499391247,0.5625005879));
#4792 = CARTESIAN_POINT('',(0.505624980229,0.407256425695,0.5635005879)
  );
#4793 = CARTESIAN_POINT('',(0.505624980229,0.407256425695,0.5625005879)
  );
#4794 = ADVANCED_FACE('',(#4795),#4805,.T.);
#4795 = FACE_BOUND('',#4796,.T.);
#4796 = EDGE_LOOP('',(#4797,#4798,#4799,#4800));
#4797 = ORIENTED_EDGE('',*,*,#4565,.F.);
#4798 = ORIENTED_EDGE('',*,*,#4781,.F.);
#4799 = ORIENTED_EDGE('',*,*,#4443,.T.);
#4800 = ORIENTED_EDGE('',*,*,#4801,.T.);
#4801 = EDGE_CURVE('',#4435,#4566,#4802,.T.);
#4802 = B_SPLINE_CURVE_WITH_KNOTS('',1,(#4803,#4804),.UNSPECIFIED.,.F.,
  .F.,(2,2),(-0.,1.E-03),.PIECEWISE_BEZIER_KNOTS.);
#4803 = CARTESIAN_POINT('',(0.509101930701,0.416722381766,0.5635005879)
  );
#4804 = CARTESIAN_POINT('',(0.509101930701,0.416722381766,0.5625005879)
  );
#4805 = B_SPLINE_SURFACE_WITH_KNOTS('',3,1,(
    (#4806,#4807)
    ,(#4808,#4809)
    ,(#4810,#4811)
    ,(#4812,#4813
    )),.UNSPECIFIED.,.F.,.F.,.F.,(4,4),(2,2),(3.,4.),(0.,1.),
  .PIECEWISE_BEZIER_KNOTS.);
#4806 = CARTESIAN_POINT('',(0.505624980229,0.407256425695,0.5635005879)
  );
#4807 = CARTESIAN_POINT('',(0.505624980229,0.407256425695,0.5625005879)
  );
#4808 = CARTESIAN_POINT('',(0.507945719898,0.409502302795,0.5635005879)
  );
#4809 = CARTESIAN_POINT('',(0.507945719898,0.409502302795,0.5625005879)
  );
#4810 = CARTESIAN_POINT('',(0.509101930701,0.41266316686,0.5635005879));
#4811 = CARTESIAN_POINT('',(0.509101930701,0.41266316686,0.5625005879));
#4812 = CARTESIAN_POINT('',(0.509101930701,0.416722381766,0.5635005879)
  );
#4813 = CARTESIAN_POINT('',(0.509101930701,0.416722381766,0.5625005879)
  );
#4814 = ADVANCED_FACE('',(#4815),#4825,.T.);
#4815 = FACE_BOUND('',#4816,.T.);
#4816 = EDGE_LOOP('',(#4817,#4818,#4819,#4820));
#4817 = ORIENTED_EDGE('',*,*,#4574,.F.);
#4818 = ORIENTED_EDGE('',*,*,#4801,.F.);
#4819 = ORIENTED_EDGE('',*,*,#4434,.T.);
#4820 = ORIENTED_EDGE('',*,*,#4821,.T.);
#4821 = EDGE_CURVE('',#4426,#4575,#4822,.T.);
#4822 = B_SPLINE_CURVE_WITH_KNOTS('',1,(#4823,#4824),.UNSPECIFIED.,.F.,
  .F.,(2,2),(-0.,1.E-03),.PIECEWISE_BEZIER_KNOTS.);
#4823 = CARTESIAN_POINT('',(0.505533481532,0.425888887556,0.5635005879)
  );
#4824 = CARTESIAN_POINT('',(0.505533481532,0.425888887556,0.5625005879)
  );
#4825 = B_SPLINE_SURFACE_WITH_KNOTS('',3,1,(
    (#4826,#4827)
    ,(#4828,#4829)
    ,(#4830,#4831)
    ,(#4832,#4833
    )),.UNSPECIFIED.,.F.,.F.,.F.,(4,4),(2,2),(4.,5.),(0.,1.),
  .PIECEWISE_BEZIER_KNOTS.);
#4826 = CARTESIAN_POINT('',(0.509101930701,0.416722381766,0.5635005879)
  );
#4827 = CARTESIAN_POINT('',(0.509101930701,0.416722381766,0.5625005879)
  );
#4828 = CARTESIAN_POINT('',(0.509101930701,0.420781596671,0.5635005879)
  );
#4829 = CARTESIAN_POINT('',(0.509101930701,0.420781596671,0.5625005879)
  );
#4830 = CARTESIAN_POINT('',(0.507912447645,0.423842643977,0.5635005879)
  );
#4831 = CARTESIAN_POINT('',(0.507912447645,0.423842643977,0.5625005879)
  );
#4832 = CARTESIAN_POINT('',(0.505533481532,0.425888887556,0.5635005879)
  );
#4833 = CARTESIAN_POINT('',(0.505533481532,0.425888887556,0.5625005879)
  );
#4834 = ADVANCED_FACE('',(#4835),#4841,.T.);
#4835 = FACE_BOUND('',#4836,.T.);
#4836 = EDGE_LOOP('',(#4837,#4838,#4839,#4840));
#4837 = ORIENTED_EDGE('',*,*,#4583,.F.);
#4838 = ORIENTED_EDGE('',*,*,#4821,.F.);
#4839 = ORIENTED_EDGE('',*,*,#4425,.T.);
#4840 = ORIENTED_EDGE('',*,*,#4727,.T.);
#4841 = B_SPLINE_SURFACE_WITH_KNOTS('',3,1,(
    (#4842,#4843)
    ,(#4844,#4845)
    ,(#4846,#4847)
    ,(#4848,#4849
    )),.UNSPECIFIED.,.F.,.F.,.F.,(4,4),(2,2),(5.,6.),(0.,1.),
  .PIECEWISE_BEZIER_KNOTS.);
#4842 = CARTESIAN_POINT('',(0.505533481532,0.425888887556,0.5635005879)
  );
#4843 = CARTESIAN_POINT('',(0.505533481532,0.425888887556,0.5625005879)
  );
#4844 = CARTESIAN_POINT('',(0.503154515419,0.427935131135,0.5635005879)
  );
#4845 = CARTESIAN_POINT('',(0.503154515419,0.427935131135,0.5625005879)
  );
#4846 = CARTESIAN_POINT('',(0.500018605544,0.428949934862,0.5635005879)
  );
#4847 = CARTESIAN_POINT('',(0.500018605544,0.428949934862,0.5625005879)
  );
#4848 = CARTESIAN_POINT('',(0.496142388032,0.428949934862,0.5635005879)
  );
#4849 = CARTESIAN_POINT('',(0.496142388032,0.428949934862,0.5625005879)
  );
#4850 = MANIFOLD_SOLID_BREP('',#4851);
#4851 = CLOSED_SHELL('',(#4852,#4964,#5076,#5096,#5112,#5128,#5144,#5160
    ,#5176,#5192,#5204,#5224,#5240,#5260,#5276,#5296));
#4852 = ADVANCED_FACE('',(#4853,#4911),#4959,.F.);
#4853 = FACE_BOUND('',#4854,.T.);
#4854 = EDGE_LOOP('',(#4855,#4864,#4871,#4878,#4885,#4892,#4899,#4906));
#4855 = ORIENTED_EDGE('',*,*,#4856,.T.);
#4856 = EDGE_CURVE('',#4857,#4859,#4861,.T.);
#4857 = VERTEX_POINT('',#4858);
#4858 = CARTESIAN_POINT('',(0.544603424996,0.400152799611,0.5635005879)
  );
#4859 = VERTEX_POINT('',#4860);
#4860 = CARTESIAN_POINT('',(0.532209510633,0.43269306336,0.5635005879));
#4861 = B_SPLINE_CURVE_WITH_KNOTS('',1,(#4862,#4863),.UNSPECIFIED.,.F.,
  .F.,(2,2),(-3.482065303928E-02,0.),.PIECEWISE_BEZIER_KNOTS.);
#4862 = CARTESIAN_POINT('',(0.544603424996,0.400152799611,0.5635005879)
  );
#4863 = CARTESIAN_POINT('',(0.532209510633,0.43269306336,0.5635005879));
#4864 = ORIENTED_EDGE('',*,*,#4865,.T.);
#4865 = EDGE_CURVE('',#4859,#4866,#4868,.T.);
#4866 = VERTEX_POINT('',#4867);
#4867 = CARTESIAN_POINT('',(0.527717756435,0.43269306336,0.5635005879));
#4868 = B_SPLINE_CURVE_WITH_KNOTS('',1,(#4869,#4870),.UNSPECIFIED.,.F.,
  .F.,(2,2),(-4.491754198472E-03,-0.),.PIECEWISE_BEZIER_KNOTS.);
#4869 = CARTESIAN_POINT('',(0.532209510633,0.43269306336,0.5635005879));
#4870 = CARTESIAN_POINT('',(0.527717756435,0.43269306336,0.5635005879));
#4871 = ORIENTED_EDGE('',*,*,#4872,.T.);
#4872 = EDGE_CURVE('',#4866,#4873,#4875,.T.);
#4873 = VERTEX_POINT('',#4874);
#4874 = CARTESIAN_POINT('',(0.515323842072,0.400152799611,0.5635005879)
  );
#4875 = B_SPLINE_CURVE_WITH_KNOTS('',1,(#4876,#4877),.UNSPECIFIED.,.F.,
  .F.,(2,2),(-3.48206530392E-02,-0.),.PIECEWISE_BEZIER_KNOTS.);
#4876 = CARTESIAN_POINT('',(0.527717756435,0.43269306336,0.5635005879));
#4877 = CARTESIAN_POINT('',(0.515323842072,0.400152799611,0.5635005879)
  );
#4878 = ORIENTED_EDGE('',*,*,#4879,.T.);
#4879 = EDGE_CURVE('',#4873,#4880,#4882,.T.);
#4880 = VERTEX_POINT('',#4881);
#4881 = CARTESIAN_POINT('',(0.519965321411,0.400152799611,0.5635005879)
  );
#4882 = B_SPLINE_CURVE_WITH_KNOTS('',1,(#4883,#4884),.UNSPECIFIED.,.F.,
  .F.,(2,2),(-4.641479338251E-03,0.),.PIECEWISE_BEZIER_KNOTS.);
#4883 = CARTESIAN_POINT('',(0.515323842072,0.400152799611,0.5635005879)
  );
#4884 = CARTESIAN_POINT('',(0.519965321411,0.400152799611,0.5635005879)
  );
#4885 = ORIENTED_EDGE('',*,*,#4886,.T.);
#4886 = EDGE_CURVE('',#4880,#4887,#4889,.T.);
#4887 = VERTEX_POINT('',#4888);
#4888 = CARTESIAN_POINT('',(0.523092913223,0.409053127375,0.5635005879)
  );
#4889 = B_SPLINE_CURVE_WITH_KNOTS('',1,(#4890,#4891),.UNSPECIFIED.,.F.,
  .F.,(2,2),(-9.433857368332E-03,0.),.PIECEWISE_BEZIER_KNOTS.);
#4890 = CARTESIAN_POINT('',(0.519965321411,0.400152799611,0.5635005879)
  );
#4891 = CARTESIAN_POINT('',(0.523092913223,0.409053127375,0.5635005879)
  );
#4892 = ORIENTED_EDGE('',*,*,#4893,.T.);
#4893 = EDGE_CURVE('',#4887,#4894,#4896,.T.);
#4894 = VERTEX_POINT('',#4895);
#4895 = CARTESIAN_POINT('',(0.536643038388,0.409053127375,0.5635005879)
  );
#4896 = B_SPLINE_CURVE_WITH_KNOTS('',1,(#4897,#4898),.UNSPECIFIED.,.F.,
  .F.,(2,2),(-1.355012516553E-02,0.),.PIECEWISE_BEZIER_KNOTS.);
#4897 = CARTESIAN_POINT('',(0.523092913223,0.409053127375,0.5635005879)
  );
#4898 = CARTESIAN_POINT('',(0.536643038388,0.409053127375,0.5635005879)
  );
#4899 = ORIENTED_EDGE('',*,*,#4900,.T.);
#4900 = EDGE_CURVE('',#4894,#4901,#4903,.T.);
#4901 = VERTEX_POINT('',#4902);
#4902 = CARTESIAN_POINT('',(0.539961945657,0.400152799611,0.5635005879)
  );
#4903 = B_SPLINE_CURVE_WITH_KNOTS('',1,(#4904,#4905),.UNSPECIFIED.,.F.,
  .F.,(2,2),(-9.498998882053E-03,0.),.PIECEWISE_BEZIER_KNOTS.);
#4904 = CARTESIAN_POINT('',(0.536643038388,0.409053127375,0.5635005879)
  );
#4905 = CARTESIAN_POINT('',(0.539961945657,0.400152799611,0.5635005879)
  );
#4906 = ORIENTED_EDGE('',*,*,#4907,.T.);
#4907 = EDGE_CURVE('',#4901,#4857,#4908,.T.);
#4908 = B_SPLINE_CURVE_WITH_KNOTS('',1,(#4909,#4910),.UNSPECIFIED.,.F.,
  .F.,(2,2),(-4.641479338472E-03,0.),.PIECEWISE_BEZIER_KNOTS.);
#4909 = CARTESIAN_POINT('',(0.539961945657,0.400152799611,0.5635005879)
  );
#4910 = CARTESIAN_POINT('',(0.544603424996,0.400152799611,0.5635005879)
  );
#4911 = FACE_BOUND('',#4912,.T.);
#4912 = EDGE_LOOP('',(#4913,#4922,#4929,#4938,#4945,#4954));
#4913 = ORIENTED_EDGE('',*,*,#4914,.F.);
#4914 = EDGE_CURVE('',#4915,#4917,#4919,.T.);
#4915 = VERTEX_POINT('',#4916);
#4916 = CARTESIAN_POINT('',(0.524423803356,0.412729711367,0.5635005879)
  );
#4917 = VERTEX_POINT('',#4918);
#4918 = CARTESIAN_POINT('',(0.535345420509,0.412729711367,0.5635005879)
  );
#4919 = B_SPLINE_CURVE_WITH_KNOTS('',1,(#4920,#4921),.UNSPECIFIED.,.F.,
  .F.,(2,2),(0.,1.092161715297E-02),.PIECEWISE_BEZIER_KNOTS.);
#4920 = CARTESIAN_POINT('',(0.524423803356,0.412729711367,0.5635005879)
  );
#4921 = CARTESIAN_POINT('',(0.535345420509,0.412729711367,0.5635005879)
  );
#4922 = ORIENTED_EDGE('',*,*,#4923,.F.);
#4923 = EDGE_CURVE('',#4924,#4915,#4926,.T.);
#4924 = VERTEX_POINT('',#4925);
#4925 = CARTESIAN_POINT('',(0.529289870404,0.426254882342,0.5635005879)
  );
#4926 = B_SPLINE_CURVE_WITH_KNOTS('',1,(#4927,#4928),.UNSPECIFIED.,.F.,
  .F.,(2,2),(5.223342800931E-17,1.437389503341E-02),
  .PIECEWISE_BEZIER_KNOTS.);
#4927 = CARTESIAN_POINT('',(0.529289870404,0.426254882342,0.5635005879)
  );
#4928 = CARTESIAN_POINT('',(0.524423803356,0.412729711367,0.5635005879)
  );
#4929 = ORIENTED_EDGE('',*,*,#4930,.F.);
#4930 = EDGE_CURVE('',#4931,#4924,#4933,.T.);
#4931 = VERTEX_POINT('',#4932);
#4932 = CARTESIAN_POINT('',(0.529822226457,0.428534031695,0.5635005879)
  );
#4933 = B_SPLINE_CURVE_WITH_KNOTS('',3,(#4934,#4935,#4936,#4937),
  .UNSPECIFIED.,.F.,.F.,(4,4),(3.,4.),.PIECEWISE_BEZIER_KNOTS.);
#4934 = CARTESIAN_POINT('',(0.529822226457,0.428534031695,0.5635005879)
  );
#4935 = CARTESIAN_POINT('',(0.529664183254,0.427552500222,0.5635005879)
  );
#4936 = CARTESIAN_POINT('',(0.529489503924,0.426787238396,0.5635005879)
  );
#4937 = CARTESIAN_POINT('',(0.529289870404,0.426254882342,0.5635005879)
  );
#4938 = ORIENTED_EDGE('',*,*,#4939,.F.);
#4939 = EDGE_CURVE('',#4940,#4931,#4942,.T.);
#4940 = VERTEX_POINT('',#4941);
#4941 = CARTESIAN_POINT('',(0.529922043217,0.428534031695,0.5635005879)
  );
#4942 = B_SPLINE_CURVE_WITH_KNOTS('',1,(#4943,#4944),.UNSPECIFIED.,.F.,
  .F.,(2,2),(0.,9.981675985271E-05),.PIECEWISE_BEZIER_KNOTS.);
#4943 = CARTESIAN_POINT('',(0.529922043217,0.428534031695,0.5635005879)
  );
#4944 = CARTESIAN_POINT('',(0.529822226457,0.428534031695,0.5635005879)
  );
#4945 = ORIENTED_EDGE('',*,*,#4946,.F.);
#4946 = EDGE_CURVE('',#4947,#4940,#4949,.T.);
#4947 = VERTEX_POINT('',#4948);
#4948 = CARTESIAN_POINT('',(0.530429445081,0.426254882342,0.5635005879)
  );
#4949 = B_SPLINE_CURVE_WITH_KNOTS('',3,(#4950,#4951,#4952,#4953),
  .UNSPECIFIED.,.F.,.F.,(4,4),(1.,2.),.PIECEWISE_BEZIER_KNOTS.);
#4950 = CARTESIAN_POINT('',(0.530429445081,0.426254882342,0.5635005879)
  );
#4951 = CARTESIAN_POINT('',(0.530271401877,0.426704057762,0.5635005879)
  );
#4952 = CARTESIAN_POINT('',(0.530105040611,0.427452683462,0.5635005879)
  );
#4953 = CARTESIAN_POINT('',(0.529922043217,0.428534031695,0.5635005879)
  );
#4954 = ORIENTED_EDGE('',*,*,#4955,.F.);
#4955 = EDGE_CURVE('',#4917,#4947,#4956,.T.);
#4956 = B_SPLINE_CURVE_WITH_KNOTS('',1,(#4957,#4958),.UNSPECIFIED.,.F.,
  .F.,(2,2),(0.,1.439086739303E-02),.PIECEWISE_BEZIER_KNOTS.);
#4957 = CARTESIAN_POINT('',(0.535345420509,0.412729711367,0.5635005879)
  );
#4958 = CARTESIAN_POINT('',(0.530429445081,0.426254882342,0.5635005879)
  );
#4959 = B_SPLINE_SURFACE_WITH_KNOTS('',1,1,(
    (#4960,#4961)
    ,(#4962,#4963
    )),.UNSPECIFIED.,.F.,.F.,.F.,(2,2),(2,2),(-0.544603424996,
    -0.515323842072),(0.400152799611,0.43269306336),
  .PIECEWISE_BEZIER_KNOTS.);
#4960 = CARTESIAN_POINT('',(0.544603424996,0.400152799611,0.5635005879)
  );
#4961 = CARTESIAN_POINT('',(0.544603424996,0.43269306336,0.5635005879));
#4962 = CARTESIAN_POINT('',(0.515323842072,0.400152799611,0.5635005879)
  );
#4963 = CARTESIAN_POINT('',(0.515323842072,0.43269306336,0.5635005879));
#4964 = ADVANCED_FACE('',(#4965,#5023),#5071,.T.);
#4965 = FACE_BOUND('',#4966,.T.);
#4966 = EDGE_LOOP('',(#4967,#4976,#4983,#4990,#4997,#5004,#5011,#5018));
#4967 = ORIENTED_EDGE('',*,*,#4968,.F.);
#4968 = EDGE_CURVE('',#4969,#4971,#4973,.T.);
#4969 = VERTEX_POINT('',#4970);
#4970 = CARTESIAN_POINT('',(0.544603424996,0.400152799611,0.5625005879)
  );
#4971 = VERTEX_POINT('',#4972);
#4972 = CARTESIAN_POINT('',(0.532209510633,0.43269306336,0.5625005879));
#4973 = B_SPLINE_CURVE_WITH_KNOTS('',1,(#4974,#4975),.UNSPECIFIED.,.F.,
  .F.,(2,2),(-3.482065303928E-02,0.),.PIECEWISE_BEZIER_KNOTS.);
#4974 = CARTESIAN_POINT('',(0.544603424996,0.400152799611,0.5625005879)
  );
#4975 = CARTESIAN_POINT('',(0.532209510633,0.43269306336,0.5625005879));
#4976 = ORIENTED_EDGE('',*,*,#4977,.F.);
#4977 = EDGE_CURVE('',#4978,#4969,#4980,.T.);
#4978 = VERTEX_POINT('',#4979);
#4979 = CARTESIAN_POINT('',(0.539961945657,0.400152799611,0.5625005879)
  );
#4980 = B_SPLINE_CURVE_WITH_KNOTS('',1,(#4981,#4982),.UNSPECIFIED.,.F.,
  .F.,(2,2),(-4.641479338472E-03,0.),.PIECEWISE_BEZIER_KNOTS.);
#4981 = CARTESIAN_POINT('',(0.539961945657,0.400152799611,0.5625005879)
  );
#4982 = CARTESIAN_POINT('',(0.544603424996,0.400152799611,0.5625005879)
  );
#4983 = ORIENTED_EDGE('',*,*,#4984,.F.);
#4984 = EDGE_CURVE('',#4985,#4978,#4987,.T.);
#4985 = VERTEX_POINT('',#4986);
#4986 = CARTESIAN_POINT('',(0.536643038388,0.409053127375,0.5625005879)
  );
#4987 = B_SPLINE_CURVE_WITH_KNOTS('',1,(#4988,#4989),.UNSPECIFIED.,.F.,
  .F.,(2,2),(-9.498998882053E-03,0.),.PIECEWISE_BEZIER_KNOTS.);
#4988 = CARTESIAN_POINT('',(0.536643038388,0.409053127375,0.5625005879)
  );
#4989 = CARTESIAN_POINT('',(0.539961945657,0.400152799611,0.5625005879)
  );
#4990 = ORIENTED_EDGE('',*,*,#4991,.F.);
#4991 = EDGE_CURVE('',#4992,#4985,#4994,.T.);
#4992 = VERTEX_POINT('',#4993);
#4993 = CARTESIAN_POINT('',(0.523092913223,0.409053127375,0.5625005879)
  );
#4994 = B_SPLINE_CURVE_WITH_KNOTS('',1,(#4995,#4996),.UNSPECIFIED.,.F.,
  .F.,(2,2),(-1.355012516553E-02,0.),.PIECEWISE_BEZIER_KNOTS.);
#4995 = CARTESIAN_POINT('',(0.523092913223,0.409053127375,0.5625005879)
  );
#4996 = CARTESIAN_POINT('',(0.536643038388,0.409053127375,0.5625005879)
  );
#4997 = ORIENTED_EDGE('',*,*,#4998,.F.);
#4998 = EDGE_CURVE('',#4999,#4992,#5001,.T.);
#4999 = VERTEX_POINT('',#5000);
#5000 = CARTESIAN_POINT('',(0.519965321411,0.400152799611,0.5625005879)
  );
#5001 = B_SPLINE_CURVE_WITH_KNOTS('',1,(#5002,#5003),.UNSPECIFIED.,.F.,
  .F.,(2,2),(-9.433857368332E-03,0.),.PIECEWISE_BEZIER_KNOTS.);
#5002 = CARTESIAN_POINT('',(0.519965321411,0.400152799611,0.5625005879)
  );
#5003 = CARTESIAN_POINT('',(0.523092913223,0.409053127375,0.5625005879)
  );
#5004 = ORIENTED_EDGE('',*,*,#5005,.F.);
#5005 = EDGE_CURVE('',#5006,#4999,#5008,.T.);
#5006 = VERTEX_POINT('',#5007);
#5007 = CARTESIAN_POINT('',(0.515323842072,0.400152799611,0.5625005879)
  );
#5008 = B_SPLINE_CURVE_WITH_KNOTS('',1,(#5009,#5010),.UNSPECIFIED.,.F.,
  .F.,(2,2),(-4.641479338251E-03,0.),.PIECEWISE_BEZIER_KNOTS.);
#5009 = CARTESIAN_POINT('',(0.515323842072,0.400152799611,0.5625005879)
  );
#5010 = CARTESIAN_POINT('',(0.519965321411,0.400152799611,0.5625005879)
  );
#5011 = ORIENTED_EDGE('',*,*,#5012,.F.);
#5012 = EDGE_CURVE('',#5013,#5006,#5015,.T.);
#5013 = VERTEX_POINT('',#5014);
#5014 = CARTESIAN_POINT('',(0.527717756435,0.43269306336,0.5625005879));
#5015 = B_SPLINE_CURVE_WITH_KNOTS('',1,(#5016,#5017),.UNSPECIFIED.,.F.,
  .F.,(2,2),(-3.48206530392E-02,-0.),.PIECEWISE_BEZIER_KNOTS.);
#5016 = CARTESIAN_POINT('',(0.527717756435,0.43269306336,0.5625005879));
#5017 = CARTESIAN_POINT('',(0.515323842072,0.400152799611,0.5625005879)
  );
#5018 = ORIENTED_EDGE('',*,*,#5019,.F.);
#5019 = EDGE_CURVE('',#4971,#5013,#5020,.T.);
#5020 = B_SPLINE_CURVE_WITH_KNOTS('',1,(#5021,#5022),.UNSPECIFIED.,.F.,
  .F.,(2,2),(-4.491754198472E-03,-0.),.PIECEWISE_BEZIER_KNOTS.);
#5021 = CARTESIAN_POINT('',(0.532209510633,0.43269306336,0.5625005879));
#5022 = CARTESIAN_POINT('',(0.527717756435,0.43269306336,0.5625005879));
#5023 = FACE_BOUND('',#5024,.T.);
#5024 = EDGE_LOOP('',(#5025,#5034,#5041,#5048,#5057,#5064));
#5025 = ORIENTED_EDGE('',*,*,#5026,.T.);
#5026 = EDGE_CURVE('',#5027,#5029,#5031,.T.);
#5027 = VERTEX_POINT('',#5028);
#5028 = CARTESIAN_POINT('',(0.529289870404,0.426254882342,0.5625005879)
  );
#5029 = VERTEX_POINT('',#5030);
#5030 = CARTESIAN_POINT('',(0.524423803356,0.412729711367,0.5625005879)
  );
#5031 = B_SPLINE_CURVE_WITH_KNOTS('',1,(#5032,#5033),.UNSPECIFIED.,.F.,
  .F.,(2,2),(5.223342800931E-17,1.437389503341E-02),
  .PIECEWISE_BEZIER_KNOTS.);
#5032 = CARTESIAN_POINT('',(0.529289870404,0.426254882342,0.5625005879)
  );
#5033 = CARTESIAN_POINT('',(0.524423803356,0.412729711367,0.5625005879)
  );
#5034 = ORIENTED_EDGE('',*,*,#5035,.T.);
#5035 = EDGE_CURVE('',#5029,#5036,#5038,.T.);
#5036 = VERTEX_POINT('',#5037);
#5037 = CARTESIAN_POINT('',(0.535345420509,0.412729711367,0.5625005879)
  );
#5038 = B_SPLINE_CURVE_WITH_KNOTS('',1,(#5039,#5040),.UNSPECIFIED.,.F.,
  .F.,(2,2),(0.,1.092161715297E-02),.PIECEWISE_BEZIER_KNOTS.);
#5039 = CARTESIAN_POINT('',(0.524423803356,0.412729711367,0.5625005879)
  );
#5040 = CARTESIAN_POINT('',(0.535345420509,0.412729711367,0.5625005879)
  );
#5041 = ORIENTED_EDGE('',*,*,#5042,.T.);
#5042 = EDGE_CURVE('',#5036,#5043,#5045,.T.);
#5043 = VERTEX_POINT('',#5044);
#5044 = CARTESIAN_POINT('',(0.530429445081,0.426254882342,0.5625005879)
  );
#5045 = B_SPLINE_CURVE_WITH_KNOTS('',1,(#5046,#5047),.UNSPECIFIED.,.F.,
  .F.,(2,2),(0.,1.439086739303E-02),.PIECEWISE_BEZIER_KNOTS.);
#5046 = CARTESIAN_POINT('',(0.535345420509,0.412729711367,0.5625005879)
  );
#5047 = CARTESIAN_POINT('',(0.530429445081,0.426254882342,0.5625005879)
  );
#5048 = ORIENTED_EDGE('',*,*,#5049,.T.);
#5049 = EDGE_CURVE('',#5043,#5050,#5052,.T.);
#5050 = VERTEX_POINT('',#5051);
#5051 = CARTESIAN_POINT('',(0.529922043217,0.428534031695,0.5625005879)
  );
#5052 = B_SPLINE_CURVE_WITH_KNOTS('',3,(#5053,#5054,#5055,#5056),
  .UNSPECIFIED.,.F.,.F.,(4,4),(1.,2.),.PIECEWISE_BEZIER_KNOTS.);
#5053 = CARTESIAN_POINT('',(0.530429445081,0.426254882342,0.5625005879)
  );
#5054 = CARTESIAN_POINT('',(0.530271401877,0.426704057762,0.5625005879)
  );
#5055 = CARTESIAN_POINT('',(0.530105040611,0.427452683462,0.5625005879)
  );
#5056 = CARTESIAN_POINT('',(0.529922043217,0.428534031695,0.5625005879)
  );
#5057 = ORIENTED_EDGE('',*,*,#5058,.T.);
#5058 = EDGE_CURVE('',#5050,#5059,#5061,.T.);
#5059 = VERTEX_POINT('',#5060);
#5060 = CARTESIAN_POINT('',(0.529822226457,0.428534031695,0.5625005879)
  );
#5061 = B_SPLINE_CURVE_WITH_KNOTS('',1,(#5062,#5063),.UNSPECIFIED.,.F.,
  .F.,(2,2),(0.,9.981675985271E-05),.PIECEWISE_BEZIER_KNOTS.);
#5062 = CARTESIAN_POINT('',(0.529922043217,0.428534031695,0.5625005879)
  );
#5063 = CARTESIAN_POINT('',(0.529822226457,0.428534031695,0.5625005879)
  );
#5064 = ORIENTED_EDGE('',*,*,#5065,.T.);
#5065 = EDGE_CURVE('',#5059,#5027,#5066,.T.);
#5066 = B_SPLINE_CURVE_WITH_KNOTS('',3,(#5067,#5068,#5069,#5070),
  .UNSPECIFIED.,.F.,.F.,(4,4),(3.,4.),.PIECEWISE_BEZIER_KNOTS.);
#5067 = CARTESIAN_POINT('',(0.529822226457,0.428534031695,0.5625005879)
  );
#5068 = CARTESIAN_POINT('',(0.529664183254,0.427552500222,0.5625005879)
  );
#5069 = CARTESIAN_POINT('',(0.529489503924,0.426787238396,0.5625005879)
  );
#5070 = CARTESIAN_POINT('',(0.529289870404,0.426254882342,0.5625005879)
  );
#5071 = B_SPLINE_SURFACE_WITH_KNOTS('',1,1,(
    (#5072,#5073)
    ,(#5074,#5075
    )),.UNSPECIFIED.,.F.,.F.,.F.,(2,2),(2,2),(-0.544603424996,
    -0.515323842072),(0.400152799611,0.43269306336),
  .PIECEWISE_BEZIER_KNOTS.);
#5072 = CARTESIAN_POINT('',(0.544603424996,0.400152799611,0.5625005879)
  );
#5073 = CARTESIAN_POINT('',(0.544603424996,0.43269306336,0.5625005879));
#5074 = CARTESIAN_POINT('',(0.515323842072,0.400152799611,0.5625005879)
  );
#5075 = CARTESIAN_POINT('',(0.515323842072,0.43269306336,0.5625005879));
#5076 = ADVANCED_FACE('',(#5077),#5091,.F.);
#5077 = FACE_BOUND('',#5078,.T.);
#5078 = EDGE_LOOP('',(#5079,#5080,#5085,#5086));
#5079 = ORIENTED_EDGE('',*,*,#4968,.T.);
#5080 = ORIENTED_EDGE('',*,*,#5081,.F.);
#5081 = EDGE_CURVE('',#4859,#4971,#5082,.T.);
#5082 = B_SPLINE_CURVE_WITH_KNOTS('',1,(#5083,#5084),.UNSPECIFIED.,.F.,
  .F.,(2,2),(-0.,1.E-03),.PIECEWISE_BEZIER_KNOTS.);
#5083 = CARTESIAN_POINT('',(0.532209510633,0.43269306336,0.5635005879));
#5084 = CARTESIAN_POINT('',(0.532209510633,0.43269306336,0.5625005879));
#5085 = ORIENTED_EDGE('',*,*,#4856,.F.);
#5086 = ORIENTED_EDGE('',*,*,#5087,.T.);
#5087 = EDGE_CURVE('',#4857,#4969,#5088,.T.);
#5088 = B_SPLINE_CURVE_WITH_KNOTS('',1,(#5089,#5090),.UNSPECIFIED.,.F.,
  .F.,(2,2),(-0.,1.E-03),.PIECEWISE_BEZIER_KNOTS.);
#5089 = CARTESIAN_POINT('',(0.544603424996,0.400152799611,0.5635005879)
  );
#5090 = CARTESIAN_POINT('',(0.544603424996,0.400152799611,0.5625005879)
  );
#5091 = B_SPLINE_SURFACE_WITH_KNOTS('',1,1,(
    (#5092,#5093)
    ,(#5094,#5095
    )),.UNSPECIFIED.,.F.,.F.,.F.,(2,2),(2,2),(0.,3.482065303928E-02),(
    -1.E-03,0.),.PIECEWISE_BEZIER_KNOTS.);
#5092 = CARTESIAN_POINT('',(0.532209510633,0.43269306336,0.5625005879));
#5093 = CARTESIAN_POINT('',(0.532209510633,0.43269306336,0.5635005879));
#5094 = CARTESIAN_POINT('',(0.544603424996,0.400152799611,0.5625005879)
  );
#5095 = CARTESIAN_POINT('',(0.544603424996,0.400152799611,0.5635005879)
  );
#5096 = ADVANCED_FACE('',(#5097),#5107,.F.);
#5097 = FACE_BOUND('',#5098,.T.);
#5098 = EDGE_LOOP('',(#5099,#5100,#5105,#5106));
#5099 = ORIENTED_EDGE('',*,*,#5019,.T.);
#5100 = ORIENTED_EDGE('',*,*,#5101,.F.);
#5101 = EDGE_CURVE('',#4866,#5013,#5102,.T.);
#5102 = B_SPLINE_CURVE_WITH_KNOTS('',1,(#5103,#5104),.UNSPECIFIED.,.F.,
  .F.,(2,2),(-0.,1.E-03),.PIECEWISE_BEZIER_KNOTS.);
#5103 = CARTESIAN_POINT('',(0.527717756435,0.43269306336,0.5635005879));
#5104 = CARTESIAN_POINT('',(0.527717756435,0.43269306336,0.5625005879));
#5105 = ORIENTED_EDGE('',*,*,#4865,.F.);
#5106 = ORIENTED_EDGE('',*,*,#5081,.T.);
#5107 = B_SPLINE_SURFACE_WITH_KNOTS('',1,1,(
    (#5108,#5109)
    ,(#5110,#5111
    )),.UNSPECIFIED.,.F.,.F.,.F.,(2,2),(2,2),(0.,1.E-03),(0.,
    4.491754198472E-03),.PIECEWISE_BEZIER_KNOTS.);
#5108 = CARTESIAN_POINT('',(0.527717756435,0.43269306336,0.5635005879));
#5109 = CARTESIAN_POINT('',(0.532209510633,0.43269306336,0.5635005879));
#5110 = CARTESIAN_POINT('',(0.527717756435,0.43269306336,0.5625005879));
#5111 = CARTESIAN_POINT('',(0.532209510633,0.43269306336,0.5625005879));
#5112 = ADVANCED_FACE('',(#5113),#5123,.F.);
#5113 = FACE_BOUND('',#5114,.T.);
#5114 = EDGE_LOOP('',(#5115,#5116,#5121,#5122));
#5115 = ORIENTED_EDGE('',*,*,#5012,.T.);
#5116 = ORIENTED_EDGE('',*,*,#5117,.F.);
#5117 = EDGE_CURVE('',#4873,#5006,#5118,.T.);
#5118 = B_SPLINE_CURVE_WITH_KNOTS('',1,(#5119,#5120),.UNSPECIFIED.,.F.,
  .F.,(2,2),(-0.,1.E-03),.PIECEWISE_BEZIER_KNOTS.);
#5119 = CARTESIAN_POINT('',(0.515323842072,0.400152799611,0.5635005879)
  );
#5120 = CARTESIAN_POINT('',(0.515323842072,0.400152799611,0.5625005879)
  );
#5121 = ORIENTED_EDGE('',*,*,#4872,.F.);
#5122 = ORIENTED_EDGE('',*,*,#5101,.T.);
#5123 = B_SPLINE_SURFACE_WITH_KNOTS('',1,1,(
    (#5124,#5125)
    ,(#5126,#5127
    )),.UNSPECIFIED.,.F.,.F.,.F.,(2,2),(2,2),(0.,3.48206530392E-02),(
    -1.E-03,0.),.PIECEWISE_BEZIER_KNOTS.);
#5124 = CARTESIAN_POINT('',(0.515323842072,0.400152799611,0.5625005879)
  );
#5125 = CARTESIAN_POINT('',(0.515323842072,0.400152799611,0.5635005879)
  );
#5126 = CARTESIAN_POINT('',(0.527717756435,0.43269306336,0.5625005879));
#5127 = CARTESIAN_POINT('',(0.527717756435,0.43269306336,0.5635005879));
#5128 = ADVANCED_FACE('',(#5129),#5139,.F.);
#5129 = FACE_BOUND('',#5130,.T.);
#5130 = EDGE_LOOP('',(#5131,#5132,#5137,#5138));
#5131 = ORIENTED_EDGE('',*,*,#5005,.T.);
#5132 = ORIENTED_EDGE('',*,*,#5133,.F.);
#5133 = EDGE_CURVE('',#4880,#4999,#5134,.T.);
#5134 = B_SPLINE_CURVE_WITH_KNOTS('',1,(#5135,#5136),.UNSPECIFIED.,.F.,
  .F.,(2,2),(-0.,1.E-03),.PIECEWISE_BEZIER_KNOTS.);
#5135 = CARTESIAN_POINT('',(0.519965321411,0.400152799611,0.5635005879)
  );
#5136 = CARTESIAN_POINT('',(0.519965321411,0.400152799611,0.5625005879)
  );
#5137 = ORIENTED_EDGE('',*,*,#4879,.F.);
#5138 = ORIENTED_EDGE('',*,*,#5117,.T.);
#5139 = B_SPLINE_SURFACE_WITH_KNOTS('',1,1,(
    (#5140,#5141)
    ,(#5142,#5143)),.UNSPECIFIED.,.F.,.F.,.F.,(2,2),(2,2),(-1.E-03,0.),(
    -4.641479338251E-03,0.),.PIECEWISE_BEZIER_KNOTS.);
#5140 = CARTESIAN_POINT('',(0.515323842072,0.400152799611,0.5625005879)
  );
#5141 = CARTESIAN_POINT('',(0.519965321411,0.400152799611,0.5625005879)
  );
#5142 = CARTESIAN_POINT('',(0.515323842072,0.400152799611,0.5635005879)
  );
#5143 = CARTESIAN_POINT('',(0.519965321411,0.400152799611,0.5635005879)
  );
#5144 = ADVANCED_FACE('',(#5145),#5155,.F.);
#5145 = FACE_BOUND('',#5146,.T.);
#5146 = EDGE_LOOP('',(#5147,#5148,#5153,#5154));
#5147 = ORIENTED_EDGE('',*,*,#4998,.T.);
#5148 = ORIENTED_EDGE('',*,*,#5149,.F.);
#5149 = EDGE_CURVE('',#4887,#4992,#5150,.T.);
#5150 = B_SPLINE_CURVE_WITH_KNOTS('',1,(#5151,#5152),.UNSPECIFIED.,.F.,
  .F.,(2,2),(-0.,1.E-03),.PIECEWISE_BEZIER_KNOTS.);
#5151 = CARTESIAN_POINT('',(0.523092913223,0.409053127375,0.5635005879)
  );
#5152 = CARTESIAN_POINT('',(0.523092913223,0.409053127375,0.5625005879)
  );
#5153 = ORIENTED_EDGE('',*,*,#4886,.F.);
#5154 = ORIENTED_EDGE('',*,*,#5133,.T.);
#5155 = B_SPLINE_SURFACE_WITH_KNOTS('',1,1,(
    (#5156,#5157)
    ,(#5158,#5159
    )),.UNSPECIFIED.,.F.,.F.,.F.,(2,2),(2,2),(-0.,9.433857368332E-03),(
    -1.E-03,0.),.PIECEWISE_BEZIER_KNOTS.);
#5156 = CARTESIAN_POINT('',(0.523092913223,0.409053127375,0.5625005879)
  );
#5157 = CARTESIAN_POINT('',(0.523092913223,0.409053127375,0.5635005879)
  );
#5158 = CARTESIAN_POINT('',(0.519965321411,0.400152799611,0.5625005879)
  );
#5159 = CARTESIAN_POINT('',(0.519965321411,0.400152799611,0.5635005879)
  );
#5160 = ADVANCED_FACE('',(#5161),#5171,.F.);
#5161 = FACE_BOUND('',#5162,.T.);
#5162 = EDGE_LOOP('',(#5163,#5164,#5169,#5170));
#5163 = ORIENTED_EDGE('',*,*,#4991,.T.);
#5164 = ORIENTED_EDGE('',*,*,#5165,.F.);
#5165 = EDGE_CURVE('',#4894,#4985,#5166,.T.);
#5166 = B_SPLINE_CURVE_WITH_KNOTS('',1,(#5167,#5168),.UNSPECIFIED.,.F.,
  .F.,(2,2),(-0.,1.E-03),.PIECEWISE_BEZIER_KNOTS.);
#5167 = CARTESIAN_POINT('',(0.536643038388,0.409053127375,0.5635005879)
  );
#5168 = CARTESIAN_POINT('',(0.536643038388,0.409053127375,0.5625005879)
  );
#5169 = ORIENTED_EDGE('',*,*,#4893,.F.);
#5170 = ORIENTED_EDGE('',*,*,#5149,.T.);
#5171 = B_SPLINE_SURFACE_WITH_KNOTS('',1,1,(
    (#5172,#5173)
    ,(#5174,#5175)),.UNSPECIFIED.,.F.,.F.,.F.,(2,2),(2,2),(-1.E-03,0.),(
    -1.355012516553E-02,0.),.PIECEWISE_BEZIER_KNOTS.);
#5172 = CARTESIAN_POINT('',(0.523092913223,0.409053127375,0.5625005879)
  );
#5173 = CARTESIAN_POINT('',(0.536643038388,0.409053127375,0.5625005879)
  );
#5174 = CARTESIAN_POINT('',(0.523092913223,0.409053127375,0.5635005879)
  );
#5175 = CARTESIAN_POINT('',(0.536643038388,0.409053127375,0.5635005879)
  );
#5176 = ADVANCED_FACE('',(#5177),#5187,.F.);
#5177 = FACE_BOUND('',#5178,.T.);
#5178 = EDGE_LOOP('',(#5179,#5180,#5185,#5186));
#5179 = ORIENTED_EDGE('',*,*,#4984,.T.);
#5180 = ORIENTED_EDGE('',*,*,#5181,.F.);
#5181 = EDGE_CURVE('',#4901,#4978,#5182,.T.);
#5182 = B_SPLINE_CURVE_WITH_KNOTS('',1,(#5183,#5184),.UNSPECIFIED.,.F.,
  .F.,(2,2),(-0.,1.E-03),.PIECEWISE_BEZIER_KNOTS.);
#5183 = CARTESIAN_POINT('',(0.539961945657,0.400152799611,0.5635005879)
  );
#5184 = CARTESIAN_POINT('',(0.539961945657,0.400152799611,0.5625005879)
  );
#5185 = ORIENTED_EDGE('',*,*,#4900,.F.);
#5186 = ORIENTED_EDGE('',*,*,#5165,.T.);
#5187 = B_SPLINE_SURFACE_WITH_KNOTS('',1,1,(
    (#5188,#5189)
    ,(#5190,#5191
    )),.UNSPECIFIED.,.F.,.F.,.F.,(2,2),(2,2),(0.,9.498998882053E-03),(
    -1.E-03,0.),.PIECEWISE_BEZIER_KNOTS.);
#5188 = CARTESIAN_POINT('',(0.539961945657,0.400152799611,0.5625005879)
  );
#5189 = CARTESIAN_POINT('',(0.539961945657,0.400152799611,0.5635005879)
  );
#5190 = CARTESIAN_POINT('',(0.536643038388,0.409053127375,0.5625005879)
  );
#5191 = CARTESIAN_POINT('',(0.536643038388,0.409053127375,0.5635005879)
  );
#5192 = ADVANCED_FACE('',(#5193),#5199,.F.);
#5193 = FACE_BOUND('',#5194,.T.);
#5194 = EDGE_LOOP('',(#5195,#5196,#5197,#5198));
#5195 = ORIENTED_EDGE('',*,*,#4977,.T.);
#5196 = ORIENTED_EDGE('',*,*,#5087,.F.);
#5197 = ORIENTED_EDGE('',*,*,#4907,.F.);
#5198 = ORIENTED_EDGE('',*,*,#5181,.T.);
#5199 = B_SPLINE_SURFACE_WITH_KNOTS('',1,1,(
    (#5200,#5201)
    ,(#5202,#5203)),.UNSPECIFIED.,.F.,.F.,.F.,(2,2),(2,2),(-1.E-03,0.),(
    -4.641479338472E-03,0.),.PIECEWISE_BEZIER_KNOTS.);
#5200 = CARTESIAN_POINT('',(0.539961945657,0.400152799611,0.5625005879)
  );
#5201 = CARTESIAN_POINT('',(0.544603424996,0.400152799611,0.5625005879)
  );
#5202 = CARTESIAN_POINT('',(0.539961945657,0.400152799611,0.5635005879)
  );
#5203 = CARTESIAN_POINT('',(0.544603424996,0.400152799611,0.5635005879)
  );
#5204 = ADVANCED_FACE('',(#5205),#5219,.T.);
#5205 = FACE_BOUND('',#5206,.T.);
#5206 = EDGE_LOOP('',(#5207,#5208,#5213,#5214));
#5207 = ORIENTED_EDGE('',*,*,#5035,.F.);
#5208 = ORIENTED_EDGE('',*,*,#5209,.F.);
#5209 = EDGE_CURVE('',#4915,#5029,#5210,.T.);
#5210 = B_SPLINE_CURVE_WITH_KNOTS('',1,(#5211,#5212),.UNSPECIFIED.,.F.,
  .F.,(2,2),(-0.,1.E-03),.PIECEWISE_BEZIER_KNOTS.);
#5211 = CARTESIAN_POINT('',(0.524423803356,0.412729711367,0.5635005879)
  );
#5212 = CARTESIAN_POINT('',(0.524423803356,0.412729711367,0.5625005879)
  );
#5213 = ORIENTED_EDGE('',*,*,#4914,.T.);
#5214 = ORIENTED_EDGE('',*,*,#5215,.T.);
#5215 = EDGE_CURVE('',#4917,#5036,#5216,.T.);
#5216 = B_SPLINE_CURVE_WITH_KNOTS('',1,(#5217,#5218),.UNSPECIFIED.,.F.,
  .F.,(2,2),(-0.,1.E-03),.PIECEWISE_BEZIER_KNOTS.);
#5217 = CARTESIAN_POINT('',(0.535345420509,0.412729711367,0.5635005879)
  );
#5218 = CARTESIAN_POINT('',(0.535345420509,0.412729711367,0.5625005879)
  );
#5219 = B_SPLINE_SURFACE_WITH_KNOTS('',1,1,(
    (#5220,#5221)
    ,(#5222,#5223
    )),.UNSPECIFIED.,.F.,.F.,.F.,(2,2),(2,2),(-1.E-03,0.),(0.,
    1.092161715297E-02),.PIECEWISE_BEZIER_KNOTS.);
#5220 = CARTESIAN_POINT('',(0.524423803356,0.412729711367,0.5625005879)
  );
#5221 = CARTESIAN_POINT('',(0.535345420509,0.412729711367,0.5625005879)
  );
#5222 = CARTESIAN_POINT('',(0.524423803356,0.412729711367,0.5635005879)
  );
#5223 = CARTESIAN_POINT('',(0.535345420509,0.412729711367,0.5635005879)
  );
#5224 = ADVANCED_FACE('',(#5225),#5235,.T.);
#5225 = FACE_BOUND('',#5226,.T.);
#5226 = EDGE_LOOP('',(#5227,#5228,#5229,#5230));
#5227 = ORIENTED_EDGE('',*,*,#5042,.F.);
#5228 = ORIENTED_EDGE('',*,*,#5215,.F.);
#5229 = ORIENTED_EDGE('',*,*,#4955,.T.);
#5230 = ORIENTED_EDGE('',*,*,#5231,.T.);
#5231 = EDGE_CURVE('',#4947,#5043,#5232,.T.);
#5232 = B_SPLINE_CURVE_WITH_KNOTS('',1,(#5233,#5234),.UNSPECIFIED.,.F.,
  .F.,(2,2),(-0.,1.E-03),.PIECEWISE_BEZIER_KNOTS.);
#5233 = CARTESIAN_POINT('',(0.530429445081,0.426254882342,0.5635005879)
  );
#5234 = CARTESIAN_POINT('',(0.530429445081,0.426254882342,0.5625005879)
  );
#5235 = B_SPLINE_SURFACE_WITH_KNOTS('',1,1,(
    (#5236,#5237)
    ,(#5238,#5239
    )),.UNSPECIFIED.,.F.,.F.,.F.,(2,2),(2,2),(-1.439086739303E-02,0.),(
    -1.E-03,0.),.PIECEWISE_BEZIER_KNOTS.);
#5236 = CARTESIAN_POINT('',(0.530429445081,0.426254882342,0.5625005879)
  );
#5237 = CARTESIAN_POINT('',(0.530429445081,0.426254882342,0.5635005879)
  );
#5238 = CARTESIAN_POINT('',(0.535345420509,0.412729711367,0.5625005879)
  );
#5239 = CARTESIAN_POINT('',(0.535345420509,0.412729711367,0.5635005879)
  );
#5240 = ADVANCED_FACE('',(#5241),#5251,.T.);
#5241 = FACE_BOUND('',#5242,.T.);
#5242 = EDGE_LOOP('',(#5243,#5244,#5245,#5246));
#5243 = ORIENTED_EDGE('',*,*,#5049,.F.);
#5244 = ORIENTED_EDGE('',*,*,#5231,.F.);
#5245 = ORIENTED_EDGE('',*,*,#4946,.T.);
#5246 = ORIENTED_EDGE('',*,*,#5247,.T.);
#5247 = EDGE_CURVE('',#4940,#5050,#5248,.T.);
#5248 = B_SPLINE_CURVE_WITH_KNOTS('',1,(#5249,#5250),.UNSPECIFIED.,.F.,
  .F.,(2,2),(-0.,1.E-03),.PIECEWISE_BEZIER_KNOTS.);
#5249 = CARTESIAN_POINT('',(0.529922043217,0.428534031695,0.5635005879)
  );
#5250 = CARTESIAN_POINT('',(0.529922043217,0.428534031695,0.5625005879)
  );
#5251 = B_SPLINE_SURFACE_WITH_KNOTS('',3,1,(
    (#5252,#5253)
    ,(#5254,#5255)
    ,(#5256,#5257)
    ,(#5258,#5259
    )),.UNSPECIFIED.,.F.,.F.,.F.,(4,4),(2,2),(1.,2.),(0.,1.),
  .PIECEWISE_BEZIER_KNOTS.);
#5252 = CARTESIAN_POINT('',(0.530429445081,0.426254882342,0.5635005879)
  );
#5253 = CARTESIAN_POINT('',(0.530429445081,0.426254882342,0.5625005879)
  );
#5254 = CARTESIAN_POINT('',(0.530271401877,0.426704057762,0.5635005879)
  );
#5255 = CARTESIAN_POINT('',(0.530271401877,0.426704057762,0.5625005879)
  );
#5256 = CARTESIAN_POINT('',(0.530105040611,0.427452683462,0.5635005879)
  );
#5257 = CARTESIAN_POINT('',(0.530105040611,0.427452683462,0.5625005879)
  );
#5258 = CARTESIAN_POINT('',(0.529922043217,0.428534031695,0.5635005879)
  );
#5259 = CARTESIAN_POINT('',(0.529922043217,0.428534031695,0.5625005879)
  );
#5260 = ADVANCED_FACE('',(#5261),#5271,.T.);
#5261 = FACE_BOUND('',#5262,.T.);
#5262 = EDGE_LOOP('',(#5263,#5264,#5265,#5266));
#5263 = ORIENTED_EDGE('',*,*,#5058,.F.);
#5264 = ORIENTED_EDGE('',*,*,#5247,.F.);
#5265 = ORIENTED_EDGE('',*,*,#4939,.T.);
#5266 = ORIENTED_EDGE('',*,*,#5267,.T.);
#5267 = EDGE_CURVE('',#4931,#5059,#5268,.T.);
#5268 = B_SPLINE_CURVE_WITH_KNOTS('',1,(#5269,#5270),.UNSPECIFIED.,.F.,
  .F.,(2,2),(-0.,1.E-03),.PIECEWISE_BEZIER_KNOTS.);
#5269 = CARTESIAN_POINT('',(0.529822226457,0.428534031695,0.5635005879)
  );
#5270 = CARTESIAN_POINT('',(0.529822226457,0.428534031695,0.5625005879)
  );
#5271 = B_SPLINE_SURFACE_WITH_KNOTS('',1,1,(
    (#5272,#5273)
    ,(#5274,#5275)),.UNSPECIFIED.,.F.,.F.,.F.,(2,2),(2,2),(0.,1.E-03),(
    -9.981675985271E-05,0.),.PIECEWISE_BEZIER_KNOTS.);
#5272 = CARTESIAN_POINT('',(0.529822226457,0.428534031695,0.5635005879)
  );
#5273 = CARTESIAN_POINT('',(0.529922043217,0.428534031695,0.5635005879)
  );
#5274 = CARTESIAN_POINT('',(0.529822226457,0.428534031695,0.5625005879)
  );
#5275 = CARTESIAN_POINT('',(0.529922043217,0.428534031695,0.5625005879)
  );
#5276 = ADVANCED_FACE('',(#5277),#5287,.T.);
#5277 = FACE_BOUND('',#5278,.T.);
#5278 = EDGE_LOOP('',(#5279,#5280,#5281,#5282));
#5279 = ORIENTED_EDGE('',*,*,#5065,.F.);
#5280 = ORIENTED_EDGE('',*,*,#5267,.F.);
#5281 = ORIENTED_EDGE('',*,*,#4930,.T.);
#5282 = ORIENTED_EDGE('',*,*,#5283,.T.);
#5283 = EDGE_CURVE('',#4924,#5027,#5284,.T.);
#5284 = B_SPLINE_CURVE_WITH_KNOTS('',1,(#5285,#5286),.UNSPECIFIED.,.F.,
  .F.,(2,2),(-0.,1.E-03),.PIECEWISE_BEZIER_KNOTS.);
#5285 = CARTESIAN_POINT('',(0.529289870404,0.426254882342,0.5635005879)
  );
#5286 = CARTESIAN_POINT('',(0.529289870404,0.426254882342,0.5625005879)
  );
#5287 = B_SPLINE_SURFACE_WITH_KNOTS('',3,1,(
    (#5288,#5289)
    ,(#5290,#5291)
    ,(#5292,#5293)
    ,(#5294,#5295
    )),.UNSPECIFIED.,.F.,.F.,.F.,(4,4),(2,2),(3.,4.),(0.,1.),
  .PIECEWISE_BEZIER_KNOTS.);
#5288 = CARTESIAN_POINT('',(0.529822226457,0.428534031695,0.5635005879)
  );
#5289 = CARTESIAN_POINT('',(0.529822226457,0.428534031695,0.5625005879)
  );
#5290 = CARTESIAN_POINT('',(0.529664183254,0.427552500222,0.5635005879)
  );
#5291 = CARTESIAN_POINT('',(0.529664183254,0.427552500222,0.5625005879)
  );
#5292 = CARTESIAN_POINT('',(0.529489503924,0.426787238396,0.5635005879)
  );
#5293 = CARTESIAN_POINT('',(0.529489503924,0.426787238396,0.5625005879)
  );
#5294 = CARTESIAN_POINT('',(0.529289870404,0.426254882342,0.5635005879)
  );
#5295 = CARTESIAN_POINT('',(0.529289870404,0.426254882342,0.5625005879)
  );
#5296 = ADVANCED_FACE('',(#5297),#5303,.T.);
#5297 = FACE_BOUND('',#5298,.T.);
#5298 = EDGE_LOOP('',(#5299,#5300,#5301,#5302));
#5299 = ORIENTED_EDGE('',*,*,#5026,.F.);
#5300 = ORIENTED_EDGE('',*,*,#5283,.F.);
#5301 = ORIENTED_EDGE('',*,*,#4923,.T.);
#5302 = ORIENTED_EDGE('',*,*,#5209,.T.);
#5303 = B_SPLINE_SURFACE_WITH_KNOTS('',1,1,(
    (#5304,#5305)
    ,(#5306,#5307
    )),.UNSPECIFIED.,.F.,.F.,.F.,(2,2),(2,2),(-1.437389503341E-02,
    -5.223342800931E-17),(-1.E-03,0.),.PIECEWISE_BEZIER_KNOTS.);
#5304 = CARTESIAN_POINT('',(0.524423803356,0.412729711367,0.5625005879)
  );
#5305 = CARTESIAN_POINT('',(0.524423803356,0.412729711367,0.5635005879)
  );
#5306 = CARTESIAN_POINT('',(0.529289870404,0.426254882342,0.5625005879)
  );
#5307 = CARTESIAN_POINT('',(0.529289870404,0.426254882342,0.5635005879)
  );
#5308 = MANIFOLD_SOLID_BREP('',#5309);
#5309 = CLOSED_SHELL('',(#5310,#5346,#5374,#5402,#5430,#5458,#5486,#5514
    ,#5542,#5570,#5598,#5626,#5646,#5666));
#5310 = ADVANCED_FACE('',(#5311),#5341,.F.);
#5311 = FACE_BOUND('',#5312,.T.);
#5312 = EDGE_LOOP('',(#5313,#5322,#5329,#5336));
#5313 = ORIENTED_EDGE('',*,*,#5314,.T.);
#5314 = EDGE_CURVE('',#5315,#5317,#5319,.T.);
#5315 = VERTEX_POINT('',#5316);
#5316 = CARTESIAN_POINT('',(0.431511035954,0.348530898582,0.5625005879)
  );
#5317 = VERTEX_POINT('',#5318);
#5318 = CARTESIAN_POINT('',(0.431511035954,0.352240754827,0.5625005879)
  );
#5319 = B_SPLINE_CURVE_WITH_KNOTS('',1,(#5320,#5321),.UNSPECIFIED.,.F.,
  .F.,(2,2),(-3.709856245406E-03,0.),.PIECEWISE_BEZIER_KNOTS.);
#5320 = CARTESIAN_POINT('',(0.431511035954,0.348530898582,0.5625005879)
  );
#5321 = CARTESIAN_POINT('',(0.431511035954,0.352240754827,0.5625005879)
  );
#5322 = ORIENTED_EDGE('',*,*,#5323,.F.);
#5323 = EDGE_CURVE('',#5324,#5317,#5326,.T.);
#5324 = VERTEX_POINT('',#5325);
#5325 = CARTESIAN_POINT('',(0.431511035954,0.352240754827,0.5635005879)
  );
#5326 = B_SPLINE_CURVE_WITH_KNOTS('',1,(#5327,#5328),.UNSPECIFIED.,.F.,
  .F.,(2,2),(-0.,1.E-03),.PIECEWISE_BEZIER_KNOTS.);
#5327 = CARTESIAN_POINT('',(0.431511035954,0.352240754827,0.5635005879)
  );
#5328 = CARTESIAN_POINT('',(0.431511035954,0.352240754827,0.5625005879)
  );
#5329 = ORIENTED_EDGE('',*,*,#5330,.F.);
#5330 = EDGE_CURVE('',#5331,#5324,#5333,.T.);
#5331 = VERTEX_POINT('',#5332);
#5332 = CARTESIAN_POINT('',(0.431511035954,0.348530898582,0.5635005879)
  );
#5333 = B_SPLINE_CURVE_WITH_KNOTS('',1,(#5334,#5335),.UNSPECIFIED.,.F.,
  .F.,(2,2),(-3.709856245406E-03,0.),.PIECEWISE_BEZIER_KNOTS.);
#5334 = CARTESIAN_POINT('',(0.431511035954,0.348530898582,0.5635005879)
  );
#5335 = CARTESIAN_POINT('',(0.431511035954,0.352240754827,0.5635005879)
  );
#5336 = ORIENTED_EDGE('',*,*,#5337,.T.);
#5337 = EDGE_CURVE('',#5331,#5315,#5338,.T.);
#5338 = B_SPLINE_CURVE_WITH_KNOTS('',1,(#5339,#5340),.UNSPECIFIED.,.F.,
  .F.,(2,2),(-0.,1.E-03),.PIECEWISE_BEZIER_KNOTS.);
#5339 = CARTESIAN_POINT('',(0.431511035954,0.348530898582,0.5635005879)
  );
#5340 = CARTESIAN_POINT('',(0.431511035954,0.348530898582,0.5625005879)
  );
#5341 = B_SPLINE_SURFACE_WITH_KNOTS('',1,1,(
    (#5342,#5343)
    ,(#5344,#5345)),.UNSPECIFIED.,.F.,.F.,.F.,(2,2),(2,2),(-1.E-03,0.),(
    -3.709856245406E-03,0.),.PIECEWISE_BEZIER_KNOTS.);
#5342 = CARTESIAN_POINT('',(0.431511035954,0.348530898582,0.5625005879)
  );
#5343 = CARTESIAN_POINT('',(0.431511035954,0.352240754827,0.5625005879)
  );
#5344 = CARTESIAN_POINT('',(0.431511035954,0.348530898582,0.5635005879)
  );
#5345 = CARTESIAN_POINT('',(0.431511035954,0.352240754827,0.5635005879)
  );
#5346 = ADVANCED_FACE('',(#5347),#5369,.F.);
#5347 = FACE_BOUND('',#5348,.T.);
#5348 = EDGE_LOOP('',(#5349,#5356,#5363,#5368));
#5349 = ORIENTED_EDGE('',*,*,#5350,.T.);
#5350 = EDGE_CURVE('',#5317,#5351,#5353,.T.);
#5351 = VERTEX_POINT('',#5352);
#5352 = CARTESIAN_POINT('',(0.418210452688,0.352240754827,0.5625005879)
  );
#5353 = B_SPLINE_CURVE_WITH_KNOTS('',1,(#5354,#5355),.UNSPECIFIED.,.F.,
  .F.,(2,2),(-1.330058326556E-02,-0.),.PIECEWISE_BEZIER_KNOTS.);
#5354 = CARTESIAN_POINT('',(0.431511035954,0.352240754827,0.5625005879)
  );
#5355 = CARTESIAN_POINT('',(0.418210452688,0.352240754827,0.5625005879)
  );
#5356 = ORIENTED_EDGE('',*,*,#5357,.F.);
#5357 = EDGE_CURVE('',#5358,#5351,#5360,.T.);
#5358 = VERTEX_POINT('',#5359);
#5359 = CARTESIAN_POINT('',(0.418210452688,0.352240754827,0.5635005879)
  );
#5360 = B_SPLINE_CURVE_WITH_KNOTS('',1,(#5361,#5362),.UNSPECIFIED.,.F.,
  .F.,(2,2),(-0.,1.E-03),.PIECEWISE_BEZIER_KNOTS.);
#5361 = CARTESIAN_POINT('',(0.418210452688,0.352240754827,0.5635005879)
  );
#5362 = CARTESIAN_POINT('',(0.418210452688,0.352240754827,0.5625005879)
  );
#5363 = ORIENTED_EDGE('',*,*,#5364,.F.);
#5364 = EDGE_CURVE('',#5324,#5358,#5365,.T.);
#5365 = B_SPLINE_CURVE_WITH_KNOTS('',1,(#5366,#5367),.UNSPECIFIED.,.F.,
  .F.,(2,2),(-1.330058326556E-02,-0.),.PIECEWISE_BEZIER_KNOTS.);
#5366 = CARTESIAN_POINT('',(0.431511035954,0.352240754827,0.5635005879)
  );
#5367 = CARTESIAN_POINT('',(0.418210452688,0.352240754827,0.5635005879)
  );
#5368 = ORIENTED_EDGE('',*,*,#5323,.T.);
#5369 = B_SPLINE_SURFACE_WITH_KNOTS('',1,1,(
    (#5370,#5371)
    ,(#5372,#5373
    )),.UNSPECIFIED.,.F.,.F.,.F.,(2,2),(2,2),(0.,1.E-03),(0.,
    1.330058326556E-02),.PIECEWISE_BEZIER_KNOTS.);
#5370 = CARTESIAN_POINT('',(0.418210452688,0.352240754827,0.5635005879)
  );
#5371 = CARTESIAN_POINT('',(0.431511035954,0.352240754827,0.5635005879)
  );
#5372 = CARTESIAN_POINT('',(0.418210452688,0.352240754827,0.5625005879)
  );
#5373 = CARTESIAN_POINT('',(0.431511035954,0.352240754827,0.5625005879)
  );
#5374 = ADVANCED_FACE('',(#5375),#5397,.F.);
#5375 = FACE_BOUND('',#5376,.T.);
#5376 = EDGE_LOOP('',(#5377,#5384,#5391,#5396));
#5377 = ORIENTED_EDGE('',*,*,#5378,.T.);
#5378 = EDGE_CURVE('',#5351,#5379,#5381,.T.);
#5379 = VERTEX_POINT('',#5380);
#5380 = CARTESIAN_POINT('',(0.418210452688,0.36318732617,0.5625005879));
#5381 = B_SPLINE_CURVE_WITH_KNOTS('',1,(#5382,#5383),.UNSPECIFIED.,.F.,
  .F.,(2,2),(-1.094657134293E-02,0.),.PIECEWISE_BEZIER_KNOTS.);
#5382 = CARTESIAN_POINT('',(0.418210452688,0.352240754827,0.5625005879)
  );
#5383 = CARTESIAN_POINT('',(0.418210452688,0.36318732617,0.5625005879));
#5384 = ORIENTED_EDGE('',*,*,#5385,.F.);
#5385 = EDGE_CURVE('',#5386,#5379,#5388,.T.);
#5386 = VERTEX_POINT('',#5387);
#5387 = CARTESIAN_POINT('',(0.418210452688,0.36318732617,0.5635005879));
#5388 = B_SPLINE_CURVE_WITH_KNOTS('',1,(#5389,#5390),.UNSPECIFIED.,.F.,
  .F.,(2,2),(-0.,1.E-03),.PIECEWISE_BEZIER_KNOTS.);
#5389 = CARTESIAN_POINT('',(0.418210452688,0.36318732617,0.5635005879));
#5390 = CARTESIAN_POINT('',(0.418210452688,0.36318732617,0.5625005879));
#5391 = ORIENTED_EDGE('',*,*,#5392,.F.);
#5392 = EDGE_CURVE('',#5358,#5386,#5393,.T.);
#5393 = B_SPLINE_CURVE_WITH_KNOTS('',1,(#5394,#5395),.UNSPECIFIED.,.F.,
  .F.,(2,2),(-1.094657134293E-02,0.),.PIECEWISE_BEZIER_KNOTS.);
#5394 = CARTESIAN_POINT('',(0.418210452688,0.352240754827,0.5635005879)
  );
#5395 = CARTESIAN_POINT('',(0.418210452688,0.36318732617,0.5635005879));
#5396 = ORIENTED_EDGE('',*,*,#5357,.T.);
#5397 = B_SPLINE_SURFACE_WITH_KNOTS('',1,1,(
    (#5398,#5399)
    ,(#5400,#5401)),.UNSPECIFIED.,.F.,.F.,.F.,(2,2),(2,2),(-1.E-03,0.),(
    -1.094657134293E-02,0.),.PIECEWISE_BEZIER_KNOTS.);
#5398 = CARTESIAN_POINT('',(0.418210452688,0.352240754827,0.5625005879)
  );
#5399 = CARTESIAN_POINT('',(0.418210452688,0.36318732617,0.5625005879));
#5400 = CARTESIAN_POINT('',(0.418210452688,0.352240754827,0.5635005879)
  );
#5401 = CARTESIAN_POINT('',(0.418210452688,0.36318732617,0.5635005879));
#5402 = ADVANCED_FACE('',(#5403),#5425,.F.);
#5403 = FACE_BOUND('',#5404,.T.);
#5404 = EDGE_LOOP('',(#5405,#5412,#5419,#5424));
#5405 = ORIENTED_EDGE('',*,*,#5406,.T.);
#5406 = EDGE_CURVE('',#5379,#5407,#5409,.T.);
#5407 = VERTEX_POINT('',#5408);
#5408 = CARTESIAN_POINT('',(0.429847423288,0.36318732617,0.5625005879));
#5409 = B_SPLINE_CURVE_WITH_KNOTS('',1,(#5410,#5411),.UNSPECIFIED.,.F.,
  .F.,(2,2),(-1.163697059947E-02,0.),.PIECEWISE_BEZIER_KNOTS.);
#5410 = CARTESIAN_POINT('',(0.418210452688,0.36318732617,0.5625005879));
#5411 = CARTESIAN_POINT('',(0.429847423288,0.36318732617,0.5625005879));
#5412 = ORIENTED_EDGE('',*,*,#5413,.F.);
#5413 = EDGE_CURVE('',#5414,#5407,#5416,.T.);
#5414 = VERTEX_POINT('',#5415);
#5415 = CARTESIAN_POINT('',(0.429847423288,0.36318732617,0.5635005879));
#5416 = B_SPLINE_CURVE_WITH_KNOTS('',1,(#5417,#5418),.UNSPECIFIED.,.F.,
  .F.,(2,2),(-0.,1.E-03),.PIECEWISE_BEZIER_KNOTS.);
#5417 = CARTESIAN_POINT('',(0.429847423288,0.36318732617,0.5635005879));
#5418 = CARTESIAN_POINT('',(0.429847423288,0.36318732617,0.5625005879));
#5419 = ORIENTED_EDGE('',*,*,#5420,.F.);
#5420 = EDGE_CURVE('',#5386,#5414,#5421,.T.);
#5421 = B_SPLINE_CURVE_WITH_KNOTS('',1,(#5422,#5423),.UNSPECIFIED.,.F.,
  .F.,(2,2),(-1.163697059947E-02,0.),.PIECEWISE_BEZIER_KNOTS.);
#5422 = CARTESIAN_POINT('',(0.418210452688,0.36318732617,0.5635005879));
#5423 = CARTESIAN_POINT('',(0.429847423288,0.36318732617,0.5635005879));
#5424 = ORIENTED_EDGE('',*,*,#5385,.T.);
#5425 = B_SPLINE_SURFACE_WITH_KNOTS('',1,1,(
    (#5426,#5427)
    ,(#5428,#5429)),.UNSPECIFIED.,.F.,.F.,.F.,(2,2),(2,2),(-1.E-03,0.),(
    -1.163697059947E-02,0.),.PIECEWISE_BEZIER_KNOTS.);
#5426 = CARTESIAN_POINT('',(0.418210452688,0.36318732617,0.5625005879));
#5427 = CARTESIAN_POINT('',(0.429847423288,0.36318732617,0.5625005879));
#5428 = CARTESIAN_POINT('',(0.418210452688,0.36318732617,0.5635005879));
#5429 = CARTESIAN_POINT('',(0.429847423288,0.36318732617,0.5635005879));
#5430 = ADVANCED_FACE('',(#5431),#5453,.F.);
#5431 = FACE_BOUND('',#5432,.T.);
#5432 = EDGE_LOOP('',(#5433,#5440,#5447,#5452));
#5433 = ORIENTED_EDGE('',*,*,#5434,.T.);
#5434 = EDGE_CURVE('',#5407,#5435,#5437,.T.);
#5435 = VERTEX_POINT('',#5436);
#5436 = CARTESIAN_POINT('',(0.429847423288,0.366913818542,0.5625005879)
  );
#5437 = B_SPLINE_CURVE_WITH_KNOTS('',1,(#5438,#5439),.UNSPECIFIED.,.F.,
  .F.,(2,2),(-3.726492372047E-03,0.),.PIECEWISE_BEZIER_KNOTS.);
#5438 = CARTESIAN_POINT('',(0.429847423288,0.36318732617,0.5625005879));
#5439 = CARTESIAN_POINT('',(0.429847423288,0.366913818542,0.5625005879)
  );
#5440 = ORIENTED_EDGE('',*,*,#5441,.F.);
#5441 = EDGE_CURVE('',#5442,#5435,#5444,.T.);
#5442 = VERTEX_POINT('',#5443);
#5443 = CARTESIAN_POINT('',(0.429847423288,0.366913818542,0.5635005879)
  );
#5444 = B_SPLINE_CURVE_WITH_KNOTS('',1,(#5445,#5446),.UNSPECIFIED.,.F.,
  .F.,(2,2),(-0.,1.E-03),.PIECEWISE_BEZIER_KNOTS.);
#5445 = CARTESIAN_POINT('',(0.429847423288,0.366913818542,0.5635005879)
  );
#5446 = CARTESIAN_POINT('',(0.429847423288,0.366913818542,0.5625005879)
  );
#5447 = ORIENTED_EDGE('',*,*,#5448,.F.);
#5448 = EDGE_CURVE('',#5414,#5442,#5449,.T.);
#5449 = B_SPLINE_CURVE_WITH_KNOTS('',1,(#5450,#5451),.UNSPECIFIED.,.F.,
  .F.,(2,2),(-3.726492372047E-03,0.),.PIECEWISE_BEZIER_KNOTS.);
#5450 = CARTESIAN_POINT('',(0.429847423288,0.36318732617,0.5635005879));
#5451 = CARTESIAN_POINT('',(0.429847423288,0.366913818542,0.5635005879)
  );
#5452 = ORIENTED_EDGE('',*,*,#5413,.T.);
#5453 = B_SPLINE_SURFACE_WITH_KNOTS('',1,1,(
    (#5454,#5455)
    ,(#5456,#5457)),.UNSPECIFIED.,.F.,.F.,.F.,(2,2),(2,2),(-1.E-03,0.),(
    -3.726492372047E-03,0.),.PIECEWISE_BEZIER_KNOTS.);
#5454 = CARTESIAN_POINT('',(0.429847423288,0.36318732617,0.5625005879));
#5455 = CARTESIAN_POINT('',(0.429847423288,0.366913818542,0.5625005879)
  );
#5456 = CARTESIAN_POINT('',(0.429847423288,0.36318732617,0.5635005879));
#5457 = CARTESIAN_POINT('',(0.429847423288,0.366913818542,0.5635005879)
  );
#5458 = ADVANCED_FACE('',(#5459),#5481,.F.);
#5459 = FACE_BOUND('',#5460,.T.);
#5460 = EDGE_LOOP('',(#5461,#5468,#5475,#5480));
#5461 = ORIENTED_EDGE('',*,*,#5462,.T.);
#5462 = EDGE_CURVE('',#5435,#5463,#5465,.T.);
#5463 = VERTEX_POINT('',#5464);
#5464 = CARTESIAN_POINT('',(0.418210452688,0.366913818542,0.5625005879)
  );
#5465 = B_SPLINE_CURVE_WITH_KNOTS('',1,(#5466,#5467),.UNSPECIFIED.,.F.,
  .F.,(2,2),(-1.163697059947E-02,-0.),.PIECEWISE_BEZIER_KNOTS.);
#5466 = CARTESIAN_POINT('',(0.429847423288,0.366913818542,0.5625005879)
  );
#5467 = CARTESIAN_POINT('',(0.418210452688,0.366913818542,0.5625005879)
  );
#5468 = ORIENTED_EDGE('',*,*,#5469,.F.);
#5469 = EDGE_CURVE('',#5470,#5463,#5472,.T.);
#5470 = VERTEX_POINT('',#5471);
#5471 = CARTESIAN_POINT('',(0.418210452688,0.366913818542,0.5635005879)
  );
#5472 = B_SPLINE_CURVE_WITH_KNOTS('',1,(#5473,#5474),.UNSPECIFIED.,.F.,
  .F.,(2,2),(-0.,1.E-03),.PIECEWISE_BEZIER_KNOTS.);
#5473 = CARTESIAN_POINT('',(0.418210452688,0.366913818542,0.5635005879)
  );
#5474 = CARTESIAN_POINT('',(0.418210452688,0.366913818542,0.5625005879)
  );
#5475 = ORIENTED_EDGE('',*,*,#5476,.F.);
#5476 = EDGE_CURVE('',#5442,#5470,#5477,.T.);
#5477 = B_SPLINE_CURVE_WITH_KNOTS('',1,(#5478,#5479),.UNSPECIFIED.,.F.,
  .F.,(2,2),(-1.163697059947E-02,-0.),.PIECEWISE_BEZIER_KNOTS.);
#5478 = CARTESIAN_POINT('',(0.429847423288,0.366913818542,0.5635005879)
  );
#5479 = CARTESIAN_POINT('',(0.418210452688,0.366913818542,0.5635005879)
  );
#5480 = ORIENTED_EDGE('',*,*,#5441,.T.);
#5481 = B_SPLINE_SURFACE_WITH_KNOTS('',1,1,(
    (#5482,#5483)
    ,(#5484,#5485
    )),.UNSPECIFIED.,.F.,.F.,.F.,(2,2),(2,2),(0.,1.E-03),(0.,
    1.163697059947E-02),.PIECEWISE_BEZIER_KNOTS.);
#5482 = CARTESIAN_POINT('',(0.418210452688,0.366913818542,0.5635005879)
  );
#5483 = CARTESIAN_POINT('',(0.429847423288,0.366913818542,0.5635005879)
  );
#5484 = CARTESIAN_POINT('',(0.418210452688,0.366913818542,0.5625005879)
  );
#5485 = CARTESIAN_POINT('',(0.429847423288,0.366913818542,0.5625005879)
  );
#5486 = ADVANCED_FACE('',(#5487),#5509,.F.);
#5487 = FACE_BOUND('',#5488,.T.);
#5488 = EDGE_LOOP('',(#5489,#5496,#5503,#5508));
#5489 = ORIENTED_EDGE('',*,*,#5490,.T.);
#5490 = EDGE_CURVE('',#5463,#5491,#5493,.T.);
#5491 = VERTEX_POINT('',#5492);
#5492 = CARTESIAN_POINT('',(0.418210452688,0.377328033832,0.5625005879)
  );
#5493 = B_SPLINE_CURVE_WITH_KNOTS('',1,(#5494,#5495),.UNSPECIFIED.,.F.,
  .F.,(2,2),(-1.041421528994E-02,0.),.PIECEWISE_BEZIER_KNOTS.);
#5494 = CARTESIAN_POINT('',(0.418210452688,0.366913818542,0.5625005879)
  );
#5495 = CARTESIAN_POINT('',(0.418210452688,0.377328033832,0.5625005879)
  );
#5496 = ORIENTED_EDGE('',*,*,#5497,.F.);
#5497 = EDGE_CURVE('',#5498,#5491,#5500,.T.);
#5498 = VERTEX_POINT('',#5499);
#5499 = CARTESIAN_POINT('',(0.418210452688,0.377328033832,0.5635005879)
  );
#5500 = B_SPLINE_CURVE_WITH_KNOTS('',1,(#5501,#5502),.UNSPECIFIED.,.F.,
  .F.,(2,2),(-0.,1.E-03),.PIECEWISE_BEZIER_KNOTS.);
#5501 = CARTESIAN_POINT('',(0.418210452688,0.377328033832,0.5635005879)
  );
#5502 = CARTESIAN_POINT('',(0.418210452688,0.377328033832,0.5625005879)
  );
#5503 = ORIENTED_EDGE('',*,*,#5504,.F.);
#5504 = EDGE_CURVE('',#5470,#5498,#5505,.T.);
#5505 = B_SPLINE_CURVE_WITH_KNOTS('',1,(#5506,#5507),.UNSPECIFIED.,.F.,
  .F.,(2,2),(-1.041421528994E-02,0.),.PIECEWISE_BEZIER_KNOTS.);
#5506 = CARTESIAN_POINT('',(0.418210452688,0.366913818542,0.5635005879)
  );
#5507 = CARTESIAN_POINT('',(0.418210452688,0.377328033832,0.5635005879)
  );
#5508 = ORIENTED_EDGE('',*,*,#5469,.T.);
#5509 = B_SPLINE_SURFACE_WITH_KNOTS('',1,1,(
    (#5510,#5511)
    ,(#5512,#5513)),.UNSPECIFIED.,.F.,.F.,.F.,(2,2),(2,2),(-1.E-03,0.),(
    -1.041421528994E-02,0.),.PIECEWISE_BEZIER_KNOTS.);
#5510 = CARTESIAN_POINT('',(0.418210452688,0.366913818542,0.5625005879)
  );
#5511 = CARTESIAN_POINT('',(0.418210452688,0.377328033832,0.5625005879)
  );
#5512 = CARTESIAN_POINT('',(0.418210452688,0.366913818542,0.5635005879)
  );
#5513 = CARTESIAN_POINT('',(0.418210452688,0.377328033832,0.5635005879)
  );
#5514 = ADVANCED_FACE('',(#5515),#5537,.F.);
#5515 = FACE_BOUND('',#5516,.T.);
#5516 = EDGE_LOOP('',(#5517,#5524,#5531,#5536));
#5517 = ORIENTED_EDGE('',*,*,#5518,.T.);
#5518 = EDGE_CURVE('',#5491,#5519,#5521,.T.);
#5519 = VERTEX_POINT('',#5520);
#5520 = CARTESIAN_POINT('',(0.430770728317,0.377328033832,0.5625005879)
  );
#5521 = B_SPLINE_CURVE_WITH_KNOTS('',1,(#5522,#5523),.UNSPECIFIED.,.F.,
  .F.,(2,2),(-1.25602756291E-02,0.),.PIECEWISE_BEZIER_KNOTS.);
#5522 = CARTESIAN_POINT('',(0.418210452688,0.377328033832,0.5625005879)
  );
#5523 = CARTESIAN_POINT('',(0.430770728317,0.377328033832,0.5625005879)
  );
#5524 = ORIENTED_EDGE('',*,*,#5525,.F.);
#5525 = EDGE_CURVE('',#5526,#5519,#5528,.T.);
#5526 = VERTEX_POINT('',#5527);
#5527 = CARTESIAN_POINT('',(0.430770728317,0.377328033832,0.5635005879)
  );
#5528 = B_SPLINE_CURVE_WITH_KNOTS('',1,(#5529,#5530),.UNSPECIFIED.,.F.,
  .F.,(2,2),(-0.,1.E-03),.PIECEWISE_BEZIER_KNOTS.);
#5529 = CARTESIAN_POINT('',(0.430770728317,0.377328033832,0.5635005879)
  );
#5530 = CARTESIAN_POINT('',(0.430770728317,0.377328033832,0.5625005879)
  );
#5531 = ORIENTED_EDGE('',*,*,#5532,.F.);
#5532 = EDGE_CURVE('',#5498,#5526,#5533,.T.);
#5533 = B_SPLINE_CURVE_WITH_KNOTS('',1,(#5534,#5535),.UNSPECIFIED.,.F.,
  .F.,(2,2),(-1.25602756291E-02,0.),.PIECEWISE_BEZIER_KNOTS.);
#5534 = CARTESIAN_POINT('',(0.418210452688,0.377328033832,0.5635005879)
  );
#5535 = CARTESIAN_POINT('',(0.430770728317,0.377328033832,0.5635005879)
  );
#5536 = ORIENTED_EDGE('',*,*,#5497,.T.);
#5537 = B_SPLINE_SURFACE_WITH_KNOTS('',1,1,(
    (#5538,#5539)
    ,(#5540,#5541)),.UNSPECIFIED.,.F.,.F.,.F.,(2,2),(2,2),(-1.E-03,0.),(
    -1.25602756291E-02,0.),.PIECEWISE_BEZIER_KNOTS.);
#5538 = CARTESIAN_POINT('',(0.418210452688,0.377328033832,0.5625005879)
  );
#5539 = CARTESIAN_POINT('',(0.430770728317,0.377328033832,0.5625005879)
  );
#5540 = CARTESIAN_POINT('',(0.418210452688,0.377328033832,0.5635005879)
  );
#5541 = CARTESIAN_POINT('',(0.430770728317,0.377328033832,0.5635005879)
  );
#5542 = ADVANCED_FACE('',(#5543),#5565,.F.);
#5543 = FACE_BOUND('',#5544,.T.);
#5544 = EDGE_LOOP('',(#5545,#5552,#5559,#5564));
#5545 = ORIENTED_EDGE('',*,*,#5546,.T.);
#5546 = EDGE_CURVE('',#5519,#5547,#5549,.T.);
#5547 = VERTEX_POINT('',#5548);
#5548 = CARTESIAN_POINT('',(0.430770728317,0.381071162331,0.5625005879)
  );
#5549 = B_SPLINE_CURVE_WITH_KNOTS('',1,(#5550,#5551),.UNSPECIFIED.,.F.,
  .F.,(2,2),(-3.743128498689E-03,0.),.PIECEWISE_BEZIER_KNOTS.);
#5550 = CARTESIAN_POINT('',(0.430770728317,0.377328033832,0.5625005879)
  );
#5551 = CARTESIAN_POINT('',(0.430770728317,0.381071162331,0.5625005879)
  );
#5552 = ORIENTED_EDGE('',*,*,#5553,.F.);
#5553 = EDGE_CURVE('',#5554,#5547,#5556,.T.);
#5554 = VERTEX_POINT('',#5555);
#5555 = CARTESIAN_POINT('',(0.430770728317,0.381071162331,0.5635005879)
  );
#5556 = B_SPLINE_CURVE_WITH_KNOTS('',1,(#5557,#5558),.UNSPECIFIED.,.F.,
  .F.,(2,2),(-0.,1.E-03),.PIECEWISE_BEZIER_KNOTS.);
#5557 = CARTESIAN_POINT('',(0.430770728317,0.381071162331,0.5635005879)
  );
#5558 = CARTESIAN_POINT('',(0.430770728317,0.381071162331,0.5625005879)
  );
#5559 = ORIENTED_EDGE('',*,*,#5560,.F.);
#5560 = EDGE_CURVE('',#5526,#5554,#5561,.T.);
#5561 = B_SPLINE_CURVE_WITH_KNOTS('',1,(#5562,#5563),.UNSPECIFIED.,.F.,
  .F.,(2,2),(-3.743128498689E-03,0.),.PIECEWISE_BEZIER_KNOTS.);
#5562 = CARTESIAN_POINT('',(0.430770728317,0.377328033832,0.5635005879)
  );
#5563 = CARTESIAN_POINT('',(0.430770728317,0.381071162331,0.5635005879)
  );
#5564 = ORIENTED_EDGE('',*,*,#5525,.T.);
#5565 = B_SPLINE_SURFACE_WITH_KNOTS('',1,1,(
    (#5566,#5567)
    ,(#5568,#5569)),.UNSPECIFIED.,.F.,.F.,.F.,(2,2),(2,2),(-1.E-03,0.),(
    -3.743128498689E-03,0.),.PIECEWISE_BEZIER_KNOTS.);
#5566 = CARTESIAN_POINT('',(0.430770728317,0.377328033832,0.5625005879)
  );
#5567 = CARTESIAN_POINT('',(0.430770728317,0.381071162331,0.5625005879)
  );
#5568 = CARTESIAN_POINT('',(0.430770728317,0.377328033832,0.5635005879)
  );
#5569 = CARTESIAN_POINT('',(0.430770728317,0.381071162331,0.5635005879)
  );
#5570 = ADVANCED_FACE('',(#5571),#5593,.F.);
#5571 = FACE_BOUND('',#5572,.T.);
#5572 = EDGE_LOOP('',(#5573,#5580,#5587,#5592));
#5573 = ORIENTED_EDGE('',*,*,#5574,.T.);
#5574 = EDGE_CURVE('',#5547,#5575,#5577,.T.);
#5575 = VERTEX_POINT('',#5576);
#5576 = CARTESIAN_POINT('',(0.414009830706,0.381071162331,0.5625005879)
  );
#5577 = B_SPLINE_CURVE_WITH_KNOTS('',1,(#5578,#5579),.UNSPECIFIED.,.F.,
  .F.,(2,2),(-1.6760897611E-02,-0.),.PIECEWISE_BEZIER_KNOTS.);
#5578 = CARTESIAN_POINT('',(0.430770728317,0.381071162331,0.5625005879)
  );
#5579 = CARTESIAN_POINT('',(0.414009830706,0.381071162331,0.5625005879)
  );
#5580 = ORIENTED_EDGE('',*,*,#5581,.F.);
#5581 = EDGE_CURVE('',#5582,#5575,#5584,.T.);
#5582 = VERTEX_POINT('',#5583);
#5583 = CARTESIAN_POINT('',(0.414009830706,0.381071162331,0.5635005879)
  );
#5584 = B_SPLINE_CURVE_WITH_KNOTS('',1,(#5585,#5586),.UNSPECIFIED.,.F.,
  .F.,(2,2),(-0.,1.E-03),.PIECEWISE_BEZIER_KNOTS.);
#5585 = CARTESIAN_POINT('',(0.414009830706,0.381071162331,0.5635005879)
  );
#5586 = CARTESIAN_POINT('',(0.414009830706,0.381071162331,0.5625005879)
  );
#5587 = ORIENTED_EDGE('',*,*,#5588,.F.);
#5588 = EDGE_CURVE('',#5554,#5582,#5589,.T.);
#5589 = B_SPLINE_CURVE_WITH_KNOTS('',1,(#5590,#5591),.UNSPECIFIED.,.F.,
  .F.,(2,2),(-1.6760897611E-02,-0.),.PIECEWISE_BEZIER_KNOTS.);
#5590 = CARTESIAN_POINT('',(0.430770728317,0.381071162331,0.5635005879)
  );
#5591 = CARTESIAN_POINT('',(0.414009830706,0.381071162331,0.5635005879)
  );
#5592 = ORIENTED_EDGE('',*,*,#5553,.T.);
#5593 = B_SPLINE_SURFACE_WITH_KNOTS('',1,1,(
    (#5594,#5595)
    ,(#5596,#5597
    )),.UNSPECIFIED.,.F.,.F.,.F.,(2,2),(2,2),(0.,1.E-03),(0.,
    1.6760897611E-02),.PIECEWISE_BEZIER_KNOTS.);
#5594 = CARTESIAN_POINT('',(0.414009830706,0.381071162331,0.5635005879)
  );
#5595 = CARTESIAN_POINT('',(0.430770728317,0.381071162331,0.5635005879)
  );
#5596 = CARTESIAN_POINT('',(0.414009830706,0.381071162331,0.5625005879)
  );
#5597 = CARTESIAN_POINT('',(0.430770728317,0.381071162331,0.5625005879)
  );
#5598 = ADVANCED_FACE('',(#5599),#5621,.F.);
#5599 = FACE_BOUND('',#5600,.T.);
#5600 = EDGE_LOOP('',(#5601,#5608,#5615,#5620));
#5601 = ORIENTED_EDGE('',*,*,#5602,.T.);
#5602 = EDGE_CURVE('',#5575,#5603,#5605,.T.);
#5603 = VERTEX_POINT('',#5604);
#5604 = CARTESIAN_POINT('',(0.414009830706,0.348530898582,0.5625005879)
  );
#5605 = B_SPLINE_CURVE_WITH_KNOTS('',1,(#5606,#5607),.UNSPECIFIED.,.F.,
  .F.,(2,2),(-3.254026374901E-02,-0.),.PIECEWISE_BEZIER_KNOTS.);
#5606 = CARTESIAN_POINT('',(0.414009830706,0.381071162331,0.5625005879)
  );
#5607 = CARTESIAN_POINT('',(0.414009830706,0.348530898582,0.5625005879)
  );
#5608 = ORIENTED_EDGE('',*,*,#5609,.F.);
#5609 = EDGE_CURVE('',#5610,#5603,#5612,.T.);
#5610 = VERTEX_POINT('',#5611);
#5611 = CARTESIAN_POINT('',(0.414009830706,0.348530898582,0.5635005879)
  );
#5612 = B_SPLINE_CURVE_WITH_KNOTS('',1,(#5613,#5614),.UNSPECIFIED.,.F.,
  .F.,(2,2),(-0.,1.E-03),.PIECEWISE_BEZIER_KNOTS.);
#5613 = CARTESIAN_POINT('',(0.414009830706,0.348530898582,0.5635005879)
  );
#5614 = CARTESIAN_POINT('',(0.414009830706,0.348530898582,0.5625005879)
  );
#5615 = ORIENTED_EDGE('',*,*,#5616,.F.);
#5616 = EDGE_CURVE('',#5582,#5610,#5617,.T.);
#5617 = B_SPLINE_CURVE_WITH_KNOTS('',1,(#5618,#5619),.UNSPECIFIED.,.F.,
  .F.,(2,2),(-3.254026374901E-02,-0.),.PIECEWISE_BEZIER_KNOTS.);
#5618 = CARTESIAN_POINT('',(0.414009830706,0.381071162331,0.5635005879)
  );
#5619 = CARTESIAN_POINT('',(0.414009830706,0.348530898582,0.5635005879)
  );
#5620 = ORIENTED_EDGE('',*,*,#5581,.T.);
#5621 = B_SPLINE_SURFACE_WITH_KNOTS('',1,1,(
    (#5622,#5623)
    ,(#5624,#5625
    )),.UNSPECIFIED.,.F.,.F.,.F.,(2,2),(2,2),(0.,1.E-03),(0.,
    3.254026374901E-02),.PIECEWISE_BEZIER_KNOTS.);
#5622 = CARTESIAN_POINT('',(0.414009830706,0.348530898582,0.5635005879)
  );
#5623 = CARTESIAN_POINT('',(0.414009830706,0.381071162331,0.5635005879)
  );
#5624 = CARTESIAN_POINT('',(0.414009830706,0.348530898582,0.5625005879)
  );
#5625 = CARTESIAN_POINT('',(0.414009830706,0.381071162331,0.5625005879)
  );
#5626 = ADVANCED_FACE('',(#5627),#5641,.F.);
#5627 = FACE_BOUND('',#5628,.T.);
#5628 = EDGE_LOOP('',(#5629,#5634,#5635,#5640));
#5629 = ORIENTED_EDGE('',*,*,#5630,.T.);
#5630 = EDGE_CURVE('',#5603,#5315,#5631,.T.);
#5631 = B_SPLINE_CURVE_WITH_KNOTS('',1,(#5632,#5633),.UNSPECIFIED.,.F.,
  .F.,(2,2),(-1.750120524747E-02,0.),.PIECEWISE_BEZIER_KNOTS.);
#5632 = CARTESIAN_POINT('',(0.414009830706,0.348530898582,0.5625005879)
  );
#5633 = CARTESIAN_POINT('',(0.431511035954,0.348530898582,0.5625005879)
  );
#5634 = ORIENTED_EDGE('',*,*,#5337,.F.);
#5635 = ORIENTED_EDGE('',*,*,#5636,.F.);
#5636 = EDGE_CURVE('',#5610,#5331,#5637,.T.);
#5637 = B_SPLINE_CURVE_WITH_KNOTS('',1,(#5638,#5639),.UNSPECIFIED.,.F.,
  .F.,(2,2),(-1.750120524747E-02,0.),.PIECEWISE_BEZIER_KNOTS.);
#5638 = CARTESIAN_POINT('',(0.414009830706,0.348530898582,0.5635005879)
  );
#5639 = CARTESIAN_POINT('',(0.431511035954,0.348530898582,0.5635005879)
  );
#5640 = ORIENTED_EDGE('',*,*,#5609,.T.);
#5641 = B_SPLINE_SURFACE_WITH_KNOTS('',1,1,(
    (#5642,#5643)
    ,(#5644,#5645)),.UNSPECIFIED.,.F.,.F.,.F.,(2,2),(2,2),(-1.E-03,0.),(
    -1.750120524747E-02,0.),.PIECEWISE_BEZIER_KNOTS.);
#5642 = CARTESIAN_POINT('',(0.414009830706,0.348530898582,0.5625005879)
  );
#5643 = CARTESIAN_POINT('',(0.431511035954,0.348530898582,0.5625005879)
  );
#5644 = CARTESIAN_POINT('',(0.414009830706,0.348530898582,0.5635005879)
  );
#5645 = CARTESIAN_POINT('',(0.431511035954,0.348530898582,0.5635005879)
  );
#5646 = ADVANCED_FACE('',(#5647),#5661,.F.);
#5647 = FACE_BOUND('',#5648,.T.);
#5648 = EDGE_LOOP('',(#5649,#5650,#5651,#5652,#5653,#5654,#5655,#5656,
    #5657,#5658,#5659,#5660));
#5649 = ORIENTED_EDGE('',*,*,#5330,.T.);
#5650 = ORIENTED_EDGE('',*,*,#5364,.T.);
#5651 = ORIENTED_EDGE('',*,*,#5392,.T.);
#5652 = ORIENTED_EDGE('',*,*,#5420,.T.);
#5653 = ORIENTED_EDGE('',*,*,#5448,.T.);
#5654 = ORIENTED_EDGE('',*,*,#5476,.T.);
#5655 = ORIENTED_EDGE('',*,*,#5504,.T.);
#5656 = ORIENTED_EDGE('',*,*,#5532,.T.);
#5657 = ORIENTED_EDGE('',*,*,#5560,.T.);
#5658 = ORIENTED_EDGE('',*,*,#5588,.T.);
#5659 = ORIENTED_EDGE('',*,*,#5616,.T.);
#5660 = ORIENTED_EDGE('',*,*,#5636,.T.);
#5661 = B_SPLINE_SURFACE_WITH_KNOTS('',1,1,(
    (#5662,#5663)
    ,(#5664,#5665
    )),.UNSPECIFIED.,.F.,.F.,.F.,(2,2),(2,2),(-0.431511035954,
    -0.414009830706),(0.348530898582,0.381071162331),
  .PIECEWISE_BEZIER_KNOTS.);
#5662 = CARTESIAN_POINT('',(0.431511035954,0.348530898582,0.5635005879)
  );
#5663 = CARTESIAN_POINT('',(0.431511035954,0.381071162331,0.5635005879)
  );
#5664 = CARTESIAN_POINT('',(0.414009830706,0.348530898582,0.5635005879)
  );
#5665 = CARTESIAN_POINT('',(0.414009830706,0.381071162331,0.5635005879)
  );
#5666 = ADVANCED_FACE('',(#5667),#5681,.T.);
#5667 = FACE_BOUND('',#5668,.T.);
#5668 = EDGE_LOOP('',(#5669,#5670,#5671,#5672,#5673,#5674,#5675,#5676,
    #5677,#5678,#5679,#5680));
#5669 = ORIENTED_EDGE('',*,*,#5314,.F.);
#5670 = ORIENTED_EDGE('',*,*,#5630,.F.);
#5671 = ORIENTED_EDGE('',*,*,#5602,.F.);
#5672 = ORIENTED_EDGE('',*,*,#5574,.F.);
#5673 = ORIENTED_EDGE('',*,*,#5546,.F.);
#5674 = ORIENTED_EDGE('',*,*,#5518,.F.);
#5675 = ORIENTED_EDGE('',*,*,#5490,.F.);
#5676 = ORIENTED_EDGE('',*,*,#5462,.F.);
#5677 = ORIENTED_EDGE('',*,*,#5434,.F.);
#5678 = ORIENTED_EDGE('',*,*,#5406,.F.);
#5679 = ORIENTED_EDGE('',*,*,#5378,.F.);
#5680 = ORIENTED_EDGE('',*,*,#5350,.F.);
#5681 = B_SPLINE_SURFACE_WITH_KNOTS('',1,1,(
    (#5682,#5683)
    ,(#5684,#5685
    )),.UNSPECIFIED.,.F.,.F.,.F.,(2,2),(2,2),(-0.431511035954,
    -0.414009830706),(0.348530898582,0.381071162331),
  .PIECEWISE_BEZIER_KNOTS.);
#5682 = CARTESIAN_POINT('',(0.431511035954,0.348530898582,0.5625005879)
  );
#5683 = CARTESIAN_POINT('',(0.431511035954,0.381071162331,0.5625005879)
  );
#5684 = CARTESIAN_POINT('',(0.414009830706,0.348530898582,0.5625005879)
  );
#5685 = CARTESIAN_POINT('',(0.414009830706,0.381071162331,0.5625005879)
  );
#5686 = MANIFOLD_SOLID_BREP('',#5687);
#5687 = CLOSED_SHELL('',(#5688,#5880,#6072,#6096,#6112,#6132,#6152,#6168
    ,#6188,#6208,#6228,#6248,#6264,#6280,#6296,#6312,#6328,#6352,#6372,
    #6392,#6412,#6432,#6452,#6468));
#5688 = ADVANCED_FACE('',(#5689,#5805),#5875,.T.);
#5689 = FACE_BOUND('',#5690,.T.);
#5690 = EDGE_LOOP('',(#5691,#5702,#5709,#5718,#5727,#5734,#5743,#5752,
    #5761,#5770,#5777,#5784,#5791,#5798));
#5691 = ORIENTED_EDGE('',*,*,#5692,.T.);
#5692 = EDGE_CURVE('',#5693,#5695,#5697,.T.);
#5693 = VERTEX_POINT('',#5694);
#5694 = CARTESIAN_POINT('',(0.445685015869,0.372303923581,0.5635005879)
  );
#5695 = VERTEX_POINT('',#5696);
#5696 = CARTESIAN_POINT('',(0.437683038945,0.370141227115,0.5635005879)
  );
#5697 = B_SPLINE_CURVE_WITH_KNOTS('',3,(#5698,#5699,#5700,#5701),
  .UNSPECIFIED.,.F.,.F.,(4,4),(0.,1.),.PIECEWISE_BEZIER_KNOTS.);
#5698 = CARTESIAN_POINT('',(0.445685015869,0.372303923581,0.5635005879)
  );
#5699 = CARTESIAN_POINT('',(0.442657240817,0.372303923581,0.5635005879)
  );
#5700 = CARTESIAN_POINT('',(0.439987142488,0.371588570134,0.5635005879)
  );
#5701 = CARTESIAN_POINT('',(0.437683038945,0.370141227115,0.5635005879)
  );
#5702 = ORIENTED_EDGE('',*,*,#5703,.T.);
#5703 = EDGE_CURVE('',#5695,#5704,#5706,.T.);
#5704 = VERTEX_POINT('',#5705);
#5705 = CARTESIAN_POINT('',(0.437683038945,0.366181828969,0.5635005879)
  );
#5706 = B_SPLINE_CURVE_WITH_KNOTS('',1,(#5707,#5708),.UNSPECIFIED.,.F.,
  .F.,(2,2),(-3.959398145481E-03,-0.),.PIECEWISE_BEZIER_KNOTS.);
#5707 = CARTESIAN_POINT('',(0.437683038945,0.370141227115,0.5635005879)
  );
#5708 = CARTESIAN_POINT('',(0.437683038945,0.366181828969,0.5635005879)
  );
#5709 = ORIENTED_EDGE('',*,*,#5710,.T.);
#5710 = EDGE_CURVE('',#5704,#5711,#5713,.T.);
#5711 = VERTEX_POINT('',#5712);
#5712 = CARTESIAN_POINT('',(0.445302384956,0.368993334375,0.5635005879)
  );
#5713 = B_SPLINE_CURVE_WITH_KNOTS('',3,(#5714,#5715,#5716,#5717),
  .UNSPECIFIED.,.F.,.F.,(4,4),(12.,13.),.PIECEWISE_BEZIER_KNOTS.);
#5714 = CARTESIAN_POINT('',(0.437683038945,0.366181828969,0.5635005879)
  );
#5715 = CARTESIAN_POINT('',(0.439978824424,0.368045075155,0.5635005879)
  );
#5716 = CARTESIAN_POINT('',(0.44251583374,0.368993334375,0.5635005879));
#5717 = CARTESIAN_POINT('',(0.445302384956,0.368993334375,0.5635005879)
  );
#5718 = ORIENTED_EDGE('',*,*,#5719,.T.);
#5719 = EDGE_CURVE('',#5711,#5720,#5722,.T.);
#5720 = VERTEX_POINT('',#5721);
#5721 = CARTESIAN_POINT('',(0.450010408801,0.363303779057,0.5635005879)
  );
#5722 = B_SPLINE_CURVE_WITH_KNOTS('',3,(#5723,#5724,#5725,#5726),
  .UNSPECIFIED.,.F.,.F.,(4,4),(11.,12.),.PIECEWISE_BEZIER_KNOTS.);
#5723 = CARTESIAN_POINT('',(0.445302384956,0.368993334375,0.5635005879)
  );
#5724 = CARTESIAN_POINT('',(0.448438294831,0.368993334375,0.5635005879)
  );
#5725 = CARTESIAN_POINT('',(0.450010408801,0.367096815936,0.5635005879)
  );
#5726 = CARTESIAN_POINT('',(0.450010408801,0.363303779057,0.5635005879)
  );
#5727 = ORIENTED_EDGE('',*,*,#5728,.T.);
#5728 = EDGE_CURVE('',#5720,#5729,#5731,.T.);
#5729 = VERTEX_POINT('',#5730);
#5730 = CARTESIAN_POINT('',(0.443123052363,0.362338883711,0.5635005879)
  );
#5731 = B_SPLINE_CURVE_WITH_KNOTS('',1,(#5732,#5733),.UNSPECIFIED.,.F.,
  .F.,(2,2),(-6.954617295687E-03,-0.),.PIECEWISE_BEZIER_KNOTS.);
#5732 = CARTESIAN_POINT('',(0.450010408801,0.363303779057,0.5635005879)
  );
#5733 = CARTESIAN_POINT('',(0.443123052363,0.362338883711,0.5635005879)
  );
#5734 = ORIENTED_EDGE('',*,*,#5735,.T.);
#5735 = EDGE_CURVE('',#5729,#5736,#5738,.T.);
#5736 = VERTEX_POINT('',#5737);
#5737 = CARTESIAN_POINT('',(0.435412207656,0.354752809953,0.5635005879)
  );
#5738 = B_SPLINE_CURVE_WITH_KNOTS('',3,(#5739,#5740,#5741,#5742),
  .UNSPECIFIED.,.F.,.F.,(4,4),(9.,10.),.PIECEWISE_BEZIER_KNOTS.);
#5739 = CARTESIAN_POINT('',(0.443123052363,0.362338883711,0.5635005879)
  );
#5740 = CARTESIAN_POINT('',(0.437982489225,0.361623530264,0.5635005879)
  );
#5741 = CARTESIAN_POINT('',(0.435412207656,0.359094839012,0.5635005879)
  );
#5742 = CARTESIAN_POINT('',(0.435412207656,0.354752809953,0.5635005879)
  );
#5743 = ORIENTED_EDGE('',*,*,#5744,.T.);
#5744 = EDGE_CURVE('',#5736,#5745,#5747,.T.);
#5745 = VERTEX_POINT('',#5746);
#5746 = CARTESIAN_POINT('',(0.437408542855,0.349811880335,0.5635005879)
  );
#5747 = B_SPLINE_CURVE_WITH_KNOTS('',3,(#5748,#5749,#5750,#5751),
  .UNSPECIFIED.,.F.,.F.,(4,4),(8.,9.),.PIECEWISE_BEZIER_KNOTS.);
#5748 = CARTESIAN_POINT('',(0.435412207656,0.354752809953,0.5635005879)
  );
#5749 = CARTESIAN_POINT('',(0.435412207656,0.352673294121,0.5635005879)
  );
#5750 = CARTESIAN_POINT('',(0.436077652722,0.351026317581,0.5635005879)
  );
#5751 = CARTESIAN_POINT('',(0.437408542855,0.349811880335,0.5635005879)
  );
#5752 = ORIENTED_EDGE('',*,*,#5753,.T.);
#5753 = EDGE_CURVE('',#5745,#5754,#5756,.T.);
#5754 = VERTEX_POINT('',#5755);
#5755 = CARTESIAN_POINT('',(0.442782011767,0.347981906402,0.5635005879)
  );
#5756 = B_SPLINE_CURVE_WITH_KNOTS('',3,(#5757,#5758,#5759,#5760),
  .UNSPECIFIED.,.F.,.F.,(4,4),(7.,8.),.PIECEWISE_BEZIER_KNOTS.);
#5757 = CARTESIAN_POINT('',(0.437408542855,0.349811880335,0.5635005879)
  );
#5758 = CARTESIAN_POINT('',(0.438739432988,0.348597443089,0.5635005879)
  );
#5759 = CARTESIAN_POINT('',(0.440527816604,0.347981906402,0.5635005879)
  );
#5760 = CARTESIAN_POINT('',(0.442782011767,0.347981906402,0.5635005879)
  );
#5761 = ORIENTED_EDGE('',*,*,#5762,.T.);
#5762 = EDGE_CURVE('',#5754,#5763,#5765,.T.);
#5763 = VERTEX_POINT('',#5764);
#5764 = CARTESIAN_POINT('',(0.449902273978,0.352124301941,0.5635005879)
  );
#5765 = B_SPLINE_CURVE_WITH_KNOTS('',3,(#5766,#5767,#5768,#5769),
  .UNSPECIFIED.,.F.,.F.,(4,4),(6.,7.),.PIECEWISE_BEZIER_KNOTS.);
#5766 = CARTESIAN_POINT('',(0.442782011767,0.347981906402,0.5635005879)
  );
#5767 = CARTESIAN_POINT('',(0.445917921642,0.347981906402,0.5635005879)
  );
#5768 = CARTESIAN_POINT('',(0.448296887755,0.349362704915,0.5635005879)
  );
#5769 = CARTESIAN_POINT('',(0.449902273978,0.352124301941,0.5635005879)
  );
#5770 = ORIENTED_EDGE('',*,*,#5771,.T.);
#5771 = EDGE_CURVE('',#5763,#5772,#5774,.T.);
#5772 = VERTEX_POINT('',#5773);
#5773 = CARTESIAN_POINT('',(0.450010408801,0.352124301941,0.5635005879)
  );
#5774 = B_SPLINE_CURVE_WITH_KNOTS('',1,(#5775,#5776),.UNSPECIFIED.,.F.,
  .F.,(2,2),(-1.081348232844E-04,0.),.PIECEWISE_BEZIER_KNOTS.);
#5775 = CARTESIAN_POINT('',(0.449902273978,0.352124301941,0.5635005879)
  );
#5776 = CARTESIAN_POINT('',(0.450010408801,0.352124301941,0.5635005879)
  );
#5777 = ORIENTED_EDGE('',*,*,#5778,.T.);
#5778 = EDGE_CURVE('',#5772,#5779,#5781,.T.);
#5779 = VERTEX_POINT('',#5780);
#5780 = CARTESIAN_POINT('',(0.450010408801,0.348530898582,0.5635005879)
  );
#5781 = B_SPLINE_CURVE_WITH_KNOTS('',1,(#5782,#5783),.UNSPECIFIED.,.F.,
  .F.,(2,2),(-3.593403358689E-03,-0.),.PIECEWISE_BEZIER_KNOTS.);
#5782 = CARTESIAN_POINT('',(0.450010408801,0.352124301941,0.5635005879)
  );
#5783 = CARTESIAN_POINT('',(0.450010408801,0.348530898582,0.5635005879)
  );
#5784 = ORIENTED_EDGE('',*,*,#5785,.T.);
#5785 = EDGE_CURVE('',#5779,#5786,#5788,.T.);
#5786 = VERTEX_POINT('',#5787);
#5787 = CARTESIAN_POINT('',(0.454086259833,0.348530898582,0.5635005879)
  );
#5788 = B_SPLINE_CURVE_WITH_KNOTS('',1,(#5789,#5790),.UNSPECIFIED.,.F.,
  .F.,(2,2),(-4.075851031976E-03,0.),.PIECEWISE_BEZIER_KNOTS.);
#5789 = CARTESIAN_POINT('',(0.450010408801,0.348530898582,0.5635005879)
  );
#5790 = CARTESIAN_POINT('',(0.454086259833,0.348530898582,0.5635005879)
  );
#5791 = ORIENTED_EDGE('',*,*,#5792,.T.);
#5792 = EDGE_CURVE('',#5786,#5793,#5795,.T.);
#5793 = VERTEX_POINT('',#5794);
#5794 = CARTESIAN_POINT('',(0.454086259833,0.36348677645,0.5635005879));
#5795 = B_SPLINE_CURVE_WITH_KNOTS('',1,(#5796,#5797),.UNSPECIFIED.,.F.,
  .F.,(2,2),(-1.495587786812E-02,0.),.PIECEWISE_BEZIER_KNOTS.);
#5796 = CARTESIAN_POINT('',(0.454086259833,0.348530898582,0.5635005879)
  );
#5797 = CARTESIAN_POINT('',(0.454086259833,0.36348677645,0.5635005879));
#5798 = ORIENTED_EDGE('',*,*,#5799,.T.);
#5799 = EDGE_CURVE('',#5793,#5693,#5800,.T.);
#5800 = B_SPLINE_CURVE_WITH_KNOTS('',3,(#5801,#5802,#5803,#5804),
  .UNSPECIFIED.,.F.,.F.,(4,4),(1.,2.),.PIECEWISE_BEZIER_KNOTS.);
#5801 = CARTESIAN_POINT('',(0.454086259833,0.36348677645,0.5635005879));
#5802 = CARTESIAN_POINT('',(0.454086259833,0.369375965288,0.5635005879)
  );
#5803 = CARTESIAN_POINT('',(0.45128307249,0.372303923581,0.5635005879));
#5804 = CARTESIAN_POINT('',(0.445685015869,0.372303923581,0.5635005879)
  );
#5805 = FACE_BOUND('',#5806,.T.);
#5806 = EDGE_LOOP('',(#5807,#5818,#5827,#5834,#5841,#5850,#5859,#5868));
#5807 = ORIENTED_EDGE('',*,*,#5808,.F.);
#5808 = EDGE_CURVE('',#5809,#5811,#5813,.T.);
#5809 = VERTEX_POINT('',#5810);
#5810 = CARTESIAN_POINT('',(0.440627633364,0.358030126905,0.5635005879)
  );
#5811 = VERTEX_POINT('',#5812);
#5812 = CARTESIAN_POINT('',(0.439546285131,0.355085532486,0.5635005879)
  );
#5813 = B_SPLINE_CURVE_WITH_KNOTS('',3,(#5814,#5815,#5816,#5817),
  .UNSPECIFIED.,.F.,.F.,(4,4),(1.,2.),.PIECEWISE_BEZIER_KNOTS.);
#5814 = CARTESIAN_POINT('',(0.440627633364,0.358030126905,0.5635005879)
  );
#5815 = CARTESIAN_POINT('',(0.439912279918,0.357331409586,0.5635005879)
  );
#5816 = CARTESIAN_POINT('',(0.439546285131,0.356349878113,0.5635005879)
  );
#5817 = CARTESIAN_POINT('',(0.439546285131,0.355085532486,0.5635005879)
  );
#5818 = ORIENTED_EDGE('',*,*,#5819,.F.);
#5819 = EDGE_CURVE('',#5820,#5809,#5822,.T.);
#5820 = VERTEX_POINT('',#5821);
#5821 = CARTESIAN_POINT('',(0.444570395383,0.359460833798,0.5635005879)
  );
#5822 = B_SPLINE_CURVE_WITH_KNOTS('',3,(#5823,#5824,#5825,#5826),
  .UNSPECIFIED.,.F.,.F.,(4,4),(0.,1.),.PIECEWISE_BEZIER_KNOTS.);
#5823 = CARTESIAN_POINT('',(0.444570395383,0.359460833798,0.5635005879)
  );
#5824 = CARTESIAN_POINT('',(0.44266555888,0.359194655772,0.5635005879));
#5825 = CARTESIAN_POINT('',(0.441351304874,0.358728844225,0.5635005879)
  );
#5826 = CARTESIAN_POINT('',(0.440627633364,0.358030126905,0.5635005879)
  );
#5827 = ORIENTED_EDGE('',*,*,#5828,.F.);
#5828 = EDGE_CURVE('',#5829,#5820,#5831,.T.);
#5829 = VERTEX_POINT('',#5830);
#5830 = CARTESIAN_POINT('',(0.450010408801,0.360192823371,0.5635005879)
  );
#5831 = B_SPLINE_CURVE_WITH_KNOTS('',1,(#5832,#5833),.UNSPECIFIED.,.F.,
  .F.,(2,2),(0.,5.489039508437E-03),.PIECEWISE_BEZIER_KNOTS.);
#5832 = CARTESIAN_POINT('',(0.450010408801,0.360192823371,0.5635005879)
  );
#5833 = CARTESIAN_POINT('',(0.444570395383,0.359460833798,0.5635005879)
  );
#5834 = ORIENTED_EDGE('',*,*,#5835,.F.);
#5835 = EDGE_CURVE('',#5836,#5829,#5838,.T.);
#5836 = VERTEX_POINT('',#5837);
#5837 = CARTESIAN_POINT('',(0.450010408801,0.357963582399,0.5635005879)
  );
#5838 = B_SPLINE_CURVE_WITH_KNOTS('',1,(#5839,#5840),.UNSPECIFIED.,.F.,
  .F.,(2,2),(0.,2.229240972704E-03),.PIECEWISE_BEZIER_KNOTS.);
#5839 = CARTESIAN_POINT('',(0.450010408801,0.357963582399,0.5635005879)
  );
#5840 = CARTESIAN_POINT('',(0.450010408801,0.360192823371,0.5635005879)
  );
#5841 = ORIENTED_EDGE('',*,*,#5842,.F.);
#5842 = EDGE_CURVE('',#5843,#5836,#5845,.T.);
#5843 = VERTEX_POINT('',#5844);
#5844 = CARTESIAN_POINT('',(0.448263615501,0.3532222863,0.5635005879));
#5845 = B_SPLINE_CURVE_WITH_KNOTS('',3,(#5846,#5847,#5848,#5849),
  .UNSPECIFIED.,.F.,.F.,(4,4),(5.,6.),.PIECEWISE_BEZIER_KNOTS.);
#5846 = CARTESIAN_POINT('',(0.448263615501,0.3532222863,0.5635005879));
#5847 = CARTESIAN_POINT('',(0.449428144368,0.3544699958,0.5635005879));
#5848 = CARTESIAN_POINT('',(0.450010408801,0.356050427833,0.5635005879)
  );
#5849 = CARTESIAN_POINT('',(0.450010408801,0.357963582399,0.5635005879)
  );
#5850 = ORIENTED_EDGE('',*,*,#5851,.F.);
#5851 = EDGE_CURVE('',#5852,#5843,#5854,.T.);
#5852 = VERTEX_POINT('',#5853);
#5853 = CARTESIAN_POINT('',(0.44383840581,0.351325767861,0.5635005879));
#5854 = B_SPLINE_CURVE_WITH_KNOTS('',3,(#5855,#5856,#5857,#5858),
  .UNSPECIFIED.,.F.,.F.,(4,4),(4.,5.),.PIECEWISE_BEZIER_KNOTS.);
#5855 = CARTESIAN_POINT('',(0.44383840581,0.351325767861,0.5635005879));
#5856 = CARTESIAN_POINT('',(0.445626789426,0.351325767861,0.5635005879)
  );
#5857 = CARTESIAN_POINT('',(0.447107404698,0.351957940674,0.5635005879)
  );
#5858 = CARTESIAN_POINT('',(0.448263615501,0.3532222863,0.5635005879));
#5859 = ORIENTED_EDGE('',*,*,#5860,.F.);
#5860 = EDGE_CURVE('',#5861,#5852,#5863,.T.);
#5861 = VERTEX_POINT('',#5862);
#5862 = CARTESIAN_POINT('',(0.440727450124,0.352373843841,0.5635005879)
  );
#5863 = B_SPLINE_CURVE_WITH_KNOTS('',3,(#5864,#5865,#5866,#5867),
  .UNSPECIFIED.,.F.,.F.,(4,4),(3.,4.),.PIECEWISE_BEZIER_KNOTS.);
#5864 = CARTESIAN_POINT('',(0.440727450124,0.352373843841,0.5635005879)
  );
#5865 = CARTESIAN_POINT('',(0.441509348077,0.351675126521,0.5635005879)
  );
#5866 = CARTESIAN_POINT('',(0.442549105993,0.351325767861,0.5635005879)
  );
#5867 = CARTESIAN_POINT('',(0.44383840581,0.351325767861,0.5635005879));
#5868 = ORIENTED_EDGE('',*,*,#5869,.F.);
#5869 = EDGE_CURVE('',#5811,#5861,#5870,.T.);
#5870 = B_SPLINE_CURVE_WITH_KNOTS('',3,(#5871,#5872,#5873,#5874),
  .UNSPECIFIED.,.F.,.F.,(4,4),(2.,3.),.PIECEWISE_BEZIER_KNOTS.);
#5871 = CARTESIAN_POINT('',(0.439546285131,0.355085532486,0.5635005879)
  );
#5872 = CARTESIAN_POINT('',(0.439546285131,0.353970912,0.5635005879));
#5873 = CARTESIAN_POINT('',(0.439937234108,0.35307256116,0.5635005879));
#5874 = CARTESIAN_POINT('',(0.440727450124,0.352373843841,0.5635005879)
  );
#5875 = B_SPLINE_SURFACE_WITH_KNOTS('',1,1,(
    (#5876,#5877)
    ,(#5878,#5879
    )),.UNSPECIFIED.,.F.,.F.,.F.,(2,2),(2,2),(-6.000442935089E-03,
    1.267360924198E-02),(-2.378342257782E-02,5.385946006763E-04),
  .PIECEWISE_BEZIER_KNOTS.);
#5876 = CARTESIAN_POINT('',(0.435412207656,0.347981906402,0.5635005879)
  );
#5877 = CARTESIAN_POINT('',(0.435412207656,0.372303923581,0.5635005879)
  );
#5878 = CARTESIAN_POINT('',(0.454086259833,0.347981906402,0.5635005879)
  );
#5879 = CARTESIAN_POINT('',(0.454086259833,0.372303923581,0.5635005879)
  );
#5880 = ADVANCED_FACE('',(#5881,#5997),#6067,.F.);
#5881 = FACE_BOUND('',#5882,.T.);
#5882 = EDGE_LOOP('',(#5883,#5894,#5903,#5910,#5917,#5924,#5931,#5940,
    #5949,#5958,#5967,#5974,#5983,#5992));
#5883 = ORIENTED_EDGE('',*,*,#5884,.F.);
#5884 = EDGE_CURVE('',#5885,#5887,#5889,.T.);
#5885 = VERTEX_POINT('',#5886);
#5886 = CARTESIAN_POINT('',(0.445685015869,0.372303923581,0.5625005879)
  );
#5887 = VERTEX_POINT('',#5888);
#5888 = CARTESIAN_POINT('',(0.437683038945,0.370141227115,0.5625005879)
  );
#5889 = B_SPLINE_CURVE_WITH_KNOTS('',3,(#5890,#5891,#5892,#5893),
  .UNSPECIFIED.,.F.,.F.,(4,4),(0.,1.),.PIECEWISE_BEZIER_KNOTS.);
#5890 = CARTESIAN_POINT('',(0.445685015869,0.372303923581,0.5625005879)
  );
#5891 = CARTESIAN_POINT('',(0.442657240817,0.372303923581,0.5625005879)
  );
#5892 = CARTESIAN_POINT('',(0.439987142488,0.371588570134,0.5625005879)
  );
#5893 = CARTESIAN_POINT('',(0.437683038945,0.370141227115,0.5625005879)
  );
#5894 = ORIENTED_EDGE('',*,*,#5895,.F.);
#5895 = EDGE_CURVE('',#5896,#5885,#5898,.T.);
#5896 = VERTEX_POINT('',#5897);
#5897 = CARTESIAN_POINT('',(0.454086259833,0.36348677645,0.5625005879));
#5898 = B_SPLINE_CURVE_WITH_KNOTS('',3,(#5899,#5900,#5901,#5902),
  .UNSPECIFIED.,.F.,.F.,(4,4),(1.,2.),.PIECEWISE_BEZIER_KNOTS.);
#5899 = CARTESIAN_POINT('',(0.454086259833,0.36348677645,0.5625005879));
#5900 = CARTESIAN_POINT('',(0.454086259833,0.369375965288,0.5625005879)
  );
#5901 = CARTESIAN_POINT('',(0.45128307249,0.372303923581,0.5625005879));
#5902 = CARTESIAN_POINT('',(0.445685015869,0.372303923581,0.5625005879)
  );
#5903 = ORIENTED_EDGE('',*,*,#5904,.F.);
#5904 = EDGE_CURVE('',#5905,#5896,#5907,.T.);
#5905 = VERTEX_POINT('',#5906);
#5906 = CARTESIAN_POINT('',(0.454086259833,0.348530898582,0.5625005879)
  );
#5907 = B_SPLINE_CURVE_WITH_KNOTS('',1,(#5908,#5909),.UNSPECIFIED.,.F.,
  .F.,(2,2),(-1.495587786812E-02,0.),.PIECEWISE_BEZIER_KNOTS.);
#5908 = CARTESIAN_POINT('',(0.454086259833,0.348530898582,0.5625005879)
  );
#5909 = CARTESIAN_POINT('',(0.454086259833,0.36348677645,0.5625005879));
#5910 = ORIENTED_EDGE('',*,*,#5911,.F.);
#5911 = EDGE_CURVE('',#5912,#5905,#5914,.T.);
#5912 = VERTEX_POINT('',#5913);
#5913 = CARTESIAN_POINT('',(0.450010408801,0.348530898582,0.5625005879)
  );
#5914 = B_SPLINE_CURVE_WITH_KNOTS('',1,(#5915,#5916),.UNSPECIFIED.,.F.,
  .F.,(2,2),(-4.075851031976E-03,0.),.PIECEWISE_BEZIER_KNOTS.);
#5915 = CARTESIAN_POINT('',(0.450010408801,0.348530898582,0.5625005879)
  );
#5916 = CARTESIAN_POINT('',(0.454086259833,0.348530898582,0.5625005879)
  );
#5917 = ORIENTED_EDGE('',*,*,#5918,.F.);
#5918 = EDGE_CURVE('',#5919,#5912,#5921,.T.);
#5919 = VERTEX_POINT('',#5920);
#5920 = CARTESIAN_POINT('',(0.450010408801,0.352124301941,0.5625005879)
  );
#5921 = B_SPLINE_CURVE_WITH_KNOTS('',1,(#5922,#5923),.UNSPECIFIED.,.F.,
  .F.,(2,2),(-3.593403358689E-03,-0.),.PIECEWISE_BEZIER_KNOTS.);
#5922 = CARTESIAN_POINT('',(0.450010408801,0.352124301941,0.5625005879)
  );
#5923 = CARTESIAN_POINT('',(0.450010408801,0.348530898582,0.5625005879)
  );
#5924 = ORIENTED_EDGE('',*,*,#5925,.F.);
#5925 = EDGE_CURVE('',#5926,#5919,#5928,.T.);
#5926 = VERTEX_POINT('',#5927);
#5927 = CARTESIAN_POINT('',(0.449902273978,0.352124301941,0.5625005879)
  );
#5928 = B_SPLINE_CURVE_WITH_KNOTS('',1,(#5929,#5930),.UNSPECIFIED.,.F.,
  .F.,(2,2),(-1.081348232844E-04,0.),.PIECEWISE_BEZIER_KNOTS.);
#5929 = CARTESIAN_POINT('',(0.449902273978,0.352124301941,0.5625005879)
  );
#5930 = CARTESIAN_POINT('',(0.450010408801,0.352124301941,0.5625005879)
  );
#5931 = ORIENTED_EDGE('',*,*,#5932,.F.);
#5932 = EDGE_CURVE('',#5933,#5926,#5935,.T.);
#5933 = VERTEX_POINT('',#5934);
#5934 = CARTESIAN_POINT('',(0.442782011767,0.347981906402,0.5625005879)
  );
#5935 = B_SPLINE_CURVE_WITH_KNOTS('',3,(#5936,#5937,#5938,#5939),
  .UNSPECIFIED.,.F.,.F.,(4,4),(6.,7.),.PIECEWISE_BEZIER_KNOTS.);
#5936 = CARTESIAN_POINT('',(0.442782011767,0.347981906402,0.5625005879)
  );
#5937 = CARTESIAN_POINT('',(0.445917921642,0.347981906402,0.5625005879)
  );
#5938 = CARTESIAN_POINT('',(0.448296887755,0.349362704915,0.5625005879)
  );
#5939 = CARTESIAN_POINT('',(0.449902273978,0.352124301941,0.5625005879)
  );
#5940 = ORIENTED_EDGE('',*,*,#5941,.F.);
#5941 = EDGE_CURVE('',#5942,#5933,#5944,.T.);
#5942 = VERTEX_POINT('',#5943);
#5943 = CARTESIAN_POINT('',(0.437408542855,0.349811880335,0.5625005879)
  );
#5944 = B_SPLINE_CURVE_WITH_KNOTS('',3,(#5945,#5946,#5947,#5948),
  .UNSPECIFIED.,.F.,.F.,(4,4),(7.,8.),.PIECEWISE_BEZIER_KNOTS.);
#5945 = CARTESIAN_POINT('',(0.437408542855,0.349811880335,0.5625005879)
  );
#5946 = CARTESIAN_POINT('',(0.438739432988,0.348597443089,0.5625005879)
  );
#5947 = CARTESIAN_POINT('',(0.440527816604,0.347981906402,0.5625005879)
  );
#5948 = CARTESIAN_POINT('',(0.442782011767,0.347981906402,0.5625005879)
  );
#5949 = ORIENTED_EDGE('',*,*,#5950,.F.);
#5950 = EDGE_CURVE('',#5951,#5942,#5953,.T.);
#5951 = VERTEX_POINT('',#5952);
#5952 = CARTESIAN_POINT('',(0.435412207656,0.354752809953,0.5625005879)
  );
#5953 = B_SPLINE_CURVE_WITH_KNOTS('',3,(#5954,#5955,#5956,#5957),
  .UNSPECIFIED.,.F.,.F.,(4,4),(8.,9.),.PIECEWISE_BEZIER_KNOTS.);
#5954 = CARTESIAN_POINT('',(0.435412207656,0.354752809953,0.5625005879)
  );
#5955 = CARTESIAN_POINT('',(0.435412207656,0.352673294121,0.5625005879)
  );
#5956 = CARTESIAN_POINT('',(0.436077652722,0.351026317581,0.5625005879)
  );
#5957 = CARTESIAN_POINT('',(0.437408542855,0.349811880335,0.5625005879)
  );
#5958 = ORIENTED_EDGE('',*,*,#5959,.F.);
#5959 = EDGE_CURVE('',#5960,#5951,#5962,.T.);
#5960 = VERTEX_POINT('',#5961);
#5961 = CARTESIAN_POINT('',(0.443123052363,0.362338883711,0.5625005879)
  );
#5962 = B_SPLINE_CURVE_WITH_KNOTS('',3,(#5963,#5964,#5965,#5966),
  .UNSPECIFIED.,.F.,.F.,(4,4),(9.,10.),.PIECEWISE_BEZIER_KNOTS.);
#5963 = CARTESIAN_POINT('',(0.443123052363,0.362338883711,0.5625005879)
  );
#5964 = CARTESIAN_POINT('',(0.437982489225,0.361623530264,0.5625005879)
  );
#5965 = CARTESIAN_POINT('',(0.435412207656,0.359094839012,0.5625005879)
  );
#5966 = CARTESIAN_POINT('',(0.435412207656,0.354752809953,0.5625005879)
  );
#5967 = ORIENTED_EDGE('',*,*,#5968,.F.);
#5968 = EDGE_CURVE('',#5969,#5960,#5971,.T.);
#5969 = VERTEX_POINT('',#5970);
#5970 = CARTESIAN_POINT('',(0.450010408801,0.363303779057,0.5625005879)
  );
#5971 = B_SPLINE_CURVE_WITH_KNOTS('',1,(#5972,#5973),.UNSPECIFIED.,.F.,
  .F.,(2,2),(-6.954617295687E-03,-0.),.PIECEWISE_BEZIER_KNOTS.);
#5972 = CARTESIAN_POINT('',(0.450010408801,0.363303779057,0.5625005879)
  );
#5973 = CARTESIAN_POINT('',(0.443123052363,0.362338883711,0.5625005879)
  );
#5974 = ORIENTED_EDGE('',*,*,#5975,.F.);
#5975 = EDGE_CURVE('',#5976,#5969,#5978,.T.);
#5976 = VERTEX_POINT('',#5977);
#5977 = CARTESIAN_POINT('',(0.445302384956,0.368993334375,0.5625005879)
  );
#5978 = B_SPLINE_CURVE_WITH_KNOTS('',3,(#5979,#5980,#5981,#5982),
  .UNSPECIFIED.,.F.,.F.,(4,4),(11.,12.),.PIECEWISE_BEZIER_KNOTS.);
#5979 = CARTESIAN_POINT('',(0.445302384956,0.368993334375,0.5625005879)
  );
#5980 = CARTESIAN_POINT('',(0.448438294831,0.368993334375,0.5625005879)
  );
#5981 = CARTESIAN_POINT('',(0.450010408801,0.367096815936,0.5625005879)
  );
#5982 = CARTESIAN_POINT('',(0.450010408801,0.363303779057,0.5625005879)
  );
#5983 = ORIENTED_EDGE('',*,*,#5984,.F.);
#5984 = EDGE_CURVE('',#5985,#5976,#5987,.T.);
#5985 = VERTEX_POINT('',#5986);
#5986 = CARTESIAN_POINT('',(0.437683038945,0.366181828969,0.5625005879)
  );
#5987 = B_SPLINE_CURVE_WITH_KNOTS('',3,(#5988,#5989,#5990,#5991),
  .UNSPECIFIED.,.F.,.F.,(4,4),(12.,13.),.PIECEWISE_BEZIER_KNOTS.);
#5988 = CARTESIAN_POINT('',(0.437683038945,0.366181828969,0.5625005879)
  );
#5989 = CARTESIAN_POINT('',(0.439978824424,0.368045075155,0.5625005879)
  );
#5990 = CARTESIAN_POINT('',(0.44251583374,0.368993334375,0.5625005879));
#5991 = CARTESIAN_POINT('',(0.445302384956,0.368993334375,0.5625005879)
  );
#5992 = ORIENTED_EDGE('',*,*,#5993,.F.);
#5993 = EDGE_CURVE('',#5887,#5985,#5994,.T.);
#5994 = B_SPLINE_CURVE_WITH_KNOTS('',1,(#5995,#5996),.UNSPECIFIED.,.F.,
  .F.,(2,2),(-3.959398145481E-03,-0.),.PIECEWISE_BEZIER_KNOTS.);
#5995 = CARTESIAN_POINT('',(0.437683038945,0.370141227115,0.5625005879)
  );
#5996 = CARTESIAN_POINT('',(0.437683038945,0.366181828969,0.5625005879)
  );
#5997 = FACE_BOUND('',#5998,.T.);
#5998 = EDGE_LOOP('',(#5999,#6010,#6019,#6028,#6037,#6046,#6055,#6062));
#5999 = ORIENTED_EDGE('',*,*,#6000,.T.);
#6000 = EDGE_CURVE('',#6001,#6003,#6005,.T.);
#6001 = VERTEX_POINT('',#6002);
#6002 = CARTESIAN_POINT('',(0.444570395383,0.359460833798,0.5625005879)
  );
#6003 = VERTEX_POINT('',#6004);
#6004 = CARTESIAN_POINT('',(0.440627633364,0.358030126905,0.5625005879)
  );
#6005 = B_SPLINE_CURVE_WITH_KNOTS('',3,(#6006,#6007,#6008,#6009),
  .UNSPECIFIED.,.F.,.F.,(4,4),(0.,1.),.PIECEWISE_BEZIER_KNOTS.);
#6006 = CARTESIAN_POINT('',(0.444570395383,0.359460833798,0.5625005879)
  );
#6007 = CARTESIAN_POINT('',(0.44266555888,0.359194655772,0.5625005879));
#6008 = CARTESIAN_POINT('',(0.441351304874,0.358728844225,0.5625005879)
  );
#6009 = CARTESIAN_POINT('',(0.440627633364,0.358030126905,0.5625005879)
  );
#6010 = ORIENTED_EDGE('',*,*,#6011,.T.);
#6011 = EDGE_CURVE('',#6003,#6012,#6014,.T.);
#6012 = VERTEX_POINT('',#6013);
#6013 = CARTESIAN_POINT('',(0.439546285131,0.355085532486,0.5625005879)
  );
#6014 = B_SPLINE_CURVE_WITH_KNOTS('',3,(#6015,#6016,#6017,#6018),
  .UNSPECIFIED.,.F.,.F.,(4,4),(1.,2.),.PIECEWISE_BEZIER_KNOTS.);
#6015 = CARTESIAN_POINT('',(0.440627633364,0.358030126905,0.5625005879)
  );
#6016 = CARTESIAN_POINT('',(0.439912279918,0.357331409586,0.5625005879)
  );
#6017 = CARTESIAN_POINT('',(0.439546285131,0.356349878113,0.5625005879)
  );
#6018 = CARTESIAN_POINT('',(0.439546285131,0.355085532486,0.5625005879)
  );
#6019 = ORIENTED_EDGE('',*,*,#6020,.T.);
#6020 = EDGE_CURVE('',#6012,#6021,#6023,.T.);
#6021 = VERTEX_POINT('',#6022);
#6022 = CARTESIAN_POINT('',(0.440727450124,0.352373843841,0.5625005879)
  );
#6023 = B_SPLINE_CURVE_WITH_KNOTS('',3,(#6024,#6025,#6026,#6027),
  .UNSPECIFIED.,.F.,.F.,(4,4),(2.,3.),.PIECEWISE_BEZIER_KNOTS.);
#6024 = CARTESIAN_POINT('',(0.439546285131,0.355085532486,0.5625005879)
  );
#6025 = CARTESIAN_POINT('',(0.439546285131,0.353970912,0.5625005879));
#6026 = CARTESIAN_POINT('',(0.439937234108,0.35307256116,0.5625005879));
#6027 = CARTESIAN_POINT('',(0.440727450124,0.352373843841,0.5625005879)
  );
#6028 = ORIENTED_EDGE('',*,*,#6029,.T.);
#6029 = EDGE_CURVE('',#6021,#6030,#6032,.T.);
#6030 = VERTEX_POINT('',#6031);
#6031 = CARTESIAN_POINT('',(0.44383840581,0.351325767861,0.5625005879));
#6032 = B_SPLINE_CURVE_WITH_KNOTS('',3,(#6033,#6034,#6035,#6036),
  .UNSPECIFIED.,.F.,.F.,(4,4),(3.,4.),.PIECEWISE_BEZIER_KNOTS.);
#6033 = CARTESIAN_POINT('',(0.440727450124,0.352373843841,0.5625005879)
  );
#6034 = CARTESIAN_POINT('',(0.441509348077,0.351675126521,0.5625005879)
  );
#6035 = CARTESIAN_POINT('',(0.442549105993,0.351325767861,0.5625005879)
  );
#6036 = CARTESIAN_POINT('',(0.44383840581,0.351325767861,0.5625005879));
#6037 = ORIENTED_EDGE('',*,*,#6038,.T.);
#6038 = EDGE_CURVE('',#6030,#6039,#6041,.T.);
#6039 = VERTEX_POINT('',#6040);
#6040 = CARTESIAN_POINT('',(0.448263615501,0.3532222863,0.5625005879));
#6041 = B_SPLINE_CURVE_WITH_KNOTS('',3,(#6042,#6043,#6044,#6045),
  .UNSPECIFIED.,.F.,.F.,(4,4),(4.,5.),.PIECEWISE_BEZIER_KNOTS.);
#6042 = CARTESIAN_POINT('',(0.44383840581,0.351325767861,0.5625005879));
#6043 = CARTESIAN_POINT('',(0.445626789426,0.351325767861,0.5625005879)
  );
#6044 = CARTESIAN_POINT('',(0.447107404698,0.351957940674,0.5625005879)
  );
#6045 = CARTESIAN_POINT('',(0.448263615501,0.3532222863,0.5625005879));
#6046 = ORIENTED_EDGE('',*,*,#6047,.T.);
#6047 = EDGE_CURVE('',#6039,#6048,#6050,.T.);
#6048 = VERTEX_POINT('',#6049);
#6049 = CARTESIAN_POINT('',(0.450010408801,0.357963582399,0.5625005879)
  );
#6050 = B_SPLINE_CURVE_WITH_KNOTS('',3,(#6051,#6052,#6053,#6054),
  .UNSPECIFIED.,.F.,.F.,(4,4),(5.,6.),.PIECEWISE_BEZIER_KNOTS.);
#6051 = CARTESIAN_POINT('',(0.448263615501,0.3532222863,0.5625005879));
#6052 = CARTESIAN_POINT('',(0.449428144368,0.3544699958,0.5625005879));
#6053 = CARTESIAN_POINT('',(0.450010408801,0.356050427833,0.5625005879)
  );
#6054 = CARTESIAN_POINT('',(0.450010408801,0.357963582399,0.5625005879)
  );
#6055 = ORIENTED_EDGE('',*,*,#6056,.T.);
#6056 = EDGE_CURVE('',#6048,#6057,#6059,.T.);
#6057 = VERTEX_POINT('',#6058);
#6058 = CARTESIAN_POINT('',(0.450010408801,0.360192823371,0.5625005879)
  );
#6059 = B_SPLINE_CURVE_WITH_KNOTS('',1,(#6060,#6061),.UNSPECIFIED.,.F.,
  .F.,(2,2),(0.,2.229240972704E-03),.PIECEWISE_BEZIER_KNOTS.);
#6060 = CARTESIAN_POINT('',(0.450010408801,0.357963582399,0.5625005879)
  );
#6061 = CARTESIAN_POINT('',(0.450010408801,0.360192823371,0.5625005879)
  );
#6062 = ORIENTED_EDGE('',*,*,#6063,.T.);
#6063 = EDGE_CURVE('',#6057,#6001,#6064,.T.);
#6064 = B_SPLINE_CURVE_WITH_KNOTS('',1,(#6065,#6066),.UNSPECIFIED.,.F.,
  .F.,(2,2),(0.,5.489039508437E-03),.PIECEWISE_BEZIER_KNOTS.);
#6065 = CARTESIAN_POINT('',(0.450010408801,0.360192823371,0.5625005879)
  );
#6066 = CARTESIAN_POINT('',(0.444570395383,0.359460833798,0.5625005879)
  );
#6067 = B_SPLINE_SURFACE_WITH_KNOTS('',1,1,(
    (#6068,#6069)
    ,(#6070,#6071
    )),.UNSPECIFIED.,.F.,.F.,.F.,(2,2),(2,2),(-6.000442935089E-03,
    1.267360924198E-02),(-2.378342257782E-02,5.385946006763E-04),
  .PIECEWISE_BEZIER_KNOTS.);
#6068 = CARTESIAN_POINT('',(0.435412207656,0.347981906402,0.5625005879)
  );
#6069 = CARTESIAN_POINT('',(0.435412207656,0.372303923581,0.5625005879)
  );
#6070 = CARTESIAN_POINT('',(0.454086259833,0.347981906402,0.5625005879)
  );
#6071 = CARTESIAN_POINT('',(0.454086259833,0.372303923581,0.5625005879)
  );
#6072 = ADVANCED_FACE('',(#6073),#6087,.F.);
#6073 = FACE_BOUND('',#6074,.F.);
#6074 = EDGE_LOOP('',(#6075,#6080,#6081,#6086));
#6075 = ORIENTED_EDGE('',*,*,#6076,.F.);
#6076 = EDGE_CURVE('',#5693,#5885,#6077,.T.);
#6077 = B_SPLINE_CURVE_WITH_KNOTS('',1,(#6078,#6079),.UNSPECIFIED.,.F.,
  .F.,(2,2),(-0.,1.E-03),.PIECEWISE_BEZIER_KNOTS.);
#6078 = CARTESIAN_POINT('',(0.445685015869,0.372303923581,0.5635005879)
  );
#6079 = CARTESIAN_POINT('',(0.445685015869,0.372303923581,0.5625005879)
  );
#6080 = ORIENTED_EDGE('',*,*,#5692,.T.);
#6081 = ORIENTED_EDGE('',*,*,#6082,.T.);
#6082 = EDGE_CURVE('',#5695,#5887,#6083,.T.);
#6083 = B_SPLINE_CURVE_WITH_KNOTS('',1,(#6084,#6085),.UNSPECIFIED.,.F.,
  .F.,(2,2),(-0.,1.E-03),.PIECEWISE_BEZIER_KNOTS.);
#6084 = CARTESIAN_POINT('',(0.437683038945,0.370141227115,0.5635005879)
  );
#6085 = CARTESIAN_POINT('',(0.437683038945,0.370141227115,0.5625005879)
  );
#6086 = ORIENTED_EDGE('',*,*,#5884,.F.);
#6087 = B_SPLINE_SURFACE_WITH_KNOTS('',3,1,(
    (#6088,#6089)
    ,(#6090,#6091)
    ,(#6092,#6093)
    ,(#6094,#6095
    )),.UNSPECIFIED.,.F.,.F.,.F.,(4,4),(2,2),(0.,1.),(0.,1.),
  .PIECEWISE_BEZIER_KNOTS.);
#6088 = CARTESIAN_POINT('',(0.445685015869,0.372303923581,0.5635005879)
  );
#6089 = CARTESIAN_POINT('',(0.445685015869,0.372303923581,0.5625005879)
  );
#6090 = CARTESIAN_POINT('',(0.442657240817,0.372303923581,0.5635005879)
  );
#6091 = CARTESIAN_POINT('',(0.442657240817,0.372303923581,0.5625005879)
  );
#6092 = CARTESIAN_POINT('',(0.439987142488,0.371588570134,0.5635005879)
  );
#6093 = CARTESIAN_POINT('',(0.439987142488,0.371588570134,0.5625005879)
  );
#6094 = CARTESIAN_POINT('',(0.437683038945,0.370141227115,0.5635005879)
  );
#6095 = CARTESIAN_POINT('',(0.437683038945,0.370141227115,0.5625005879)
  );
#6096 = ADVANCED_FACE('',(#6097),#6107,.F.);
#6097 = FACE_BOUND('',#6098,.T.);
#6098 = EDGE_LOOP('',(#6099,#6100,#6105,#6106));
#6099 = ORIENTED_EDGE('',*,*,#5993,.T.);
#6100 = ORIENTED_EDGE('',*,*,#6101,.F.);
#6101 = EDGE_CURVE('',#5704,#5985,#6102,.T.);
#6102 = B_SPLINE_CURVE_WITH_KNOTS('',1,(#6103,#6104),.UNSPECIFIED.,.F.,
  .F.,(2,2),(-0.,1.E-03),.PIECEWISE_BEZIER_KNOTS.);
#6103 = CARTESIAN_POINT('',(0.437683038945,0.366181828969,0.5635005879)
  );
#6104 = CARTESIAN_POINT('',(0.437683038945,0.366181828969,0.5625005879)
  );
#6105 = ORIENTED_EDGE('',*,*,#5703,.F.);
#6106 = ORIENTED_EDGE('',*,*,#6082,.T.);
#6107 = B_SPLINE_SURFACE_WITH_KNOTS('',1,1,(
    (#6108,#6109)
    ,(#6110,#6111
    )),.UNSPECIFIED.,.F.,.F.,.F.,(2,2),(2,2),(0.,1.E-03),(0.,
    3.959398145481E-03),.PIECEWISE_BEZIER_KNOTS.);
#6108 = CARTESIAN_POINT('',(0.437683038945,0.366181828969,0.5635005879)
  );
#6109 = CARTESIAN_POINT('',(0.437683038945,0.370141227115,0.5635005879)
  );
#6110 = CARTESIAN_POINT('',(0.437683038945,0.366181828969,0.5625005879)
  );
#6111 = CARTESIAN_POINT('',(0.437683038945,0.370141227115,0.5625005879)
  );
#6112 = ADVANCED_FACE('',(#6113),#6123,.F.);
#6113 = FACE_BOUND('',#6114,.F.);
#6114 = EDGE_LOOP('',(#6115,#6116,#6117,#6122));
#6115 = ORIENTED_EDGE('',*,*,#6101,.F.);
#6116 = ORIENTED_EDGE('',*,*,#5710,.T.);
#6117 = ORIENTED_EDGE('',*,*,#6118,.T.);
#6118 = EDGE_CURVE('',#5711,#5976,#6119,.T.);
#6119 = B_SPLINE_CURVE_WITH_KNOTS('',1,(#6120,#6121),.UNSPECIFIED.,.F.,
  .F.,(2,2),(-0.,1.E-03),.PIECEWISE_BEZIER_KNOTS.);
#6120 = CARTESIAN_POINT('',(0.445302384956,0.368993334375,0.5635005879)
  );
#6121 = CARTESIAN_POINT('',(0.445302384956,0.368993334375,0.5625005879)
  );
#6122 = ORIENTED_EDGE('',*,*,#5984,.F.);
#6123 = B_SPLINE_SURFACE_WITH_KNOTS('',3,1,(
    (#6124,#6125)
    ,(#6126,#6127)
    ,(#6128,#6129)
    ,(#6130,#6131
    )),.UNSPECIFIED.,.F.,.F.,.F.,(4,4),(2,2),(12.,13.),(0.,1.),
  .PIECEWISE_BEZIER_KNOTS.);
#6124 = CARTESIAN_POINT('',(0.437683038945,0.366181828969,0.5635005879)
  );
#6125 = CARTESIAN_POINT('',(0.437683038945,0.366181828969,0.5625005879)
  );
#6126 = CARTESIAN_POINT('',(0.439978824424,0.368045075155,0.5635005879)
  );
#6127 = CARTESIAN_POINT('',(0.439978824424,0.368045075155,0.5625005879)
  );
#6128 = CARTESIAN_POINT('',(0.44251583374,0.368993334375,0.5635005879));
#6129 = CARTESIAN_POINT('',(0.44251583374,0.368993334375,0.5625005879));
#6130 = CARTESIAN_POINT('',(0.445302384956,0.368993334375,0.5635005879)
  );
#6131 = CARTESIAN_POINT('',(0.445302384956,0.368993334375,0.5625005879)
  );
#6132 = ADVANCED_FACE('',(#6133),#6143,.F.);
#6133 = FACE_BOUND('',#6134,.F.);
#6134 = EDGE_LOOP('',(#6135,#6136,#6137,#6142));
#6135 = ORIENTED_EDGE('',*,*,#6118,.F.);
#6136 = ORIENTED_EDGE('',*,*,#5719,.T.);
#6137 = ORIENTED_EDGE('',*,*,#6138,.T.);
#6138 = EDGE_CURVE('',#5720,#5969,#6139,.T.);
#6139 = B_SPLINE_CURVE_WITH_KNOTS('',1,(#6140,#6141),.UNSPECIFIED.,.F.,
  .F.,(2,2),(-0.,1.E-03),.PIECEWISE_BEZIER_KNOTS.);
#6140 = CARTESIAN_POINT('',(0.450010408801,0.363303779057,0.5635005879)
  );
#6141 = CARTESIAN_POINT('',(0.450010408801,0.363303779057,0.5625005879)
  );
#6142 = ORIENTED_EDGE('',*,*,#5975,.F.);
#6143 = B_SPLINE_SURFACE_WITH_KNOTS('',3,1,(
    (#6144,#6145)
    ,(#6146,#6147)
    ,(#6148,#6149)
    ,(#6150,#6151
    )),.UNSPECIFIED.,.F.,.F.,.F.,(4,4),(2,2),(11.,12.),(0.,1.),
  .PIECEWISE_BEZIER_KNOTS.);
#6144 = CARTESIAN_POINT('',(0.445302384956,0.368993334375,0.5635005879)
  );
#6145 = CARTESIAN_POINT('',(0.445302384956,0.368993334375,0.5625005879)
  );
#6146 = CARTESIAN_POINT('',(0.448438294831,0.368993334375,0.5635005879)
  );
#6147 = CARTESIAN_POINT('',(0.448438294831,0.368993334375,0.5625005879)
  );
#6148 = CARTESIAN_POINT('',(0.450010408801,0.367096815936,0.5635005879)
  );
#6149 = CARTESIAN_POINT('',(0.450010408801,0.367096815936,0.5625005879)
  );
#6150 = CARTESIAN_POINT('',(0.450010408801,0.363303779057,0.5635005879)
  );
#6151 = CARTESIAN_POINT('',(0.450010408801,0.363303779057,0.5625005879)
  );
#6152 = ADVANCED_FACE('',(#6153),#6163,.F.);
#6153 = FACE_BOUND('',#6154,.T.);
#6154 = EDGE_LOOP('',(#6155,#6156,#6161,#6162));
#6155 = ORIENTED_EDGE('',*,*,#5968,.T.);
#6156 = ORIENTED_EDGE('',*,*,#6157,.F.);
#6157 = EDGE_CURVE('',#5729,#5960,#6158,.T.);
#6158 = B_SPLINE_CURVE_WITH_KNOTS('',1,(#6159,#6160),.UNSPECIFIED.,.F.,
  .F.,(2,2),(-0.,1.E-03),.PIECEWISE_BEZIER_KNOTS.);
#6159 = CARTESIAN_POINT('',(0.443123052363,0.362338883711,0.5635005879)
  );
#6160 = CARTESIAN_POINT('',(0.443123052363,0.362338883711,0.5625005879)
  );
#6161 = ORIENTED_EDGE('',*,*,#5728,.F.);
#6162 = ORIENTED_EDGE('',*,*,#6138,.T.);
#6163 = B_SPLINE_SURFACE_WITH_KNOTS('',1,1,(
    (#6164,#6165)
    ,(#6166,#6167
    )),.UNSPECIFIED.,.F.,.F.,.F.,(2,2),(2,2),(0.,6.954617295687E-03),(
    -1.E-03,0.),.PIECEWISE_BEZIER_KNOTS.);
#6164 = CARTESIAN_POINT('',(0.443123052363,0.362338883711,0.5625005879)
  );
#6165 = CARTESIAN_POINT('',(0.443123052363,0.362338883711,0.5635005879)
  );
#6166 = CARTESIAN_POINT('',(0.450010408801,0.363303779057,0.5625005879)
  );
#6167 = CARTESIAN_POINT('',(0.450010408801,0.363303779057,0.5635005879)
  );
#6168 = ADVANCED_FACE('',(#6169),#6179,.F.);
#6169 = FACE_BOUND('',#6170,.F.);
#6170 = EDGE_LOOP('',(#6171,#6172,#6173,#6178));
#6171 = ORIENTED_EDGE('',*,*,#6157,.F.);
#6172 = ORIENTED_EDGE('',*,*,#5735,.T.);
#6173 = ORIENTED_EDGE('',*,*,#6174,.T.);
#6174 = EDGE_CURVE('',#5736,#5951,#6175,.T.);
#6175 = B_SPLINE_CURVE_WITH_KNOTS('',1,(#6176,#6177),.UNSPECIFIED.,.F.,
  .F.,(2,2),(-0.,1.E-03),.PIECEWISE_BEZIER_KNOTS.);
#6176 = CARTESIAN_POINT('',(0.435412207656,0.354752809953,0.5635005879)
  );
#6177 = CARTESIAN_POINT('',(0.435412207656,0.354752809953,0.5625005879)
  );
#6178 = ORIENTED_EDGE('',*,*,#5959,.F.);
#6179 = B_SPLINE_SURFACE_WITH_KNOTS('',3,1,(
    (#6180,#6181)
    ,(#6182,#6183)
    ,(#6184,#6185)
    ,(#6186,#6187
    )),.UNSPECIFIED.,.F.,.F.,.F.,(4,4),(2,2),(9.,10.),(0.,1.),
  .PIECEWISE_BEZIER_KNOTS.);
#6180 = CARTESIAN_POINT('',(0.443123052363,0.362338883711,0.5635005879)
  );
#6181 = CARTESIAN_POINT('',(0.443123052363,0.362338883711,0.5625005879)
  );
#6182 = CARTESIAN_POINT('',(0.437982489225,0.361623530264,0.5635005879)
  );
#6183 = CARTESIAN_POINT('',(0.437982489225,0.361623530264,0.5625005879)
  );
#6184 = CARTESIAN_POINT('',(0.435412207656,0.359094839012,0.5635005879)
  );
#6185 = CARTESIAN_POINT('',(0.435412207656,0.359094839012,0.5625005879)
  );
#6186 = CARTESIAN_POINT('',(0.435412207656,0.354752809953,0.5635005879)
  );
#6187 = CARTESIAN_POINT('',(0.435412207656,0.354752809953,0.5625005879)
  );
#6188 = ADVANCED_FACE('',(#6189),#6199,.F.);
#6189 = FACE_BOUND('',#6190,.F.);
#6190 = EDGE_LOOP('',(#6191,#6192,#6193,#6198));
#6191 = ORIENTED_EDGE('',*,*,#6174,.F.);
#6192 = ORIENTED_EDGE('',*,*,#5744,.T.);
#6193 = ORIENTED_EDGE('',*,*,#6194,.T.);
#6194 = EDGE_CURVE('',#5745,#5942,#6195,.T.);
#6195 = B_SPLINE_CURVE_WITH_KNOTS('',1,(#6196,#6197),.UNSPECIFIED.,.F.,
  .F.,(2,2),(-0.,1.E-03),.PIECEWISE_BEZIER_KNOTS.);
#6196 = CARTESIAN_POINT('',(0.437408542855,0.349811880335,0.5635005879)
  );
#6197 = CARTESIAN_POINT('',(0.437408542855,0.349811880335,0.5625005879)
  );
#6198 = ORIENTED_EDGE('',*,*,#5950,.F.);
#6199 = B_SPLINE_SURFACE_WITH_KNOTS('',3,1,(
    (#6200,#6201)
    ,(#6202,#6203)
    ,(#6204,#6205)
    ,(#6206,#6207
    )),.UNSPECIFIED.,.F.,.F.,.F.,(4,4),(2,2),(8.,9.),(0.,1.),
  .PIECEWISE_BEZIER_KNOTS.);
#6200 = CARTESIAN_POINT('',(0.435412207656,0.354752809953,0.5635005879)
  );
#6201 = CARTESIAN_POINT('',(0.435412207656,0.354752809953,0.5625005879)
  );
#6202 = CARTESIAN_POINT('',(0.435412207656,0.352673294121,0.5635005879)
  );
#6203 = CARTESIAN_POINT('',(0.435412207656,0.352673294121,0.5625005879)
  );
#6204 = CARTESIAN_POINT('',(0.436077652722,0.351026317581,0.5635005879)
  );
#6205 = CARTESIAN_POINT('',(0.436077652722,0.351026317581,0.5625005879)
  );
#6206 = CARTESIAN_POINT('',(0.437408542855,0.349811880335,0.5635005879)
  );
#6207 = CARTESIAN_POINT('',(0.437408542855,0.349811880335,0.5625005879)
  );
#6208 = ADVANCED_FACE('',(#6209),#6219,.F.);
#6209 = FACE_BOUND('',#6210,.F.);
#6210 = EDGE_LOOP('',(#6211,#6212,#6213,#6218));
#6211 = ORIENTED_EDGE('',*,*,#6194,.F.);
#6212 = ORIENTED_EDGE('',*,*,#5753,.T.);
#6213 = ORIENTED_EDGE('',*,*,#6214,.T.);
#6214 = EDGE_CURVE('',#5754,#5933,#6215,.T.);
#6215 = B_SPLINE_CURVE_WITH_KNOTS('',1,(#6216,#6217),.UNSPECIFIED.,.F.,
  .F.,(2,2),(-0.,1.E-03),.PIECEWISE_BEZIER_KNOTS.);
#6216 = CARTESIAN_POINT('',(0.442782011767,0.347981906402,0.5635005879)
  );
#6217 = CARTESIAN_POINT('',(0.442782011767,0.347981906402,0.5625005879)
  );
#6218 = ORIENTED_EDGE('',*,*,#5941,.F.);
#6219 = B_SPLINE_SURFACE_WITH_KNOTS('',3,1,(
    (#6220,#6221)
    ,(#6222,#6223)
    ,(#6224,#6225)
    ,(#6226,#6227
    )),.UNSPECIFIED.,.F.,.F.,.F.,(4,4),(2,2),(7.,8.),(0.,1.),
  .PIECEWISE_BEZIER_KNOTS.);
#6220 = CARTESIAN_POINT('',(0.437408542855,0.349811880335,0.5635005879)
  );
#6221 = CARTESIAN_POINT('',(0.437408542855,0.349811880335,0.5625005879)
  );
#6222 = CARTESIAN_POINT('',(0.438739432988,0.348597443089,0.5635005879)
  );
#6223 = CARTESIAN_POINT('',(0.438739432988,0.348597443089,0.5625005879)
  );
#6224 = CARTESIAN_POINT('',(0.440527816604,0.347981906402,0.5635005879)
  );
#6225 = CARTESIAN_POINT('',(0.440527816604,0.347981906402,0.5625005879)
  );
#6226 = CARTESIAN_POINT('',(0.442782011767,0.347981906402,0.5635005879)
  );
#6227 = CARTESIAN_POINT('',(0.442782011767,0.347981906402,0.5625005879)
  );
#6228 = ADVANCED_FACE('',(#6229),#6239,.F.);
#6229 = FACE_BOUND('',#6230,.F.);
#6230 = EDGE_LOOP('',(#6231,#6232,#6233,#6238));
#6231 = ORIENTED_EDGE('',*,*,#6214,.F.);
#6232 = ORIENTED_EDGE('',*,*,#5762,.T.);
#6233 = ORIENTED_EDGE('',*,*,#6234,.T.);
#6234 = EDGE_CURVE('',#5763,#5926,#6235,.T.);
#6235 = B_SPLINE_CURVE_WITH_KNOTS('',1,(#6236,#6237),.UNSPECIFIED.,.F.,
  .F.,(2,2),(-0.,1.E-03),.PIECEWISE_BEZIER_KNOTS.);
#6236 = CARTESIAN_POINT('',(0.449902273978,0.352124301941,0.5635005879)
  );
#6237 = CARTESIAN_POINT('',(0.449902273978,0.352124301941,0.5625005879)
  );
#6238 = ORIENTED_EDGE('',*,*,#5932,.F.);
#6239 = B_SPLINE_SURFACE_WITH_KNOTS('',3,1,(
    (#6240,#6241)
    ,(#6242,#6243)
    ,(#6244,#6245)
    ,(#6246,#6247
    )),.UNSPECIFIED.,.F.,.F.,.F.,(4,4),(2,2),(6.,7.),(0.,1.),
  .PIECEWISE_BEZIER_KNOTS.);
#6240 = CARTESIAN_POINT('',(0.442782011767,0.347981906402,0.5635005879)
  );
#6241 = CARTESIAN_POINT('',(0.442782011767,0.347981906402,0.5625005879)
  );
#6242 = CARTESIAN_POINT('',(0.445917921642,0.347981906402,0.5635005879)
  );
#6243 = CARTESIAN_POINT('',(0.445917921642,0.347981906402,0.5625005879)
  );
#6244 = CARTESIAN_POINT('',(0.448296887755,0.349362704915,0.5635005879)
  );
#6245 = CARTESIAN_POINT('',(0.448296887755,0.349362704915,0.5625005879)
  );
#6246 = CARTESIAN_POINT('',(0.449902273978,0.352124301941,0.5635005879)
  );
#6247 = CARTESIAN_POINT('',(0.449902273978,0.352124301941,0.5625005879)
  );
#6248 = ADVANCED_FACE('',(#6249),#6259,.F.);
#6249 = FACE_BOUND('',#6250,.T.);
#6250 = EDGE_LOOP('',(#6251,#6252,#6257,#6258));
#6251 = ORIENTED_EDGE('',*,*,#5925,.T.);
#6252 = ORIENTED_EDGE('',*,*,#6253,.F.);
#6253 = EDGE_CURVE('',#5772,#5919,#6254,.T.);
#6254 = B_SPLINE_CURVE_WITH_KNOTS('',1,(#6255,#6256),.UNSPECIFIED.,.F.,
  .F.,(2,2),(-0.,1.E-03),.PIECEWISE_BEZIER_KNOTS.);
#6255 = CARTESIAN_POINT('',(0.450010408801,0.352124301941,0.5635005879)
  );
#6256 = CARTESIAN_POINT('',(0.450010408801,0.352124301941,0.5625005879)
  );
#6257 = ORIENTED_EDGE('',*,*,#5771,.F.);
#6258 = ORIENTED_EDGE('',*,*,#6234,.T.);
#6259 = B_SPLINE_SURFACE_WITH_KNOTS('',1,1,(
    (#6260,#6261)
    ,(#6262,#6263)),.UNSPECIFIED.,.F.,.F.,.F.,(2,2),(2,2),(-1.E-03,0.),(
    -1.081348232844E-04,0.),.PIECEWISE_BEZIER_KNOTS.);
#6260 = CARTESIAN_POINT('',(0.449902273978,0.352124301941,0.5625005879)
  );
#6261 = CARTESIAN_POINT('',(0.450010408801,0.352124301941,0.5625005879)
  );
#6262 = CARTESIAN_POINT('',(0.449902273978,0.352124301941,0.5635005879)
  );
#6263 = CARTESIAN_POINT('',(0.450010408801,0.352124301941,0.5635005879)
  );
#6264 = ADVANCED_FACE('',(#6265),#6275,.F.);
#6265 = FACE_BOUND('',#6266,.T.);
#6266 = EDGE_LOOP('',(#6267,#6268,#6273,#6274));
#6267 = ORIENTED_EDGE('',*,*,#5918,.T.);
#6268 = ORIENTED_EDGE('',*,*,#6269,.F.);
#6269 = EDGE_CURVE('',#5779,#5912,#6270,.T.);
#6270 = B_SPLINE_CURVE_WITH_KNOTS('',1,(#6271,#6272),.UNSPECIFIED.,.F.,
  .F.,(2,2),(-0.,1.E-03),.PIECEWISE_BEZIER_KNOTS.);
#6271 = CARTESIAN_POINT('',(0.450010408801,0.348530898582,0.5635005879)
  );
#6272 = CARTESIAN_POINT('',(0.450010408801,0.348530898582,0.5625005879)
  );
#6273 = ORIENTED_EDGE('',*,*,#5778,.F.);
#6274 = ORIENTED_EDGE('',*,*,#6253,.T.);
#6275 = B_SPLINE_SURFACE_WITH_KNOTS('',1,1,(
    (#6276,#6277)
    ,(#6278,#6279
    )),.UNSPECIFIED.,.F.,.F.,.F.,(2,2),(2,2),(0.,1.E-03),(0.,
    3.593403358689E-03),.PIECEWISE_BEZIER_KNOTS.);
#6276 = CARTESIAN_POINT('',(0.450010408801,0.348530898582,0.5635005879)
  );
#6277 = CARTESIAN_POINT('',(0.450010408801,0.352124301941,0.5635005879)
  );
#6278 = CARTESIAN_POINT('',(0.450010408801,0.348530898582,0.5625005879)
  );
#6279 = CARTESIAN_POINT('',(0.450010408801,0.352124301941,0.5625005879)
  );
#6280 = ADVANCED_FACE('',(#6281),#6291,.F.);
#6281 = FACE_BOUND('',#6282,.T.);
#6282 = EDGE_LOOP('',(#6283,#6284,#6289,#6290));
#6283 = ORIENTED_EDGE('',*,*,#5911,.T.);
#6284 = ORIENTED_EDGE('',*,*,#6285,.F.);
#6285 = EDGE_CURVE('',#5786,#5905,#6286,.T.);
#6286 = B_SPLINE_CURVE_WITH_KNOTS('',1,(#6287,#6288),.UNSPECIFIED.,.F.,
  .F.,(2,2),(-0.,1.E-03),.PIECEWISE_BEZIER_KNOTS.);
#6287 = CARTESIAN_POINT('',(0.454086259833,0.348530898582,0.5635005879)
  );
#6288 = CARTESIAN_POINT('',(0.454086259833,0.348530898582,0.5625005879)
  );
#6289 = ORIENTED_EDGE('',*,*,#5785,.F.);
#6290 = ORIENTED_EDGE('',*,*,#6269,.T.);
#6291 = B_SPLINE_SURFACE_WITH_KNOTS('',1,1,(
    (#6292,#6293)
    ,(#6294,#6295)),.UNSPECIFIED.,.F.,.F.,.F.,(2,2),(2,2),(-1.E-03,0.),(
    -4.075851031976E-03,0.),.PIECEWISE_BEZIER_KNOTS.);
#6292 = CARTESIAN_POINT('',(0.450010408801,0.348530898582,0.5625005879)
  );
#6293 = CARTESIAN_POINT('',(0.454086259833,0.348530898582,0.5625005879)
  );
#6294 = CARTESIAN_POINT('',(0.450010408801,0.348530898582,0.5635005879)
  );
#6295 = CARTESIAN_POINT('',(0.454086259833,0.348530898582,0.5635005879)
  );
#6296 = ADVANCED_FACE('',(#6297),#6307,.F.);
#6297 = FACE_BOUND('',#6298,.T.);
#6298 = EDGE_LOOP('',(#6299,#6300,#6305,#6306));
#6299 = ORIENTED_EDGE('',*,*,#5904,.T.);
#6300 = ORIENTED_EDGE('',*,*,#6301,.F.);
#6301 = EDGE_CURVE('',#5793,#5896,#6302,.T.);
#6302 = B_SPLINE_CURVE_WITH_KNOTS('',1,(#6303,#6304),.UNSPECIFIED.,.F.,
  .F.,(2,2),(-0.,1.E-03),.PIECEWISE_BEZIER_KNOTS.);
#6303 = CARTESIAN_POINT('',(0.454086259833,0.36348677645,0.5635005879));
#6304 = CARTESIAN_POINT('',(0.454086259833,0.36348677645,0.5625005879));
#6305 = ORIENTED_EDGE('',*,*,#5792,.F.);
#6306 = ORIENTED_EDGE('',*,*,#6285,.T.);
#6307 = B_SPLINE_SURFACE_WITH_KNOTS('',1,1,(
    (#6308,#6309)
    ,(#6310,#6311)),.UNSPECIFIED.,.F.,.F.,.F.,(2,2),(2,2),(-1.E-03,0.),(
    -1.495587786812E-02,0.),.PIECEWISE_BEZIER_KNOTS.);
#6308 = CARTESIAN_POINT('',(0.454086259833,0.348530898582,0.5625005879)
  );
#6309 = CARTESIAN_POINT('',(0.454086259833,0.36348677645,0.5625005879));
#6310 = CARTESIAN_POINT('',(0.454086259833,0.348530898582,0.5635005879)
  );
#6311 = CARTESIAN_POINT('',(0.454086259833,0.36348677645,0.5635005879));
#6312 = ADVANCED_FACE('',(#6313),#6319,.F.);
#6313 = FACE_BOUND('',#6314,.F.);
#6314 = EDGE_LOOP('',(#6315,#6316,#6317,#6318));
#6315 = ORIENTED_EDGE('',*,*,#6301,.F.);
#6316 = ORIENTED_EDGE('',*,*,#5799,.T.);
#6317 = ORIENTED_EDGE('',*,*,#6076,.T.);
#6318 = ORIENTED_EDGE('',*,*,#5895,.F.);
#6319 = B_SPLINE_SURFACE_WITH_KNOTS('',3,1,(
    (#6320,#6321)
    ,(#6322,#6323)
    ,(#6324,#6325)
    ,(#6326,#6327
    )),.UNSPECIFIED.,.F.,.F.,.F.,(4,4),(2,2),(1.,2.),(0.,1.),
  .PIECEWISE_BEZIER_KNOTS.);
#6320 = CARTESIAN_POINT('',(0.454086259833,0.36348677645,0.5635005879));
#6321 = CARTESIAN_POINT('',(0.454086259833,0.36348677645,0.5625005879));
#6322 = CARTESIAN_POINT('',(0.454086259833,0.369375965288,0.5635005879)
  );
#6323 = CARTESIAN_POINT('',(0.454086259833,0.369375965288,0.5625005879)
  );
#6324 = CARTESIAN_POINT('',(0.45128307249,0.372303923581,0.5635005879));
#6325 = CARTESIAN_POINT('',(0.45128307249,0.372303923581,0.5625005879));
#6326 = CARTESIAN_POINT('',(0.445685015869,0.372303923581,0.5635005879)
  );
#6327 = CARTESIAN_POINT('',(0.445685015869,0.372303923581,0.5625005879)
  );
#6328 = ADVANCED_FACE('',(#6329),#6343,.T.);
#6329 = FACE_BOUND('',#6330,.T.);
#6330 = EDGE_LOOP('',(#6331,#6332,#6337,#6338));
#6331 = ORIENTED_EDGE('',*,*,#6000,.F.);
#6332 = ORIENTED_EDGE('',*,*,#6333,.F.);
#6333 = EDGE_CURVE('',#5820,#6001,#6334,.T.);
#6334 = B_SPLINE_CURVE_WITH_KNOTS('',1,(#6335,#6336),.UNSPECIFIED.,.F.,
  .F.,(2,2),(-0.,1.E-03),.PIECEWISE_BEZIER_KNOTS.);
#6335 = CARTESIAN_POINT('',(0.444570395383,0.359460833798,0.5635005879)
  );
#6336 = CARTESIAN_POINT('',(0.444570395383,0.359460833798,0.5625005879)
  );
#6337 = ORIENTED_EDGE('',*,*,#5819,.T.);
#6338 = ORIENTED_EDGE('',*,*,#6339,.T.);
#6339 = EDGE_CURVE('',#5809,#6003,#6340,.T.);
#6340 = B_SPLINE_CURVE_WITH_KNOTS('',1,(#6341,#6342),.UNSPECIFIED.,.F.,
  .F.,(2,2),(-0.,1.E-03),.PIECEWISE_BEZIER_KNOTS.);
#6341 = CARTESIAN_POINT('',(0.440627633364,0.358030126905,0.5635005879)
  );
#6342 = CARTESIAN_POINT('',(0.440627633364,0.358030126905,0.5625005879)
  );
#6343 = B_SPLINE_SURFACE_WITH_KNOTS('',3,1,(
    (#6344,#6345)
    ,(#6346,#6347)
    ,(#6348,#6349)
    ,(#6350,#6351
    )),.UNSPECIFIED.,.F.,.F.,.F.,(4,4),(2,2),(0.,1.),(0.,1.),
  .PIECEWISE_BEZIER_KNOTS.);
#6344 = CARTESIAN_POINT('',(0.444570395383,0.359460833798,0.5635005879)
  );
#6345 = CARTESIAN_POINT('',(0.444570395383,0.359460833798,0.5625005879)
  );
#6346 = CARTESIAN_POINT('',(0.44266555888,0.359194655772,0.5635005879));
#6347 = CARTESIAN_POINT('',(0.44266555888,0.359194655772,0.5625005879));
#6348 = CARTESIAN_POINT('',(0.441351304874,0.358728844225,0.5635005879)
  );
#6349 = CARTESIAN_POINT('',(0.441351304874,0.358728844225,0.5625005879)
  );
#6350 = CARTESIAN_POINT('',(0.440627633364,0.358030126905,0.5635005879)
  );
#6351 = CARTESIAN_POINT('',(0.440627633364,0.358030126905,0.5625005879)
  );
#6352 = ADVANCED_FACE('',(#6353),#6363,.T.);
#6353 = FACE_BOUND('',#6354,.T.);
#6354 = EDGE_LOOP('',(#6355,#6356,#6357,#6358));
#6355 = ORIENTED_EDGE('',*,*,#6011,.F.);
#6356 = ORIENTED_EDGE('',*,*,#6339,.F.);
#6357 = ORIENTED_EDGE('',*,*,#5808,.T.);
#6358 = ORIENTED_EDGE('',*,*,#6359,.T.);
#6359 = EDGE_CURVE('',#5811,#6012,#6360,.T.);
#6360 = B_SPLINE_CURVE_WITH_KNOTS('',1,(#6361,#6362),.UNSPECIFIED.,.F.,
  .F.,(2,2),(-0.,1.E-03),.PIECEWISE_BEZIER_KNOTS.);
#6361 = CARTESIAN_POINT('',(0.439546285131,0.355085532486,0.5635005879)
  );
#6362 = CARTESIAN_POINT('',(0.439546285131,0.355085532486,0.5625005879)
  );
#6363 = B_SPLINE_SURFACE_WITH_KNOTS('',3,1,(
    (#6364,#6365)
    ,(#6366,#6367)
    ,(#6368,#6369)
    ,(#6370,#6371
    )),.UNSPECIFIED.,.F.,.F.,.F.,(4,4),(2,2),(1.,2.),(0.,1.),
  .PIECEWISE_BEZIER_KNOTS.);
#6364 = CARTESIAN_POINT('',(0.440627633364,0.358030126905,0.5635005879)
  );
#6365 = CARTESIAN_POINT('',(0.440627633364,0.358030126905,0.5625005879)
  );
#6366 = CARTESIAN_POINT('',(0.439912279918,0.357331409586,0.5635005879)
  );
#6367 = CARTESIAN_POINT('',(0.439912279918,0.357331409586,0.5625005879)
  );
#6368 = CARTESIAN_POINT('',(0.439546285131,0.356349878113,0.5635005879)
  );
#6369 = CARTESIAN_POINT('',(0.439546285131,0.356349878113,0.5625005879)
  );
#6370 = CARTESIAN_POINT('',(0.439546285131,0.355085532486,0.5635005879)
  );
#6371 = CARTESIAN_POINT('',(0.439546285131,0.355085532486,0.5625005879)
  );
#6372 = ADVANCED_FACE('',(#6373),#6383,.T.);
#6373 = FACE_BOUND('',#6374,.T.);
#6374 = EDGE_LOOP('',(#6375,#6376,#6377,#6378));
#6375 = ORIENTED_EDGE('',*,*,#6020,.F.);
#6376 = ORIENTED_EDGE('',*,*,#6359,.F.);
#6377 = ORIENTED_EDGE('',*,*,#5869,.T.);
#6378 = ORIENTED_EDGE('',*,*,#6379,.T.);
#6379 = EDGE_CURVE('',#5861,#6021,#6380,.T.);
#6380 = B_SPLINE_CURVE_WITH_KNOTS('',1,(#6381,#6382),.UNSPECIFIED.,.F.,
  .F.,(2,2),(-0.,1.E-03),.PIECEWISE_BEZIER_KNOTS.);
#6381 = CARTESIAN_POINT('',(0.440727450124,0.352373843841,0.5635005879)
  );
#6382 = CARTESIAN_POINT('',(0.440727450124,0.352373843841,0.5625005879)
  );
#6383 = B_SPLINE_SURFACE_WITH_KNOTS('',3,1,(
    (#6384,#6385)
    ,(#6386,#6387)
    ,(#6388,#6389)
    ,(#6390,#6391
    )),.UNSPECIFIED.,.F.,.F.,.F.,(4,4),(2,2),(2.,3.),(0.,1.),
  .PIECEWISE_BEZIER_KNOTS.);
#6384 = CARTESIAN_POINT('',(0.439546285131,0.355085532486,0.5635005879)
  );
#6385 = CARTESIAN_POINT('',(0.439546285131,0.355085532486,0.5625005879)
  );
#6386 = CARTESIAN_POINT('',(0.439546285131,0.353970912,0.5635005879));
#6387 = CARTESIAN_POINT('',(0.439546285131,0.353970912,0.5625005879));
#6388 = CARTESIAN_POINT('',(0.439937234108,0.35307256116,0.5635005879));
#6389 = CARTESIAN_POINT('',(0.439937234108,0.35307256116,0.5625005879));
#6390 = CARTESIAN_POINT('',(0.440727450124,0.352373843841,0.5635005879)
  );
#6391 = CARTESIAN_POINT('',(0.440727450124,0.352373843841,0.5625005879)
  );
#6392 = ADVANCED_FACE('',(#6393),#6403,.T.);
#6393 = FACE_BOUND('',#6394,.T.);
#6394 = EDGE_LOOP('',(#6395,#6396,#6397,#6398));
#6395 = ORIENTED_EDGE('',*,*,#6029,.F.);
#6396 = ORIENTED_EDGE('',*,*,#6379,.F.);
#6397 = ORIENTED_EDGE('',*,*,#5860,.T.);
#6398 = ORIENTED_EDGE('',*,*,#6399,.T.);
#6399 = EDGE_CURVE('',#5852,#6030,#6400,.T.);
#6400 = B_SPLINE_CURVE_WITH_KNOTS('',1,(#6401,#6402),.UNSPECIFIED.,.F.,
  .F.,(2,2),(-0.,1.E-03),.PIECEWISE_BEZIER_KNOTS.);
#6401 = CARTESIAN_POINT('',(0.44383840581,0.351325767861,0.5635005879));
#6402 = CARTESIAN_POINT('',(0.44383840581,0.351325767861,0.5625005879));
#6403 = B_SPLINE_SURFACE_WITH_KNOTS('',3,1,(
    (#6404,#6405)
    ,(#6406,#6407)
    ,(#6408,#6409)
    ,(#6410,#6411
    )),.UNSPECIFIED.,.F.,.F.,.F.,(4,4),(2,2),(3.,4.),(0.,1.),
  .PIECEWISE_BEZIER_KNOTS.);
#6404 = CARTESIAN_POINT('',(0.440727450124,0.352373843841,0.5635005879)
  );
#6405 = CARTESIAN_POINT('',(0.440727450124,0.352373843841,0.5625005879)
  );
#6406 = CARTESIAN_POINT('',(0.441509348077,0.351675126521,0.5635005879)
  );
#6407 = CARTESIAN_POINT('',(0.441509348077,0.351675126521,0.5625005879)
  );
#6408 = CARTESIAN_POINT('',(0.442549105993,0.351325767861,0.5635005879)
  );
#6409 = CARTESIAN_POINT('',(0.442549105993,0.351325767861,0.5625005879)
  );
#6410 = CARTESIAN_POINT('',(0.44383840581,0.351325767861,0.5635005879));
#6411 = CARTESIAN_POINT('',(0.44383840581,0.351325767861,0.5625005879));
#6412 = ADVANCED_FACE('',(#6413),#6423,.T.);
#6413 = FACE_BOUND('',#6414,.T.);
#6414 = EDGE_LOOP('',(#6415,#6416,#6417,#6418));
#6415 = ORIENTED_EDGE('',*,*,#6038,.F.);
#6416 = ORIENTED_EDGE('',*,*,#6399,.F.);
#6417 = ORIENTED_EDGE('',*,*,#5851,.T.);
#6418 = ORIENTED_EDGE('',*,*,#6419,.T.);
#6419 = EDGE_CURVE('',#5843,#6039,#6420,.T.);
#6420 = B_SPLINE_CURVE_WITH_KNOTS('',1,(#6421,#6422),.UNSPECIFIED.,.F.,
  .F.,(2,2),(-0.,1.E-03),.PIECEWISE_BEZIER_KNOTS.);
#6421 = CARTESIAN_POINT('',(0.448263615501,0.3532222863,0.5635005879));
#6422 = CARTESIAN_POINT('',(0.448263615501,0.3532222863,0.5625005879));
#6423 = B_SPLINE_SURFACE_WITH_KNOTS('',3,1,(
    (#6424,#6425)
    ,(#6426,#6427)
    ,(#6428,#6429)
    ,(#6430,#6431
    )),.UNSPECIFIED.,.F.,.F.,.F.,(4,4),(2,2),(4.,5.),(0.,1.),
  .PIECEWISE_BEZIER_KNOTS.);
#6424 = CARTESIAN_POINT('',(0.44383840581,0.351325767861,0.5635005879));
#6425 = CARTESIAN_POINT('',(0.44383840581,0.351325767861,0.5625005879));
#6426 = CARTESIAN_POINT('',(0.445626789426,0.351325767861,0.5635005879)
  );
#6427 = CARTESIAN_POINT('',(0.445626789426,0.351325767861,0.5625005879)
  );
#6428 = CARTESIAN_POINT('',(0.447107404698,0.351957940674,0.5635005879)
  );
#6429 = CARTESIAN_POINT('',(0.447107404698,0.351957940674,0.5625005879)
  );
#6430 = CARTESIAN_POINT('',(0.448263615501,0.3532222863,0.5635005879));
#6431 = CARTESIAN_POINT('',(0.448263615501,0.3532222863,0.5625005879));
#6432 = ADVANCED_FACE('',(#6433),#6443,.T.);
#6433 = FACE_BOUND('',#6434,.T.);
#6434 = EDGE_LOOP('',(#6435,#6436,#6437,#6438));
#6435 = ORIENTED_EDGE('',*,*,#6047,.F.);
#6436 = ORIENTED_EDGE('',*,*,#6419,.F.);
#6437 = ORIENTED_EDGE('',*,*,#5842,.T.);
#6438 = ORIENTED_EDGE('',*,*,#6439,.T.);
#6439 = EDGE_CURVE('',#5836,#6048,#6440,.T.);
#6440 = B_SPLINE_CURVE_WITH_KNOTS('',1,(#6441,#6442),.UNSPECIFIED.,.F.,
  .F.,(2,2),(-0.,1.E-03),.PIECEWISE_BEZIER_KNOTS.);
#6441 = CARTESIAN_POINT('',(0.450010408801,0.357963582399,0.5635005879)
  );
#6442 = CARTESIAN_POINT('',(0.450010408801,0.357963582399,0.5625005879)
  );
#6443 = B_SPLINE_SURFACE_WITH_KNOTS('',3,1,(
    (#6444,#6445)
    ,(#6446,#6447)
    ,(#6448,#6449)
    ,(#6450,#6451
    )),.UNSPECIFIED.,.F.,.F.,.F.,(4,4),(2,2),(5.,6.),(0.,1.),
  .PIECEWISE_BEZIER_KNOTS.);
#6444 = CARTESIAN_POINT('',(0.448263615501,0.3532222863,0.5635005879));
#6445 = CARTESIAN_POINT('',(0.448263615501,0.3532222863,0.5625005879));
#6446 = CARTESIAN_POINT('',(0.449428144368,0.3544699958,0.5635005879));
#6447 = CARTESIAN_POINT('',(0.449428144368,0.3544699958,0.5625005879));
#6448 = CARTESIAN_POINT('',(0.450010408801,0.356050427833,0.5635005879)
  );
#6449 = CARTESIAN_POINT('',(0.450010408801,0.356050427833,0.5625005879)
  );
#6450 = CARTESIAN_POINT('',(0.450010408801,0.357963582399,0.5635005879)
  );
#6451 = CARTESIAN_POINT('',(0.450010408801,0.357963582399,0.5625005879)
  );
#6452 = ADVANCED_FACE('',(#6453),#6463,.T.);
#6453 = FACE_BOUND('',#6454,.T.);
#6454 = EDGE_LOOP('',(#6455,#6456,#6457,#6458));
#6455 = ORIENTED_EDGE('',*,*,#6056,.F.);
#6456 = ORIENTED_EDGE('',*,*,#6439,.F.);
#6457 = ORIENTED_EDGE('',*,*,#5835,.T.);
#6458 = ORIENTED_EDGE('',*,*,#6459,.T.);
#6459 = EDGE_CURVE('',#5829,#6057,#6460,.T.);
#6460 = B_SPLINE_CURVE_WITH_KNOTS('',1,(#6461,#6462),.UNSPECIFIED.,.F.,
  .F.,(2,2),(-0.,1.E-03),.PIECEWISE_BEZIER_KNOTS.);
#6461 = CARTESIAN_POINT('',(0.450010408801,0.360192823371,0.5635005879)
  );
#6462 = CARTESIAN_POINT('',(0.450010408801,0.360192823371,0.5625005879)
  );
#6463 = B_SPLINE_SURFACE_WITH_KNOTS('',1,1,(
    (#6464,#6465)
    ,(#6466,#6467
    )),.UNSPECIFIED.,.F.,.F.,.F.,(2,2),(2,2),(-1.E-03,0.),(0.,
    2.229240972704E-03),.PIECEWISE_BEZIER_KNOTS.);
#6464 = CARTESIAN_POINT('',(0.450010408801,0.357963582399,0.5625005879)
  );
#6465 = CARTESIAN_POINT('',(0.450010408801,0.360192823371,0.5625005879)
  );
#6466 = CARTESIAN_POINT('',(0.450010408801,0.357963582399,0.5635005879)
  );
#6467 = CARTESIAN_POINT('',(0.450010408801,0.360192823371,0.5635005879)
  );
#6468 = ADVANCED_FACE('',(#6469),#6475,.T.);
#6469 = FACE_BOUND('',#6470,.T.);
#6470 = EDGE_LOOP('',(#6471,#6472,#6473,#6474));
#6471 = ORIENTED_EDGE('',*,*,#6063,.F.);
#6472 = ORIENTED_EDGE('',*,*,#6459,.F.);
#6473 = ORIENTED_EDGE('',*,*,#5828,.T.);
#6474 = ORIENTED_EDGE('',*,*,#6333,.T.);
#6475 = B_SPLINE_SURFACE_WITH_KNOTS('',1,1,(
    (#6476,#6477)
    ,(#6478,#6479
    )),.UNSPECIFIED.,.F.,.F.,.F.,(2,2),(2,2),(-5.489039508437E-03,0.),(
    -1.E-03,0.),.PIECEWISE_BEZIER_KNOTS.);
#6476 = CARTESIAN_POINT('',(0.444570395383,0.359460833798,0.5625005879)
  );
#6477 = CARTESIAN_POINT('',(0.444570395383,0.359460833798,0.5635005879)
  );
#6478 = CARTESIAN_POINT('',(0.450010408801,0.360192823371,0.5625005879)
  );
#6479 = CARTESIAN_POINT('',(0.450010408801,0.360192823371,0.5635005879)
  );
#6480 = MANIFOLD_SOLID_BREP('',#6481);
#6481 = CLOSED_SHELL('',(#6482,#6526,#6554,#6590,#6626,#6662,#6698,#6734
    ,#6770,#6806,#6842,#6878,#6914,#6942,#6978,#7014,#7050,#7086,#7122,
    #7158,#7194,#7222,#7251));
#6482 = ADVANCED_FACE('',(#6483),#6517,.F.);
#6483 = FACE_BOUND('',#6484,.F.);
#6484 = EDGE_LOOP('',(#6485,#6494,#6503,#6510));
#6485 = ORIENTED_EDGE('',*,*,#6486,.F.);
#6486 = EDGE_CURVE('',#6487,#6489,#6491,.T.);
#6487 = VERTEX_POINT('',#6488);
#6488 = CARTESIAN_POINT('',(0.466313812929,0.351309131734,0.5635005879)
  );
#6489 = VERTEX_POINT('',#6490);
#6490 = CARTESIAN_POINT('',(0.466313812929,0.351309131734,0.5625005879)
  );
#6491 = B_SPLINE_CURVE_WITH_KNOTS('',1,(#6492,#6493),.UNSPECIFIED.,.F.,
  .F.,(2,2),(-0.,1.E-03),.PIECEWISE_BEZIER_KNOTS.);
#6492 = CARTESIAN_POINT('',(0.466313812929,0.351309131734,0.5635005879)
  );
#6493 = CARTESIAN_POINT('',(0.466313812929,0.351309131734,0.5625005879)
  );
#6494 = ORIENTED_EDGE('',*,*,#6495,.T.);
#6495 = EDGE_CURVE('',#6487,#6496,#6498,.T.);
#6496 = VERTEX_POINT('',#6497);
#6497 = CARTESIAN_POINT('',(0.459609453884,0.353555008833,0.5635005879)
  );
#6498 = B_SPLINE_CURVE_WITH_KNOTS('',3,(#6499,#6500,#6501,#6502),
  .UNSPECIFIED.,.F.,.F.,(4,4),(0.,1.),.PIECEWISE_BEZIER_KNOTS.);
#6499 = CARTESIAN_POINT('',(0.466313812929,0.351309131734,0.5635005879)
  );
#6500 = CARTESIAN_POINT('',(0.463918210689,0.351309131734,0.5635005879)
  );
#6501 = CARTESIAN_POINT('',(0.461688969717,0.352057757434,0.5635005879)
  );
#6502 = CARTESIAN_POINT('',(0.459609453884,0.353555008833,0.5635005879)
  );
#6503 = ORIENTED_EDGE('',*,*,#6504,.T.);
#6504 = EDGE_CURVE('',#6496,#6505,#6507,.T.);
#6505 = VERTEX_POINT('',#6506);
#6506 = CARTESIAN_POINT('',(0.459609453884,0.353555008833,0.5625005879)
  );
#6507 = B_SPLINE_CURVE_WITH_KNOTS('',1,(#6508,#6509),.UNSPECIFIED.,.F.,
  .F.,(2,2),(-0.,1.E-03),.PIECEWISE_BEZIER_KNOTS.);
#6508 = CARTESIAN_POINT('',(0.459609453884,0.353555008833,0.5635005879)
  );
#6509 = CARTESIAN_POINT('',(0.459609453884,0.353555008833,0.5625005879)
  );
#6510 = ORIENTED_EDGE('',*,*,#6511,.F.);
#6511 = EDGE_CURVE('',#6489,#6505,#6512,.T.);
#6512 = B_SPLINE_CURVE_WITH_KNOTS('',3,(#6513,#6514,#6515,#6516),
  .UNSPECIFIED.,.F.,.F.,(4,4),(0.,1.),.PIECEWISE_BEZIER_KNOTS.);
#6513 = CARTESIAN_POINT('',(0.466313812929,0.351309131734,0.5625005879)
  );
#6514 = CARTESIAN_POINT('',(0.463918210689,0.351309131734,0.5625005879)
  );
#6515 = CARTESIAN_POINT('',(0.461688969717,0.352057757434,0.5625005879)
  );
#6516 = CARTESIAN_POINT('',(0.459609453884,0.353555008833,0.5625005879)
  );
#6517 = B_SPLINE_SURFACE_WITH_KNOTS('',3,1,(
    (#6518,#6519)
    ,(#6520,#6521)
    ,(#6522,#6523)
    ,(#6524,#6525
    )),.UNSPECIFIED.,.F.,.F.,.F.,(4,4),(2,2),(0.,1.),(0.,1.),
  .PIECEWISE_BEZIER_KNOTS.);
#6518 = CARTESIAN_POINT('',(0.466313812929,0.351309131734,0.5635005879)
  );
#6519 = CARTESIAN_POINT('',(0.466313812929,0.351309131734,0.5625005879)
  );
#6520 = CARTESIAN_POINT('',(0.463918210689,0.351309131734,0.5635005879)
  );
#6521 = CARTESIAN_POINT('',(0.463918210689,0.351309131734,0.5625005879)
  );
#6522 = CARTESIAN_POINT('',(0.461688969717,0.352057757434,0.5635005879)
  );
#6523 = CARTESIAN_POINT('',(0.461688969717,0.352057757434,0.5625005879)
  );
#6524 = CARTESIAN_POINT('',(0.459609453884,0.353555008833,0.5635005879)
  );
#6525 = CARTESIAN_POINT('',(0.459609453884,0.353555008833,0.5625005879)
  );
#6526 = ADVANCED_FACE('',(#6527),#6549,.F.);
#6527 = FACE_BOUND('',#6528,.T.);
#6528 = EDGE_LOOP('',(#6529,#6536,#6543,#6548));
#6529 = ORIENTED_EDGE('',*,*,#6530,.T.);
#6530 = EDGE_CURVE('',#6505,#6531,#6533,.T.);
#6531 = VERTEX_POINT('',#6532);
#6532 = CARTESIAN_POINT('',(0.459609453884,0.349346068788,0.5625005879)
  );
#6533 = B_SPLINE_CURVE_WITH_KNOTS('',1,(#6534,#6535),.UNSPECIFIED.,.F.,
  .F.,(2,2),(-4.208940045112E-03,-0.),.PIECEWISE_BEZIER_KNOTS.);
#6534 = CARTESIAN_POINT('',(0.459609453884,0.353555008833,0.5625005879)
  );
#6535 = CARTESIAN_POINT('',(0.459609453884,0.349346068788,0.5625005879)
  );
#6536 = ORIENTED_EDGE('',*,*,#6537,.F.);
#6537 = EDGE_CURVE('',#6538,#6531,#6540,.T.);
#6538 = VERTEX_POINT('',#6539);
#6539 = CARTESIAN_POINT('',(0.459609453884,0.349346068788,0.5635005879)
  );
#6540 = B_SPLINE_CURVE_WITH_KNOTS('',1,(#6541,#6542),.UNSPECIFIED.,.F.,
  .F.,(2,2),(-0.,1.E-03),.PIECEWISE_BEZIER_KNOTS.);
#6541 = CARTESIAN_POINT('',(0.459609453884,0.349346068788,0.5635005879)
  );
#6542 = CARTESIAN_POINT('',(0.459609453884,0.349346068788,0.5625005879)
  );
#6543 = ORIENTED_EDGE('',*,*,#6544,.F.);
#6544 = EDGE_CURVE('',#6496,#6538,#6545,.T.);
#6545 = B_SPLINE_CURVE_WITH_KNOTS('',1,(#6546,#6547),.UNSPECIFIED.,.F.,
  .F.,(2,2),(-4.208940045112E-03,-0.),.PIECEWISE_BEZIER_KNOTS.);
#6546 = CARTESIAN_POINT('',(0.459609453884,0.353555008833,0.5635005879)
  );
#6547 = CARTESIAN_POINT('',(0.459609453884,0.349346068788,0.5635005879)
  );
#6548 = ORIENTED_EDGE('',*,*,#6504,.T.);
#6549 = B_SPLINE_SURFACE_WITH_KNOTS('',1,1,(
    (#6550,#6551)
    ,(#6552,#6553
    )),.UNSPECIFIED.,.F.,.F.,.F.,(2,2),(2,2),(0.,1.E-03),(0.,
    4.208940045112E-03),.PIECEWISE_BEZIER_KNOTS.);
#6550 = CARTESIAN_POINT('',(0.459609453884,0.349346068788,0.5635005879)
  );
#6551 = CARTESIAN_POINT('',(0.459609453884,0.353555008833,0.5635005879)
  );
#6552 = CARTESIAN_POINT('',(0.459609453884,0.349346068788,0.5625005879)
  );
#6553 = CARTESIAN_POINT('',(0.459609453884,0.353555008833,0.5625005879)
  );
#6554 = ADVANCED_FACE('',(#6555),#6581,.F.);
#6555 = FACE_BOUND('',#6556,.F.);
#6556 = EDGE_LOOP('',(#6557,#6558,#6567,#6574));
#6557 = ORIENTED_EDGE('',*,*,#6537,.F.);
#6558 = ORIENTED_EDGE('',*,*,#6559,.T.);
#6559 = EDGE_CURVE('',#6538,#6560,#6562,.T.);
#6560 = VERTEX_POINT('',#6561);
#6561 = CARTESIAN_POINT('',(0.465914545889,0.347981906402,0.5635005879)
  );
#6562 = B_SPLINE_CURVE_WITH_KNOTS('',3,(#6563,#6564,#6565,#6566),
  .UNSPECIFIED.,.F.,.F.,(4,4),(19.,20.),.PIECEWISE_BEZIER_KNOTS.);
#6563 = CARTESIAN_POINT('',(0.459609453884,0.349346068788,0.5635005879)
  );
#6564 = CARTESIAN_POINT('',(0.461406155564,0.348447717949,0.5635005879)
  );
#6565 = CARTESIAN_POINT('',(0.463502307523,0.347981906402,0.5635005879)
  );
#6566 = CARTESIAN_POINT('',(0.465914545889,0.347981906402,0.5635005879)
  );
#6567 = ORIENTED_EDGE('',*,*,#6568,.T.);
#6568 = EDGE_CURVE('',#6560,#6569,#6571,.T.);
#6569 = VERTEX_POINT('',#6570);
#6570 = CARTESIAN_POINT('',(0.465914545889,0.347981906402,0.5625005879)
  );
#6571 = B_SPLINE_CURVE_WITH_KNOTS('',1,(#6572,#6573),.UNSPECIFIED.,.F.,
  .F.,(2,2),(-0.,1.E-03),.PIECEWISE_BEZIER_KNOTS.);
#6572 = CARTESIAN_POINT('',(0.465914545889,0.347981906402,0.5635005879)
  );
#6573 = CARTESIAN_POINT('',(0.465914545889,0.347981906402,0.5625005879)
  );
#6574 = ORIENTED_EDGE('',*,*,#6575,.F.);
#6575 = EDGE_CURVE('',#6531,#6569,#6576,.T.);
#6576 = B_SPLINE_CURVE_WITH_KNOTS('',3,(#6577,#6578,#6579,#6580),
  .UNSPECIFIED.,.F.,.F.,(4,4),(19.,20.),.PIECEWISE_BEZIER_KNOTS.);
#6577 = CARTESIAN_POINT('',(0.459609453884,0.349346068788,0.5625005879)
  );
#6578 = CARTESIAN_POINT('',(0.461406155564,0.348447717949,0.5625005879)
  );
#6579 = CARTESIAN_POINT('',(0.463502307523,0.347981906402,0.5625005879)
  );
#6580 = CARTESIAN_POINT('',(0.465914545889,0.347981906402,0.5625005879)
  );
#6581 = B_SPLINE_SURFACE_WITH_KNOTS('',3,1,(
    (#6582,#6583)
    ,(#6584,#6585)
    ,(#6586,#6587)
    ,(#6588,#6589
    )),.UNSPECIFIED.,.F.,.F.,.F.,(4,4),(2,2),(19.,20.),(0.,1.),
  .PIECEWISE_BEZIER_KNOTS.);
#6582 = CARTESIAN_POINT('',(0.459609453884,0.349346068788,0.5635005879)
  );
#6583 = CARTESIAN_POINT('',(0.459609453884,0.349346068788,0.5625005879)
  );
#6584 = CARTESIAN_POINT('',(0.461406155564,0.348447717949,0.5635005879)
  );
#6585 = CARTESIAN_POINT('',(0.461406155564,0.348447717949,0.5625005879)
  );
#6586 = CARTESIAN_POINT('',(0.463502307523,0.347981906402,0.5635005879)
  );
#6587 = CARTESIAN_POINT('',(0.463502307523,0.347981906402,0.5625005879)
  );
#6588 = CARTESIAN_POINT('',(0.465914545889,0.347981906402,0.5635005879)
  );
#6589 = CARTESIAN_POINT('',(0.465914545889,0.347981906402,0.5625005879)
  );
#6590 = ADVANCED_FACE('',(#6591),#6617,.F.);
#6591 = FACE_BOUND('',#6592,.F.);
#6592 = EDGE_LOOP('',(#6593,#6594,#6603,#6610));
#6593 = ORIENTED_EDGE('',*,*,#6568,.F.);
#6594 = ORIENTED_EDGE('',*,*,#6595,.T.);
#6595 = EDGE_CURVE('',#6560,#6596,#6598,.T.);
#6596 = VERTEX_POINT('',#6597);
#6597 = CARTESIAN_POINT('',(0.47268544944,0.349828516461,0.5635005879));
#6598 = B_SPLINE_CURVE_WITH_KNOTS('',3,(#6599,#6600,#6601,#6602),
  .UNSPECIFIED.,.F.,.F.,(4,4),(18.,19.),.PIECEWISE_BEZIER_KNOTS.);
#6599 = CARTESIAN_POINT('',(0.465914545889,0.347981906402,0.5635005879)
  );
#6600 = CARTESIAN_POINT('',(0.468684460978,0.347981906402,0.5635005879)
  );
#6601 = CARTESIAN_POINT('',(0.470946974204,0.348597443089,0.5635005879)
  );
#6602 = CARTESIAN_POINT('',(0.47268544944,0.349828516461,0.5635005879));
#6603 = ORIENTED_EDGE('',*,*,#6604,.T.);
#6604 = EDGE_CURVE('',#6596,#6605,#6607,.T.);
#6605 = VERTEX_POINT('',#6606);
#6606 = CARTESIAN_POINT('',(0.47268544944,0.349828516461,0.5625005879));
#6607 = B_SPLINE_CURVE_WITH_KNOTS('',1,(#6608,#6609),.UNSPECIFIED.,.F.,
  .F.,(2,2),(-0.,1.E-03),.PIECEWISE_BEZIER_KNOTS.);
#6608 = CARTESIAN_POINT('',(0.47268544944,0.349828516461,0.5635005879));
#6609 = CARTESIAN_POINT('',(0.47268544944,0.349828516461,0.5625005879));
#6610 = ORIENTED_EDGE('',*,*,#6611,.F.);
#6611 = EDGE_CURVE('',#6569,#6605,#6612,.T.);
#6612 = B_SPLINE_CURVE_WITH_KNOTS('',3,(#6613,#6614,#6615,#6616),
  .UNSPECIFIED.,.F.,.F.,(4,4),(18.,19.),.PIECEWISE_BEZIER_KNOTS.);
#6613 = CARTESIAN_POINT('',(0.465914545889,0.347981906402,0.5625005879)
  );
#6614 = CARTESIAN_POINT('',(0.468684460978,0.347981906402,0.5625005879)
  );
#6615 = CARTESIAN_POINT('',(0.470946974204,0.348597443089,0.5625005879)
  );
#6616 = CARTESIAN_POINT('',(0.47268544944,0.349828516461,0.5625005879));
#6617 = B_SPLINE_SURFACE_WITH_KNOTS('',3,1,(
    (#6618,#6619)
    ,(#6620,#6621)
    ,(#6622,#6623)
    ,(#6624,#6625
    )),.UNSPECIFIED.,.F.,.F.,.F.,(4,4),(2,2),(18.,19.),(0.,1.),
  .PIECEWISE_BEZIER_KNOTS.);
#6618 = CARTESIAN_POINT('',(0.465914545889,0.347981906402,0.5635005879)
  );
#6619 = CARTESIAN_POINT('',(0.465914545889,0.347981906402,0.5625005879)
  );
#6620 = CARTESIAN_POINT('',(0.468684460978,0.347981906402,0.5635005879)
  );
#6621 = CARTESIAN_POINT('',(0.468684460978,0.347981906402,0.5625005879)
  );
#6622 = CARTESIAN_POINT('',(0.470946974204,0.348597443089,0.5635005879)
  );
#6623 = CARTESIAN_POINT('',(0.470946974204,0.348597443089,0.5625005879)
  );
#6624 = CARTESIAN_POINT('',(0.47268544944,0.349828516461,0.5635005879));
#6625 = CARTESIAN_POINT('',(0.47268544944,0.349828516461,0.5625005879));
#6626 = ADVANCED_FACE('',(#6627),#6653,.F.);
#6627 = FACE_BOUND('',#6628,.F.);
#6628 = EDGE_LOOP('',(#6629,#6630,#6639,#6646));
#6629 = ORIENTED_EDGE('',*,*,#6604,.F.);
#6630 = ORIENTED_EDGE('',*,*,#6631,.T.);
#6631 = EDGE_CURVE('',#6596,#6632,#6634,.T.);
#6632 = VERTEX_POINT('',#6633);
#6633 = CARTESIAN_POINT('',(0.475305639389,0.354852626713,0.5635005879)
  );
#6634 = B_SPLINE_CURVE_WITH_KNOTS('',3,(#6635,#6636,#6637,#6638),
  .UNSPECIFIED.,.F.,.F.,(4,4),(17.,18.),.PIECEWISE_BEZIER_KNOTS.);
#6635 = CARTESIAN_POINT('',(0.47268544944,0.349828516461,0.5635005879));
#6636 = CARTESIAN_POINT('',(0.474432242739,0.351042953708,0.5635005879)
  );
#6637 = CARTESIAN_POINT('',(0.475305639389,0.3527232025,0.5635005879));
#6638 = CARTESIAN_POINT('',(0.475305639389,0.354852626713,0.5635005879)
  );
#6639 = ORIENTED_EDGE('',*,*,#6640,.T.);
#6640 = EDGE_CURVE('',#6632,#6641,#6643,.T.);
#6641 = VERTEX_POINT('',#6642);
#6642 = CARTESIAN_POINT('',(0.475305639389,0.354852626713,0.5625005879)
  );
#6643 = B_SPLINE_CURVE_WITH_KNOTS('',1,(#6644,#6645),.UNSPECIFIED.,.F.,
  .F.,(2,2),(-0.,1.E-03),.PIECEWISE_BEZIER_KNOTS.);
#6644 = CARTESIAN_POINT('',(0.475305639389,0.354852626713,0.5635005879)
  );
#6645 = CARTESIAN_POINT('',(0.475305639389,0.354852626713,0.5625005879)
  );
#6646 = ORIENTED_EDGE('',*,*,#6647,.F.);
#6647 = EDGE_CURVE('',#6605,#6641,#6648,.T.);
#6648 = B_SPLINE_CURVE_WITH_KNOTS('',3,(#6649,#6650,#6651,#6652),
  .UNSPECIFIED.,.F.,.F.,(4,4),(17.,18.),.PIECEWISE_BEZIER_KNOTS.);
#6649 = CARTESIAN_POINT('',(0.47268544944,0.349828516461,0.5625005879));
#6650 = CARTESIAN_POINT('',(0.474432242739,0.351042953708,0.5625005879)
  );
#6651 = CARTESIAN_POINT('',(0.475305639389,0.3527232025,0.5625005879));
#6652 = CARTESIAN_POINT('',(0.475305639389,0.354852626713,0.5625005879)
  );
#6653 = B_SPLINE_SURFACE_WITH_KNOTS('',3,1,(
    (#6654,#6655)
    ,(#6656,#6657)
    ,(#6658,#6659)
    ,(#6660,#6661
    )),.UNSPECIFIED.,.F.,.F.,.F.,(4,4),(2,2),(17.,18.),(0.,1.),
  .PIECEWISE_BEZIER_KNOTS.);
#6654 = CARTESIAN_POINT('',(0.47268544944,0.349828516461,0.5635005879));
#6655 = CARTESIAN_POINT('',(0.47268544944,0.349828516461,0.5625005879));
#6656 = CARTESIAN_POINT('',(0.474432242739,0.351042953708,0.5635005879)
  );
#6657 = CARTESIAN_POINT('',(0.474432242739,0.351042953708,0.5625005879)
  );
#6658 = CARTESIAN_POINT('',(0.475305639389,0.3527232025,0.5635005879));
#6659 = CARTESIAN_POINT('',(0.475305639389,0.3527232025,0.5625005879));
#6660 = CARTESIAN_POINT('',(0.475305639389,0.354852626713,0.5635005879)
  );
#6661 = CARTESIAN_POINT('',(0.475305639389,0.354852626713,0.5625005879)
  );
#6662 = ADVANCED_FACE('',(#6663),#6689,.F.);
#6663 = FACE_BOUND('',#6664,.F.);
#6664 = EDGE_LOOP('',(#6665,#6666,#6675,#6682));
#6665 = ORIENTED_EDGE('',*,*,#6640,.F.);
#6666 = ORIENTED_EDGE('',*,*,#6667,.T.);
#6667 = EDGE_CURVE('',#6632,#6668,#6670,.T.);
#6668 = VERTEX_POINT('',#6669);
#6669 = CARTESIAN_POINT('',(0.473941477003,0.358695571972,0.5635005879)
  );
#6670 = B_SPLINE_CURVE_WITH_KNOTS('',3,(#6671,#6672,#6673,#6674),
  .UNSPECIFIED.,.F.,.F.,(4,4),(16.,17.),.PIECEWISE_BEZIER_KNOTS.);
#6671 = CARTESIAN_POINT('',(0.475305639389,0.354852626713,0.5635005879)
  );
#6672 = CARTESIAN_POINT('',(0.475305639389,0.356383150366,0.5635005879)
  );
#6673 = CARTESIAN_POINT('',(0.474848145906,0.357664132119,0.5635005879)
  );
#6674 = CARTESIAN_POINT('',(0.473941477003,0.358695571972,0.5635005879)
  );
#6675 = ORIENTED_EDGE('',*,*,#6676,.T.);
#6676 = EDGE_CURVE('',#6668,#6677,#6679,.T.);
#6677 = VERTEX_POINT('',#6678);
#6678 = CARTESIAN_POINT('',(0.473941477003,0.358695571972,0.5625005879)
  );
#6679 = B_SPLINE_CURVE_WITH_KNOTS('',1,(#6680,#6681),.UNSPECIFIED.,.F.,
  .F.,(2,2),(-0.,1.E-03),.PIECEWISE_BEZIER_KNOTS.);
#6680 = CARTESIAN_POINT('',(0.473941477003,0.358695571972,0.5635005879)
  );
#6681 = CARTESIAN_POINT('',(0.473941477003,0.358695571972,0.5625005879)
  );
#6682 = ORIENTED_EDGE('',*,*,#6683,.F.);
#6683 = EDGE_CURVE('',#6641,#6677,#6684,.T.);
#6684 = B_SPLINE_CURVE_WITH_KNOTS('',3,(#6685,#6686,#6687,#6688),
  .UNSPECIFIED.,.F.,.F.,(4,4),(16.,17.),.PIECEWISE_BEZIER_KNOTS.);
#6685 = CARTESIAN_POINT('',(0.475305639389,0.354852626713,0.5625005879)
  );
#6686 = CARTESIAN_POINT('',(0.475305639389,0.356383150366,0.5625005879)
  );
#6687 = CARTESIAN_POINT('',(0.474848145906,0.357664132119,0.5625005879)
  );
#6688 = CARTESIAN_POINT('',(0.473941477003,0.358695571972,0.5625005879)
  );
#6689 = B_SPLINE_SURFACE_WITH_KNOTS('',3,1,(
    (#6690,#6691)
    ,(#6692,#6693)
    ,(#6694,#6695)
    ,(#6696,#6697
    )),.UNSPECIFIED.,.F.,.F.,.F.,(4,4),(2,2),(16.,17.),(0.,1.),
  .PIECEWISE_BEZIER_KNOTS.);
#6690 = CARTESIAN_POINT('',(0.475305639389,0.354852626713,0.5635005879)
  );
#6691 = CARTESIAN_POINT('',(0.475305639389,0.354852626713,0.5625005879)
  );
#6692 = CARTESIAN_POINT('',(0.475305639389,0.356383150366,0.5635005879)
  );
#6693 = CARTESIAN_POINT('',(0.475305639389,0.356383150366,0.5625005879)
  );
#6694 = CARTESIAN_POINT('',(0.474848145906,0.357664132119,0.5635005879)
  );
#6695 = CARTESIAN_POINT('',(0.474848145906,0.357664132119,0.5625005879)
  );
#6696 = CARTESIAN_POINT('',(0.473941477003,0.358695571972,0.5635005879)
  );
#6697 = CARTESIAN_POINT('',(0.473941477003,0.358695571972,0.5625005879)
  );
#6698 = ADVANCED_FACE('',(#6699),#6725,.F.);
#6699 = FACE_BOUND('',#6700,.F.);
#6700 = EDGE_LOOP('',(#6701,#6702,#6711,#6718));
#6701 = ORIENTED_EDGE('',*,*,#6676,.F.);
#6702 = ORIENTED_EDGE('',*,*,#6703,.T.);
#6703 = EDGE_CURVE('',#6668,#6704,#6706,.T.);
#6704 = VERTEX_POINT('',#6705);
#6705 = CARTESIAN_POINT('',(0.468684460978,0.361706710897,0.5635005879)
  );
#6706 = B_SPLINE_CURVE_WITH_KNOTS('',3,(#6707,#6708,#6709,#6710),
  .UNSPECIFIED.,.F.,.F.,(4,4),(15.,16.),.PIECEWISE_BEZIER_KNOTS.);
#6707 = CARTESIAN_POINT('',(0.473941477003,0.358695571972,0.5635005879)
  );
#6708 = CARTESIAN_POINT('',(0.473026490036,0.359727011825,0.5635005879)
  );
#6709 = CARTESIAN_POINT('',(0.471279696737,0.360741815551,0.5635005879)
  );
#6710 = CARTESIAN_POINT('',(0.468684460978,0.361706710897,0.5635005879)
  );
#6711 = ORIENTED_EDGE('',*,*,#6712,.T.);
#6712 = EDGE_CURVE('',#6704,#6713,#6715,.T.);
#6713 = VERTEX_POINT('',#6714);
#6714 = CARTESIAN_POINT('',(0.468684460978,0.361706710897,0.5625005879)
  );
#6715 = B_SPLINE_CURVE_WITH_KNOTS('',1,(#6716,#6717),.UNSPECIFIED.,.F.,
  .F.,(2,2),(-0.,1.E-03),.PIECEWISE_BEZIER_KNOTS.);
#6716 = CARTESIAN_POINT('',(0.468684460978,0.361706710897,0.5635005879)
  );
#6717 = CARTESIAN_POINT('',(0.468684460978,0.361706710897,0.5625005879)
  );
#6718 = ORIENTED_EDGE('',*,*,#6719,.F.);
#6719 = EDGE_CURVE('',#6677,#6713,#6720,.T.);
#6720 = B_SPLINE_CURVE_WITH_KNOTS('',3,(#6721,#6722,#6723,#6724),
  .UNSPECIFIED.,.F.,.F.,(4,4),(15.,16.),.PIECEWISE_BEZIER_KNOTS.);
#6721 = CARTESIAN_POINT('',(0.473941477003,0.358695571972,0.5625005879)
  );
#6722 = CARTESIAN_POINT('',(0.473026490036,0.359727011825,0.5625005879)
  );
#6723 = CARTESIAN_POINT('',(0.471279696737,0.360741815551,0.5625005879)
  );
#6724 = CARTESIAN_POINT('',(0.468684460978,0.361706710897,0.5625005879)
  );
#6725 = B_SPLINE_SURFACE_WITH_KNOTS('',3,1,(
    (#6726,#6727)
    ,(#6728,#6729)
    ,(#6730,#6731)
    ,(#6732,#6733
    )),.UNSPECIFIED.,.F.,.F.,.F.,(4,4),(2,2),(15.,16.),(0.,1.),
  .PIECEWISE_BEZIER_KNOTS.);
#6726 = CARTESIAN_POINT('',(0.473941477003,0.358695571972,0.5635005879)
  );
#6727 = CARTESIAN_POINT('',(0.473941477003,0.358695571972,0.5625005879)
  );
#6728 = CARTESIAN_POINT('',(0.473026490036,0.359727011825,0.5635005879)
  );
#6729 = CARTESIAN_POINT('',(0.473026490036,0.359727011825,0.5625005879)
  );
#6730 = CARTESIAN_POINT('',(0.471279696737,0.360741815551,0.5635005879)
  );
#6731 = CARTESIAN_POINT('',(0.471279696737,0.360741815551,0.5625005879)
  );
#6732 = CARTESIAN_POINT('',(0.468684460978,0.361706710897,0.5635005879)
  );
#6733 = CARTESIAN_POINT('',(0.468684460978,0.361706710897,0.5625005879)
  );
#6734 = ADVANCED_FACE('',(#6735),#6761,.F.);
#6735 = FACE_BOUND('',#6736,.F.);
#6736 = EDGE_LOOP('',(#6737,#6738,#6747,#6754));
#6737 = ORIENTED_EDGE('',*,*,#6712,.F.);
#6738 = ORIENTED_EDGE('',*,*,#6739,.T.);
#6739 = EDGE_CURVE('',#6704,#6740,#6742,.T.);
#6740 = VERTEX_POINT('',#6741);
#6741 = CARTESIAN_POINT('',(0.464725062833,0.363703046097,0.5635005879)
  );
#6742 = B_SPLINE_CURVE_WITH_KNOTS('',3,(#6743,#6744,#6745,#6746),
  .UNSPECIFIED.,.F.,.F.,(4,4),(14.,15.),.PIECEWISE_BEZIER_KNOTS.);
#6743 = CARTESIAN_POINT('',(0.468684460978,0.361706710897,0.5635005879)
  );
#6744 = CARTESIAN_POINT('',(0.466638217399,0.362505244977,0.5635005879)
  );
#6745 = CARTESIAN_POINT('',(0.465323963392,0.363170690044,0.5635005879)
  );
#6746 = CARTESIAN_POINT('',(0.464725062833,0.363703046097,0.5635005879)
  );
#6747 = ORIENTED_EDGE('',*,*,#6748,.T.);
#6748 = EDGE_CURVE('',#6740,#6749,#6751,.T.);
#6749 = VERTEX_POINT('',#6750);
#6750 = CARTESIAN_POINT('',(0.464725062833,0.363703046097,0.5625005879)
  );
#6751 = B_SPLINE_CURVE_WITH_KNOTS('',1,(#6752,#6753),.UNSPECIFIED.,.F.,
  .F.,(2,2),(-0.,1.E-03),.PIECEWISE_BEZIER_KNOTS.);
#6752 = CARTESIAN_POINT('',(0.464725062833,0.363703046097,0.5635005879)
  );
#6753 = CARTESIAN_POINT('',(0.464725062833,0.363703046097,0.5625005879)
  );
#6754 = ORIENTED_EDGE('',*,*,#6755,.F.);
#6755 = EDGE_CURVE('',#6713,#6749,#6756,.T.);
#6756 = B_SPLINE_CURVE_WITH_KNOTS('',3,(#6757,#6758,#6759,#6760),
  .UNSPECIFIED.,.F.,.F.,(4,4),(14.,15.),.PIECEWISE_BEZIER_KNOTS.);
#6757 = CARTESIAN_POINT('',(0.468684460978,0.361706710897,0.5625005879)
  );
#6758 = CARTESIAN_POINT('',(0.466638217399,0.362505244977,0.5625005879)
  );
#6759 = CARTESIAN_POINT('',(0.465323963392,0.363170690044,0.5625005879)
  );
#6760 = CARTESIAN_POINT('',(0.464725062833,0.363703046097,0.5625005879)
  );
#6761 = B_SPLINE_SURFACE_WITH_KNOTS('',3,1,(
    (#6762,#6763)
    ,(#6764,#6765)
    ,(#6766,#6767)
    ,(#6768,#6769
    )),.UNSPECIFIED.,.F.,.F.,.F.,(4,4),(2,2),(14.,15.),(0.,1.),
  .PIECEWISE_BEZIER_KNOTS.);
#6762 = CARTESIAN_POINT('',(0.468684460978,0.361706710897,0.5635005879)
  );
#6763 = CARTESIAN_POINT('',(0.468684460978,0.361706710897,0.5625005879)
  );
#6764 = CARTESIAN_POINT('',(0.466638217399,0.362505244977,0.5635005879)
  );
#6765 = CARTESIAN_POINT('',(0.466638217399,0.362505244977,0.5625005879)
  );
#6766 = CARTESIAN_POINT('',(0.465323963392,0.363170690044,0.5635005879)
  );
#6767 = CARTESIAN_POINT('',(0.465323963392,0.363170690044,0.5625005879)
  );
#6768 = CARTESIAN_POINT('',(0.464725062833,0.363703046097,0.5635005879)
  );
#6769 = CARTESIAN_POINT('',(0.464725062833,0.363703046097,0.5625005879)
  );
#6770 = ADVANCED_FACE('',(#6771),#6797,.F.);
#6771 = FACE_BOUND('',#6772,.F.);
#6772 = EDGE_LOOP('',(#6773,#6774,#6783,#6790));
#6773 = ORIENTED_EDGE('',*,*,#6748,.F.);
#6774 = ORIENTED_EDGE('',*,*,#6775,.T.);
#6775 = EDGE_CURVE('',#6740,#6776,#6778,.T.);
#6776 = VERTEX_POINT('',#6777);
#6777 = CARTESIAN_POINT('',(0.463835030056,0.365865742563,0.5635005879)
  );
#6778 = B_SPLINE_CURVE_WITH_KNOTS('',3,(#6779,#6780,#6781,#6782),
  .UNSPECIFIED.,.F.,.F.,(4,4),(13.,14.),.PIECEWISE_BEZIER_KNOTS.);
#6779 = CARTESIAN_POINT('',(0.464725062833,0.363703046097,0.5635005879)
  );
#6780 = CARTESIAN_POINT('',(0.464134480336,0.364218766023,0.5635005879)
  );
#6781 = CARTESIAN_POINT('',(0.463835030056,0.36493411947,0.5635005879));
#6782 = CARTESIAN_POINT('',(0.463835030056,0.365865742563,0.5635005879)
  );
#6783 = ORIENTED_EDGE('',*,*,#6784,.T.);
#6784 = EDGE_CURVE('',#6776,#6785,#6787,.T.);
#6785 = VERTEX_POINT('',#6786);
#6786 = CARTESIAN_POINT('',(0.463835030056,0.365865742563,0.5625005879)
  );
#6787 = B_SPLINE_CURVE_WITH_KNOTS('',1,(#6788,#6789),.UNSPECIFIED.,.F.,
  .F.,(2,2),(-0.,1.E-03),.PIECEWISE_BEZIER_KNOTS.);
#6788 = CARTESIAN_POINT('',(0.463835030056,0.365865742563,0.5635005879)
  );
#6789 = CARTESIAN_POINT('',(0.463835030056,0.365865742563,0.5625005879)
  );
#6790 = ORIENTED_EDGE('',*,*,#6791,.F.);
#6791 = EDGE_CURVE('',#6749,#6785,#6792,.T.);
#6792 = B_SPLINE_CURVE_WITH_KNOTS('',3,(#6793,#6794,#6795,#6796),
  .UNSPECIFIED.,.F.,.F.,(4,4),(13.,14.),.PIECEWISE_BEZIER_KNOTS.);
#6793 = CARTESIAN_POINT('',(0.464725062833,0.363703046097,0.5625005879)
  );
#6794 = CARTESIAN_POINT('',(0.464134480336,0.364218766023,0.5625005879)
  );
#6795 = CARTESIAN_POINT('',(0.463835030056,0.36493411947,0.5625005879));
#6796 = CARTESIAN_POINT('',(0.463835030056,0.365865742563,0.5625005879)
  );
#6797 = B_SPLINE_SURFACE_WITH_KNOTS('',3,1,(
    (#6798,#6799)
    ,(#6800,#6801)
    ,(#6802,#6803)
    ,(#6804,#6805
    )),.UNSPECIFIED.,.F.,.F.,.F.,(4,4),(2,2),(13.,14.),(0.,1.),
  .PIECEWISE_BEZIER_KNOTS.);
#6798 = CARTESIAN_POINT('',(0.464725062833,0.363703046097,0.5635005879)
  );
#6799 = CARTESIAN_POINT('',(0.464725062833,0.363703046097,0.5625005879)
  );
#6800 = CARTESIAN_POINT('',(0.464134480336,0.364218766023,0.5635005879)
  );
#6801 = CARTESIAN_POINT('',(0.464134480336,0.364218766023,0.5625005879)
  );
#6802 = CARTESIAN_POINT('',(0.463835030056,0.36493411947,0.5635005879));
#6803 = CARTESIAN_POINT('',(0.463835030056,0.36493411947,0.5625005879));
#6804 = CARTESIAN_POINT('',(0.463835030056,0.365865742563,0.5635005879)
  );
#6805 = CARTESIAN_POINT('',(0.463835030056,0.365865742563,0.5625005879)
  );
#6806 = ADVANCED_FACE('',(#6807),#6833,.F.);
#6807 = FACE_BOUND('',#6808,.F.);
#6808 = EDGE_LOOP('',(#6809,#6810,#6819,#6826));
#6809 = ORIENTED_EDGE('',*,*,#6784,.F.);
#6810 = ORIENTED_EDGE('',*,*,#6811,.T.);
#6811 = EDGE_CURVE('',#6776,#6812,#6814,.T.);
#6812 = VERTEX_POINT('',#6813);
#6813 = CARTESIAN_POINT('',(0.465074421492,0.368128255789,0.5635005879)
  );
#6814 = B_SPLINE_CURVE_WITH_KNOTS('',3,(#6815,#6816,#6817,#6818),
  .UNSPECIFIED.,.F.,.F.,(4,4),(12.,13.),.PIECEWISE_BEZIER_KNOTS.);
#6815 = CARTESIAN_POINT('',(0.463835030056,0.365865742563,0.5635005879)
  );
#6816 = CARTESIAN_POINT('',(0.463835030056,0.366797365656,0.5635005879)
  );
#6817 = CARTESIAN_POINT('',(0.464250933223,0.367562627482,0.5635005879)
  );
#6818 = CARTESIAN_POINT('',(0.465074421492,0.368128255789,0.5635005879)
  );
#6819 = ORIENTED_EDGE('',*,*,#6820,.T.);
#6820 = EDGE_CURVE('',#6812,#6821,#6823,.T.);
#6821 = VERTEX_POINT('',#6822);
#6822 = CARTESIAN_POINT('',(0.465074421492,0.368128255789,0.5625005879)
  );
#6823 = B_SPLINE_CURVE_WITH_KNOTS('',1,(#6824,#6825),.UNSPECIFIED.,.F.,
  .F.,(2,2),(-0.,1.E-03),.PIECEWISE_BEZIER_KNOTS.);
#6824 = CARTESIAN_POINT('',(0.465074421492,0.368128255789,0.5635005879)
  );
#6825 = CARTESIAN_POINT('',(0.465074421492,0.368128255789,0.5625005879)
  );
#6826 = ORIENTED_EDGE('',*,*,#6827,.F.);
#6827 = EDGE_CURVE('',#6785,#6821,#6828,.T.);
#6828 = B_SPLINE_CURVE_WITH_KNOTS('',3,(#6829,#6830,#6831,#6832),
  .UNSPECIFIED.,.F.,.F.,(4,4),(12.,13.),.PIECEWISE_BEZIER_KNOTS.);
#6829 = CARTESIAN_POINT('',(0.463835030056,0.365865742563,0.5625005879)
  );
#6830 = CARTESIAN_POINT('',(0.463835030056,0.366797365656,0.5625005879)
  );
#6831 = CARTESIAN_POINT('',(0.464250933223,0.367562627482,0.5625005879)
  );
#6832 = CARTESIAN_POINT('',(0.465074421492,0.368128255789,0.5625005879)
  );
#6833 = B_SPLINE_SURFACE_WITH_KNOTS('',3,1,(
    (#6834,#6835)
    ,(#6836,#6837)
    ,(#6838,#6839)
    ,(#6840,#6841
    )),.UNSPECIFIED.,.F.,.F.,.F.,(4,4),(2,2),(12.,13.),(0.,1.),
  .PIECEWISE_BEZIER_KNOTS.);
#6834 = CARTESIAN_POINT('',(0.463835030056,0.365865742563,0.5635005879)
  );
#6835 = CARTESIAN_POINT('',(0.463835030056,0.365865742563,0.5625005879)
  );
#6836 = CARTESIAN_POINT('',(0.463835030056,0.366797365656,0.5635005879)
  );
#6837 = CARTESIAN_POINT('',(0.463835030056,0.366797365656,0.5625005879)
  );
#6838 = CARTESIAN_POINT('',(0.464250933223,0.367562627482,0.5635005879)
  );
#6839 = CARTESIAN_POINT('',(0.464250933223,0.367562627482,0.5625005879)
  );
#6840 = CARTESIAN_POINT('',(0.465074421492,0.368128255789,0.5635005879)
  );
#6841 = CARTESIAN_POINT('',(0.465074421492,0.368128255789,0.5625005879)
  );
#6842 = ADVANCED_FACE('',(#6843),#6869,.F.);
#6843 = FACE_BOUND('',#6844,.F.);
#6844 = EDGE_LOOP('',(#6845,#6846,#6855,#6862));
#6845 = ORIENTED_EDGE('',*,*,#6820,.F.);
#6846 = ORIENTED_EDGE('',*,*,#6847,.T.);
#6847 = EDGE_CURVE('',#6812,#6848,#6850,.T.);
#6848 = VERTEX_POINT('',#6849);
#6849 = CARTESIAN_POINT('',(0.468285193938,0.368993334375,0.5635005879)
  );
#6850 = B_SPLINE_CURVE_WITH_KNOTS('',3,(#6851,#6852,#6853,#6854),
  .UNSPECIFIED.,.F.,.F.,(4,4),(11.,12.),.PIECEWISE_BEZIER_KNOTS.);
#6851 = CARTESIAN_POINT('',(0.465074421492,0.368128255789,0.5635005879)
  );
#6852 = CARTESIAN_POINT('',(0.465897909762,0.368710520222,0.5635005879)
  );
#6853 = CARTESIAN_POINT('',(0.466970939932,0.368993334375,0.5635005879)
  );
#6854 = CARTESIAN_POINT('',(0.468285193938,0.368993334375,0.5635005879)
  );
#6855 = ORIENTED_EDGE('',*,*,#6856,.T.);
#6856 = EDGE_CURVE('',#6848,#6857,#6859,.T.);
#6857 = VERTEX_POINT('',#6858);
#6858 = CARTESIAN_POINT('',(0.468285193938,0.368993334375,0.5625005879)
  );
#6859 = B_SPLINE_CURVE_WITH_KNOTS('',1,(#6860,#6861),.UNSPECIFIED.,.F.,
  .F.,(2,2),(-0.,1.E-03),.PIECEWISE_BEZIER_KNOTS.);
#6860 = CARTESIAN_POINT('',(0.468285193938,0.368993334375,0.5635005879)
  );
#6861 = CARTESIAN_POINT('',(0.468285193938,0.368993334375,0.5625005879)
  );
#6862 = ORIENTED_EDGE('',*,*,#6863,.F.);
#6863 = EDGE_CURVE('',#6821,#6857,#6864,.T.);
#6864 = B_SPLINE_CURVE_WITH_KNOTS('',3,(#6865,#6866,#6867,#6868),
  .UNSPECIFIED.,.F.,.F.,(4,4),(11.,12.),.PIECEWISE_BEZIER_KNOTS.);
#6865 = CARTESIAN_POINT('',(0.465074421492,0.368128255789,0.5625005879)
  );
#6866 = CARTESIAN_POINT('',(0.465897909762,0.368710520222,0.5625005879)
  );
#6867 = CARTESIAN_POINT('',(0.466970939932,0.368993334375,0.5625005879)
  );
#6868 = CARTESIAN_POINT('',(0.468285193938,0.368993334375,0.5625005879)
  );
#6869 = B_SPLINE_SURFACE_WITH_KNOTS('',3,1,(
    (#6870,#6871)
    ,(#6872,#6873)
    ,(#6874,#6875)
    ,(#6876,#6877
    )),.UNSPECIFIED.,.F.,.F.,.F.,(4,4),(2,2),(11.,12.),(0.,1.),
  .PIECEWISE_BEZIER_KNOTS.);
#6870 = CARTESIAN_POINT('',(0.465074421492,0.368128255789,0.5635005879)
  );
#6871 = CARTESIAN_POINT('',(0.465074421492,0.368128255789,0.5625005879)
  );
#6872 = CARTESIAN_POINT('',(0.465897909762,0.368710520222,0.5635005879)
  );
#6873 = CARTESIAN_POINT('',(0.465897909762,0.368710520222,0.5625005879)
  );
#6874 = CARTESIAN_POINT('',(0.466970939932,0.368993334375,0.5635005879)
  );
#6875 = CARTESIAN_POINT('',(0.466970939932,0.368993334375,0.5625005879)
  );
#6876 = CARTESIAN_POINT('',(0.468285193938,0.368993334375,0.5635005879)
  );
#6877 = CARTESIAN_POINT('',(0.468285193938,0.368993334375,0.5625005879)
  );
#6878 = ADVANCED_FACE('',(#6879),#6905,.F.);
#6879 = FACE_BOUND('',#6880,.F.);
#6880 = EDGE_LOOP('',(#6881,#6882,#6891,#6898));
#6881 = ORIENTED_EDGE('',*,*,#6856,.F.);
#6882 = ORIENTED_EDGE('',*,*,#6883,.T.);
#6883 = EDGE_CURVE('',#6848,#6884,#6886,.T.);
#6884 = VERTEX_POINT('',#6885);
#6885 = CARTESIAN_POINT('',(0.474191018903,0.367313085582,0.5635005879)
  );
#6886 = B_SPLINE_CURVE_WITH_KNOTS('',3,(#6887,#6888,#6889,#6890),
  .UNSPECIFIED.,.F.,.F.,(4,4),(10.,11.),.PIECEWISE_BEZIER_KNOTS.);
#6887 = CARTESIAN_POINT('',(0.468285193938,0.368993334375,0.5635005879)
  );
#6888 = CARTESIAN_POINT('',(0.470489480721,0.368993334375,0.5635005879)
  );
#6889 = CARTESIAN_POINT('',(0.472452543667,0.368427706069,0.5635005879)
  );
#6890 = CARTESIAN_POINT('',(0.474191018903,0.367313085582,0.5635005879)
  );
#6891 = ORIENTED_EDGE('',*,*,#6892,.T.);
#6892 = EDGE_CURVE('',#6884,#6893,#6895,.T.);
#6893 = VERTEX_POINT('',#6894);
#6894 = CARTESIAN_POINT('',(0.474191018903,0.367313085582,0.5625005879)
  );
#6895 = B_SPLINE_CURVE_WITH_KNOTS('',1,(#6896,#6897),.UNSPECIFIED.,.F.,
  .F.,(2,2),(-0.,1.E-03),.PIECEWISE_BEZIER_KNOTS.);
#6896 = CARTESIAN_POINT('',(0.474191018903,0.367313085582,0.5635005879)
  );
#6897 = CARTESIAN_POINT('',(0.474191018903,0.367313085582,0.5625005879)
  );
#6898 = ORIENTED_EDGE('',*,*,#6899,.F.);
#6899 = EDGE_CURVE('',#6857,#6893,#6900,.T.);
#6900 = B_SPLINE_CURVE_WITH_KNOTS('',3,(#6901,#6902,#6903,#6904),
  .UNSPECIFIED.,.F.,.F.,(4,4),(10.,11.),.PIECEWISE_BEZIER_KNOTS.);
#6901 = CARTESIAN_POINT('',(0.468285193938,0.368993334375,0.5625005879)
  );
#6902 = CARTESIAN_POINT('',(0.470489480721,0.368993334375,0.5625005879)
  );
#6903 = CARTESIAN_POINT('',(0.472452543667,0.368427706069,0.5625005879)
  );
#6904 = CARTESIAN_POINT('',(0.474191018903,0.367313085582,0.5625005879)
  );
#6905 = B_SPLINE_SURFACE_WITH_KNOTS('',3,1,(
    (#6906,#6907)
    ,(#6908,#6909)
    ,(#6910,#6911)
    ,(#6912,#6913
    )),.UNSPECIFIED.,.F.,.F.,.F.,(4,4),(2,2),(10.,11.),(0.,1.),
  .PIECEWISE_BEZIER_KNOTS.);
#6906 = CARTESIAN_POINT('',(0.468285193938,0.368993334375,0.5635005879)
  );
#6907 = CARTESIAN_POINT('',(0.468285193938,0.368993334375,0.5625005879)
  );
#6908 = CARTESIAN_POINT('',(0.470489480721,0.368993334375,0.5635005879)
  );
#6909 = CARTESIAN_POINT('',(0.470489480721,0.368993334375,0.5625005879)
  );
#6910 = CARTESIAN_POINT('',(0.472452543667,0.368427706069,0.5635005879)
  );
#6911 = CARTESIAN_POINT('',(0.472452543667,0.368427706069,0.5625005879)
  );
#6912 = CARTESIAN_POINT('',(0.474191018903,0.367313085582,0.5635005879)
  );
#6913 = CARTESIAN_POINT('',(0.474191018903,0.367313085582,0.5625005879)
  );
#6914 = ADVANCED_FACE('',(#6915),#6937,.F.);
#6915 = FACE_BOUND('',#6916,.T.);
#6916 = EDGE_LOOP('',(#6917,#6924,#6931,#6936));
#6917 = ORIENTED_EDGE('',*,*,#6918,.T.);
#6918 = EDGE_CURVE('',#6893,#6919,#6921,.T.);
#6919 = VERTEX_POINT('',#6920);
#6920 = CARTESIAN_POINT('',(0.474191018903,0.371272483728,0.5625005879)
  );
#6921 = B_SPLINE_CURVE_WITH_KNOTS('',1,(#6922,#6923),.UNSPECIFIED.,.F.,
  .F.,(2,2),(-3.959398145258E-03,0.),.PIECEWISE_BEZIER_KNOTS.);
#6922 = CARTESIAN_POINT('',(0.474191018903,0.367313085582,0.5625005879)
  );
#6923 = CARTESIAN_POINT('',(0.474191018903,0.371272483728,0.5625005879)
  );
#6924 = ORIENTED_EDGE('',*,*,#6925,.F.);
#6925 = EDGE_CURVE('',#6926,#6919,#6928,.T.);
#6926 = VERTEX_POINT('',#6927);
#6927 = CARTESIAN_POINT('',(0.474191018903,0.371272483728,0.5635005879)
  );
#6928 = B_SPLINE_CURVE_WITH_KNOTS('',1,(#6929,#6930),.UNSPECIFIED.,.F.,
  .F.,(2,2),(-0.,1.E-03),.PIECEWISE_BEZIER_KNOTS.);
#6929 = CARTESIAN_POINT('',(0.474191018903,0.371272483728,0.5635005879)
  );
#6930 = CARTESIAN_POINT('',(0.474191018903,0.371272483728,0.5625005879)
  );
#6931 = ORIENTED_EDGE('',*,*,#6932,.F.);
#6932 = EDGE_CURVE('',#6884,#6926,#6933,.T.);
#6933 = B_SPLINE_CURVE_WITH_KNOTS('',1,(#6934,#6935),.UNSPECIFIED.,.F.,
  .F.,(2,2),(-3.959398145258E-03,0.),.PIECEWISE_BEZIER_KNOTS.);
#6934 = CARTESIAN_POINT('',(0.474191018903,0.367313085582,0.5635005879)
  );
#6935 = CARTESIAN_POINT('',(0.474191018903,0.371272483728,0.5635005879)
  );
#6936 = ORIENTED_EDGE('',*,*,#6892,.T.);
#6937 = B_SPLINE_SURFACE_WITH_KNOTS('',1,1,(
    (#6938,#6939)
    ,(#6940,#6941)),.UNSPECIFIED.,.F.,.F.,.F.,(2,2),(2,2),(-1.E-03,0.),(
    -3.959398145258E-03,0.),.PIECEWISE_BEZIER_KNOTS.);
#6938 = CARTESIAN_POINT('',(0.474191018903,0.367313085582,0.5625005879)
  );
#6939 = CARTESIAN_POINT('',(0.474191018903,0.371272483728,0.5625005879)
  );
#6940 = CARTESIAN_POINT('',(0.474191018903,0.367313085582,0.5635005879)
  );
#6941 = CARTESIAN_POINT('',(0.474191018903,0.371272483728,0.5635005879)
  );
#6942 = ADVANCED_FACE('',(#6943),#6969,.F.);
#6943 = FACE_BOUND('',#6944,.F.);
#6944 = EDGE_LOOP('',(#6945,#6946,#6955,#6962));
#6945 = ORIENTED_EDGE('',*,*,#6925,.F.);
#6946 = ORIENTED_EDGE('',*,*,#6947,.T.);
#6947 = EDGE_CURVE('',#6926,#6948,#6950,.T.);
#6948 = VERTEX_POINT('',#6949);
#6949 = CARTESIAN_POINT('',(0.468684460978,0.372303923581,0.5635005879)
  );
#6950 = B_SPLINE_CURVE_WITH_KNOTS('',3,(#6951,#6952,#6953,#6954),
  .UNSPECIFIED.,.F.,.F.,(4,4),(8.,9.),.PIECEWISE_BEZIER_KNOTS.);
#6951 = CARTESIAN_POINT('',(0.474191018903,0.371272483728,0.5635005879)
  );
#6952 = CARTESIAN_POINT('',(0.472494133983,0.371971201047,0.5635005879)
  );
#6953 = CARTESIAN_POINT('',(0.470664160051,0.372303923581,0.5635005879)
  );
#6954 = CARTESIAN_POINT('',(0.468684460978,0.372303923581,0.5635005879)
  );
#6955 = ORIENTED_EDGE('',*,*,#6956,.T.);
#6956 = EDGE_CURVE('',#6948,#6957,#6959,.T.);
#6957 = VERTEX_POINT('',#6958);
#6958 = CARTESIAN_POINT('',(0.468684460978,0.372303923581,0.5625005879)
  );
#6959 = B_SPLINE_CURVE_WITH_KNOTS('',1,(#6960,#6961),.UNSPECIFIED.,.F.,
  .F.,(2,2),(-0.,1.E-03),.PIECEWISE_BEZIER_KNOTS.);
#6960 = CARTESIAN_POINT('',(0.468684460978,0.372303923581,0.5635005879)
  );
#6961 = CARTESIAN_POINT('',(0.468684460978,0.372303923581,0.5625005879)
  );
#6962 = ORIENTED_EDGE('',*,*,#6963,.F.);
#6963 = EDGE_CURVE('',#6919,#6957,#6964,.T.);
#6964 = B_SPLINE_CURVE_WITH_KNOTS('',3,(#6965,#6966,#6967,#6968),
  .UNSPECIFIED.,.F.,.F.,(4,4),(8.,9.),.PIECEWISE_BEZIER_KNOTS.);
#6965 = CARTESIAN_POINT('',(0.474191018903,0.371272483728,0.5625005879)
  );
#6966 = CARTESIAN_POINT('',(0.472494133983,0.371971201047,0.5625005879)
  );
#6967 = CARTESIAN_POINT('',(0.470664160051,0.372303923581,0.5625005879)
  );
#6968 = CARTESIAN_POINT('',(0.468684460978,0.372303923581,0.5625005879)
  );
#6969 = B_SPLINE_SURFACE_WITH_KNOTS('',3,1,(
    (#6970,#6971)
    ,(#6972,#6973)
    ,(#6974,#6975)
    ,(#6976,#6977
    )),.UNSPECIFIED.,.F.,.F.,.F.,(4,4),(2,2),(8.,9.),(0.,1.),
  .PIECEWISE_BEZIER_KNOTS.);
#6970 = CARTESIAN_POINT('',(0.474191018903,0.371272483728,0.5635005879)
  );
#6971 = CARTESIAN_POINT('',(0.474191018903,0.371272483728,0.5625005879)
  );
#6972 = CARTESIAN_POINT('',(0.472494133983,0.371971201047,0.5635005879)
  );
#6973 = CARTESIAN_POINT('',(0.472494133983,0.371971201047,0.5625005879)
  );
#6974 = CARTESIAN_POINT('',(0.470664160051,0.372303923581,0.5635005879)
  );
#6975 = CARTESIAN_POINT('',(0.470664160051,0.372303923581,0.5625005879)
  );
#6976 = CARTESIAN_POINT('',(0.468684460978,0.372303923581,0.5635005879)
  );
#6977 = CARTESIAN_POINT('',(0.468684460978,0.372303923581,0.5625005879)
  );
#6978 = ADVANCED_FACE('',(#6979),#7005,.F.);
#6979 = FACE_BOUND('',#6980,.F.);
#6980 = EDGE_LOOP('',(#6981,#6982,#6991,#6998));
#6981 = ORIENTED_EDGE('',*,*,#6956,.F.);
#6982 = ORIENTED_EDGE('',*,*,#6983,.T.);
#6983 = EDGE_CURVE('',#6948,#6984,#6986,.T.);
#6984 = VERTEX_POINT('',#6985);
#6985 = CARTESIAN_POINT('',(0.46224627996,0.370457313521,0.5635005879));
#6986 = B_SPLINE_CURVE_WITH_KNOTS('',3,(#6987,#6988,#6989,#6990),
  .UNSPECIFIED.,.F.,.F.,(4,4),(7.,8.),.PIECEWISE_BEZIER_KNOTS.);
#6987 = CARTESIAN_POINT('',(0.468684460978,0.372303923581,0.5635005879)
  );
#6988 = CARTESIAN_POINT('',(0.466139133599,0.372303923581,0.5635005879)
  );
#6989 = CARTESIAN_POINT('',(0.463993073259,0.371688386894,0.5635005879)
  );
#6990 = CARTESIAN_POINT('',(0.46224627996,0.370457313521,0.5635005879));
#6991 = ORIENTED_EDGE('',*,*,#6992,.T.);
#6992 = EDGE_CURVE('',#6984,#6993,#6995,.T.);
#6993 = VERTEX_POINT('',#6994);
#6994 = CARTESIAN_POINT('',(0.46224627996,0.370457313521,0.5625005879));
#6995 = B_SPLINE_CURVE_WITH_KNOTS('',1,(#6996,#6997),.UNSPECIFIED.,.F.,
  .F.,(2,2),(-0.,1.E-03),.PIECEWISE_BEZIER_KNOTS.);
#6996 = CARTESIAN_POINT('',(0.46224627996,0.370457313521,0.5635005879));
#6997 = CARTESIAN_POINT('',(0.46224627996,0.370457313521,0.5625005879));
#6998 = ORIENTED_EDGE('',*,*,#6999,.F.);
#6999 = EDGE_CURVE('',#6957,#6993,#7000,.T.);
#7000 = B_SPLINE_CURVE_WITH_KNOTS('',3,(#7001,#7002,#7003,#7004),
  .UNSPECIFIED.,.F.,.F.,(4,4),(7.,8.),.PIECEWISE_BEZIER_KNOTS.);
#7001 = CARTESIAN_POINT('',(0.468684460978,0.372303923581,0.5625005879)
  );
#7002 = CARTESIAN_POINT('',(0.466139133599,0.372303923581,0.5625005879)
  );
#7003 = CARTESIAN_POINT('',(0.463993073259,0.371688386894,0.5625005879)
  );
#7004 = CARTESIAN_POINT('',(0.46224627996,0.370457313521,0.5625005879));
#7005 = B_SPLINE_SURFACE_WITH_KNOTS('',3,1,(
    (#7006,#7007)
    ,(#7008,#7009)
    ,(#7010,#7011)
    ,(#7012,#7013
    )),.UNSPECIFIED.,.F.,.F.,.F.,(4,4),(2,2),(7.,8.),(0.,1.),
  .PIECEWISE_BEZIER_KNOTS.);
#7006 = CARTESIAN_POINT('',(0.468684460978,0.372303923581,0.5635005879)
  );
#7007 = CARTESIAN_POINT('',(0.468684460978,0.372303923581,0.5625005879)
  );
#7008 = CARTESIAN_POINT('',(0.466139133599,0.372303923581,0.5635005879)
  );
#7009 = CARTESIAN_POINT('',(0.466139133599,0.372303923581,0.5625005879)
  );
#7010 = CARTESIAN_POINT('',(0.463993073259,0.371688386894,0.5635005879)
  );
#7011 = CARTESIAN_POINT('',(0.463993073259,0.371688386894,0.5625005879)
  );
#7012 = CARTESIAN_POINT('',(0.46224627996,0.370457313521,0.5635005879));
#7013 = CARTESIAN_POINT('',(0.46224627996,0.370457313521,0.5625005879));
#7014 = ADVANCED_FACE('',(#7015),#7041,.F.);
#7015 = FACE_BOUND('',#7016,.F.);
#7016 = EDGE_LOOP('',(#7017,#7018,#7027,#7034));
#7017 = ORIENTED_EDGE('',*,*,#6992,.F.);
#7018 = ORIENTED_EDGE('',*,*,#7019,.T.);
#7019 = EDGE_CURVE('',#6984,#7020,#7022,.T.);
#7020 = VERTEX_POINT('',#7021);
#7021 = CARTESIAN_POINT('',(0.459634408074,0.365499747776,0.5635005879)
  );
#7022 = B_SPLINE_CURVE_WITH_KNOTS('',3,(#7023,#7024,#7025,#7026),
  .UNSPECIFIED.,.F.,.F.,(4,4),(6.,7.),.PIECEWISE_BEZIER_KNOTS.);
#7023 = CARTESIAN_POINT('',(0.46224627996,0.370457313521,0.5635005879));
#7024 = CARTESIAN_POINT('',(0.460507804724,0.369209604022,0.5635005879)
  );
#7025 = CARTESIAN_POINT('',(0.459634408074,0.367562627482,0.5635005879)
  );
#7026 = CARTESIAN_POINT('',(0.459634408074,0.365499747776,0.5635005879)
  );
#7027 = ORIENTED_EDGE('',*,*,#7028,.T.);
#7028 = EDGE_CURVE('',#7020,#7029,#7031,.T.);
#7029 = VERTEX_POINT('',#7030);
#7030 = CARTESIAN_POINT('',(0.459634408074,0.365499747776,0.5625005879)
  );
#7031 = B_SPLINE_CURVE_WITH_KNOTS('',1,(#7032,#7033),.UNSPECIFIED.,.F.,
  .F.,(2,2),(-0.,1.E-03),.PIECEWISE_BEZIER_KNOTS.);
#7032 = CARTESIAN_POINT('',(0.459634408074,0.365499747776,0.5635005879)
  );
#7033 = CARTESIAN_POINT('',(0.459634408074,0.365499747776,0.5625005879)
  );
#7034 = ORIENTED_EDGE('',*,*,#7035,.F.);
#7035 = EDGE_CURVE('',#6993,#7029,#7036,.T.);
#7036 = B_SPLINE_CURVE_WITH_KNOTS('',3,(#7037,#7038,#7039,#7040),
  .UNSPECIFIED.,.F.,.F.,(4,4),(6.,7.),.PIECEWISE_BEZIER_KNOTS.);
#7037 = CARTESIAN_POINT('',(0.46224627996,0.370457313521,0.5625005879));
#7038 = CARTESIAN_POINT('',(0.460507804724,0.369209604022,0.5625005879)
  );
#7039 = CARTESIAN_POINT('',(0.459634408074,0.367562627482,0.5625005879)
  );
#7040 = CARTESIAN_POINT('',(0.459634408074,0.365499747776,0.5625005879)
  );
#7041 = B_SPLINE_SURFACE_WITH_KNOTS('',3,1,(
    (#7042,#7043)
    ,(#7044,#7045)
    ,(#7046,#7047)
    ,(#7048,#7049
    )),.UNSPECIFIED.,.F.,.F.,.F.,(4,4),(2,2),(6.,7.),(0.,1.),
  .PIECEWISE_BEZIER_KNOTS.);
#7042 = CARTESIAN_POINT('',(0.46224627996,0.370457313521,0.5635005879));
#7043 = CARTESIAN_POINT('',(0.46224627996,0.370457313521,0.5625005879));
#7044 = CARTESIAN_POINT('',(0.460507804724,0.369209604022,0.5635005879)
  );
#7045 = CARTESIAN_POINT('',(0.460507804724,0.369209604022,0.5625005879)
  );
#7046 = CARTESIAN_POINT('',(0.459634408074,0.367562627482,0.5635005879)
  );
#7047 = CARTESIAN_POINT('',(0.459634408074,0.367562627482,0.5625005879)
  );
#7048 = CARTESIAN_POINT('',(0.459634408074,0.365499747776,0.5635005879)
  );
#7049 = CARTESIAN_POINT('',(0.459634408074,0.365499747776,0.5625005879)
  );
#7050 = ADVANCED_FACE('',(#7051),#7077,.F.);
#7051 = FACE_BOUND('',#7052,.F.);
#7052 = EDGE_LOOP('',(#7053,#7054,#7063,#7070));
#7053 = ORIENTED_EDGE('',*,*,#7028,.F.);
#7054 = ORIENTED_EDGE('',*,*,#7055,.T.);
#7055 = EDGE_CURVE('',#7020,#7056,#7058,.T.);
#7056 = VERTEX_POINT('',#7057);
#7057 = CARTESIAN_POINT('',(0.460790618877,0.361823163784,0.5635005879)
  );
#7058 = B_SPLINE_CURVE_WITH_KNOTS('',3,(#7059,#7060,#7061,#7062),
  .UNSPECIFIED.,.F.,.F.,(4,4),(5.,6.),.PIECEWISE_BEZIER_KNOTS.);
#7059 = CARTESIAN_POINT('',(0.459634408074,0.365499747776,0.5635005879)
  );
#7060 = CARTESIAN_POINT('',(0.459634408074,0.364069040883,0.5635005879)
  );
#7061 = CARTESIAN_POINT('',(0.460017038987,0.36283796751,0.5635005879));
#7062 = CARTESIAN_POINT('',(0.460790618877,0.361823163784,0.5635005879)
  );
#7063 = ORIENTED_EDGE('',*,*,#7064,.T.);
#7064 = EDGE_CURVE('',#7056,#7065,#7067,.T.);
#7065 = VERTEX_POINT('',#7066);
#7066 = CARTESIAN_POINT('',(0.460790618877,0.361823163784,0.5625005879)
  );
#7067 = B_SPLINE_CURVE_WITH_KNOTS('',1,(#7068,#7069),.UNSPECIFIED.,.F.,
  .F.,(2,2),(-0.,1.E-03),.PIECEWISE_BEZIER_KNOTS.);
#7068 = CARTESIAN_POINT('',(0.460790618877,0.361823163784,0.5635005879)
  );
#7069 = CARTESIAN_POINT('',(0.460790618877,0.361823163784,0.5625005879)
  );
#7070 = ORIENTED_EDGE('',*,*,#7071,.F.);
#7071 = EDGE_CURVE('',#7029,#7065,#7072,.T.);
#7072 = B_SPLINE_CURVE_WITH_KNOTS('',3,(#7073,#7074,#7075,#7076),
  .UNSPECIFIED.,.F.,.F.,(4,4),(5.,6.),.PIECEWISE_BEZIER_KNOTS.);
#7073 = CARTESIAN_POINT('',(0.459634408074,0.365499747776,0.5625005879)
  );
#7074 = CARTESIAN_POINT('',(0.459634408074,0.364069040883,0.5625005879)
  );
#7075 = CARTESIAN_POINT('',(0.460017038987,0.36283796751,0.5625005879));
#7076 = CARTESIAN_POINT('',(0.460790618877,0.361823163784,0.5625005879)
  );
#7077 = B_SPLINE_SURFACE_WITH_KNOTS('',3,1,(
    (#7078,#7079)
    ,(#7080,#7081)
    ,(#7082,#7083)
    ,(#7084,#7085
    )),.UNSPECIFIED.,.F.,.F.,.F.,(4,4),(2,2),(5.,6.),(0.,1.),
  .PIECEWISE_BEZIER_KNOTS.);
#7078 = CARTESIAN_POINT('',(0.459634408074,0.365499747776,0.5635005879)
  );
#7079 = CARTESIAN_POINT('',(0.459634408074,0.365499747776,0.5625005879)
  );
#7080 = CARTESIAN_POINT('',(0.459634408074,0.364069040883,0.5635005879)
  );
#7081 = CARTESIAN_POINT('',(0.459634408074,0.364069040883,0.5625005879)
  );
#7082 = CARTESIAN_POINT('',(0.460017038987,0.36283796751,0.5635005879));
#7083 = CARTESIAN_POINT('',(0.460017038987,0.36283796751,0.5625005879));
#7084 = CARTESIAN_POINT('',(0.460790618877,0.361823163784,0.5635005879)
  );
#7085 = CARTESIAN_POINT('',(0.460790618877,0.361823163784,0.5625005879)
  );
#7086 = ADVANCED_FACE('',(#7087),#7113,.F.);
#7087 = FACE_BOUND('',#7088,.F.);
#7088 = EDGE_LOOP('',(#7089,#7090,#7099,#7106));
#7089 = ORIENTED_EDGE('',*,*,#7064,.F.);
#7090 = ORIENTED_EDGE('',*,*,#7091,.T.);
#7091 = EDGE_CURVE('',#7056,#7092,#7094,.T.);
#7092 = VERTEX_POINT('',#7093);
#7093 = CARTESIAN_POINT('',(0.465806411066,0.358745480352,0.5635005879)
  );
#7094 = B_SPLINE_CURVE_WITH_KNOTS('',3,(#7095,#7096,#7097,#7098),
  .UNSPECIFIED.,.F.,.F.,(4,4),(4.,5.),.PIECEWISE_BEZIER_KNOTS.);
#7095 = CARTESIAN_POINT('',(0.460790618877,0.361823163784,0.5635005879)
  );
#7096 = CARTESIAN_POINT('',(0.461555880704,0.360808360058,0.5635005879)
  );
#7097 = CARTESIAN_POINT('',(0.463236129496,0.359776920205,0.5635005879)
  );
#7098 = CARTESIAN_POINT('',(0.465806411066,0.358745480352,0.5635005879)
  );
#7099 = ORIENTED_EDGE('',*,*,#7100,.T.);
#7100 = EDGE_CURVE('',#7092,#7101,#7103,.T.);
#7101 = VERTEX_POINT('',#7102);
#7102 = CARTESIAN_POINT('',(0.465806411066,0.358745480352,0.5625005879)
  );
#7103 = B_SPLINE_CURVE_WITH_KNOTS('',1,(#7104,#7105),.UNSPECIFIED.,.F.,
  .F.,(2,2),(-0.,1.E-03),.PIECEWISE_BEZIER_KNOTS.);
#7104 = CARTESIAN_POINT('',(0.465806411066,0.358745480352,0.5635005879)
  );
#7105 = CARTESIAN_POINT('',(0.465806411066,0.358745480352,0.5625005879)
  );
#7106 = ORIENTED_EDGE('',*,*,#7107,.F.);
#7107 = EDGE_CURVE('',#7065,#7101,#7108,.T.);
#7108 = B_SPLINE_CURVE_WITH_KNOTS('',3,(#7109,#7110,#7111,#7112),
  .UNSPECIFIED.,.F.,.F.,(4,4),(4.,5.),.PIECEWISE_BEZIER_KNOTS.);
#7109 = CARTESIAN_POINT('',(0.460790618877,0.361823163784,0.5625005879)
  );
#7110 = CARTESIAN_POINT('',(0.461555880704,0.360808360058,0.5625005879)
  );
#7111 = CARTESIAN_POINT('',(0.463236129496,0.359776920205,0.5625005879)
  );
#7112 = CARTESIAN_POINT('',(0.465806411066,0.358745480352,0.5625005879)
  );
#7113 = B_SPLINE_SURFACE_WITH_KNOTS('',3,1,(
    (#7114,#7115)
    ,(#7116,#7117)
    ,(#7118,#7119)
    ,(#7120,#7121
    )),.UNSPECIFIED.,.F.,.F.,.F.,(4,4),(2,2),(4.,5.),(0.,1.),
  .PIECEWISE_BEZIER_KNOTS.);
#7114 = CARTESIAN_POINT('',(0.460790618877,0.361823163784,0.5635005879)
  );
#7115 = CARTESIAN_POINT('',(0.460790618877,0.361823163784,0.5625005879)
  );
#7116 = CARTESIAN_POINT('',(0.461555880704,0.360808360058,0.5635005879)
  );
#7117 = CARTESIAN_POINT('',(0.461555880704,0.360808360058,0.5625005879)
  );
#7118 = CARTESIAN_POINT('',(0.463236129496,0.359776920205,0.5635005879)
  );
#7119 = CARTESIAN_POINT('',(0.463236129496,0.359776920205,0.5625005879)
  );
#7120 = CARTESIAN_POINT('',(0.465806411066,0.358745480352,0.5635005879)
  );
#7121 = CARTESIAN_POINT('',(0.465806411066,0.358745480352,0.5625005879)
  );
#7122 = ADVANCED_FACE('',(#7123),#7149,.F.);
#7123 = FACE_BOUND('',#7124,.F.);
#7124 = EDGE_LOOP('',(#7125,#7126,#7135,#7142));
#7125 = ORIENTED_EDGE('',*,*,#7100,.F.);
#7126 = ORIENTED_EDGE('',*,*,#7127,.T.);
#7127 = EDGE_CURVE('',#7092,#7128,#7130,.T.);
#7128 = VERTEX_POINT('',#7129);
#7129 = CARTESIAN_POINT('',(0.470073577554,0.356665964519,0.5635005879)
  );
#7130 = B_SPLINE_CURVE_WITH_KNOTS('',3,(#7131,#7132,#7133,#7134),
  .UNSPECIFIED.,.F.,.F.,(4,4),(3.,4.),.PIECEWISE_BEZIER_KNOTS.);
#7131 = CARTESIAN_POINT('',(0.465806411066,0.358745480352,0.5635005879)
  );
#7132 = CARTESIAN_POINT('',(0.467952471405,0.357946946272,0.5635005879)
  );
#7133 = CARTESIAN_POINT('',(0.469374860234,0.357248228952,0.5635005879)
  );
#7134 = CARTESIAN_POINT('',(0.470073577554,0.356665964519,0.5635005879)
  );
#7135 = ORIENTED_EDGE('',*,*,#7136,.T.);
#7136 = EDGE_CURVE('',#7128,#7137,#7139,.T.);
#7137 = VERTEX_POINT('',#7138);
#7138 = CARTESIAN_POINT('',(0.470073577554,0.356665964519,0.5625005879)
  );
#7139 = B_SPLINE_CURVE_WITH_KNOTS('',1,(#7140,#7141),.UNSPECIFIED.,.F.,
  .F.,(2,2),(-0.,1.E-03),.PIECEWISE_BEZIER_KNOTS.);
#7140 = CARTESIAN_POINT('',(0.470073577554,0.356665964519,0.5635005879)
  );
#7141 = CARTESIAN_POINT('',(0.470073577554,0.356665964519,0.5625005879)
  );
#7142 = ORIENTED_EDGE('',*,*,#7143,.F.);
#7143 = EDGE_CURVE('',#7101,#7137,#7144,.T.);
#7144 = B_SPLINE_CURVE_WITH_KNOTS('',3,(#7145,#7146,#7147,#7148),
  .UNSPECIFIED.,.F.,.F.,(4,4),(3.,4.),.PIECEWISE_BEZIER_KNOTS.);
#7145 = CARTESIAN_POINT('',(0.465806411066,0.358745480352,0.5625005879)
  );
#7146 = CARTESIAN_POINT('',(0.467952471405,0.357946946272,0.5625005879)
  );
#7147 = CARTESIAN_POINT('',(0.469374860234,0.357248228952,0.5625005879)
  );
#7148 = CARTESIAN_POINT('',(0.470073577554,0.356665964519,0.5625005879)
  );
#7149 = B_SPLINE_SURFACE_WITH_KNOTS('',3,1,(
    (#7150,#7151)
    ,(#7152,#7153)
    ,(#7154,#7155)
    ,(#7156,#7157
    )),.UNSPECIFIED.,.F.,.F.,.F.,(4,4),(2,2),(3.,4.),(0.,1.),
  .PIECEWISE_BEZIER_KNOTS.);
#7150 = CARTESIAN_POINT('',(0.465806411066,0.358745480352,0.5635005879)
  );
#7151 = CARTESIAN_POINT('',(0.465806411066,0.358745480352,0.5625005879)
  );
#7152 = CARTESIAN_POINT('',(0.467952471405,0.357946946272,0.5635005879)
  );
#7153 = CARTESIAN_POINT('',(0.467952471405,0.357946946272,0.5625005879)
  );
#7154 = CARTESIAN_POINT('',(0.469374860234,0.357248228952,0.5635005879)
  );
#7155 = CARTESIAN_POINT('',(0.469374860234,0.357248228952,0.5625005879)
  );
#7156 = CARTESIAN_POINT('',(0.470073577554,0.356665964519,0.5635005879)
  );
#7157 = CARTESIAN_POINT('',(0.470073577554,0.356665964519,0.5625005879)
  );
#7158 = ADVANCED_FACE('',(#7159),#7185,.F.);
#7159 = FACE_BOUND('',#7160,.F.);
#7160 = EDGE_LOOP('',(#7161,#7162,#7171,#7178));
#7161 = ORIENTED_EDGE('',*,*,#7136,.F.);
#7162 = ORIENTED_EDGE('',*,*,#7163,.T.);
#7163 = EDGE_CURVE('',#7128,#7164,#7166,.T.);
#7164 = VERTEX_POINT('',#7165);
#7165 = CARTESIAN_POINT('',(0.471121653534,0.354453359673,0.5635005879)
  );
#7166 = B_SPLINE_CURVE_WITH_KNOTS('',3,(#7167,#7168,#7169,#7170),
  .UNSPECIFIED.,.F.,.F.,(4,4),(2.,3.),.PIECEWISE_BEZIER_KNOTS.);
#7167 = CARTESIAN_POINT('',(0.470073577554,0.356665964519,0.5635005879)
  );
#7168 = CARTESIAN_POINT('',(0.470772294874,0.356083700086,0.5635005879)
  );
#7169 = CARTESIAN_POINT('',(0.471121653534,0.355351710513,0.5635005879)
  );
#7170 = CARTESIAN_POINT('',(0.471121653534,0.354453359673,0.5635005879)
  );
#7171 = ORIENTED_EDGE('',*,*,#7172,.T.);
#7172 = EDGE_CURVE('',#7164,#7173,#7175,.T.);
#7173 = VERTEX_POINT('',#7174);
#7174 = CARTESIAN_POINT('',(0.471121653534,0.354453359673,0.5625005879)
  );
#7175 = B_SPLINE_CURVE_WITH_KNOTS('',1,(#7176,#7177),.UNSPECIFIED.,.F.,
  .F.,(2,2),(-0.,1.E-03),.PIECEWISE_BEZIER_KNOTS.);
#7176 = CARTESIAN_POINT('',(0.471121653534,0.354453359673,0.5635005879)
  );
#7177 = CARTESIAN_POINT('',(0.471121653534,0.354453359673,0.5625005879)
  );
#7178 = ORIENTED_EDGE('',*,*,#7179,.F.);
#7179 = EDGE_CURVE('',#7137,#7173,#7180,.T.);
#7180 = B_SPLINE_CURVE_WITH_KNOTS('',3,(#7181,#7182,#7183,#7184),
  .UNSPECIFIED.,.F.,.F.,(4,4),(2.,3.),.PIECEWISE_BEZIER_KNOTS.);
#7181 = CARTESIAN_POINT('',(0.470073577554,0.356665964519,0.5625005879)
  );
#7182 = CARTESIAN_POINT('',(0.470772294874,0.356083700086,0.5625005879)
  );
#7183 = CARTESIAN_POINT('',(0.471121653534,0.355351710513,0.5625005879)
  );
#7184 = CARTESIAN_POINT('',(0.471121653534,0.354453359673,0.5625005879)
  );
#7185 = B_SPLINE_SURFACE_WITH_KNOTS('',3,1,(
    (#7186,#7187)
    ,(#7188,#7189)
    ,(#7190,#7191)
    ,(#7192,#7193
    )),.UNSPECIFIED.,.F.,.F.,.F.,(4,4),(2,2),(2.,3.),(0.,1.),
  .PIECEWISE_BEZIER_KNOTS.);
#7186 = CARTESIAN_POINT('',(0.470073577554,0.356665964519,0.5635005879)
  );
#7187 = CARTESIAN_POINT('',(0.470073577554,0.356665964519,0.5625005879)
  );
#7188 = CARTESIAN_POINT('',(0.470772294874,0.356083700086,0.5635005879)
  );
#7189 = CARTESIAN_POINT('',(0.470772294874,0.356083700086,0.5625005879)
  );
#7190 = CARTESIAN_POINT('',(0.471121653534,0.355351710513,0.5635005879)
  );
#7191 = CARTESIAN_POINT('',(0.471121653534,0.355351710513,0.5625005879)
  );
#7192 = CARTESIAN_POINT('',(0.471121653534,0.354453359673,0.5635005879)
  );
#7193 = CARTESIAN_POINT('',(0.471121653534,0.354453359673,0.5625005879)
  );
#7194 = ADVANCED_FACE('',(#7195),#7213,.F.);
#7195 = FACE_BOUND('',#7196,.F.);
#7196 = EDGE_LOOP('',(#7197,#7198,#7205,#7206));
#7197 = ORIENTED_EDGE('',*,*,#7172,.F.);
#7198 = ORIENTED_EDGE('',*,*,#7199,.T.);
#7199 = EDGE_CURVE('',#7164,#6487,#7200,.T.);
#7200 = B_SPLINE_CURVE_WITH_KNOTS('',3,(#7201,#7202,#7203,#7204),
  .UNSPECIFIED.,.F.,.F.,(4,4),(1.,2.),.PIECEWISE_BEZIER_KNOTS.);
#7201 = CARTESIAN_POINT('',(0.471121653534,0.354453359673,0.5635005879)
  );
#7202 = CARTESIAN_POINT('',(0.471121653534,0.352357207714,0.5635005879)
  );
#7203 = CARTESIAN_POINT('',(0.469516267311,0.351309131734,0.5635005879)
  );
#7204 = CARTESIAN_POINT('',(0.466313812929,0.351309131734,0.5635005879)
  );
#7205 = ORIENTED_EDGE('',*,*,#6486,.T.);
#7206 = ORIENTED_EDGE('',*,*,#7207,.F.);
#7207 = EDGE_CURVE('',#7173,#6489,#7208,.T.);
#7208 = B_SPLINE_CURVE_WITH_KNOTS('',3,(#7209,#7210,#7211,#7212),
  .UNSPECIFIED.,.F.,.F.,(4,4),(1.,2.),.PIECEWISE_BEZIER_KNOTS.);
#7209 = CARTESIAN_POINT('',(0.471121653534,0.354453359673,0.5625005879)
  );
#7210 = CARTESIAN_POINT('',(0.471121653534,0.352357207714,0.5625005879)
  );
#7211 = CARTESIAN_POINT('',(0.469516267311,0.351309131734,0.5625005879)
  );
#7212 = CARTESIAN_POINT('',(0.466313812929,0.351309131734,0.5625005879)
  );
#7213 = B_SPLINE_SURFACE_WITH_KNOTS('',3,1,(
    (#7214,#7215)
    ,(#7216,#7217)
    ,(#7218,#7219)
    ,(#7220,#7221
    )),.UNSPECIFIED.,.F.,.F.,.F.,(4,4),(2,2),(1.,2.),(0.,1.),
  .PIECEWISE_BEZIER_KNOTS.);
#7214 = CARTESIAN_POINT('',(0.471121653534,0.354453359673,0.5635005879)
  );
#7215 = CARTESIAN_POINT('',(0.471121653534,0.354453359673,0.5625005879)
  );
#7216 = CARTESIAN_POINT('',(0.471121653534,0.352357207714,0.5635005879)
  );
#7217 = CARTESIAN_POINT('',(0.471121653534,0.352357207714,0.5625005879)
  );
#7218 = CARTESIAN_POINT('',(0.469516267311,0.351309131734,0.5635005879)
  );
#7219 = CARTESIAN_POINT('',(0.469516267311,0.351309131734,0.5625005879)
  );
#7220 = CARTESIAN_POINT('',(0.466313812929,0.351309131734,0.5635005879)
  );
#7221 = CARTESIAN_POINT('',(0.466313812929,0.351309131734,0.5625005879)
  );
#7222 = ADVANCED_FACE('',(#7223),#7246,.F.);
#7223 = FACE_BOUND('',#7224,.T.);
#7224 = EDGE_LOOP('',(#7225,#7226,#7227,#7228,#7229,#7230,#7231,#7232,
    #7233,#7234,#7235,#7236,#7237,#7238,#7239,#7240,#7241,#7242,#7243,
    #7244,#7245));
#7225 = ORIENTED_EDGE('',*,*,#6495,.T.);
#7226 = ORIENTED_EDGE('',*,*,#6544,.T.);
#7227 = ORIENTED_EDGE('',*,*,#6559,.T.);
#7228 = ORIENTED_EDGE('',*,*,#6595,.T.);
#7229 = ORIENTED_EDGE('',*,*,#6631,.T.);
#7230 = ORIENTED_EDGE('',*,*,#6667,.T.);
#7231 = ORIENTED_EDGE('',*,*,#6703,.T.);
#7232 = ORIENTED_EDGE('',*,*,#6739,.T.);
#7233 = ORIENTED_EDGE('',*,*,#6775,.T.);
#7234 = ORIENTED_EDGE('',*,*,#6811,.T.);
#7235 = ORIENTED_EDGE('',*,*,#6847,.T.);
#7236 = ORIENTED_EDGE('',*,*,#6883,.T.);
#7237 = ORIENTED_EDGE('',*,*,#6932,.T.);
#7238 = ORIENTED_EDGE('',*,*,#6947,.T.);
#7239 = ORIENTED_EDGE('',*,*,#6983,.T.);
#7240 = ORIENTED_EDGE('',*,*,#7019,.T.);
#7241 = ORIENTED_EDGE('',*,*,#7055,.T.);
#7242 = ORIENTED_EDGE('',*,*,#7091,.T.);
#7243 = ORIENTED_EDGE('',*,*,#7127,.T.);
#7244 = ORIENTED_EDGE('',*,*,#7163,.T.);
#7245 = ORIENTED_EDGE('',*,*,#7199,.T.);
#7246 = B_SPLINE_SURFACE_WITH_KNOTS('',1,1,(
    (#7247,#7248)
    ,(#7249,#7250
    )),.UNSPECIFIED.,.F.,.F.,.F.,(2,2),(2,2),(-1.246253838497E-02,
    3.23364711972E-03),(-3.888694607003E-03,2.043332257149E-02),
  .PIECEWISE_BEZIER_KNOTS.);
#7247 = CARTESIAN_POINT('',(0.475305639389,0.347981906402,0.5635005879)
  );
#7248 = CARTESIAN_POINT('',(0.475305639389,0.372303923581,0.5635005879)
  );
#7249 = CARTESIAN_POINT('',(0.459609453884,0.347981906402,0.5635005879)
  );
#7250 = CARTESIAN_POINT('',(0.459609453884,0.372303923581,0.5635005879)
  );
#7251 = ADVANCED_FACE('',(#7252),#7275,.T.);
#7252 = FACE_BOUND('',#7253,.T.);
#7253 = EDGE_LOOP('',(#7254,#7255,#7256,#7257,#7258,#7259,#7260,#7261,
    #7262,#7263,#7264,#7265,#7266,#7267,#7268,#7269,#7270,#7271,#7272,
    #7273,#7274));
#7254 = ORIENTED_EDGE('',*,*,#6511,.F.);
#7255 = ORIENTED_EDGE('',*,*,#7207,.F.);
#7256 = ORIENTED_EDGE('',*,*,#7179,.F.);
#7257 = ORIENTED_EDGE('',*,*,#7143,.F.);
#7258 = ORIENTED_EDGE('',*,*,#7107,.F.);
#7259 = ORIENTED_EDGE('',*,*,#7071,.F.);
#7260 = ORIENTED_EDGE('',*,*,#7035,.F.);
#7261 = ORIENTED_EDGE('',*,*,#6999,.F.);
#7262 = ORIENTED_EDGE('',*,*,#6963,.F.);
#7263 = ORIENTED_EDGE('',*,*,#6918,.F.);
#7264 = ORIENTED_EDGE('',*,*,#6899,.F.);
#7265 = ORIENTED_EDGE('',*,*,#6863,.F.);
#7266 = ORIENTED_EDGE('',*,*,#6827,.F.);
#7267 = ORIENTED_EDGE('',*,*,#6791,.F.);
#7268 = ORIENTED_EDGE('',*,*,#6755,.F.);
#7269 = ORIENTED_EDGE('',*,*,#6719,.F.);
#7270 = ORIENTED_EDGE('',*,*,#6683,.F.);
#7271 = ORIENTED_EDGE('',*,*,#6647,.F.);
#7272 = ORIENTED_EDGE('',*,*,#6611,.F.);
#7273 = ORIENTED_EDGE('',*,*,#6575,.F.);
#7274 = ORIENTED_EDGE('',*,*,#6530,.F.);
#7275 = B_SPLINE_SURFACE_WITH_KNOTS('',1,1,(
    (#7276,#7277)
    ,(#7278,#7279
    )),.UNSPECIFIED.,.F.,.F.,.F.,(2,2),(2,2),(-1.246253838497E-02,
    3.23364711972E-03),(-3.888694607003E-03,2.043332257149E-02),
  .PIECEWISE_BEZIER_KNOTS.);
#7276 = CARTESIAN_POINT('',(0.475305639389,0.347981906402,0.5625005879)
  );
#7277 = CARTESIAN_POINT('',(0.475305639389,0.372303923581,0.5625005879)
  );
#7278 = CARTESIAN_POINT('',(0.459609453884,0.347981906402,0.5625005879)
  );
#7279 = CARTESIAN_POINT('',(0.459609453884,0.372303923581,0.5625005879)
  );
#7280 = MANIFOLD_SOLID_BREP('',#7281);
#7281 = CLOSED_SHELL('',(#7282,#7318,#7346,#7382,#7410,#7438,#7466,#7494
    ,#7522,#7550,#7586,#7622,#7650,#7686,#7722,#7742,#7765));
#7282 = ADVANCED_FACE('',(#7283),#7313,.F.);
#7283 = FACE_BOUND('',#7284,.T.);
#7284 = EDGE_LOOP('',(#7285,#7294,#7301,#7308));
#7285 = ORIENTED_EDGE('',*,*,#7286,.T.);
#7286 = EDGE_CURVE('',#7287,#7289,#7291,.T.);
#7287 = VERTEX_POINT('',#7288);
#7288 = CARTESIAN_POINT('',(0.499735791391,0.371771567527,0.5625005879)
  );
#7289 = VERTEX_POINT('',#7290);
#7290 = CARTESIAN_POINT('',(0.495510215219,0.371771567527,0.5625005879)
  );
#7291 = B_SPLINE_CURVE_WITH_KNOTS('',1,(#7292,#7293),.UNSPECIFIED.,.F.,
  .F.,(2,2),(-4.225576171755E-03,-0.),.PIECEWISE_BEZIER_KNOTS.);
#7292 = CARTESIAN_POINT('',(0.499735791391,0.371771567527,0.5625005879)
  );
#7293 = CARTESIAN_POINT('',(0.495510215219,0.371771567527,0.5625005879)
  );
#7294 = ORIENTED_EDGE('',*,*,#7295,.F.);
#7295 = EDGE_CURVE('',#7296,#7289,#7298,.T.);
#7296 = VERTEX_POINT('',#7297);
#7297 = CARTESIAN_POINT('',(0.495510215219,0.371771567527,0.5635005879)
  );
#7298 = B_SPLINE_CURVE_WITH_KNOTS('',1,(#7299,#7300),.UNSPECIFIED.,.F.,
  .F.,(2,2),(-0.,1.E-03),.PIECEWISE_BEZIER_KNOTS.);
#7299 = CARTESIAN_POINT('',(0.495510215219,0.371771567527,0.5635005879)
  );
#7300 = CARTESIAN_POINT('',(0.495510215219,0.371771567527,0.5625005879)
  );
#7301 = ORIENTED_EDGE('',*,*,#7302,.F.);
#7302 = EDGE_CURVE('',#7303,#7296,#7305,.T.);
#7303 = VERTEX_POINT('',#7304);
#7304 = CARTESIAN_POINT('',(0.499735791391,0.371771567527,0.5635005879)
  );
#7305 = B_SPLINE_CURVE_WITH_KNOTS('',1,(#7306,#7307),.UNSPECIFIED.,.F.,
  .F.,(2,2),(-4.225576171755E-03,-0.),.PIECEWISE_BEZIER_KNOTS.);
#7306 = CARTESIAN_POINT('',(0.499735791391,0.371771567527,0.5635005879)
  );
#7307 = CARTESIAN_POINT('',(0.495510215219,0.371771567527,0.5635005879)
  );
#7308 = ORIENTED_EDGE('',*,*,#7309,.T.);
#7309 = EDGE_CURVE('',#7303,#7287,#7310,.T.);
#7310 = B_SPLINE_CURVE_WITH_KNOTS('',1,(#7311,#7312),.UNSPECIFIED.,.F.,
  .F.,(2,2),(-0.,1.E-03),.PIECEWISE_BEZIER_KNOTS.);
#7311 = CARTESIAN_POINT('',(0.499735791391,0.371771567527,0.5635005879)
  );
#7312 = CARTESIAN_POINT('',(0.499735791391,0.371771567527,0.5625005879)
  );
#7313 = B_SPLINE_SURFACE_WITH_KNOTS('',1,1,(
    (#7314,#7315)
    ,(#7316,#7317
    )),.UNSPECIFIED.,.F.,.F.,.F.,(2,2),(2,2),(0.,1.E-03),(0.,
    4.225576171755E-03),.PIECEWISE_BEZIER_KNOTS.);
#7314 = CARTESIAN_POINT('',(0.495510215219,0.371771567527,0.5635005879)
  );
#7315 = CARTESIAN_POINT('',(0.499735791391,0.371771567527,0.5635005879)
  );
#7316 = CARTESIAN_POINT('',(0.495510215219,0.371771567527,0.5625005879)
  );
#7317 = CARTESIAN_POINT('',(0.499735791391,0.371771567527,0.5625005879)
  );
#7318 = ADVANCED_FACE('',(#7319),#7341,.F.);
#7319 = FACE_BOUND('',#7320,.T.);
#7320 = EDGE_LOOP('',(#7321,#7328,#7335,#7340));
#7321 = ORIENTED_EDGE('',*,*,#7322,.T.);
#7322 = EDGE_CURVE('',#7289,#7323,#7325,.T.);
#7323 = VERTEX_POINT('',#7324);
#7324 = CARTESIAN_POINT('',(0.489163532898,0.35427036228,0.5625005879));
#7325 = B_SPLINE_CURVE_WITH_KNOTS('',1,(#7326,#7327),.UNSPECIFIED.,.F.,
  .F.,(2,2),(-1.861645942711E-02,5.218565082287E-17),
  .PIECEWISE_BEZIER_KNOTS.);
#7326 = CARTESIAN_POINT('',(0.495510215219,0.371771567527,0.5625005879)
  );
#7327 = CARTESIAN_POINT('',(0.489163532898,0.35427036228,0.5625005879));
#7328 = ORIENTED_EDGE('',*,*,#7329,.F.);
#7329 = EDGE_CURVE('',#7330,#7323,#7332,.T.);
#7330 = VERTEX_POINT('',#7331);
#7331 = CARTESIAN_POINT('',(0.489163532898,0.35427036228,0.5635005879));
#7332 = B_SPLINE_CURVE_WITH_KNOTS('',1,(#7333,#7334),.UNSPECIFIED.,.F.,
  .F.,(2,2),(-0.,1.E-03),.PIECEWISE_BEZIER_KNOTS.);
#7333 = CARTESIAN_POINT('',(0.489163532898,0.35427036228,0.5635005879));
#7334 = CARTESIAN_POINT('',(0.489163532898,0.35427036228,0.5625005879));
#7335 = ORIENTED_EDGE('',*,*,#7336,.F.);
#7336 = EDGE_CURVE('',#7296,#7330,#7337,.T.);
#7337 = B_SPLINE_CURVE_WITH_KNOTS('',1,(#7338,#7339),.UNSPECIFIED.,.F.,
  .F.,(2,2),(-1.861645942711E-02,5.218565082287E-17),
  .PIECEWISE_BEZIER_KNOTS.);
#7338 = CARTESIAN_POINT('',(0.495510215219,0.371771567527,0.5635005879)
  );
#7339 = CARTESIAN_POINT('',(0.489163532898,0.35427036228,0.5635005879));
#7340 = ORIENTED_EDGE('',*,*,#7295,.T.);
#7341 = B_SPLINE_SURFACE_WITH_KNOTS('',1,1,(
    (#7342,#7343)
    ,(#7344,#7345
    )),.UNSPECIFIED.,.F.,.F.,.F.,(2,2),(2,2),(-5.218565082287E-17,
    1.861645942711E-02),(-1.E-03,0.),.PIECEWISE_BEZIER_KNOTS.);
#7342 = CARTESIAN_POINT('',(0.489163532898,0.35427036228,0.5625005879));
#7343 = CARTESIAN_POINT('',(0.489163532898,0.35427036228,0.5635005879));
#7344 = CARTESIAN_POINT('',(0.495510215219,0.371771567527,0.5625005879)
  );
#7345 = CARTESIAN_POINT('',(0.495510215219,0.371771567527,0.5635005879)
  );
#7346 = ADVANCED_FACE('',(#7347),#7373,.F.);
#7347 = FACE_BOUND('',#7348,.F.);
#7348 = EDGE_LOOP('',(#7349,#7350,#7359,#7366));
#7349 = ORIENTED_EDGE('',*,*,#7329,.F.);
#7350 = ORIENTED_EDGE('',*,*,#7351,.T.);
#7351 = EDGE_CURVE('',#7330,#7352,#7354,.T.);
#7352 = VERTEX_POINT('',#7353);
#7353 = CARTESIAN_POINT('',(0.488664449098,0.352390479967,0.5635005879)
  );
#7354 = B_SPLINE_CURVE_WITH_KNOTS('',3,(#7355,#7356,#7357,#7358),
  .UNSPECIFIED.,.F.,.F.,(4,4),(12.,13.),.PIECEWISE_BEZIER_KNOTS.);
#7355 = CARTESIAN_POINT('',(0.489163532898,0.35427036228,0.5635005879));
#7356 = CARTESIAN_POINT('',(0.488913990998,0.353455192074,0.5635005879)
  );
#7357 = CARTESIAN_POINT('',(0.488747629731,0.352823019261,0.5635005879)
  );
#7358 = CARTESIAN_POINT('',(0.488664449098,0.352390479967,0.5635005879)
  );
#7359 = ORIENTED_EDGE('',*,*,#7360,.T.);
#7360 = EDGE_CURVE('',#7352,#7361,#7363,.T.);
#7361 = VERTEX_POINT('',#7362);
#7362 = CARTESIAN_POINT('',(0.488664449098,0.352390479967,0.5625005879)
  );
#7363 = B_SPLINE_CURVE_WITH_KNOTS('',1,(#7364,#7365),.UNSPECIFIED.,.F.,
  .F.,(2,2),(-0.,1.E-03),.PIECEWISE_BEZIER_KNOTS.);
#7364 = CARTESIAN_POINT('',(0.488664449098,0.352390479967,0.5635005879)
  );
#7365 = CARTESIAN_POINT('',(0.488664449098,0.352390479967,0.5625005879)
  );
#7366 = ORIENTED_EDGE('',*,*,#7367,.F.);
#7367 = EDGE_CURVE('',#7323,#7361,#7368,.T.);
#7368 = B_SPLINE_CURVE_WITH_KNOTS('',3,(#7369,#7370,#7371,#7372),
  .UNSPECIFIED.,.F.,.F.,(4,4),(12.,13.),.PIECEWISE_BEZIER_KNOTS.);
#7369 = CARTESIAN_POINT('',(0.489163532898,0.35427036228,0.5625005879));
#7370 = CARTESIAN_POINT('',(0.488913990998,0.353455192074,0.5625005879)
  );
#7371 = CARTESIAN_POINT('',(0.488747629731,0.352823019261,0.5625005879)
  );
#7372 = CARTESIAN_POINT('',(0.488664449098,0.352390479967,0.5625005879)
  );
#7373 = B_SPLINE_SURFACE_WITH_KNOTS('',3,1,(
    (#7374,#7375)
    ,(#7376,#7377)
    ,(#7378,#7379)
    ,(#7380,#7381
    )),.UNSPECIFIED.,.F.,.F.,.F.,(4,4),(2,2),(12.,13.),(0.,1.),
  .PIECEWISE_BEZIER_KNOTS.);
#7374 = CARTESIAN_POINT('',(0.489163532898,0.35427036228,0.5635005879));
#7375 = CARTESIAN_POINT('',(0.489163532898,0.35427036228,0.5625005879));
#7376 = CARTESIAN_POINT('',(0.488913990998,0.353455192074,0.5635005879)
  );
#7377 = CARTESIAN_POINT('',(0.488913990998,0.353455192074,0.5625005879)
  );
#7378 = CARTESIAN_POINT('',(0.488747629731,0.352823019261,0.5635005879)
  );
#7379 = CARTESIAN_POINT('',(0.488747629731,0.352823019261,0.5625005879)
  );
#7380 = CARTESIAN_POINT('',(0.488664449098,0.352390479967,0.5635005879)
  );
#7381 = CARTESIAN_POINT('',(0.488664449098,0.352390479967,0.5625005879)
  );
#7382 = ADVANCED_FACE('',(#7383),#7405,.F.);
#7383 = FACE_BOUND('',#7384,.T.);
#7384 = EDGE_LOOP('',(#7385,#7392,#7399,#7404));
#7385 = ORIENTED_EDGE('',*,*,#7386,.T.);
#7386 = EDGE_CURVE('',#7361,#7387,#7389,.T.);
#7387 = VERTEX_POINT('',#7388);
#7388 = CARTESIAN_POINT('',(0.488556314275,0.352390479967,0.5625005879)
  );
#7389 = B_SPLINE_CURVE_WITH_KNOTS('',1,(#7390,#7391),.UNSPECIFIED.,.F.,
  .F.,(2,2),(-1.081348231736E-04,-0.),.PIECEWISE_BEZIER_KNOTS.);
#7390 = CARTESIAN_POINT('',(0.488664449098,0.352390479967,0.5625005879)
  );
#7391 = CARTESIAN_POINT('',(0.488556314275,0.352390479967,0.5625005879)
  );
#7392 = ORIENTED_EDGE('',*,*,#7393,.F.);
#7393 = EDGE_CURVE('',#7394,#7387,#7396,.T.);
#7394 = VERTEX_POINT('',#7395);
#7395 = CARTESIAN_POINT('',(0.488556314275,0.352390479967,0.5635005879)
  );
#7396 = B_SPLINE_CURVE_WITH_KNOTS('',1,(#7397,#7398),.UNSPECIFIED.,.F.,
  .F.,(2,2),(-0.,1.E-03),.PIECEWISE_BEZIER_KNOTS.);
#7397 = CARTESIAN_POINT('',(0.488556314275,0.352390479967,0.5635005879)
  );
#7398 = CARTESIAN_POINT('',(0.488556314275,0.352390479967,0.5625005879)
  );
#7399 = ORIENTED_EDGE('',*,*,#7400,.F.);
#7400 = EDGE_CURVE('',#7352,#7394,#7401,.T.);
#7401 = B_SPLINE_CURVE_WITH_KNOTS('',1,(#7402,#7403),.UNSPECIFIED.,.F.,
  .F.,(2,2),(-1.081348231736E-04,-0.),.PIECEWISE_BEZIER_KNOTS.);
#7402 = CARTESIAN_POINT('',(0.488664449098,0.352390479967,0.5635005879)
  );
#7403 = CARTESIAN_POINT('',(0.488556314275,0.352390479967,0.5635005879)
  );
#7404 = ORIENTED_EDGE('',*,*,#7360,.T.);
#7405 = B_SPLINE_SURFACE_WITH_KNOTS('',1,1,(
    (#7406,#7407)
    ,(#7408,#7409
    )),.UNSPECIFIED.,.F.,.F.,.F.,(2,2),(2,2),(0.,1.E-03),(0.,
    1.081348231736E-04),.PIECEWISE_BEZIER_KNOTS.);
#7406 = CARTESIAN_POINT('',(0.488556314275,0.352390479967,0.5635005879)
  );
#7407 = CARTESIAN_POINT('',(0.488664449098,0.352390479967,0.5635005879)
  );
#7408 = CARTESIAN_POINT('',(0.488556314275,0.352390479967,0.5625005879)
  );
#7409 = CARTESIAN_POINT('',(0.488664449098,0.352390479967,0.5625005879)
  );
#7410 = ADVANCED_FACE('',(#7411),#7433,.F.);
#7411 = FACE_BOUND('',#7412,.T.);
#7412 = EDGE_LOOP('',(#7413,#7420,#7427,#7432));
#7413 = ORIENTED_EDGE('',*,*,#7414,.T.);
#7414 = EDGE_CURVE('',#7387,#7415,#7417,.T.);
#7415 = VERTEX_POINT('',#7416);
#7416 = CARTESIAN_POINT('',(0.488057230475,0.354303634533,0.5625005879)
  );
#7417 = B_SPLINE_CURVE_WITH_KNOTS('',1,(#7418,#7419),.UNSPECIFIED.,.F.,
  .F.,(2,2),(-1.977181082499E-03,0.),.PIECEWISE_BEZIER_KNOTS.);
#7418 = CARTESIAN_POINT('',(0.488556314275,0.352390479967,0.5625005879)
  );
#7419 = CARTESIAN_POINT('',(0.488057230475,0.354303634533,0.5625005879)
  );
#7420 = ORIENTED_EDGE('',*,*,#7421,.F.);
#7421 = EDGE_CURVE('',#7422,#7415,#7424,.T.);
#7422 = VERTEX_POINT('',#7423);
#7423 = CARTESIAN_POINT('',(0.488057230475,0.354303634533,0.5635005879)
  );
#7424 = B_SPLINE_CURVE_WITH_KNOTS('',1,(#7425,#7426),.UNSPECIFIED.,.F.,
  .F.,(2,2),(-0.,1.E-03),.PIECEWISE_BEZIER_KNOTS.);
#7425 = CARTESIAN_POINT('',(0.488057230475,0.354303634533,0.5635005879)
  );
#7426 = CARTESIAN_POINT('',(0.488057230475,0.354303634533,0.5625005879)
  );
#7427 = ORIENTED_EDGE('',*,*,#7428,.F.);
#7428 = EDGE_CURVE('',#7394,#7422,#7429,.T.);
#7429 = B_SPLINE_CURVE_WITH_KNOTS('',1,(#7430,#7431),.UNSPECIFIED.,.F.,
  .F.,(2,2),(-1.977181082499E-03,0.),.PIECEWISE_BEZIER_KNOTS.);
#7430 = CARTESIAN_POINT('',(0.488556314275,0.352390479967,0.5635005879)
  );
#7431 = CARTESIAN_POINT('',(0.488057230475,0.354303634533,0.5635005879)
  );
#7432 = ORIENTED_EDGE('',*,*,#7393,.T.);
#7433 = B_SPLINE_SURFACE_WITH_KNOTS('',1,1,(
    (#7434,#7435)
    ,(#7436,#7437
    )),.UNSPECIFIED.,.F.,.F.,.F.,(2,2),(2,2),(0.,1.977181082499E-03),(
    -1.E-03,0.),.PIECEWISE_BEZIER_KNOTS.);
#7434 = CARTESIAN_POINT('',(0.488057230475,0.354303634533,0.5625005879)
  );
#7435 = CARTESIAN_POINT('',(0.488057230475,0.354303634533,0.5635005879)
  );
#7436 = CARTESIAN_POINT('',(0.488556314275,0.352390479967,0.5625005879)
  );
#7437 = CARTESIAN_POINT('',(0.488556314275,0.352390479967,0.5635005879)
  );
#7438 = ADVANCED_FACE('',(#7439),#7461,.F.);
#7439 = FACE_BOUND('',#7440,.T.);
#7440 = EDGE_LOOP('',(#7441,#7448,#7455,#7460));
#7441 = ORIENTED_EDGE('',*,*,#7442,.T.);
#7442 = EDGE_CURVE('',#7415,#7443,#7445,.T.);
#7443 = VERTEX_POINT('',#7444);
#7444 = CARTESIAN_POINT('',(0.481985044243,0.371771567527,0.5625005879)
  );
#7445 = B_SPLINE_CURVE_WITH_KNOTS('',1,(#7446,#7447),.UNSPECIFIED.,.F.,
  .F.,(2,2),(-1.849324548899E-02,0.),.PIECEWISE_BEZIER_KNOTS.);
#7446 = CARTESIAN_POINT('',(0.488057230475,0.354303634533,0.5625005879)
  );
#7447 = CARTESIAN_POINT('',(0.481985044243,0.371771567527,0.5625005879)
  );
#7448 = ORIENTED_EDGE('',*,*,#7449,.F.);
#7449 = EDGE_CURVE('',#7450,#7443,#7452,.T.);
#7450 = VERTEX_POINT('',#7451);
#7451 = CARTESIAN_POINT('',(0.481985044243,0.371771567527,0.5635005879)
  );
#7452 = B_SPLINE_CURVE_WITH_KNOTS('',1,(#7453,#7454),.UNSPECIFIED.,.F.,
  .F.,(2,2),(-0.,1.E-03),.PIECEWISE_BEZIER_KNOTS.);
#7453 = CARTESIAN_POINT('',(0.481985044243,0.371771567527,0.5635005879)
  );
#7454 = CARTESIAN_POINT('',(0.481985044243,0.371771567527,0.5625005879)
  );
#7455 = ORIENTED_EDGE('',*,*,#7456,.F.);
#7456 = EDGE_CURVE('',#7422,#7450,#7457,.T.);
#7457 = B_SPLINE_CURVE_WITH_KNOTS('',1,(#7458,#7459),.UNSPECIFIED.,.F.,
  .F.,(2,2),(-1.849324548899E-02,0.),.PIECEWISE_BEZIER_KNOTS.);
#7458 = CARTESIAN_POINT('',(0.488057230475,0.354303634533,0.5635005879)
  );
#7459 = CARTESIAN_POINT('',(0.481985044243,0.371771567527,0.5635005879)
  );
#7460 = ORIENTED_EDGE('',*,*,#7421,.T.);
#7461 = B_SPLINE_SURFACE_WITH_KNOTS('',1,1,(
    (#7462,#7463)
    ,(#7464,#7465
    )),.UNSPECIFIED.,.F.,.F.,.F.,(2,2),(2,2),(0.,1.849324548899E-02),(
    -1.E-03,0.),.PIECEWISE_BEZIER_KNOTS.);
#7462 = CARTESIAN_POINT('',(0.481985044243,0.371771567527,0.5625005879)
  );
#7463 = CARTESIAN_POINT('',(0.481985044243,0.371771567527,0.5635005879)
  );
#7464 = CARTESIAN_POINT('',(0.488057230475,0.354303634533,0.5625005879)
  );
#7465 = CARTESIAN_POINT('',(0.488057230475,0.354303634533,0.5635005879)
  );
#7466 = ADVANCED_FACE('',(#7467),#7489,.F.);
#7467 = FACE_BOUND('',#7468,.T.);
#7468 = EDGE_LOOP('',(#7469,#7476,#7483,#7488));
#7469 = ORIENTED_EDGE('',*,*,#7470,.T.);
#7470 = EDGE_CURVE('',#7443,#7471,#7473,.T.);
#7471 = VERTEX_POINT('',#7472);
#7472 = CARTESIAN_POINT('',(0.477426745538,0.371771567527,0.5625005879)
  );
#7473 = B_SPLINE_CURVE_WITH_KNOTS('',1,(#7474,#7475),.UNSPECIFIED.,.F.,
  .F.,(2,2),(-4.558298705152E-03,-0.),.PIECEWISE_BEZIER_KNOTS.);
#7474 = CARTESIAN_POINT('',(0.481985044243,0.371771567527,0.5625005879)
  );
#7475 = CARTESIAN_POINT('',(0.477426745538,0.371771567527,0.5625005879)
  );
#7476 = ORIENTED_EDGE('',*,*,#7477,.F.);
#7477 = EDGE_CURVE('',#7478,#7471,#7480,.T.);
#7478 = VERTEX_POINT('',#7479);
#7479 = CARTESIAN_POINT('',(0.477426745538,0.371771567527,0.5635005879)
  );
#7480 = B_SPLINE_CURVE_WITH_KNOTS('',1,(#7481,#7482),.UNSPECIFIED.,.F.,
  .F.,(2,2),(-0.,1.E-03),.PIECEWISE_BEZIER_KNOTS.);
#7481 = CARTESIAN_POINT('',(0.477426745538,0.371771567527,0.5635005879)
  );
#7482 = CARTESIAN_POINT('',(0.477426745538,0.371771567527,0.5625005879)
  );
#7483 = ORIENTED_EDGE('',*,*,#7484,.F.);
#7484 = EDGE_CURVE('',#7450,#7478,#7485,.T.);
#7485 = B_SPLINE_CURVE_WITH_KNOTS('',1,(#7486,#7487),.UNSPECIFIED.,.F.,
  .F.,(2,2),(-4.558298705152E-03,-0.),.PIECEWISE_BEZIER_KNOTS.);
#7486 = CARTESIAN_POINT('',(0.481985044243,0.371771567527,0.5635005879)
  );
#7487 = CARTESIAN_POINT('',(0.477426745538,0.371771567527,0.5635005879)
  );
#7488 = ORIENTED_EDGE('',*,*,#7449,.T.);
#7489 = B_SPLINE_SURFACE_WITH_KNOTS('',1,1,(
    (#7490,#7491)
    ,(#7492,#7493
    )),.UNSPECIFIED.,.F.,.F.,.F.,(2,2),(2,2),(0.,1.E-03),(0.,
    4.558298705152E-03),.PIECEWISE_BEZIER_KNOTS.);
#7490 = CARTESIAN_POINT('',(0.477426745538,0.371771567527,0.5635005879)
  );
#7491 = CARTESIAN_POINT('',(0.481985044243,0.371771567527,0.5635005879)
  );
#7492 = CARTESIAN_POINT('',(0.477426745538,0.371771567527,0.5625005879)
  );
#7493 = CARTESIAN_POINT('',(0.481985044243,0.371771567527,0.5625005879)
  );
#7494 = ADVANCED_FACE('',(#7495),#7517,.F.);
#7495 = FACE_BOUND('',#7496,.T.);
#7496 = EDGE_LOOP('',(#7497,#7504,#7511,#7516));
#7497 = ORIENTED_EDGE('',*,*,#7498,.T.);
#7498 = EDGE_CURVE('',#7471,#7499,#7501,.T.);
#7499 = VERTEX_POINT('',#7500);
#7500 = CARTESIAN_POINT('',(0.486543342949,0.348580806962,0.5625005879)
  );
#7501 = B_SPLINE_CURVE_WITH_KNOTS('',1,(#7502,#7503),.UNSPECIFIED.,.F.,
  .F.,(2,2),(-2.491834111549E-02,0.),.PIECEWISE_BEZIER_KNOTS.);
#7502 = CARTESIAN_POINT('',(0.477426745538,0.371771567527,0.5625005879)
  );
#7503 = CARTESIAN_POINT('',(0.486543342949,0.348580806962,0.5625005879)
  );
#7504 = ORIENTED_EDGE('',*,*,#7505,.F.);
#7505 = EDGE_CURVE('',#7506,#7499,#7508,.T.);
#7506 = VERTEX_POINT('',#7507);
#7507 = CARTESIAN_POINT('',(0.486543342949,0.348580806962,0.5635005879)
  );
#7508 = B_SPLINE_CURVE_WITH_KNOTS('',1,(#7509,#7510),.UNSPECIFIED.,.F.,
  .F.,(2,2),(-0.,1.E-03),.PIECEWISE_BEZIER_KNOTS.);
#7509 = CARTESIAN_POINT('',(0.486543342949,0.348580806962,0.5635005879)
  );
#7510 = CARTESIAN_POINT('',(0.486543342949,0.348580806962,0.5625005879)
  );
#7511 = ORIENTED_EDGE('',*,*,#7512,.F.);
#7512 = EDGE_CURVE('',#7478,#7506,#7513,.T.);
#7513 = B_SPLINE_CURVE_WITH_KNOTS('',1,(#7514,#7515),.UNSPECIFIED.,.F.,
  .F.,(2,2),(-2.491834111549E-02,0.),.PIECEWISE_BEZIER_KNOTS.);
#7514 = CARTESIAN_POINT('',(0.477426745538,0.371771567527,0.5635005879)
  );
#7515 = CARTESIAN_POINT('',(0.486543342949,0.348580806962,0.5635005879)
  );
#7516 = ORIENTED_EDGE('',*,*,#7477,.T.);
#7517 = B_SPLINE_SURFACE_WITH_KNOTS('',1,1,(
    (#7518,#7519)
    ,(#7520,#7521
    )),.UNSPECIFIED.,.F.,.F.,.F.,(2,2),(2,2),(0.,2.491834111549E-02),(
    -1.E-03,0.),.PIECEWISE_BEZIER_KNOTS.);
#7518 = CARTESIAN_POINT('',(0.486543342949,0.348580806962,0.5625005879)
  );
#7519 = CARTESIAN_POINT('',(0.486543342949,0.348580806962,0.5635005879)
  );
#7520 = CARTESIAN_POINT('',(0.477426745538,0.371771567527,0.5625005879)
  );
#7521 = CARTESIAN_POINT('',(0.477426745538,0.371771567527,0.5635005879)
  );
#7522 = ADVANCED_FACE('',(#7523),#7545,.F.);
#7523 = FACE_BOUND('',#7524,.T.);
#7524 = EDGE_LOOP('',(#7525,#7532,#7539,#7544));
#7525 = ORIENTED_EDGE('',*,*,#7526,.T.);
#7526 = EDGE_CURVE('',#7499,#7527,#7529,.T.);
#7527 = VERTEX_POINT('',#7528);
#7528 = CARTESIAN_POINT('',(0.484754959332,0.34435523079,0.5625005879));
#7529 = B_SPLINE_CURVE_WITH_KNOTS('',1,(#7530,#7531),.UNSPECIFIED.,.F.,
  .F.,(2,2),(-4.58844308493E-03,2.948524413248E-17),
  .PIECEWISE_BEZIER_KNOTS.);
#7530 = CARTESIAN_POINT('',(0.486543342949,0.348580806962,0.5625005879)
  );
#7531 = CARTESIAN_POINT('',(0.484754959332,0.34435523079,0.5625005879));
#7532 = ORIENTED_EDGE('',*,*,#7533,.F.);
#7533 = EDGE_CURVE('',#7534,#7527,#7536,.T.);
#7534 = VERTEX_POINT('',#7535);
#7535 = CARTESIAN_POINT('',(0.484754959332,0.34435523079,0.5635005879));
#7536 = B_SPLINE_CURVE_WITH_KNOTS('',1,(#7537,#7538),.UNSPECIFIED.,.F.,
  .F.,(2,2),(-0.,1.E-03),.PIECEWISE_BEZIER_KNOTS.);
#7537 = CARTESIAN_POINT('',(0.484754959332,0.34435523079,0.5635005879));
#7538 = CARTESIAN_POINT('',(0.484754959332,0.34435523079,0.5625005879));
#7539 = ORIENTED_EDGE('',*,*,#7540,.F.);
#7540 = EDGE_CURVE('',#7506,#7534,#7541,.T.);
#7541 = B_SPLINE_CURVE_WITH_KNOTS('',1,(#7542,#7543),.UNSPECIFIED.,.F.,
  .F.,(2,2),(-4.58844308493E-03,2.948524413248E-17),
  .PIECEWISE_BEZIER_KNOTS.);
#7542 = CARTESIAN_POINT('',(0.486543342949,0.348580806962,0.5635005879)
  );
#7543 = CARTESIAN_POINT('',(0.484754959332,0.34435523079,0.5635005879));
#7544 = ORIENTED_EDGE('',*,*,#7505,.T.);
#7545 = B_SPLINE_SURFACE_WITH_KNOTS('',1,1,(
    (#7546,#7547)
    ,(#7548,#7549
    )),.UNSPECIFIED.,.F.,.F.,.F.,(2,2),(2,2),(-2.948524413248E-17,
    4.58844308493E-03),(-1.E-03,0.),.PIECEWISE_BEZIER_KNOTS.);
#7546 = CARTESIAN_POINT('',(0.484754959332,0.34435523079,0.5625005879));
#7547 = CARTESIAN_POINT('',(0.484754959332,0.34435523079,0.5635005879));
#7548 = CARTESIAN_POINT('',(0.486543342949,0.348580806962,0.5625005879)
  );
#7549 = CARTESIAN_POINT('',(0.486543342949,0.348580806962,0.5635005879)
  );
#7550 = ADVANCED_FACE('',(#7551),#7577,.F.);
#7551 = FACE_BOUND('',#7552,.F.);
#7552 = EDGE_LOOP('',(#7553,#7554,#7563,#7570));
#7553 = ORIENTED_EDGE('',*,*,#7533,.F.);
#7554 = ORIENTED_EDGE('',*,*,#7555,.T.);
#7555 = EDGE_CURVE('',#7534,#7556,#7558,.T.);
#7556 = VERTEX_POINT('',#7557);
#7557 = CARTESIAN_POINT('',(0.480579291541,0.341077913838,0.5635005879)
  );
#7558 = B_SPLINE_CURVE_WITH_KNOTS('',3,(#7559,#7560,#7561,#7562),
  .UNSPECIFIED.,.F.,.F.,(4,4),(5.,6.),.PIECEWISE_BEZIER_KNOTS.);
#7559 = CARTESIAN_POINT('',(0.484754959332,0.34435523079,0.5635005879));
#7560 = CARTESIAN_POINT('',(0.483831654303,0.342159262071,0.5635005879)
  );
#7561 = CARTESIAN_POINT('',(0.482442537727,0.341077913838,0.5635005879)
  );
#7562 = CARTESIAN_POINT('',(0.480579291541,0.341077913838,0.5635005879)
  );
#7563 = ORIENTED_EDGE('',*,*,#7564,.T.);
#7564 = EDGE_CURVE('',#7556,#7565,#7567,.T.);
#7565 = VERTEX_POINT('',#7566);
#7566 = CARTESIAN_POINT('',(0.480579291541,0.341077913838,0.5625005879)
  );
#7567 = B_SPLINE_CURVE_WITH_KNOTS('',1,(#7568,#7569),.UNSPECIFIED.,.F.,
  .F.,(2,2),(-0.,1.E-03),.PIECEWISE_BEZIER_KNOTS.);
#7568 = CARTESIAN_POINT('',(0.480579291541,0.341077913838,0.5635005879)
  );
#7569 = CARTESIAN_POINT('',(0.480579291541,0.341077913838,0.5625005879)
  );
#7570 = ORIENTED_EDGE('',*,*,#7571,.F.);
#7571 = EDGE_CURVE('',#7527,#7565,#7572,.T.);
#7572 = B_SPLINE_CURVE_WITH_KNOTS('',3,(#7573,#7574,#7575,#7576),
  .UNSPECIFIED.,.F.,.F.,(4,4),(5.,6.),.PIECEWISE_BEZIER_KNOTS.);
#7573 = CARTESIAN_POINT('',(0.484754959332,0.34435523079,0.5625005879));
#7574 = CARTESIAN_POINT('',(0.483831654303,0.342159262071,0.5625005879)
  );
#7575 = CARTESIAN_POINT('',(0.482442537727,0.341077913838,0.5625005879)
  );
#7576 = CARTESIAN_POINT('',(0.480579291541,0.341077913838,0.5625005879)
  );
#7577 = B_SPLINE_SURFACE_WITH_KNOTS('',3,1,(
    (#7578,#7579)
    ,(#7580,#7581)
    ,(#7582,#7583)
    ,(#7584,#7585
    )),.UNSPECIFIED.,.F.,.F.,.F.,(4,4),(2,2),(5.,6.),(0.,1.),
  .PIECEWISE_BEZIER_KNOTS.);
#7578 = CARTESIAN_POINT('',(0.484754959332,0.34435523079,0.5635005879));
#7579 = CARTESIAN_POINT('',(0.484754959332,0.34435523079,0.5625005879));
#7580 = CARTESIAN_POINT('',(0.483831654303,0.342159262071,0.5635005879)
  );
#7581 = CARTESIAN_POINT('',(0.483831654303,0.342159262071,0.5625005879)
  );
#7582 = CARTESIAN_POINT('',(0.482442537727,0.341077913838,0.5635005879)
  );
#7583 = CARTESIAN_POINT('',(0.482442537727,0.341077913838,0.5625005879)
  );
#7584 = CARTESIAN_POINT('',(0.480579291541,0.341077913838,0.5635005879)
  );
#7585 = CARTESIAN_POINT('',(0.480579291541,0.341077913838,0.5625005879)
  );
#7586 = ADVANCED_FACE('',(#7587),#7613,.F.);
#7587 = FACE_BOUND('',#7588,.F.);
#7588 = EDGE_LOOP('',(#7589,#7590,#7599,#7606));
#7589 = ORIENTED_EDGE('',*,*,#7564,.F.);
#7590 = ORIENTED_EDGE('',*,*,#7591,.T.);
#7591 = EDGE_CURVE('',#7556,#7592,#7594,.T.);
#7592 = VERTEX_POINT('',#7593);
#7593 = CARTESIAN_POINT('',(0.478266869935,0.341543725384,0.5635005879)
  );
#7594 = B_SPLINE_CURVE_WITH_KNOTS('',3,(#7595,#7596,#7597,#7598),
  .UNSPECIFIED.,.F.,.F.,(4,4),(4.,5.),.PIECEWISE_BEZIER_KNOTS.);
#7595 = CARTESIAN_POINT('',(0.480579291541,0.341077913838,0.5635005879)
  );
#7596 = CARTESIAN_POINT('',(0.479830665841,0.341077913838,0.5635005879)
  );
#7597 = CARTESIAN_POINT('',(0.479065404014,0.341227638978,0.5635005879)
  );
#7598 = CARTESIAN_POINT('',(0.478266869935,0.341543725384,0.5635005879)
  );
#7599 = ORIENTED_EDGE('',*,*,#7600,.T.);
#7600 = EDGE_CURVE('',#7592,#7601,#7603,.T.);
#7601 = VERTEX_POINT('',#7602);
#7602 = CARTESIAN_POINT('',(0.478266869935,0.341543725384,0.5625005879)
  );
#7603 = B_SPLINE_CURVE_WITH_KNOTS('',1,(#7604,#7605),.UNSPECIFIED.,.F.,
  .F.,(2,2),(-0.,1.E-03),.PIECEWISE_BEZIER_KNOTS.);
#7604 = CARTESIAN_POINT('',(0.478266869935,0.341543725384,0.5635005879)
  );
#7605 = CARTESIAN_POINT('',(0.478266869935,0.341543725384,0.5625005879)
  );
#7606 = ORIENTED_EDGE('',*,*,#7607,.F.);
#7607 = EDGE_CURVE('',#7565,#7601,#7608,.T.);
#7608 = B_SPLINE_CURVE_WITH_KNOTS('',3,(#7609,#7610,#7611,#7612),
  .UNSPECIFIED.,.F.,.F.,(4,4),(4.,5.),.PIECEWISE_BEZIER_KNOTS.);
#7609 = CARTESIAN_POINT('',(0.480579291541,0.341077913838,0.5625005879)
  );
#7610 = CARTESIAN_POINT('',(0.479830665841,0.341077913838,0.5625005879)
  );
#7611 = CARTESIAN_POINT('',(0.479065404014,0.341227638978,0.5625005879)
  );
#7612 = CARTESIAN_POINT('',(0.478266869935,0.341543725384,0.5625005879)
  );
#7613 = B_SPLINE_SURFACE_WITH_KNOTS('',3,1,(
    (#7614,#7615)
    ,(#7616,#7617)
    ,(#7618,#7619)
    ,(#7620,#7621
    )),.UNSPECIFIED.,.F.,.F.,.F.,(4,4),(2,2),(4.,5.),(0.,1.),
  .PIECEWISE_BEZIER_KNOTS.);
#7614 = CARTESIAN_POINT('',(0.480579291541,0.341077913838,0.5635005879)
  );
#7615 = CARTESIAN_POINT('',(0.480579291541,0.341077913838,0.5625005879)
  );
#7616 = CARTESIAN_POINT('',(0.479830665841,0.341077913838,0.5635005879)
  );
#7617 = CARTESIAN_POINT('',(0.479830665841,0.341077913838,0.5625005879)
  );
#7618 = CARTESIAN_POINT('',(0.479065404014,0.341227638978,0.5635005879)
  );
#7619 = CARTESIAN_POINT('',(0.479065404014,0.341227638978,0.5625005879)
  );
#7620 = CARTESIAN_POINT('',(0.478266869935,0.341543725384,0.5635005879)
  );
#7621 = CARTESIAN_POINT('',(0.478266869935,0.341543725384,0.5625005879)
  );
#7622 = ADVANCED_FACE('',(#7623),#7645,.F.);
#7623 = FACE_BOUND('',#7624,.T.);
#7624 = EDGE_LOOP('',(#7625,#7632,#7639,#7644));
#7625 = ORIENTED_EDGE('',*,*,#7626,.T.);
#7626 = EDGE_CURVE('',#7601,#7627,#7629,.T.);
#7627 = VERTEX_POINT('',#7628);
#7628 = CARTESIAN_POINT('',(0.478266869935,0.337917049772,0.5625005879)
  );
#7629 = B_SPLINE_CURVE_WITH_KNOTS('',1,(#7630,#7631),.UNSPECIFIED.,.F.,
  .F.,(2,2),(-3.626675612195E-03,5.551115123126E-17),
  .PIECEWISE_BEZIER_KNOTS.);
#7630 = CARTESIAN_POINT('',(0.478266869935,0.341543725384,0.5625005879)
  );
#7631 = CARTESIAN_POINT('',(0.478266869935,0.337917049772,0.5625005879)
  );
#7632 = ORIENTED_EDGE('',*,*,#7633,.F.);
#7633 = EDGE_CURVE('',#7634,#7627,#7636,.T.);
#7634 = VERTEX_POINT('',#7635);
#7635 = CARTESIAN_POINT('',(0.478266869935,0.337917049772,0.5635005879)
  );
#7636 = B_SPLINE_CURVE_WITH_KNOTS('',1,(#7637,#7638),.UNSPECIFIED.,.F.,
  .F.,(2,2),(-0.,1.E-03),.PIECEWISE_BEZIER_KNOTS.);
#7637 = CARTESIAN_POINT('',(0.478266869935,0.337917049772,0.5635005879)
  );
#7638 = CARTESIAN_POINT('',(0.478266869935,0.337917049772,0.5625005879)
  );
#7639 = ORIENTED_EDGE('',*,*,#7640,.F.);
#7640 = EDGE_CURVE('',#7592,#7634,#7641,.T.);
#7641 = B_SPLINE_CURVE_WITH_KNOTS('',1,(#7642,#7643),.UNSPECIFIED.,.F.,
  .F.,(2,2),(-3.626675612195E-03,5.551115123126E-17),
  .PIECEWISE_BEZIER_KNOTS.);
#7642 = CARTESIAN_POINT('',(0.478266869935,0.341543725384,0.5635005879)
  );
#7643 = CARTESIAN_POINT('',(0.478266869935,0.337917049772,0.5635005879)
  );
#7644 = ORIENTED_EDGE('',*,*,#7600,.T.);
#7645 = B_SPLINE_SURFACE_WITH_KNOTS('',1,1,(
    (#7646,#7647)
    ,(#7648,#7649)),.UNSPECIFIED.,.F.,.F.,.F.,(2,2),(2,2),(0.,1.E-03),(
    -5.551115123126E-17,3.626675612195E-03),.PIECEWISE_BEZIER_KNOTS.);
#7646 = CARTESIAN_POINT('',(0.478266869935,0.337917049772,0.5635005879)
  );
#7647 = CARTESIAN_POINT('',(0.478266869935,0.341543725384,0.5635005879)
  );
#7648 = CARTESIAN_POINT('',(0.478266869935,0.337917049772,0.5625005879)
  );
#7649 = CARTESIAN_POINT('',(0.478266869935,0.341543725384,0.5625005879)
  );
#7650 = ADVANCED_FACE('',(#7651),#7677,.F.);
#7651 = FACE_BOUND('',#7652,.F.);
#7652 = EDGE_LOOP('',(#7653,#7654,#7663,#7670));
#7653 = ORIENTED_EDGE('',*,*,#7633,.F.);
#7654 = ORIENTED_EDGE('',*,*,#7655,.T.);
#7655 = EDGE_CURVE('',#7634,#7656,#7658,.T.);
#7656 = VERTEX_POINT('',#7657);
#7657 = CARTESIAN_POINT('',(0.480895377947,0.337584327239,0.5635005879)
  );
#7658 = B_SPLINE_CURVE_WITH_KNOTS('',3,(#7659,#7660,#7661,#7662),
  .UNSPECIFIED.,.F.,.F.,(4,4),(2.,3.),.PIECEWISE_BEZIER_KNOTS.);
#7659 = CARTESIAN_POINT('',(0.478266869935,0.337917049772,0.5635005879)
  );
#7660 = CARTESIAN_POINT('',(0.478990541444,0.337700780126,0.5635005879)
  );
#7661 = CARTESIAN_POINT('',(0.479872256157,0.337584327239,0.5635005879)
  );
#7662 = CARTESIAN_POINT('',(0.480895377947,0.337584327239,0.5635005879)
  );
#7663 = ORIENTED_EDGE('',*,*,#7664,.T.);
#7664 = EDGE_CURVE('',#7656,#7665,#7667,.T.);
#7665 = VERTEX_POINT('',#7666);
#7666 = CARTESIAN_POINT('',(0.480895377947,0.337584327239,0.5625005879)
  );
#7667 = B_SPLINE_CURVE_WITH_KNOTS('',1,(#7668,#7669),.UNSPECIFIED.,.F.,
  .F.,(2,2),(-0.,1.E-03),.PIECEWISE_BEZIER_KNOTS.);
#7668 = CARTESIAN_POINT('',(0.480895377947,0.337584327239,0.5635005879)
  );
#7669 = CARTESIAN_POINT('',(0.480895377947,0.337584327239,0.5625005879)
  );
#7670 = ORIENTED_EDGE('',*,*,#7671,.F.);
#7671 = EDGE_CURVE('',#7627,#7665,#7672,.T.);
#7672 = B_SPLINE_CURVE_WITH_KNOTS('',3,(#7673,#7674,#7675,#7676),
  .UNSPECIFIED.,.F.,.F.,(4,4),(2.,3.),.PIECEWISE_BEZIER_KNOTS.);
#7673 = CARTESIAN_POINT('',(0.478266869935,0.337917049772,0.5625005879)
  );
#7674 = CARTESIAN_POINT('',(0.478990541444,0.337700780126,0.5625005879)
  );
#7675 = CARTESIAN_POINT('',(0.479872256157,0.337584327239,0.5625005879)
  );
#7676 = CARTESIAN_POINT('',(0.480895377947,0.337584327239,0.5625005879)
  );
#7677 = B_SPLINE_SURFACE_WITH_KNOTS('',3,1,(
    (#7678,#7679)
    ,(#7680,#7681)
    ,(#7682,#7683)
    ,(#7684,#7685
    )),.UNSPECIFIED.,.F.,.F.,.F.,(4,4),(2,2),(2.,3.),(0.,1.),
  .PIECEWISE_BEZIER_KNOTS.);
#7678 = CARTESIAN_POINT('',(0.478266869935,0.337917049772,0.5635005879)
  );
#7679 = CARTESIAN_POINT('',(0.478266869935,0.337917049772,0.5625005879)
  );
#7680 = CARTESIAN_POINT('',(0.478990541444,0.337700780126,0.5635005879)
  );
#7681 = CARTESIAN_POINT('',(0.478990541444,0.337700780126,0.5625005879)
  );
#7682 = CARTESIAN_POINT('',(0.479872256157,0.337584327239,0.5635005879)
  );
#7683 = CARTESIAN_POINT('',(0.479872256157,0.337584327239,0.5625005879)
  );
#7684 = CARTESIAN_POINT('',(0.480895377947,0.337584327239,0.5635005879)
  );
#7685 = CARTESIAN_POINT('',(0.480895377947,0.337584327239,0.5625005879)
  );
#7686 = ADVANCED_FACE('',(#7687),#7713,.F.);
#7687 = FACE_BOUND('',#7688,.F.);
#7688 = EDGE_LOOP('',(#7689,#7690,#7699,#7706));
#7689 = ORIENTED_EDGE('',*,*,#7664,.F.);
#7690 = ORIENTED_EDGE('',*,*,#7691,.T.);
#7691 = EDGE_CURVE('',#7656,#7692,#7694,.T.);
#7692 = VERTEX_POINT('',#7693);
#7693 = CARTESIAN_POINT('',(0.489188487088,0.345020675857,0.5635005879)
  );
#7694 = B_SPLINE_CURVE_WITH_KNOTS('',3,(#7695,#7696,#7697,#7698),
  .UNSPECIFIED.,.F.,.F.,(4,4),(1.,2.),.PIECEWISE_BEZIER_KNOTS.);
#7695 = CARTESIAN_POINT('',(0.480895377947,0.337584327239,0.5635005879)
  );
#7696 = CARTESIAN_POINT('',(0.484463827116,0.337584327239,0.5635005879)
  );
#7697 = CARTESIAN_POINT('',(0.487225424142,0.340063110111,0.5635005879)
  );
#7698 = CARTESIAN_POINT('',(0.489188487088,0.345020675857,0.5635005879)
  );
#7699 = ORIENTED_EDGE('',*,*,#7700,.T.);
#7700 = EDGE_CURVE('',#7692,#7701,#7703,.T.);
#7701 = VERTEX_POINT('',#7702);
#7702 = CARTESIAN_POINT('',(0.489188487088,0.345020675857,0.5625005879)
  );
#7703 = B_SPLINE_CURVE_WITH_KNOTS('',1,(#7704,#7705),.UNSPECIFIED.,.F.,
  .F.,(2,2),(-0.,1.E-03),.PIECEWISE_BEZIER_KNOTS.);
#7704 = CARTESIAN_POINT('',(0.489188487088,0.345020675857,0.5635005879)
  );
#7705 = CARTESIAN_POINT('',(0.489188487088,0.345020675857,0.5625005879)
  );
#7706 = ORIENTED_EDGE('',*,*,#7707,.F.);
#7707 = EDGE_CURVE('',#7665,#7701,#7708,.T.);
#7708 = B_SPLINE_CURVE_WITH_KNOTS('',3,(#7709,#7710,#7711,#7712),
  .UNSPECIFIED.,.F.,.F.,(4,4),(1.,2.),.PIECEWISE_BEZIER_KNOTS.);
#7709 = CARTESIAN_POINT('',(0.480895377947,0.337584327239,0.5625005879)
  );
#7710 = CARTESIAN_POINT('',(0.484463827116,0.337584327239,0.5625005879)
  );
#7711 = CARTESIAN_POINT('',(0.487225424142,0.340063110111,0.5625005879)
  );
#7712 = CARTESIAN_POINT('',(0.489188487088,0.345020675857,0.5625005879)
  );
#7713 = B_SPLINE_SURFACE_WITH_KNOTS('',3,1,(
    (#7714,#7715)
    ,(#7716,#7717)
    ,(#7718,#7719)
    ,(#7720,#7721
    )),.UNSPECIFIED.,.F.,.F.,.F.,(4,4),(2,2),(1.,2.),(0.,1.),
  .PIECEWISE_BEZIER_KNOTS.);
#7714 = CARTESIAN_POINT('',(0.480895377947,0.337584327239,0.5635005879)
  );
#7715 = CARTESIAN_POINT('',(0.480895377947,0.337584327239,0.5625005879)
  );
#7716 = CARTESIAN_POINT('',(0.484463827116,0.337584327239,0.5635005879)
  );
#7717 = CARTESIAN_POINT('',(0.484463827116,0.337584327239,0.5625005879)
  );
#7718 = CARTESIAN_POINT('',(0.487225424142,0.340063110111,0.5635005879)
  );
#7719 = CARTESIAN_POINT('',(0.487225424142,0.340063110111,0.5625005879)
  );
#7720 = CARTESIAN_POINT('',(0.489188487088,0.345020675857,0.5635005879)
  );
#7721 = CARTESIAN_POINT('',(0.489188487088,0.345020675857,0.5625005879)
  );
#7722 = ADVANCED_FACE('',(#7723),#7737,.F.);
#7723 = FACE_BOUND('',#7724,.T.);
#7724 = EDGE_LOOP('',(#7725,#7730,#7731,#7736));
#7725 = ORIENTED_EDGE('',*,*,#7726,.T.);
#7726 = EDGE_CURVE('',#7701,#7287,#7727,.T.);
#7727 = B_SPLINE_CURVE_WITH_KNOTS('',1,(#7728,#7729),.UNSPECIFIED.,.F.,
  .F.,(2,2),(-2.875510099531E-02,0.),.PIECEWISE_BEZIER_KNOTS.);
#7728 = CARTESIAN_POINT('',(0.489188487088,0.345020675857,0.5625005879)
  );
#7729 = CARTESIAN_POINT('',(0.499735791391,0.371771567527,0.5625005879)
  );
#7730 = ORIENTED_EDGE('',*,*,#7309,.F.);
#7731 = ORIENTED_EDGE('',*,*,#7732,.F.);
#7732 = EDGE_CURVE('',#7692,#7303,#7733,.T.);
#7733 = B_SPLINE_CURVE_WITH_KNOTS('',1,(#7734,#7735),.UNSPECIFIED.,.F.,
  .F.,(2,2),(-2.875510099531E-02,0.),.PIECEWISE_BEZIER_KNOTS.);
#7734 = CARTESIAN_POINT('',(0.489188487088,0.345020675857,0.5635005879)
  );
#7735 = CARTESIAN_POINT('',(0.499735791391,0.371771567527,0.5635005879)
  );
#7736 = ORIENTED_EDGE('',*,*,#7700,.T.);
#7737 = B_SPLINE_SURFACE_WITH_KNOTS('',1,1,(
    (#7738,#7739)
    ,(#7740,#7741
    )),.UNSPECIFIED.,.F.,.F.,.F.,(2,2),(2,2),(-0.,2.875510099531E-02),(
    -1.E-03,0.),.PIECEWISE_BEZIER_KNOTS.);
#7738 = CARTESIAN_POINT('',(0.499735791391,0.371771567527,0.5625005879)
  );
#7739 = CARTESIAN_POINT('',(0.499735791391,0.371771567527,0.5635005879)
  );
#7740 = CARTESIAN_POINT('',(0.489188487088,0.345020675857,0.5625005879)
  );
#7741 = CARTESIAN_POINT('',(0.489188487088,0.345020675857,0.5635005879)
  );
#7742 = ADVANCED_FACE('',(#7743),#7760,.T.);
#7743 = FACE_BOUND('',#7744,.T.);
#7744 = EDGE_LOOP('',(#7745,#7746,#7747,#7748,#7749,#7750,#7751,#7752,
    #7753,#7754,#7755,#7756,#7757,#7758,#7759));
#7745 = ORIENTED_EDGE('',*,*,#7302,.T.);
#7746 = ORIENTED_EDGE('',*,*,#7336,.T.);
#7747 = ORIENTED_EDGE('',*,*,#7351,.T.);
#7748 = ORIENTED_EDGE('',*,*,#7400,.T.);
#7749 = ORIENTED_EDGE('',*,*,#7428,.T.);
#7750 = ORIENTED_EDGE('',*,*,#7456,.T.);
#7751 = ORIENTED_EDGE('',*,*,#7484,.T.);
#7752 = ORIENTED_EDGE('',*,*,#7512,.T.);
#7753 = ORIENTED_EDGE('',*,*,#7540,.T.);
#7754 = ORIENTED_EDGE('',*,*,#7555,.T.);
#7755 = ORIENTED_EDGE('',*,*,#7591,.T.);
#7756 = ORIENTED_EDGE('',*,*,#7640,.T.);
#7757 = ORIENTED_EDGE('',*,*,#7655,.T.);
#7758 = ORIENTED_EDGE('',*,*,#7691,.T.);
#7759 = ORIENTED_EDGE('',*,*,#7732,.T.);
#7760 = B_SPLINE_SURFACE_WITH_KNOTS('',1,1,(
    (#7761,#7762)
    ,(#7763,#7764
    )),.UNSPECIFIED.,.F.,.F.,.F.,(2,2),(2,2),(-8.21720681266E-03,
    1.409183903981E-02),(-1.859087154419E-03,3.232815313416E-02),
  .PIECEWISE_BEZIER_KNOTS.);
#7761 = CARTESIAN_POINT('',(0.477426745538,0.337584327239,0.5635005879)
  );
#7762 = CARTESIAN_POINT('',(0.477426745538,0.371771567527,0.5635005879)
  );
#7763 = CARTESIAN_POINT('',(0.499735791391,0.337584327239,0.5635005879)
  );
#7764 = CARTESIAN_POINT('',(0.499735791391,0.371771567527,0.5635005879)
  );
#7765 = ADVANCED_FACE('',(#7766),#7783,.F.);
#7766 = FACE_BOUND('',#7767,.T.);
#7767 = EDGE_LOOP('',(#7768,#7769,#7770,#7771,#7772,#7773,#7774,#7775,
    #7776,#7777,#7778,#7779,#7780,#7781,#7782));
#7768 = ORIENTED_EDGE('',*,*,#7286,.F.);
#7769 = ORIENTED_EDGE('',*,*,#7726,.F.);
#7770 = ORIENTED_EDGE('',*,*,#7707,.F.);
#7771 = ORIENTED_EDGE('',*,*,#7671,.F.);
#7772 = ORIENTED_EDGE('',*,*,#7626,.F.);
#7773 = ORIENTED_EDGE('',*,*,#7607,.F.);
#7774 = ORIENTED_EDGE('',*,*,#7571,.F.);
#7775 = ORIENTED_EDGE('',*,*,#7526,.F.);
#7776 = ORIENTED_EDGE('',*,*,#7498,.F.);
#7777 = ORIENTED_EDGE('',*,*,#7470,.F.);
#7778 = ORIENTED_EDGE('',*,*,#7442,.F.);
#7779 = ORIENTED_EDGE('',*,*,#7414,.F.);
#7780 = ORIENTED_EDGE('',*,*,#7386,.F.);
#7781 = ORIENTED_EDGE('',*,*,#7367,.F.);
#7782 = ORIENTED_EDGE('',*,*,#7322,.F.);
#7783 = B_SPLINE_SURFACE_WITH_KNOTS('',1,1,(
    (#7784,#7785)
    ,(#7786,#7787
    )),.UNSPECIFIED.,.F.,.F.,.F.,(2,2),(2,2),(-8.21720681266E-03,
    1.409183903981E-02),(-1.859087154419E-03,3.232815313416E-02),
  .PIECEWISE_BEZIER_KNOTS.);
#7784 = CARTESIAN_POINT('',(0.477426745538,0.337584327239,0.5625005879)
  );
#7785 = CARTESIAN_POINT('',(0.477426745538,0.371771567527,0.5625005879)
  );
#7786 = CARTESIAN_POINT('',(0.499735791391,0.337584327239,0.5625005879)
  );
#7787 = CARTESIAN_POINT('',(0.499735791391,0.371771567527,0.5625005879)
  );
#7788 = MANIFOLD_SOLID_BREP('',#7789);
#7789 = CLOSED_SHELL('',(#7790,#7826,#7854,#7882,#7910,#7938,#7966,#7994
    ,#8022,#8050,#8078,#8106,#8126,#8146));
#7790 = ADVANCED_FACE('',(#7791),#7821,.F.);
#7791 = FACE_BOUND('',#7792,.T.);
#7792 = EDGE_LOOP('',(#7793,#7802,#7809,#7816));
#7793 = ORIENTED_EDGE('',*,*,#7794,.T.);
#7794 = EDGE_CURVE('',#7795,#7797,#7799,.T.);
#7795 = VERTEX_POINT('',#7796);
#7796 = CARTESIAN_POINT('',(0.521628934077,0.348530898582,0.5625005879)
  );
#7797 = VERTEX_POINT('',#7798);
#7798 = CARTESIAN_POINT('',(0.521628934077,0.352240754827,0.5625005879)
  );
#7799 = B_SPLINE_CURVE_WITH_KNOTS('',1,(#7800,#7801),.UNSPECIFIED.,.F.,
  .F.,(2,2),(-3.709856245406E-03,0.),.PIECEWISE_BEZIER_KNOTS.);
#7800 = CARTESIAN_POINT('',(0.521628934077,0.348530898582,0.5625005879)
  );
#7801 = CARTESIAN_POINT('',(0.521628934077,0.352240754827,0.5625005879)
  );
#7802 = ORIENTED_EDGE('',*,*,#7803,.F.);
#7803 = EDGE_CURVE('',#7804,#7797,#7806,.T.);
#7804 = VERTEX_POINT('',#7805);
#7805 = CARTESIAN_POINT('',(0.521628934077,0.352240754827,0.5635005879)
  );
#7806 = B_SPLINE_CURVE_WITH_KNOTS('',1,(#7807,#7808),.UNSPECIFIED.,.F.,
  .F.,(2,2),(-0.,1.E-03),.PIECEWISE_BEZIER_KNOTS.);
#7807 = CARTESIAN_POINT('',(0.521628934077,0.352240754827,0.5635005879)
  );
#7808 = CARTESIAN_POINT('',(0.521628934077,0.352240754827,0.5625005879)
  );
#7809 = ORIENTED_EDGE('',*,*,#7810,.F.);
#7810 = EDGE_CURVE('',#7811,#7804,#7813,.T.);
#7811 = VERTEX_POINT('',#7812);
#7812 = CARTESIAN_POINT('',(0.521628934077,0.348530898582,0.5635005879)
  );
#7813 = B_SPLINE_CURVE_WITH_KNOTS('',1,(#7814,#7815),.UNSPECIFIED.,.F.,
  .F.,(2,2),(-3.709856245406E-03,0.),.PIECEWISE_BEZIER_KNOTS.);
#7814 = CARTESIAN_POINT('',(0.521628934077,0.348530898582,0.5635005879)
  );
#7815 = CARTESIAN_POINT('',(0.521628934077,0.352240754827,0.5635005879)
  );
#7816 = ORIENTED_EDGE('',*,*,#7817,.T.);
#7817 = EDGE_CURVE('',#7811,#7795,#7818,.T.);
#7818 = B_SPLINE_CURVE_WITH_KNOTS('',1,(#7819,#7820),.UNSPECIFIED.,.F.,
  .F.,(2,2),(-0.,1.E-03),.PIECEWISE_BEZIER_KNOTS.);
#7819 = CARTESIAN_POINT('',(0.521628934077,0.348530898582,0.5635005879)
  );
#7820 = CARTESIAN_POINT('',(0.521628934077,0.348530898582,0.5625005879)
  );
#7821 = B_SPLINE_SURFACE_WITH_KNOTS('',1,1,(
    (#7822,#7823)
    ,(#7824,#7825)),.UNSPECIFIED.,.F.,.F.,.F.,(2,2),(2,2),(-1.E-03,0.),(
    -3.709856245406E-03,0.),.PIECEWISE_BEZIER_KNOTS.);
#7822 = CARTESIAN_POINT('',(0.521628934077,0.348530898582,0.5625005879)
  );
#7823 = CARTESIAN_POINT('',(0.521628934077,0.352240754827,0.5625005879)
  );
#7824 = CARTESIAN_POINT('',(0.521628934077,0.348530898582,0.5635005879)
  );
#7825 = CARTESIAN_POINT('',(0.521628934077,0.352240754827,0.5635005879)
  );
#7826 = ADVANCED_FACE('',(#7827),#7849,.F.);
#7827 = FACE_BOUND('',#7828,.T.);
#7828 = EDGE_LOOP('',(#7829,#7836,#7843,#7848));
#7829 = ORIENTED_EDGE('',*,*,#7830,.T.);
#7830 = EDGE_CURVE('',#7797,#7831,#7833,.T.);
#7831 = VERTEX_POINT('',#7832);
#7832 = CARTESIAN_POINT('',(0.508328350811,0.352240754827,0.5625005879)
  );
#7833 = B_SPLINE_CURVE_WITH_KNOTS('',1,(#7834,#7835),.UNSPECIFIED.,.F.,
  .F.,(2,2),(-1.330058326545E-02,-0.),.PIECEWISE_BEZIER_KNOTS.);
#7834 = CARTESIAN_POINT('',(0.521628934077,0.352240754827,0.5625005879)
  );
#7835 = CARTESIAN_POINT('',(0.508328350811,0.352240754827,0.5625005879)
  );
#7836 = ORIENTED_EDGE('',*,*,#7837,.F.);
#7837 = EDGE_CURVE('',#7838,#7831,#7840,.T.);
#7838 = VERTEX_POINT('',#7839);
#7839 = CARTESIAN_POINT('',(0.508328350811,0.352240754827,0.5635005879)
  );
#7840 = B_SPLINE_CURVE_WITH_KNOTS('',1,(#7841,#7842),.UNSPECIFIED.,.F.,
  .F.,(2,2),(-0.,1.E-03),.PIECEWISE_BEZIER_KNOTS.);
#7841 = CARTESIAN_POINT('',(0.508328350811,0.352240754827,0.5635005879)
  );
#7842 = CARTESIAN_POINT('',(0.508328350811,0.352240754827,0.5625005879)
  );
#7843 = ORIENTED_EDGE('',*,*,#7844,.F.);
#7844 = EDGE_CURVE('',#7804,#7838,#7845,.T.);
#7845 = B_SPLINE_CURVE_WITH_KNOTS('',1,(#7846,#7847),.UNSPECIFIED.,.F.,
  .F.,(2,2),(-1.330058326545E-02,-0.),.PIECEWISE_BEZIER_KNOTS.);
#7846 = CARTESIAN_POINT('',(0.521628934077,0.352240754827,0.5635005879)
  );
#7847 = CARTESIAN_POINT('',(0.508328350811,0.352240754827,0.5635005879)
  );
#7848 = ORIENTED_EDGE('',*,*,#7803,.T.);
#7849 = B_SPLINE_SURFACE_WITH_KNOTS('',1,1,(
    (#7850,#7851)
    ,(#7852,#7853
    )),.UNSPECIFIED.,.F.,.F.,.F.,(2,2),(2,2),(0.,1.E-03),(0.,
    1.330058326545E-02),.PIECEWISE_BEZIER_KNOTS.);
#7850 = CARTESIAN_POINT('',(0.508328350811,0.352240754827,0.5635005879)
  );
#7851 = CARTESIAN_POINT('',(0.521628934077,0.352240754827,0.5635005879)
  );
#7852 = CARTESIAN_POINT('',(0.508328350811,0.352240754827,0.5625005879)
  );
#7853 = CARTESIAN_POINT('',(0.521628934077,0.352240754827,0.5625005879)
  );
#7854 = ADVANCED_FACE('',(#7855),#7877,.F.);
#7855 = FACE_BOUND('',#7856,.T.);
#7856 = EDGE_LOOP('',(#7857,#7864,#7871,#7876));
#7857 = ORIENTED_EDGE('',*,*,#7858,.T.);
#7858 = EDGE_CURVE('',#7831,#7859,#7861,.T.);
#7859 = VERTEX_POINT('',#7860);
#7860 = CARTESIAN_POINT('',(0.508328350811,0.36318732617,0.5625005879));
#7861 = B_SPLINE_CURVE_WITH_KNOTS('',1,(#7862,#7863),.UNSPECIFIED.,.F.,
  .F.,(2,2),(-1.094657134293E-02,0.),.PIECEWISE_BEZIER_KNOTS.);
#7862 = CARTESIAN_POINT('',(0.508328350811,0.352240754827,0.5625005879)
  );
#7863 = CARTESIAN_POINT('',(0.508328350811,0.36318732617,0.5625005879));
#7864 = ORIENTED_EDGE('',*,*,#7865,.F.);
#7865 = EDGE_CURVE('',#7866,#7859,#7868,.T.);
#7866 = VERTEX_POINT('',#7867);
#7867 = CARTESIAN_POINT('',(0.508328350811,0.36318732617,0.5635005879));
#7868 = B_SPLINE_CURVE_WITH_KNOTS('',1,(#7869,#7870),.UNSPECIFIED.,.F.,
  .F.,(2,2),(-0.,1.E-03),.PIECEWISE_BEZIER_KNOTS.);
#7869 = CARTESIAN_POINT('',(0.508328350811,0.36318732617,0.5635005879));
#7870 = CARTESIAN_POINT('',(0.508328350811,0.36318732617,0.5625005879));
#7871 = ORIENTED_EDGE('',*,*,#7872,.F.);
#7872 = EDGE_CURVE('',#7838,#7866,#7873,.T.);
#7873 = B_SPLINE_CURVE_WITH_KNOTS('',1,(#7874,#7875),.UNSPECIFIED.,.F.,
  .F.,(2,2),(-1.094657134293E-02,0.),.PIECEWISE_BEZIER_KNOTS.);
#7874 = CARTESIAN_POINT('',(0.508328350811,0.352240754827,0.5635005879)
  );
#7875 = CARTESIAN_POINT('',(0.508328350811,0.36318732617,0.5635005879));
#7876 = ORIENTED_EDGE('',*,*,#7837,.T.);
#7877 = B_SPLINE_SURFACE_WITH_KNOTS('',1,1,(
    (#7878,#7879)
    ,(#7880,#7881)),.UNSPECIFIED.,.F.,.F.,.F.,(2,2),(2,2),(-1.E-03,0.),(
    -1.094657134293E-02,0.),.PIECEWISE_BEZIER_KNOTS.);
#7878 = CARTESIAN_POINT('',(0.508328350811,0.352240754827,0.5625005879)
  );
#7879 = CARTESIAN_POINT('',(0.508328350811,0.36318732617,0.5625005879));
#7880 = CARTESIAN_POINT('',(0.508328350811,0.352240754827,0.5635005879)
  );
#7881 = CARTESIAN_POINT('',(0.508328350811,0.36318732617,0.5635005879));
#7882 = ADVANCED_FACE('',(#7883),#7905,.F.);
#7883 = FACE_BOUND('',#7884,.T.);
#7884 = EDGE_LOOP('',(#7885,#7892,#7899,#7904));
#7885 = ORIENTED_EDGE('',*,*,#7886,.T.);
#7886 = EDGE_CURVE('',#7859,#7887,#7889,.T.);
#7887 = VERTEX_POINT('',#7888);
#7888 = CARTESIAN_POINT('',(0.519965321411,0.36318732617,0.5625005879));
#7889 = B_SPLINE_CURVE_WITH_KNOTS('',1,(#7890,#7891),.UNSPECIFIED.,.F.,
  .F.,(2,2),(-1.163697059924E-02,0.),.PIECEWISE_BEZIER_KNOTS.);
#7890 = CARTESIAN_POINT('',(0.508328350811,0.36318732617,0.5625005879));
#7891 = CARTESIAN_POINT('',(0.519965321411,0.36318732617,0.5625005879));
#7892 = ORIENTED_EDGE('',*,*,#7893,.F.);
#7893 = EDGE_CURVE('',#7894,#7887,#7896,.T.);
#7894 = VERTEX_POINT('',#7895);
#7895 = CARTESIAN_POINT('',(0.519965321411,0.36318732617,0.5635005879));
#7896 = B_SPLINE_CURVE_WITH_KNOTS('',1,(#7897,#7898),.UNSPECIFIED.,.F.,
  .F.,(2,2),(-0.,1.E-03),.PIECEWISE_BEZIER_KNOTS.);
#7897 = CARTESIAN_POINT('',(0.519965321411,0.36318732617,0.5635005879));
#7898 = CARTESIAN_POINT('',(0.519965321411,0.36318732617,0.5625005879));
#7899 = ORIENTED_EDGE('',*,*,#7900,.F.);
#7900 = EDGE_CURVE('',#7866,#7894,#7901,.T.);
#7901 = B_SPLINE_CURVE_WITH_KNOTS('',1,(#7902,#7903),.UNSPECIFIED.,.F.,
  .F.,(2,2),(-1.163697059924E-02,0.),.PIECEWISE_BEZIER_KNOTS.);
#7902 = CARTESIAN_POINT('',(0.508328350811,0.36318732617,0.5635005879));
#7903 = CARTESIAN_POINT('',(0.519965321411,0.36318732617,0.5635005879));
#7904 = ORIENTED_EDGE('',*,*,#7865,.T.);
#7905 = B_SPLINE_SURFACE_WITH_KNOTS('',1,1,(
    (#7906,#7907)
    ,(#7908,#7909)),.UNSPECIFIED.,.F.,.F.,.F.,(2,2),(2,2),(-1.E-03,0.),(
    -1.163697059924E-02,0.),.PIECEWISE_BEZIER_KNOTS.);
#7906 = CARTESIAN_POINT('',(0.508328350811,0.36318732617,0.5625005879));
#7907 = CARTESIAN_POINT('',(0.519965321411,0.36318732617,0.5625005879));
#7908 = CARTESIAN_POINT('',(0.508328350811,0.36318732617,0.5635005879));
#7909 = CARTESIAN_POINT('',(0.519965321411,0.36318732617,0.5635005879));
#7910 = ADVANCED_FACE('',(#7911),#7933,.F.);
#7911 = FACE_BOUND('',#7912,.T.);
#7912 = EDGE_LOOP('',(#7913,#7920,#7927,#7932));
#7913 = ORIENTED_EDGE('',*,*,#7914,.T.);
#7914 = EDGE_CURVE('',#7887,#7915,#7917,.T.);
#7915 = VERTEX_POINT('',#7916);
#7916 = CARTESIAN_POINT('',(0.519965321411,0.366913818542,0.5625005879)
  );
#7917 = B_SPLINE_CURVE_WITH_KNOTS('',1,(#7918,#7919),.UNSPECIFIED.,.F.,
  .F.,(2,2),(-3.726492372047E-03,0.),.PIECEWISE_BEZIER_KNOTS.);
#7918 = CARTESIAN_POINT('',(0.519965321411,0.36318732617,0.5625005879));
#7919 = CARTESIAN_POINT('',(0.519965321411,0.366913818542,0.5625005879)
  );
#7920 = ORIENTED_EDGE('',*,*,#7921,.F.);
#7921 = EDGE_CURVE('',#7922,#7915,#7924,.T.);
#7922 = VERTEX_POINT('',#7923);
#7923 = CARTESIAN_POINT('',(0.519965321411,0.366913818542,0.5635005879)
  );
#7924 = B_SPLINE_CURVE_WITH_KNOTS('',1,(#7925,#7926),.UNSPECIFIED.,.F.,
  .F.,(2,2),(-0.,1.E-03),.PIECEWISE_BEZIER_KNOTS.);
#7925 = CARTESIAN_POINT('',(0.519965321411,0.366913818542,0.5635005879)
  );
#7926 = CARTESIAN_POINT('',(0.519965321411,0.366913818542,0.5625005879)
  );
#7927 = ORIENTED_EDGE('',*,*,#7928,.F.);
#7928 = EDGE_CURVE('',#7894,#7922,#7929,.T.);
#7929 = B_SPLINE_CURVE_WITH_KNOTS('',1,(#7930,#7931),.UNSPECIFIED.,.F.,
  .F.,(2,2),(-3.726492372047E-03,0.),.PIECEWISE_BEZIER_KNOTS.);
#7930 = CARTESIAN_POINT('',(0.519965321411,0.36318732617,0.5635005879));
#7931 = CARTESIAN_POINT('',(0.519965321411,0.366913818542,0.5635005879)
  );
#7932 = ORIENTED_EDGE('',*,*,#7893,.T.);
#7933 = B_SPLINE_SURFACE_WITH_KNOTS('',1,1,(
    (#7934,#7935)
    ,(#7936,#7937)),.UNSPECIFIED.,.F.,.F.,.F.,(2,2),(2,2),(-1.E-03,0.),(
    -3.726492372047E-03,0.),.PIECEWISE_BEZIER_KNOTS.);
#7934 = CARTESIAN_POINT('',(0.519965321411,0.36318732617,0.5625005879));
#7935 = CARTESIAN_POINT('',(0.519965321411,0.366913818542,0.5625005879)
  );
#7936 = CARTESIAN_POINT('',(0.519965321411,0.36318732617,0.5635005879));
#7937 = CARTESIAN_POINT('',(0.519965321411,0.366913818542,0.5635005879)
  );
#7938 = ADVANCED_FACE('',(#7939),#7961,.F.);
#7939 = FACE_BOUND('',#7940,.T.);
#7940 = EDGE_LOOP('',(#7941,#7948,#7955,#7960));
#7941 = ORIENTED_EDGE('',*,*,#7942,.T.);
#7942 = EDGE_CURVE('',#7915,#7943,#7945,.T.);
#7943 = VERTEX_POINT('',#7944);
#7944 = CARTESIAN_POINT('',(0.508328350811,0.366913818542,0.5625005879)
  );
#7945 = B_SPLINE_CURVE_WITH_KNOTS('',1,(#7946,#7947),.UNSPECIFIED.,.F.,
  .F.,(2,2),(-1.163697059924E-02,-0.),.PIECEWISE_BEZIER_KNOTS.);
#7946 = CARTESIAN_POINT('',(0.519965321411,0.366913818542,0.5625005879)
  );
#7947 = CARTESIAN_POINT('',(0.508328350811,0.366913818542,0.5625005879)
  );
#7948 = ORIENTED_EDGE('',*,*,#7949,.F.);
#7949 = EDGE_CURVE('',#7950,#7943,#7952,.T.);
#7950 = VERTEX_POINT('',#7951);
#7951 = CARTESIAN_POINT('',(0.508328350811,0.366913818542,0.5635005879)
  );
#7952 = B_SPLINE_CURVE_WITH_KNOTS('',1,(#7953,#7954),.UNSPECIFIED.,.F.,
  .F.,(2,2),(-0.,1.E-03),.PIECEWISE_BEZIER_KNOTS.);
#7953 = CARTESIAN_POINT('',(0.508328350811,0.366913818542,0.5635005879)
  );
#7954 = CARTESIAN_POINT('',(0.508328350811,0.366913818542,0.5625005879)
  );
#7955 = ORIENTED_EDGE('',*,*,#7956,.F.);
#7956 = EDGE_CURVE('',#7922,#7950,#7957,.T.);
#7957 = B_SPLINE_CURVE_WITH_KNOTS('',1,(#7958,#7959),.UNSPECIFIED.,.F.,
  .F.,(2,2),(-1.163697059924E-02,-0.),.PIECEWISE_BEZIER_KNOTS.);
#7958 = CARTESIAN_POINT('',(0.519965321411,0.366913818542,0.5635005879)
  );
#7959 = CARTESIAN_POINT('',(0.508328350811,0.366913818542,0.5635005879)
  );
#7960 = ORIENTED_EDGE('',*,*,#7921,.T.);
#7961 = B_SPLINE_SURFACE_WITH_KNOTS('',1,1,(
    (#7962,#7963)
    ,(#7964,#7965
    )),.UNSPECIFIED.,.F.,.F.,.F.,(2,2),(2,2),(0.,1.E-03),(0.,
    1.163697059924E-02),.PIECEWISE_BEZIER_KNOTS.);
#7962 = CARTESIAN_POINT('',(0.508328350811,0.366913818542,0.5635005879)
  );
#7963 = CARTESIAN_POINT('',(0.519965321411,0.366913818542,0.5635005879)
  );
#7964 = CARTESIAN_POINT('',(0.508328350811,0.366913818542,0.5625005879)
  );
#7965 = CARTESIAN_POINT('',(0.519965321411,0.366913818542,0.5625005879)
  );
#7966 = ADVANCED_FACE('',(#7967),#7989,.F.);
#7967 = FACE_BOUND('',#7968,.T.);
#7968 = EDGE_LOOP('',(#7969,#7976,#7983,#7988));
#7969 = ORIENTED_EDGE('',*,*,#7970,.T.);
#7970 = EDGE_CURVE('',#7943,#7971,#7973,.T.);
#7971 = VERTEX_POINT('',#7972);
#7972 = CARTESIAN_POINT('',(0.508328350811,0.377328033832,0.5625005879)
  );
#7973 = B_SPLINE_CURVE_WITH_KNOTS('',1,(#7974,#7975),.UNSPECIFIED.,.F.,
  .F.,(2,2),(-1.041421528994E-02,0.),.PIECEWISE_BEZIER_KNOTS.);
#7974 = CARTESIAN_POINT('',(0.508328350811,0.366913818542,0.5625005879)
  );
#7975 = CARTESIAN_POINT('',(0.508328350811,0.377328033832,0.5625005879)
  );
#7976 = ORIENTED_EDGE('',*,*,#7977,.F.);
#7977 = EDGE_CURVE('',#7978,#7971,#7980,.T.);
#7978 = VERTEX_POINT('',#7979);
#7979 = CARTESIAN_POINT('',(0.508328350811,0.377328033832,0.5635005879)
  );
#7980 = B_SPLINE_CURVE_WITH_KNOTS('',1,(#7981,#7982),.UNSPECIFIED.,.F.,
  .F.,(2,2),(-0.,1.E-03),.PIECEWISE_BEZIER_KNOTS.);
#7981 = CARTESIAN_POINT('',(0.508328350811,0.377328033832,0.5635005879)
  );
#7982 = CARTESIAN_POINT('',(0.508328350811,0.377328033832,0.5625005879)
  );
#7983 = ORIENTED_EDGE('',*,*,#7984,.F.);
#7984 = EDGE_CURVE('',#7950,#7978,#7985,.T.);
#7985 = B_SPLINE_CURVE_WITH_KNOTS('',1,(#7986,#7987),.UNSPECIFIED.,.F.,
  .F.,(2,2),(-1.041421528994E-02,0.),.PIECEWISE_BEZIER_KNOTS.);
#7986 = CARTESIAN_POINT('',(0.508328350811,0.366913818542,0.5635005879)
  );
#7987 = CARTESIAN_POINT('',(0.508328350811,0.377328033832,0.5635005879)
  );
#7988 = ORIENTED_EDGE('',*,*,#7949,.T.);
#7989 = B_SPLINE_SURFACE_WITH_KNOTS('',1,1,(
    (#7990,#7991)
    ,(#7992,#7993)),.UNSPECIFIED.,.F.,.F.,.F.,(2,2),(2,2),(-1.E-03,0.),(
    -1.041421528994E-02,0.),.PIECEWISE_BEZIER_KNOTS.);
#7990 = CARTESIAN_POINT('',(0.508328350811,0.366913818542,0.5625005879)
  );
#7991 = CARTESIAN_POINT('',(0.508328350811,0.377328033832,0.5625005879)
  );
#7992 = CARTESIAN_POINT('',(0.508328350811,0.366913818542,0.5635005879)
  );
#7993 = CARTESIAN_POINT('',(0.508328350811,0.377328033832,0.5635005879)
  );
#7994 = ADVANCED_FACE('',(#7995),#8017,.F.);
#7995 = FACE_BOUND('',#7996,.T.);
#7996 = EDGE_LOOP('',(#7997,#8004,#8011,#8016));
#7997 = ORIENTED_EDGE('',*,*,#7998,.T.);
#7998 = EDGE_CURVE('',#7971,#7999,#8001,.T.);
#7999 = VERTEX_POINT('',#8000);
#8000 = CARTESIAN_POINT('',(0.52088862644,0.377328033832,0.5625005879));
#8001 = B_SPLINE_CURVE_WITH_KNOTS('',1,(#8002,#8003),.UNSPECIFIED.,.F.,
  .F.,(2,2),(-1.256027562899E-02,0.),.PIECEWISE_BEZIER_KNOTS.);
#8002 = CARTESIAN_POINT('',(0.508328350811,0.377328033832,0.5625005879)
  );
#8003 = CARTESIAN_POINT('',(0.52088862644,0.377328033832,0.5625005879));
#8004 = ORIENTED_EDGE('',*,*,#8005,.F.);
#8005 = EDGE_CURVE('',#8006,#7999,#8008,.T.);
#8006 = VERTEX_POINT('',#8007);
#8007 = CARTESIAN_POINT('',(0.52088862644,0.377328033832,0.5635005879));
#8008 = B_SPLINE_CURVE_WITH_KNOTS('',1,(#8009,#8010),.UNSPECIFIED.,.F.,
  .F.,(2,2),(-0.,1.E-03),.PIECEWISE_BEZIER_KNOTS.);
#8009 = CARTESIAN_POINT('',(0.52088862644,0.377328033832,0.5635005879));
#8010 = CARTESIAN_POINT('',(0.52088862644,0.377328033832,0.5625005879));
#8011 = ORIENTED_EDGE('',*,*,#8012,.F.);
#8012 = EDGE_CURVE('',#7978,#8006,#8013,.T.);
#8013 = B_SPLINE_CURVE_WITH_KNOTS('',1,(#8014,#8015),.UNSPECIFIED.,.F.,
  .F.,(2,2),(-1.256027562899E-02,0.),.PIECEWISE_BEZIER_KNOTS.);
#8014 = CARTESIAN_POINT('',(0.508328350811,0.377328033832,0.5635005879)
  );
#8015 = CARTESIAN_POINT('',(0.52088862644,0.377328033832,0.5635005879));
#8016 = ORIENTED_EDGE('',*,*,#7977,.T.);
#8017 = B_SPLINE_SURFACE_WITH_KNOTS('',1,1,(
    (#8018,#8019)
    ,(#8020,#8021)),.UNSPECIFIED.,.F.,.F.,.F.,(2,2),(2,2),(-1.E-03,0.),(
    -1.256027562899E-02,0.),.PIECEWISE_BEZIER_KNOTS.);
#8018 = CARTESIAN_POINT('',(0.508328350811,0.377328033832,0.5625005879)
  );
#8019 = CARTESIAN_POINT('',(0.52088862644,0.377328033832,0.5625005879));
#8020 = CARTESIAN_POINT('',(0.508328350811,0.377328033832,0.5635005879)
  );
#8021 = CARTESIAN_POINT('',(0.52088862644,0.377328033832,0.5635005879));
#8022 = ADVANCED_FACE('',(#8023),#8045,.F.);
#8023 = FACE_BOUND('',#8024,.T.);
#8024 = EDGE_LOOP('',(#8025,#8032,#8039,#8044));
#8025 = ORIENTED_EDGE('',*,*,#8026,.T.);
#8026 = EDGE_CURVE('',#7999,#8027,#8029,.T.);
#8027 = VERTEX_POINT('',#8028);
#8028 = CARTESIAN_POINT('',(0.52088862644,0.381071162331,0.5625005879));
#8029 = B_SPLINE_CURVE_WITH_KNOTS('',1,(#8030,#8031),.UNSPECIFIED.,.F.,
  .F.,(2,2),(-3.743128498689E-03,0.),.PIECEWISE_BEZIER_KNOTS.);
#8030 = CARTESIAN_POINT('',(0.52088862644,0.377328033832,0.5625005879));
#8031 = CARTESIAN_POINT('',(0.52088862644,0.381071162331,0.5625005879));
#8032 = ORIENTED_EDGE('',*,*,#8033,.F.);
#8033 = EDGE_CURVE('',#8034,#8027,#8036,.T.);
#8034 = VERTEX_POINT('',#8035);
#8035 = CARTESIAN_POINT('',(0.52088862644,0.381071162331,0.5635005879));
#8036 = B_SPLINE_CURVE_WITH_KNOTS('',1,(#8037,#8038),.UNSPECIFIED.,.F.,
  .F.,(2,2),(-0.,1.E-03),.PIECEWISE_BEZIER_KNOTS.);
#8037 = CARTESIAN_POINT('',(0.52088862644,0.381071162331,0.5635005879));
#8038 = CARTESIAN_POINT('',(0.52088862644,0.381071162331,0.5625005879));
#8039 = ORIENTED_EDGE('',*,*,#8040,.F.);
#8040 = EDGE_CURVE('',#8006,#8034,#8041,.T.);
#8041 = B_SPLINE_CURVE_WITH_KNOTS('',1,(#8042,#8043),.UNSPECIFIED.,.F.,
  .F.,(2,2),(-3.743128498689E-03,0.),.PIECEWISE_BEZIER_KNOTS.);
#8042 = CARTESIAN_POINT('',(0.52088862644,0.377328033832,0.5635005879));
#8043 = CARTESIAN_POINT('',(0.52088862644,0.381071162331,0.5635005879));
#8044 = ORIENTED_EDGE('',*,*,#8005,.T.);
#8045 = B_SPLINE_SURFACE_WITH_KNOTS('',1,1,(
    (#8046,#8047)
    ,(#8048,#8049)),.UNSPECIFIED.,.F.,.F.,.F.,(2,2),(2,2),(-1.E-03,0.),(
    -3.743128498689E-03,0.),.PIECEWISE_BEZIER_KNOTS.);
#8046 = CARTESIAN_POINT('',(0.52088862644,0.377328033832,0.5625005879));
#8047 = CARTESIAN_POINT('',(0.52088862644,0.381071162331,0.5625005879));
#8048 = CARTESIAN_POINT('',(0.52088862644,0.377328033832,0.5635005879));
#8049 = CARTESIAN_POINT('',(0.52088862644,0.381071162331,0.5635005879));
#8050 = ADVANCED_FACE('',(#8051),#8073,.F.);
#8051 = FACE_BOUND('',#8052,.T.);
#8052 = EDGE_LOOP('',(#8053,#8060,#8067,#8072));
#8053 = ORIENTED_EDGE('',*,*,#8054,.T.);
#8054 = EDGE_CURVE('',#8027,#8055,#8057,.T.);
#8055 = VERTEX_POINT('',#8056);
#8056 = CARTESIAN_POINT('',(0.504127728829,0.381071162331,0.5625005879)
  );
#8057 = B_SPLINE_CURVE_WITH_KNOTS('',1,(#8058,#8059),.UNSPECIFIED.,.F.,
  .F.,(2,2),(-1.6760897611E-02,-0.),.PIECEWISE_BEZIER_KNOTS.);
#8058 = CARTESIAN_POINT('',(0.52088862644,0.381071162331,0.5625005879));
#8059 = CARTESIAN_POINT('',(0.504127728829,0.381071162331,0.5625005879)
  );
#8060 = ORIENTED_EDGE('',*,*,#8061,.F.);
#8061 = EDGE_CURVE('',#8062,#8055,#8064,.T.);
#8062 = VERTEX_POINT('',#8063);
#8063 = CARTESIAN_POINT('',(0.504127728829,0.381071162331,0.5635005879)
  );
#8064 = B_SPLINE_CURVE_WITH_KNOTS('',1,(#8065,#8066),.UNSPECIFIED.,.F.,
  .F.,(2,2),(-0.,1.E-03),.PIECEWISE_BEZIER_KNOTS.);
#8065 = CARTESIAN_POINT('',(0.504127728829,0.381071162331,0.5635005879)
  );
#8066 = CARTESIAN_POINT('',(0.504127728829,0.381071162331,0.5625005879)
  );
#8067 = ORIENTED_EDGE('',*,*,#8068,.F.);
#8068 = EDGE_CURVE('',#8034,#8062,#8069,.T.);
#8069 = B_SPLINE_CURVE_WITH_KNOTS('',1,(#8070,#8071),.UNSPECIFIED.,.F.,
  .F.,(2,2),(-1.6760897611E-02,-0.),.PIECEWISE_BEZIER_KNOTS.);
#8070 = CARTESIAN_POINT('',(0.52088862644,0.381071162331,0.5635005879));
#8071 = CARTESIAN_POINT('',(0.504127728829,0.381071162331,0.5635005879)
  );
#8072 = ORIENTED_EDGE('',*,*,#8033,.T.);
#8073 = B_SPLINE_SURFACE_WITH_KNOTS('',1,1,(
    (#8074,#8075)
    ,(#8076,#8077
    )),.UNSPECIFIED.,.F.,.F.,.F.,(2,2),(2,2),(0.,1.E-03),(0.,
    1.6760897611E-02),.PIECEWISE_BEZIER_KNOTS.);
#8074 = CARTESIAN_POINT('',(0.504127728829,0.381071162331,0.5635005879)
  );
#8075 = CARTESIAN_POINT('',(0.52088862644,0.381071162331,0.5635005879));
#8076 = CARTESIAN_POINT('',(0.504127728829,0.381071162331,0.5625005879)
  );
#8077 = CARTESIAN_POINT('',(0.52088862644,0.381071162331,0.5625005879));
#8078 = ADVANCED_FACE('',(#8079),#8101,.F.);
#8079 = FACE_BOUND('',#8080,.T.);
#8080 = EDGE_LOOP('',(#8081,#8088,#8095,#8100));
#8081 = ORIENTED_EDGE('',*,*,#8082,.T.);
#8082 = EDGE_CURVE('',#8055,#8083,#8085,.T.);
#8083 = VERTEX_POINT('',#8084);
#8084 = CARTESIAN_POINT('',(0.504127728829,0.348530898582,0.5625005879)
  );
#8085 = B_SPLINE_CURVE_WITH_KNOTS('',1,(#8086,#8087),.UNSPECIFIED.,.F.,
  .F.,(2,2),(-3.254026374901E-02,-0.),.PIECEWISE_BEZIER_KNOTS.);
#8086 = CARTESIAN_POINT('',(0.504127728829,0.381071162331,0.5625005879)
  );
#8087 = CARTESIAN_POINT('',(0.504127728829,0.348530898582,0.5625005879)
  );
#8088 = ORIENTED_EDGE('',*,*,#8089,.F.);
#8089 = EDGE_CURVE('',#8090,#8083,#8092,.T.);
#8090 = VERTEX_POINT('',#8091);
#8091 = CARTESIAN_POINT('',(0.504127728829,0.348530898582,0.5635005879)
  );
#8092 = B_SPLINE_CURVE_WITH_KNOTS('',1,(#8093,#8094),.UNSPECIFIED.,.F.,
  .F.,(2,2),(-0.,1.E-03),.PIECEWISE_BEZIER_KNOTS.);
#8093 = CARTESIAN_POINT('',(0.504127728829,0.348530898582,0.5635005879)
  );
#8094 = CARTESIAN_POINT('',(0.504127728829,0.348530898582,0.5625005879)
  );
#8095 = ORIENTED_EDGE('',*,*,#8096,.F.);
#8096 = EDGE_CURVE('',#8062,#8090,#8097,.T.);
#8097 = B_SPLINE_CURVE_WITH_KNOTS('',1,(#8098,#8099),.UNSPECIFIED.,.F.,
  .F.,(2,2),(-3.254026374901E-02,-0.),.PIECEWISE_BEZIER_KNOTS.);
#8098 = CARTESIAN_POINT('',(0.504127728829,0.381071162331,0.5635005879)
  );
#8099 = CARTESIAN_POINT('',(0.504127728829,0.348530898582,0.5635005879)
  );
#8100 = ORIENTED_EDGE('',*,*,#8061,.T.);
#8101 = B_SPLINE_SURFACE_WITH_KNOTS('',1,1,(
    (#8102,#8103)
    ,(#8104,#8105
    )),.UNSPECIFIED.,.F.,.F.,.F.,(2,2),(2,2),(0.,1.E-03),(0.,
    3.254026374901E-02),.PIECEWISE_BEZIER_KNOTS.);
#8102 = CARTESIAN_POINT('',(0.504127728829,0.348530898582,0.5635005879)
  );
#8103 = CARTESIAN_POINT('',(0.504127728829,0.381071162331,0.5635005879)
  );
#8104 = CARTESIAN_POINT('',(0.504127728829,0.348530898582,0.5625005879)
  );
#8105 = CARTESIAN_POINT('',(0.504127728829,0.381071162331,0.5625005879)
  );
#8106 = ADVANCED_FACE('',(#8107),#8121,.F.);
#8107 = FACE_BOUND('',#8108,.T.);
#8108 = EDGE_LOOP('',(#8109,#8114,#8115,#8120));
#8109 = ORIENTED_EDGE('',*,*,#8110,.T.);
#8110 = EDGE_CURVE('',#8083,#7795,#8111,.T.);
#8111 = B_SPLINE_CURVE_WITH_KNOTS('',1,(#8112,#8113),.UNSPECIFIED.,.F.,
  .F.,(2,2),(-1.750120524746E-02,0.),.PIECEWISE_BEZIER_KNOTS.);
#8112 = CARTESIAN_POINT('',(0.504127728829,0.348530898582,0.5625005879)
  );
#8113 = CARTESIAN_POINT('',(0.521628934077,0.348530898582,0.5625005879)
  );
#8114 = ORIENTED_EDGE('',*,*,#7817,.F.);
#8115 = ORIENTED_EDGE('',*,*,#8116,.F.);
#8116 = EDGE_CURVE('',#8090,#7811,#8117,.T.);
#8117 = B_SPLINE_CURVE_WITH_KNOTS('',1,(#8118,#8119),.UNSPECIFIED.,.F.,
  .F.,(2,2),(-1.750120524746E-02,0.),.PIECEWISE_BEZIER_KNOTS.);
#8118 = CARTESIAN_POINT('',(0.504127728829,0.348530898582,0.5635005879)
  );
#8119 = CARTESIAN_POINT('',(0.521628934077,0.348530898582,0.5635005879)
  );
#8120 = ORIENTED_EDGE('',*,*,#8089,.T.);
#8121 = B_SPLINE_SURFACE_WITH_KNOTS('',1,1,(
    (#8122,#8123)
    ,(#8124,#8125)),.UNSPECIFIED.,.F.,.F.,.F.,(2,2),(2,2),(-1.E-03,0.),(
    -1.750120524746E-02,0.),.PIECEWISE_BEZIER_KNOTS.);
#8122 = CARTESIAN_POINT('',(0.504127728829,0.348530898582,0.5625005879)
  );
#8123 = CARTESIAN_POINT('',(0.521628934077,0.348530898582,0.5625005879)
  );
#8124 = CARTESIAN_POINT('',(0.504127728829,0.348530898582,0.5635005879)
  );
#8125 = CARTESIAN_POINT('',(0.521628934077,0.348530898582,0.5635005879)
  );
#8126 = ADVANCED_FACE('',(#8127),#8141,.F.);
#8127 = FACE_BOUND('',#8128,.T.);
#8128 = EDGE_LOOP('',(#8129,#8130,#8131,#8132,#8133,#8134,#8135,#8136,
    #8137,#8138,#8139,#8140));
#8129 = ORIENTED_EDGE('',*,*,#7810,.T.);
#8130 = ORIENTED_EDGE('',*,*,#7844,.T.);
#8131 = ORIENTED_EDGE('',*,*,#7872,.T.);
#8132 = ORIENTED_EDGE('',*,*,#7900,.T.);
#8133 = ORIENTED_EDGE('',*,*,#7928,.T.);
#8134 = ORIENTED_EDGE('',*,*,#7956,.T.);
#8135 = ORIENTED_EDGE('',*,*,#7984,.T.);
#8136 = ORIENTED_EDGE('',*,*,#8012,.T.);
#8137 = ORIENTED_EDGE('',*,*,#8040,.T.);
#8138 = ORIENTED_EDGE('',*,*,#8068,.T.);
#8139 = ORIENTED_EDGE('',*,*,#8096,.T.);
#8140 = ORIENTED_EDGE('',*,*,#8116,.T.);
#8141 = B_SPLINE_SURFACE_WITH_KNOTS('',1,1,(
    (#8142,#8143)
    ,(#8144,#8145
    )),.UNSPECIFIED.,.F.,.F.,.F.,(2,2),(2,2),(-0.521628934077,
    -0.504127728829),(0.348530898582,0.381071162331),
  .PIECEWISE_BEZIER_KNOTS.);
#8142 = CARTESIAN_POINT('',(0.521628934077,0.348530898582,0.5635005879)
  );
#8143 = CARTESIAN_POINT('',(0.521628934077,0.381071162331,0.5635005879)
  );
#8144 = CARTESIAN_POINT('',(0.504127728829,0.348530898582,0.5635005879)
  );
#8145 = CARTESIAN_POINT('',(0.504127728829,0.381071162331,0.5635005879)
  );
#8146 = ADVANCED_FACE('',(#8147),#8161,.T.);
#8147 = FACE_BOUND('',#8148,.T.);
#8148 = EDGE_LOOP('',(#8149,#8150,#8151,#8152,#8153,#8154,#8155,#8156,
    #8157,#8158,#8159,#8160));
#8149 = ORIENTED_EDGE('',*,*,#7794,.F.);
#8150 = ORIENTED_EDGE('',*,*,#8110,.F.);
#8151 = ORIENTED_EDGE('',*,*,#8082,.F.);
#8152 = ORIENTED_EDGE('',*,*,#8054,.F.);
#8153 = ORIENTED_EDGE('',*,*,#8026,.F.);
#8154 = ORIENTED_EDGE('',*,*,#7998,.F.);
#8155 = ORIENTED_EDGE('',*,*,#7970,.F.);
#8156 = ORIENTED_EDGE('',*,*,#7942,.F.);
#8157 = ORIENTED_EDGE('',*,*,#7914,.F.);
#8158 = ORIENTED_EDGE('',*,*,#7886,.F.);
#8159 = ORIENTED_EDGE('',*,*,#7858,.F.);
#8160 = ORIENTED_EDGE('',*,*,#7830,.F.);
#8161 = B_SPLINE_SURFACE_WITH_KNOTS('',1,1,(
    (#8162,#8163)
    ,(#8164,#8165
    )),.UNSPECIFIED.,.F.,.F.,.F.,(2,2),(2,2),(-0.521628934077,
    -0.504127728829),(0.348530898582,0.381071162331),
  .PIECEWISE_BEZIER_KNOTS.);
#8162 = CARTESIAN_POINT('',(0.521628934077,0.348530898582,0.5625005879)
  );
#8163 = CARTESIAN_POINT('',(0.521628934077,0.381071162331,0.5625005879)
  );
#8164 = CARTESIAN_POINT('',(0.504127728829,0.348530898582,0.5625005879)
  );
#8165 = CARTESIAN_POINT('',(0.504127728829,0.381071162331,0.5625005879)
  );
#8166 = MANIFOLD_SOLID_BREP('',#8167);
#8167 = CLOSED_SHELL('',(#8168,#8292,#8416,#8436,#8456,#8476,#8496,#8516
    ,#8532,#8544,#8564,#8580,#8596,#8616,#8636,#8656));
#8168 = ADVANCED_FACE('',(#8169,#8228),#8287,.T.);
#8169 = FACE_BOUND('',#8170,.T.);
#8170 = EDGE_LOOP('',(#8171,#8180,#8189,#8198,#8207,#8216,#8223));
#8171 = ORIENTED_EDGE('',*,*,#8172,.T.);
#8172 = EDGE_CURVE('',#8173,#8175,#8177,.T.);
#8173 = VERTEX_POINT('',#8174);
#8174 = CARTESIAN_POINT('',(0.527775982878,0.348530898582,0.5635005879)
  );
#8175 = VERTEX_POINT('',#8176);
#8176 = CARTESIAN_POINT('',(0.536726219022,0.348530898582,0.5635005879)
  );
#8177 = B_SPLINE_CURVE_WITH_KNOTS('',1,(#8178,#8179),.UNSPECIFIED.,.F.,
  .F.,(2,2),(-8.95023614366E-03,-1.110223024625E-16),
  .PIECEWISE_BEZIER_KNOTS.);
#8178 = CARTESIAN_POINT('',(0.527775982878,0.348530898582,0.5635005879)
  );
#8179 = CARTESIAN_POINT('',(0.536726219022,0.348530898582,0.5635005879)
  );
#8180 = ORIENTED_EDGE('',*,*,#8181,.T.);
#8181 = EDGE_CURVE('',#8175,#8182,#8184,.T.);
#8182 = VERTEX_POINT('',#8183);
#8183 = CARTESIAN_POINT('',(0.549361357221,0.353089197287,0.5635005879)
  );
#8184 = B_SPLINE_CURVE_WITH_KNOTS('',3,(#8185,#8186,#8187,#8188),
  .UNSPECIFIED.,.F.,.F.,(4,4),(5.,6.),.PIECEWISE_BEZIER_KNOTS.);
#8185 = CARTESIAN_POINT('',(0.536726219022,0.348530898582,0.5635005879)
  );
#8186 = CARTESIAN_POINT('',(0.541875100223,0.348530898582,0.5635005879)
  );
#8187 = CARTESIAN_POINT('',(0.546092358332,0.350044786108,0.5635005879)
  );
#8188 = CARTESIAN_POINT('',(0.549361357221,0.353089197287,0.5635005879)
  );
#8189 = ORIENTED_EDGE('',*,*,#8190,.T.);
#8190 = EDGE_CURVE('',#8182,#8191,#8193,.T.);
#8191 = VERTEX_POINT('',#8192);
#8192 = CARTESIAN_POINT('',(0.554269014586,0.365216933623,0.5635005879)
  );
#8193 = B_SPLINE_CURVE_WITH_KNOTS('',3,(#8194,#8195,#8196,#8197),
  .UNSPECIFIED.,.F.,.F.,(4,4),(4.,5.),.PIECEWISE_BEZIER_KNOTS.);
#8194 = CARTESIAN_POINT('',(0.549361357221,0.353089197287,0.5635005879)
  );
#8195 = CARTESIAN_POINT('',(0.55263035611,0.356133608466,0.5635005879));
#8196 = CARTESIAN_POINT('',(0.554269014586,0.360176187245,0.5635005879)
  );
#8197 = CARTESIAN_POINT('',(0.554269014586,0.365216933623,0.5635005879)
  );
#8198 = ORIENTED_EDGE('',*,*,#8199,.T.);
#8199 = EDGE_CURVE('',#8191,#8200,#8202,.T.);
#8200 = VERTEX_POINT('',#8201);
#8201 = CARTESIAN_POINT('',(0.549361357221,0.376762405526,0.5635005879)
  );
#8202 = B_SPLINE_CURVE_WITH_KNOTS('',3,(#8203,#8204,#8205,#8206),
  .UNSPECIFIED.,.F.,.F.,(4,4),(3.,4.),.PIECEWISE_BEZIER_KNOTS.);
#8203 = CARTESIAN_POINT('',(0.554269014586,0.365216933623,0.5635005879)
  );
#8204 = CARTESIAN_POINT('',(0.554269014586,0.370041410355,0.5635005879)
  );
#8205 = CARTESIAN_POINT('',(0.55263035611,0.373884355613,0.5635005879));
#8206 = CARTESIAN_POINT('',(0.549361357221,0.376762405526,0.5635005879)
  );
#8207 = ORIENTED_EDGE('',*,*,#8208,.T.);
#8208 = EDGE_CURVE('',#8200,#8209,#8211,.T.);
#8209 = VERTEX_POINT('',#8210);
#8210 = CARTESIAN_POINT('',(0.537058941555,0.381071162331,0.5635005879)
  );
#8211 = B_SPLINE_CURVE_WITH_KNOTS('',3,(#8212,#8213,#8214,#8215),
  .UNSPECIFIED.,.F.,.F.,(4,4),(2.,3.),.PIECEWISE_BEZIER_KNOTS.);
#8212 = CARTESIAN_POINT('',(0.549361357221,0.376762405526,0.5635005879)
  );
#8213 = CARTESIAN_POINT('',(0.546092358332,0.379640455438,0.5635005879)
  );
#8214 = CARTESIAN_POINT('',(0.54199155311,0.381071162331,0.5635005879));
#8215 = CARTESIAN_POINT('',(0.537058941555,0.381071162331,0.5635005879)
  );
#8216 = ORIENTED_EDGE('',*,*,#8217,.T.);
#8217 = EDGE_CURVE('',#8209,#8218,#8220,.T.);
#8218 = VERTEX_POINT('',#8219);
#8219 = CARTESIAN_POINT('',(0.527775982878,0.381071162331,0.5635005879)
  );
#8220 = B_SPLINE_CURVE_WITH_KNOTS('',1,(#8221,#8222),.UNSPECIFIED.,.F.,
  .F.,(2,2),(-9.282958676723E-03,-0.),.PIECEWISE_BEZIER_KNOTS.);
#8221 = CARTESIAN_POINT('',(0.537058941555,0.381071162331,0.5635005879)
  );
#8222 = CARTESIAN_POINT('',(0.527775982878,0.381071162331,0.5635005879)
  );
#8223 = ORIENTED_EDGE('',*,*,#8224,.T.);
#8224 = EDGE_CURVE('',#8218,#8173,#8225,.T.);
#8225 = B_SPLINE_CURVE_WITH_KNOTS('',1,(#8226,#8227),.UNSPECIFIED.,.F.,
  .F.,(2,2),(-3.254026374901E-02,-0.),.PIECEWISE_BEZIER_KNOTS.);
#8226 = CARTESIAN_POINT('',(0.527775982878,0.381071162331,0.5635005879)
  );
#8227 = CARTESIAN_POINT('',(0.527775982878,0.348530898582,0.5635005879)
  );
#8228 = FACE_BOUND('',#8229,.T.);
#8229 = EDGE_LOOP('',(#8230,#8239,#8246,#8255,#8264,#8273,#8282));
#8230 = ORIENTED_EDGE('',*,*,#8231,.F.);
#8231 = EDGE_CURVE('',#8232,#8234,#8236,.T.);
#8232 = VERTEX_POINT('',#8233);
#8233 = CARTESIAN_POINT('',(0.53197660486,0.377328033832,0.5635005879));
#8234 = VERTEX_POINT('',#8235);
#8235 = CARTESIAN_POINT('',(0.53197660486,0.352240754827,0.5635005879));
#8236 = B_SPLINE_CURVE_WITH_KNOTS('',1,(#8237,#8238),.UNSPECIFIED.,.F.,
  .F.,(2,2),(0.,2.508727900492E-02),.PIECEWISE_BEZIER_KNOTS.);
#8237 = CARTESIAN_POINT('',(0.53197660486,0.377328033832,0.5635005879));
#8238 = CARTESIAN_POINT('',(0.53197660486,0.352240754827,0.5635005879));
#8239 = ORIENTED_EDGE('',*,*,#8240,.F.);
#8240 = EDGE_CURVE('',#8241,#8232,#8243,.T.);
#8241 = VERTEX_POINT('',#8242);
#8242 = CARTESIAN_POINT('',(0.536892580288,0.377328033832,0.5635005879)
  );
#8243 = B_SPLINE_CURVE_WITH_KNOTS('',1,(#8244,#8245),.UNSPECIFIED.,.F.,
  .F.,(2,2),(0.,4.915975428289E-03),.PIECEWISE_BEZIER_KNOTS.);
#8244 = CARTESIAN_POINT('',(0.536892580288,0.377328033832,0.5635005879)
  );
#8245 = CARTESIAN_POINT('',(0.53197660486,0.377328033832,0.5635005879));
#8246 = ORIENTED_EDGE('',*,*,#8247,.F.);
#8247 = EDGE_CURVE('',#8248,#8241,#8250,.T.);
#8248 = VERTEX_POINT('',#8249);
#8249 = CARTESIAN_POINT('',(0.546283673788,0.374266986527,0.5635005879)
  );
#8250 = B_SPLINE_CURVE_WITH_KNOTS('',3,(#8251,#8252,#8253,#8254),
  .UNSPECIFIED.,.F.,.F.,(4,4),(5.,6.),.PIECEWISE_BEZIER_KNOTS.);
#8251 = CARTESIAN_POINT('',(0.546283673788,0.374266986527,0.5635005879)
  );
#8252 = CARTESIAN_POINT('',(0.543904707676,0.376313230106,0.5635005879)
  );
#8253 = CARTESIAN_POINT('',(0.5407687978,0.377328033832,0.5635005879));
#8254 = CARTESIAN_POINT('',(0.536892580288,0.377328033832,0.5635005879)
  );
#8255 = ORIENTED_EDGE('',*,*,#8256,.F.);
#8256 = EDGE_CURVE('',#8257,#8248,#8259,.T.);
#8257 = VERTEX_POINT('',#8258);
#8258 = CARTESIAN_POINT('',(0.549852122957,0.365100480736,0.5635005879)
  );
#8259 = B_SPLINE_CURVE_WITH_KNOTS('',3,(#8260,#8261,#8262,#8263),
  .UNSPECIFIED.,.F.,.F.,(4,4),(4.,5.),.PIECEWISE_BEZIER_KNOTS.);
#8260 = CARTESIAN_POINT('',(0.549852122957,0.365100480736,0.5635005879)
  );
#8261 = CARTESIAN_POINT('',(0.549852122957,0.369159695642,0.5635005879)
  );
#8262 = CARTESIAN_POINT('',(0.548662639901,0.372220742947,0.5635005879)
  );
#8263 = CARTESIAN_POINT('',(0.546283673788,0.374266986527,0.5635005879)
  );
#8264 = ORIENTED_EDGE('',*,*,#8265,.F.);
#8265 = EDGE_CURVE('',#8266,#8257,#8268,.T.);
#8266 = VERTEX_POINT('',#8267);
#8267 = CARTESIAN_POINT('',(0.546375172485,0.355634524666,0.5635005879)
  );
#8268 = B_SPLINE_CURVE_WITH_KNOTS('',3,(#8269,#8270,#8271,#8272),
  .UNSPECIFIED.,.F.,.F.,(4,4),(3.,4.),.PIECEWISE_BEZIER_KNOTS.);
#8269 = CARTESIAN_POINT('',(0.546375172485,0.355634524666,0.5635005879)
  );
#8270 = CARTESIAN_POINT('',(0.548695912154,0.357880401766,0.5635005879)
  );
#8271 = CARTESIAN_POINT('',(0.549852122957,0.361041265831,0.5635005879)
  );
#8272 = CARTESIAN_POINT('',(0.549852122957,0.365100480736,0.5635005879)
  );
#8273 = ORIENTED_EDGE('',*,*,#8274,.F.);
#8274 = EDGE_CURVE('',#8275,#8266,#8277,.T.);
#8275 = VERTEX_POINT('',#8276);
#8276 = CARTESIAN_POINT('',(0.536701264832,0.352240754827,0.5635005879)
  );
#8277 = B_SPLINE_CURVE_WITH_KNOTS('',3,(#8278,#8279,#8280,#8281),
  .UNSPECIFIED.,.F.,.F.,(4,4),(2.,3.),.PIECEWISE_BEZIER_KNOTS.);
#8278 = CARTESIAN_POINT('',(0.536701264832,0.352240754827,0.5635005879)
  );
#8279 = CARTESIAN_POINT('',(0.540835342307,0.352240754827,0.5635005879)
  );
#8280 = CARTESIAN_POINT('',(0.544062750879,0.35337201144,0.5635005879));
#8281 = CARTESIAN_POINT('',(0.546375172485,0.355634524666,0.5635005879)
  );
#8282 = ORIENTED_EDGE('',*,*,#8283,.F.);
#8283 = EDGE_CURVE('',#8234,#8275,#8284,.T.);
#8284 = B_SPLINE_CURVE_WITH_KNOTS('',1,(#8285,#8286),.UNSPECIFIED.,.F.,
  .F.,(2,2),(0.,4.724659971684E-03),.PIECEWISE_BEZIER_KNOTS.);
#8285 = CARTESIAN_POINT('',(0.53197660486,0.352240754827,0.5635005879));
#8286 = CARTESIAN_POINT('',(0.536701264832,0.352240754827,0.5635005879)
  );
#8287 = B_SPLINE_SURFACE_WITH_KNOTS('',1,1,(
    (#8288,#8289)
    ,(#8290,#8291
    )),.UNSPECIFIED.,.F.,.F.,.F.,(2,2),(2,2),(-1.605802125946E-02,
    1.043501044827E-02),(-3.146515406349E-02,1.075109685522E-03),
  .PIECEWISE_BEZIER_KNOTS.);
#8288 = CARTESIAN_POINT('',(0.527775982878,0.348530898582,0.5635005879)
  );
#8289 = CARTESIAN_POINT('',(0.527775982878,0.381071162331,0.5635005879)
  );
#8290 = CARTESIAN_POINT('',(0.554269014586,0.348530898582,0.5635005879)
  );
#8291 = CARTESIAN_POINT('',(0.554269014586,0.381071162331,0.5635005879)
  );
#8292 = ADVANCED_FACE('',(#8293,#8352),#8411,.F.);
#8293 = FACE_BOUND('',#8294,.T.);
#8294 = EDGE_LOOP('',(#8295,#8304,#8311,#8318,#8327,#8336,#8345));
#8295 = ORIENTED_EDGE('',*,*,#8296,.F.);
#8296 = EDGE_CURVE('',#8297,#8299,#8301,.T.);
#8297 = VERTEX_POINT('',#8298);
#8298 = CARTESIAN_POINT('',(0.527775982878,0.348530898582,0.5625005879)
  );
#8299 = VERTEX_POINT('',#8300);
#8300 = CARTESIAN_POINT('',(0.536726219022,0.348530898582,0.5625005879)
  );
#8301 = B_SPLINE_CURVE_WITH_KNOTS('',1,(#8302,#8303),.UNSPECIFIED.,.F.,
  .F.,(2,2),(-8.95023614366E-03,-1.110223024625E-16),
  .PIECEWISE_BEZIER_KNOTS.);
#8302 = CARTESIAN_POINT('',(0.527775982878,0.348530898582,0.5625005879)
  );
#8303 = CARTESIAN_POINT('',(0.536726219022,0.348530898582,0.5625005879)
  );
#8304 = ORIENTED_EDGE('',*,*,#8305,.F.);
#8305 = EDGE_CURVE('',#8306,#8297,#8308,.T.);
#8306 = VERTEX_POINT('',#8307);
#8307 = CARTESIAN_POINT('',(0.527775982878,0.381071162331,0.5625005879)
  );
#8308 = B_SPLINE_CURVE_WITH_KNOTS('',1,(#8309,#8310),.UNSPECIFIED.,.F.,
  .F.,(2,2),(-3.254026374901E-02,-0.),.PIECEWISE_BEZIER_KNOTS.);
#8309 = CARTESIAN_POINT('',(0.527775982878,0.381071162331,0.5625005879)
  );
#8310 = CARTESIAN_POINT('',(0.527775982878,0.348530898582,0.5625005879)
  );
#8311 = ORIENTED_EDGE('',*,*,#8312,.F.);
#8312 = EDGE_CURVE('',#8313,#8306,#8315,.T.);
#8313 = VERTEX_POINT('',#8314);
#8314 = CARTESIAN_POINT('',(0.537058941555,0.381071162331,0.5625005879)
  );
#8315 = B_SPLINE_CURVE_WITH_KNOTS('',1,(#8316,#8317),.UNSPECIFIED.,.F.,
  .F.,(2,2),(-9.282958676723E-03,-0.),.PIECEWISE_BEZIER_KNOTS.);
#8316 = CARTESIAN_POINT('',(0.537058941555,0.381071162331,0.5625005879)
  );
#8317 = CARTESIAN_POINT('',(0.527775982878,0.381071162331,0.5625005879)
  );
#8318 = ORIENTED_EDGE('',*,*,#8319,.F.);
#8319 = EDGE_CURVE('',#8320,#8313,#8322,.T.);
#8320 = VERTEX_POINT('',#8321);
#8321 = CARTESIAN_POINT('',(0.549361357221,0.376762405526,0.5625005879)
  );
#8322 = B_SPLINE_CURVE_WITH_KNOTS('',3,(#8323,#8324,#8325,#8326),
  .UNSPECIFIED.,.F.,.F.,(4,4),(2.,3.),.PIECEWISE_BEZIER_KNOTS.);
#8323 = CARTESIAN_POINT('',(0.549361357221,0.376762405526,0.5625005879)
  );
#8324 = CARTESIAN_POINT('',(0.546092358332,0.379640455438,0.5625005879)
  );
#8325 = CARTESIAN_POINT('',(0.54199155311,0.381071162331,0.5625005879));
#8326 = CARTESIAN_POINT('',(0.537058941555,0.381071162331,0.5625005879)
  );
#8327 = ORIENTED_EDGE('',*,*,#8328,.F.);
#8328 = EDGE_CURVE('',#8329,#8320,#8331,.T.);
#8329 = VERTEX_POINT('',#8330);
#8330 = CARTESIAN_POINT('',(0.554269014586,0.365216933623,0.5625005879)
  );
#8331 = B_SPLINE_CURVE_WITH_KNOTS('',3,(#8332,#8333,#8334,#8335),
  .UNSPECIFIED.,.F.,.F.,(4,4),(3.,4.),.PIECEWISE_BEZIER_KNOTS.);
#8332 = CARTESIAN_POINT('',(0.554269014586,0.365216933623,0.5625005879)
  );
#8333 = CARTESIAN_POINT('',(0.554269014586,0.370041410355,0.5625005879)
  );
#8334 = CARTESIAN_POINT('',(0.55263035611,0.373884355613,0.5625005879));
#8335 = CARTESIAN_POINT('',(0.549361357221,0.376762405526,0.5625005879)
  );
#8336 = ORIENTED_EDGE('',*,*,#8337,.F.);
#8337 = EDGE_CURVE('',#8338,#8329,#8340,.T.);
#8338 = VERTEX_POINT('',#8339);
#8339 = CARTESIAN_POINT('',(0.549361357221,0.353089197287,0.5625005879)
  );
#8340 = B_SPLINE_CURVE_WITH_KNOTS('',3,(#8341,#8342,#8343,#8344),
  .UNSPECIFIED.,.F.,.F.,(4,4),(4.,5.),.PIECEWISE_BEZIER_KNOTS.);
#8341 = CARTESIAN_POINT('',(0.549361357221,0.353089197287,0.5625005879)
  );
#8342 = CARTESIAN_POINT('',(0.55263035611,0.356133608466,0.5625005879));
#8343 = CARTESIAN_POINT('',(0.554269014586,0.360176187245,0.5625005879)
  );
#8344 = CARTESIAN_POINT('',(0.554269014586,0.365216933623,0.5625005879)
  );
#8345 = ORIENTED_EDGE('',*,*,#8346,.F.);
#8346 = EDGE_CURVE('',#8299,#8338,#8347,.T.);
#8347 = B_SPLINE_CURVE_WITH_KNOTS('',3,(#8348,#8349,#8350,#8351),
  .UNSPECIFIED.,.F.,.F.,(4,4),(5.,6.),.PIECEWISE_BEZIER_KNOTS.);
#8348 = CARTESIAN_POINT('',(0.536726219022,0.348530898582,0.5625005879)
  );
#8349 = CARTESIAN_POINT('',(0.541875100223,0.348530898582,0.5625005879)
  );
#8350 = CARTESIAN_POINT('',(0.546092358332,0.350044786108,0.5625005879)
  );
#8351 = CARTESIAN_POINT('',(0.549361357221,0.353089197287,0.5625005879)
  );
#8352 = FACE_BOUND('',#8353,.T.);
#8353 = EDGE_LOOP('',(#8354,#8363,#8370,#8377,#8386,#8395,#8404));
#8354 = ORIENTED_EDGE('',*,*,#8355,.T.);
#8355 = EDGE_CURVE('',#8356,#8358,#8360,.T.);
#8356 = VERTEX_POINT('',#8357);
#8357 = CARTESIAN_POINT('',(0.536892580288,0.377328033832,0.5625005879)
  );
#8358 = VERTEX_POINT('',#8359);
#8359 = CARTESIAN_POINT('',(0.53197660486,0.377328033832,0.5625005879));
#8360 = B_SPLINE_CURVE_WITH_KNOTS('',1,(#8361,#8362),.UNSPECIFIED.,.F.,
  .F.,(2,2),(0.,4.915975428289E-03),.PIECEWISE_BEZIER_KNOTS.);
#8361 = CARTESIAN_POINT('',(0.536892580288,0.377328033832,0.5625005879)
  );
#8362 = CARTESIAN_POINT('',(0.53197660486,0.377328033832,0.5625005879));
#8363 = ORIENTED_EDGE('',*,*,#8364,.T.);
#8364 = EDGE_CURVE('',#8358,#8365,#8367,.T.);
#8365 = VERTEX_POINT('',#8366);
#8366 = CARTESIAN_POINT('',(0.53197660486,0.352240754827,0.5625005879));
#8367 = B_SPLINE_CURVE_WITH_KNOTS('',1,(#8368,#8369),.UNSPECIFIED.,.F.,
  .F.,(2,2),(0.,2.508727900492E-02),.PIECEWISE_BEZIER_KNOTS.);
#8368 = CARTESIAN_POINT('',(0.53197660486,0.377328033832,0.5625005879));
#8369 = CARTESIAN_POINT('',(0.53197660486,0.352240754827,0.5625005879));
#8370 = ORIENTED_EDGE('',*,*,#8371,.T.);
#8371 = EDGE_CURVE('',#8365,#8372,#8374,.T.);
#8372 = VERTEX_POINT('',#8373);
#8373 = CARTESIAN_POINT('',(0.536701264832,0.352240754827,0.5625005879)
  );
#8374 = B_SPLINE_CURVE_WITH_KNOTS('',1,(#8375,#8376),.UNSPECIFIED.,.F.,
  .F.,(2,2),(0.,4.724659971684E-03),.PIECEWISE_BEZIER_KNOTS.);
#8375 = CARTESIAN_POINT('',(0.53197660486,0.352240754827,0.5625005879));
#8376 = CARTESIAN_POINT('',(0.536701264832,0.352240754827,0.5625005879)
  );
#8377 = ORIENTED_EDGE('',*,*,#8378,.T.);
#8378 = EDGE_CURVE('',#8372,#8379,#8381,.T.);
#8379 = VERTEX_POINT('',#8380);
#8380 = CARTESIAN_POINT('',(0.546375172485,0.355634524666,0.5625005879)
  );
#8381 = B_SPLINE_CURVE_WITH_KNOTS('',3,(#8382,#8383,#8384,#8385),
  .UNSPECIFIED.,.F.,.F.,(4,4),(2.,3.),.PIECEWISE_BEZIER_KNOTS.);
#8382 = CARTESIAN_POINT('',(0.536701264832,0.352240754827,0.5625005879)
  );
#8383 = CARTESIAN_POINT('',(0.540835342307,0.352240754827,0.5625005879)
  );
#8384 = CARTESIAN_POINT('',(0.544062750879,0.35337201144,0.5625005879));
#8385 = CARTESIAN_POINT('',(0.546375172485,0.355634524666,0.5625005879)
  );
#8386 = ORIENTED_EDGE('',*,*,#8387,.T.);
#8387 = EDGE_CURVE('',#8379,#8388,#8390,.T.);
#8388 = VERTEX_POINT('',#8389);
#8389 = CARTESIAN_POINT('',(0.549852122957,0.365100480736,0.5625005879)
  );
#8390 = B_SPLINE_CURVE_WITH_KNOTS('',3,(#8391,#8392,#8393,#8394),
  .UNSPECIFIED.,.F.,.F.,(4,4),(3.,4.),.PIECEWISE_BEZIER_KNOTS.);
#8391 = CARTESIAN_POINT('',(0.546375172485,0.355634524666,0.5625005879)
  );
#8392 = CARTESIAN_POINT('',(0.548695912154,0.357880401766,0.5625005879)
  );
#8393 = CARTESIAN_POINT('',(0.549852122957,0.361041265831,0.5625005879)
  );
#8394 = CARTESIAN_POINT('',(0.549852122957,0.365100480736,0.5625005879)
  );
#8395 = ORIENTED_EDGE('',*,*,#8396,.T.);
#8396 = EDGE_CURVE('',#8388,#8397,#8399,.T.);
#8397 = VERTEX_POINT('',#8398);
#8398 = CARTESIAN_POINT('',(0.546283673788,0.374266986527,0.5625005879)
  );
#8399 = B_SPLINE_CURVE_WITH_KNOTS('',3,(#8400,#8401,#8402,#8403),
  .UNSPECIFIED.,.F.,.F.,(4,4),(4.,5.),.PIECEWISE_BEZIER_KNOTS.);
#8400 = CARTESIAN_POINT('',(0.549852122957,0.365100480736,0.5625005879)
  );
#8401 = CARTESIAN_POINT('',(0.549852122957,0.369159695642,0.5625005879)
  );
#8402 = CARTESIAN_POINT('',(0.548662639901,0.372220742947,0.5625005879)
  );
#8403 = CARTESIAN_POINT('',(0.546283673788,0.374266986527,0.5625005879)
  );
#8404 = ORIENTED_EDGE('',*,*,#8405,.T.);
#8405 = EDGE_CURVE('',#8397,#8356,#8406,.T.);
#8406 = B_SPLINE_CURVE_WITH_KNOTS('',3,(#8407,#8408,#8409,#8410),
  .UNSPECIFIED.,.F.,.F.,(4,4),(5.,6.),.PIECEWISE_BEZIER_KNOTS.);
#8407 = CARTESIAN_POINT('',(0.546283673788,0.374266986527,0.5625005879)
  );
#8408 = CARTESIAN_POINT('',(0.543904707676,0.376313230106,0.5625005879)
  );
#8409 = CARTESIAN_POINT('',(0.5407687978,0.377328033832,0.5625005879));
#8410 = CARTESIAN_POINT('',(0.536892580288,0.377328033832,0.5625005879)
  );
#8411 = B_SPLINE_SURFACE_WITH_KNOTS('',1,1,(
    (#8412,#8413)
    ,(#8414,#8415
    )),.UNSPECIFIED.,.F.,.F.,.F.,(2,2),(2,2),(-1.605802125946E-02,
    1.043501044827E-02),(-3.146515406349E-02,1.075109685522E-03),
  .PIECEWISE_BEZIER_KNOTS.);
#8412 = CARTESIAN_POINT('',(0.527775982878,0.348530898582,0.5625005879)
  );
#8413 = CARTESIAN_POINT('',(0.527775982878,0.381071162331,0.5625005879)
  );
#8414 = CARTESIAN_POINT('',(0.554269014586,0.348530898582,0.5625005879)
  );
#8415 = CARTESIAN_POINT('',(0.554269014586,0.381071162331,0.5625005879)
  );
#8416 = ADVANCED_FACE('',(#8417),#8431,.F.);
#8417 = FACE_BOUND('',#8418,.T.);
#8418 = EDGE_LOOP('',(#8419,#8420,#8425,#8426));
#8419 = ORIENTED_EDGE('',*,*,#8296,.T.);
#8420 = ORIENTED_EDGE('',*,*,#8421,.F.);
#8421 = EDGE_CURVE('',#8175,#8299,#8422,.T.);
#8422 = B_SPLINE_CURVE_WITH_KNOTS('',1,(#8423,#8424),.UNSPECIFIED.,.F.,
  .F.,(2,2),(-0.,1.E-03),.PIECEWISE_BEZIER_KNOTS.);
#8423 = CARTESIAN_POINT('',(0.536726219022,0.348530898582,0.5635005879)
  );
#8424 = CARTESIAN_POINT('',(0.536726219022,0.348530898582,0.5625005879)
  );
#8425 = ORIENTED_EDGE('',*,*,#8172,.F.);
#8426 = ORIENTED_EDGE('',*,*,#8427,.T.);
#8427 = EDGE_CURVE('',#8173,#8297,#8428,.T.);
#8428 = B_SPLINE_CURVE_WITH_KNOTS('',1,(#8429,#8430),.UNSPECIFIED.,.F.,
  .F.,(2,2),(-0.,1.E-03),.PIECEWISE_BEZIER_KNOTS.);
#8429 = CARTESIAN_POINT('',(0.527775982878,0.348530898582,0.5635005879)
  );
#8430 = CARTESIAN_POINT('',(0.527775982878,0.348530898582,0.5625005879)
  );
#8431 = B_SPLINE_SURFACE_WITH_KNOTS('',1,1,(
    (#8432,#8433)
    ,(#8434,#8435)),.UNSPECIFIED.,.F.,.F.,.F.,(2,2),(2,2),(-1.E-03,0.),(
    -8.95023614366E-03,-1.110223024625E-16),.PIECEWISE_BEZIER_KNOTS.);
#8432 = CARTESIAN_POINT('',(0.527775982878,0.348530898582,0.5625005879)
  );
#8433 = CARTESIAN_POINT('',(0.536726219022,0.348530898582,0.5625005879)
  );
#8434 = CARTESIAN_POINT('',(0.527775982878,0.348530898582,0.5635005879)
  );
#8435 = CARTESIAN_POINT('',(0.536726219022,0.348530898582,0.5635005879)
  );
#8436 = ADVANCED_FACE('',(#8437),#8447,.F.);
#8437 = FACE_BOUND('',#8438,.F.);
#8438 = EDGE_LOOP('',(#8439,#8440,#8441,#8446));
#8439 = ORIENTED_EDGE('',*,*,#8421,.F.);
#8440 = ORIENTED_EDGE('',*,*,#8181,.T.);
#8441 = ORIENTED_EDGE('',*,*,#8442,.T.);
#8442 = EDGE_CURVE('',#8182,#8338,#8443,.T.);
#8443 = B_SPLINE_CURVE_WITH_KNOTS('',1,(#8444,#8445),.UNSPECIFIED.,.F.,
  .F.,(2,2),(-0.,1.E-03),.PIECEWISE_BEZIER_KNOTS.);
#8444 = CARTESIAN_POINT('',(0.549361357221,0.353089197287,0.5635005879)
  );
#8445 = CARTESIAN_POINT('',(0.549361357221,0.353089197287,0.5625005879)
  );
#8446 = ORIENTED_EDGE('',*,*,#8346,.F.);
#8447 = B_SPLINE_SURFACE_WITH_KNOTS('',3,1,(
    (#8448,#8449)
    ,(#8450,#8451)
    ,(#8452,#8453)
    ,(#8454,#8455
    )),.UNSPECIFIED.,.F.,.F.,.F.,(4,4),(2,2),(5.,6.),(0.,1.),
  .PIECEWISE_BEZIER_KNOTS.);
#8448 = CARTESIAN_POINT('',(0.536726219022,0.348530898582,0.5635005879)
  );
#8449 = CARTESIAN_POINT('',(0.536726219022,0.348530898582,0.5625005879)
  );
#8450 = CARTESIAN_POINT('',(0.541875100223,0.348530898582,0.5635005879)
  );
#8451 = CARTESIAN_POINT('',(0.541875100223,0.348530898582,0.5625005879)
  );
#8452 = CARTESIAN_POINT('',(0.546092358332,0.350044786108,0.5635005879)
  );
#8453 = CARTESIAN_POINT('',(0.546092358332,0.350044786108,0.5625005879)
  );
#8454 = CARTESIAN_POINT('',(0.549361357221,0.353089197287,0.5635005879)
  );
#8455 = CARTESIAN_POINT('',(0.549361357221,0.353089197287,0.5625005879)
  );
#8456 = ADVANCED_FACE('',(#8457),#8467,.F.);
#8457 = FACE_BOUND('',#8458,.F.);
#8458 = EDGE_LOOP('',(#8459,#8460,#8461,#8466));
#8459 = ORIENTED_EDGE('',*,*,#8442,.F.);
#8460 = ORIENTED_EDGE('',*,*,#8190,.T.);
#8461 = ORIENTED_EDGE('',*,*,#8462,.T.);
#8462 = EDGE_CURVE('',#8191,#8329,#8463,.T.);
#8463 = B_SPLINE_CURVE_WITH_KNOTS('',1,(#8464,#8465),.UNSPECIFIED.,.F.,
  .F.,(2,2),(-0.,1.E-03),.PIECEWISE_BEZIER_KNOTS.);
#8464 = CARTESIAN_POINT('',(0.554269014586,0.365216933623,0.5635005879)
  );
#8465 = CARTESIAN_POINT('',(0.554269014586,0.365216933623,0.5625005879)
  );
#8466 = ORIENTED_EDGE('',*,*,#8337,.F.);
#8467 = B_SPLINE_SURFACE_WITH_KNOTS('',3,1,(
    (#8468,#8469)
    ,(#8470,#8471)
    ,(#8472,#8473)
    ,(#8474,#8475
    )),.UNSPECIFIED.,.F.,.F.,.F.,(4,4),(2,2),(4.,5.),(0.,1.),
  .PIECEWISE_BEZIER_KNOTS.);
#8468 = CARTESIAN_POINT('',(0.549361357221,0.353089197287,0.5635005879)
  );
#8469 = CARTESIAN_POINT('',(0.549361357221,0.353089197287,0.5625005879)
  );
#8470 = CARTESIAN_POINT('',(0.55263035611,0.356133608466,0.5635005879));
#8471 = CARTESIAN_POINT('',(0.55263035611,0.356133608466,0.5625005879));
#8472 = CARTESIAN_POINT('',(0.554269014586,0.360176187245,0.5635005879)
  );
#8473 = CARTESIAN_POINT('',(0.554269014586,0.360176187245,0.5625005879)
  );
#8474 = CARTESIAN_POINT('',(0.554269014586,0.365216933623,0.5635005879)
  );
#8475 = CARTESIAN_POINT('',(0.554269014586,0.365216933623,0.5625005879)
  );
#8476 = ADVANCED_FACE('',(#8477),#8487,.F.);
#8477 = FACE_BOUND('',#8478,.F.);
#8478 = EDGE_LOOP('',(#8479,#8480,#8481,#8486));
#8479 = ORIENTED_EDGE('',*,*,#8462,.F.);
#8480 = ORIENTED_EDGE('',*,*,#8199,.T.);
#8481 = ORIENTED_EDGE('',*,*,#8482,.T.);
#8482 = EDGE_CURVE('',#8200,#8320,#8483,.T.);
#8483 = B_SPLINE_CURVE_WITH_KNOTS('',1,(#8484,#8485),.UNSPECIFIED.,.F.,
  .F.,(2,2),(-0.,1.E-03),.PIECEWISE_BEZIER_KNOTS.);
#8484 = CARTESIAN_POINT('',(0.549361357221,0.376762405526,0.5635005879)
  );
#8485 = CARTESIAN_POINT('',(0.549361357221,0.376762405526,0.5625005879)
  );
#8486 = ORIENTED_EDGE('',*,*,#8328,.F.);
#8487 = B_SPLINE_SURFACE_WITH_KNOTS('',3,1,(
    (#8488,#8489)
    ,(#8490,#8491)
    ,(#8492,#8493)
    ,(#8494,#8495
    )),.UNSPECIFIED.,.F.,.F.,.F.,(4,4),(2,2),(3.,4.),(0.,1.),
  .PIECEWISE_BEZIER_KNOTS.);
#8488 = CARTESIAN_POINT('',(0.554269014586,0.365216933623,0.5635005879)
  );
#8489 = CARTESIAN_POINT('',(0.554269014586,0.365216933623,0.5625005879)
  );
#8490 = CARTESIAN_POINT('',(0.554269014586,0.370041410355,0.5635005879)
  );
#8491 = CARTESIAN_POINT('',(0.554269014586,0.370041410355,0.5625005879)
  );
#8492 = CARTESIAN_POINT('',(0.55263035611,0.373884355613,0.5635005879));
#8493 = CARTESIAN_POINT('',(0.55263035611,0.373884355613,0.5625005879));
#8494 = CARTESIAN_POINT('',(0.549361357221,0.376762405526,0.5635005879)
  );
#8495 = CARTESIAN_POINT('',(0.549361357221,0.376762405526,0.5625005879)
  );
#8496 = ADVANCED_FACE('',(#8497),#8507,.F.);
#8497 = FACE_BOUND('',#8498,.F.);
#8498 = EDGE_LOOP('',(#8499,#8500,#8501,#8506));
#8499 = ORIENTED_EDGE('',*,*,#8482,.F.);
#8500 = ORIENTED_EDGE('',*,*,#8208,.T.);
#8501 = ORIENTED_EDGE('',*,*,#8502,.T.);
#8502 = EDGE_CURVE('',#8209,#8313,#8503,.T.);
#8503 = B_SPLINE_CURVE_WITH_KNOTS('',1,(#8504,#8505),.UNSPECIFIED.,.F.,
  .F.,(2,2),(-0.,1.E-03),.PIECEWISE_BEZIER_KNOTS.);
#8504 = CARTESIAN_POINT('',(0.537058941555,0.381071162331,0.5635005879)
  );
#8505 = CARTESIAN_POINT('',(0.537058941555,0.381071162331,0.5625005879)
  );
#8506 = ORIENTED_EDGE('',*,*,#8319,.F.);
#8507 = B_SPLINE_SURFACE_WITH_KNOTS('',3,1,(
    (#8508,#8509)
    ,(#8510,#8511)
    ,(#8512,#8513)
    ,(#8514,#8515
    )),.UNSPECIFIED.,.F.,.F.,.F.,(4,4),(2,2),(2.,3.),(0.,1.),
  .PIECEWISE_BEZIER_KNOTS.);
#8508 = CARTESIAN_POINT('',(0.549361357221,0.376762405526,0.5635005879)
  );
#8509 = CARTESIAN_POINT('',(0.549361357221,0.376762405526,0.5625005879)
  );
#8510 = CARTESIAN_POINT('',(0.546092358332,0.379640455438,0.5635005879)
  );
#8511 = CARTESIAN_POINT('',(0.546092358332,0.379640455438,0.5625005879)
  );
#8512 = CARTESIAN_POINT('',(0.54199155311,0.381071162331,0.5635005879));
#8513 = CARTESIAN_POINT('',(0.54199155311,0.381071162331,0.5625005879));
#8514 = CARTESIAN_POINT('',(0.537058941555,0.381071162331,0.5635005879)
  );
#8515 = CARTESIAN_POINT('',(0.537058941555,0.381071162331,0.5625005879)
  );
#8516 = ADVANCED_FACE('',(#8517),#8527,.F.);
#8517 = FACE_BOUND('',#8518,.T.);
#8518 = EDGE_LOOP('',(#8519,#8520,#8525,#8526));
#8519 = ORIENTED_EDGE('',*,*,#8312,.T.);
#8520 = ORIENTED_EDGE('',*,*,#8521,.F.);
#8521 = EDGE_CURVE('',#8218,#8306,#8522,.T.);
#8522 = B_SPLINE_CURVE_WITH_KNOTS('',1,(#8523,#8524),.UNSPECIFIED.,.F.,
  .F.,(2,2),(-0.,1.E-03),.PIECEWISE_BEZIER_KNOTS.);
#8523 = CARTESIAN_POINT('',(0.527775982878,0.381071162331,0.5635005879)
  );
#8524 = CARTESIAN_POINT('',(0.527775982878,0.381071162331,0.5625005879)
  );
#8525 = ORIENTED_EDGE('',*,*,#8217,.F.);
#8526 = ORIENTED_EDGE('',*,*,#8502,.T.);
#8527 = B_SPLINE_SURFACE_WITH_KNOTS('',1,1,(
    (#8528,#8529)
    ,(#8530,#8531
    )),.UNSPECIFIED.,.F.,.F.,.F.,(2,2),(2,2),(0.,1.E-03),(0.,
    9.282958676723E-03),.PIECEWISE_BEZIER_KNOTS.);
#8528 = CARTESIAN_POINT('',(0.527775982878,0.381071162331,0.5635005879)
  );
#8529 = CARTESIAN_POINT('',(0.537058941555,0.381071162331,0.5635005879)
  );
#8530 = CARTESIAN_POINT('',(0.527775982878,0.381071162331,0.5625005879)
  );
#8531 = CARTESIAN_POINT('',(0.537058941555,0.381071162331,0.5625005879)
  );
#8532 = ADVANCED_FACE('',(#8533),#8539,.F.);
#8533 = FACE_BOUND('',#8534,.T.);
#8534 = EDGE_LOOP('',(#8535,#8536,#8537,#8538));
#8535 = ORIENTED_EDGE('',*,*,#8305,.T.);
#8536 = ORIENTED_EDGE('',*,*,#8427,.F.);
#8537 = ORIENTED_EDGE('',*,*,#8224,.F.);
#8538 = ORIENTED_EDGE('',*,*,#8521,.T.);
#8539 = B_SPLINE_SURFACE_WITH_KNOTS('',1,1,(
    (#8540,#8541)
    ,(#8542,#8543
    )),.UNSPECIFIED.,.F.,.F.,.F.,(2,2),(2,2),(0.,1.E-03),(0.,
    3.254026374901E-02),.PIECEWISE_BEZIER_KNOTS.);
#8540 = CARTESIAN_POINT('',(0.527775982878,0.348530898582,0.5635005879)
  );
#8541 = CARTESIAN_POINT('',(0.527775982878,0.381071162331,0.5635005879)
  );
#8542 = CARTESIAN_POINT('',(0.527775982878,0.348530898582,0.5625005879)
  );
#8543 = CARTESIAN_POINT('',(0.527775982878,0.381071162331,0.5625005879)
  );
#8544 = ADVANCED_FACE('',(#8545),#8559,.T.);
#8545 = FACE_BOUND('',#8546,.T.);
#8546 = EDGE_LOOP('',(#8547,#8548,#8553,#8554));
#8547 = ORIENTED_EDGE('',*,*,#8355,.F.);
#8548 = ORIENTED_EDGE('',*,*,#8549,.F.);
#8549 = EDGE_CURVE('',#8241,#8356,#8550,.T.);
#8550 = B_SPLINE_CURVE_WITH_KNOTS('',1,(#8551,#8552),.UNSPECIFIED.,.F.,
  .F.,(2,2),(-0.,1.E-03),.PIECEWISE_BEZIER_KNOTS.);
#8551 = CARTESIAN_POINT('',(0.536892580288,0.377328033832,0.5635005879)
  );
#8552 = CARTESIAN_POINT('',(0.536892580288,0.377328033832,0.5625005879)
  );
#8553 = ORIENTED_EDGE('',*,*,#8240,.T.);
#8554 = ORIENTED_EDGE('',*,*,#8555,.T.);
#8555 = EDGE_CURVE('',#8232,#8358,#8556,.T.);
#8556 = B_SPLINE_CURVE_WITH_KNOTS('',1,(#8557,#8558),.UNSPECIFIED.,.F.,
  .F.,(2,2),(-0.,1.E-03),.PIECEWISE_BEZIER_KNOTS.);
#8557 = CARTESIAN_POINT('',(0.53197660486,0.377328033832,0.5635005879));
#8558 = CARTESIAN_POINT('',(0.53197660486,0.377328033832,0.5625005879));
#8559 = B_SPLINE_SURFACE_WITH_KNOTS('',1,1,(
    (#8560,#8561)
    ,(#8562,#8563)),.UNSPECIFIED.,.F.,.F.,.F.,(2,2),(2,2),(0.,1.E-03),(
    -4.915975428289E-03,0.),.PIECEWISE_BEZIER_KNOTS.);
#8560 = CARTESIAN_POINT('',(0.53197660486,0.377328033832,0.5635005879));
#8561 = CARTESIAN_POINT('',(0.536892580288,0.377328033832,0.5635005879)
  );
#8562 = CARTESIAN_POINT('',(0.53197660486,0.377328033832,0.5625005879));
#8563 = CARTESIAN_POINT('',(0.536892580288,0.377328033832,0.5625005879)
  );
#8564 = ADVANCED_FACE('',(#8565),#8575,.T.);
#8565 = FACE_BOUND('',#8566,.T.);
#8566 = EDGE_LOOP('',(#8567,#8568,#8569,#8570));
#8567 = ORIENTED_EDGE('',*,*,#8364,.F.);
#8568 = ORIENTED_EDGE('',*,*,#8555,.F.);
#8569 = ORIENTED_EDGE('',*,*,#8231,.T.);
#8570 = ORIENTED_EDGE('',*,*,#8571,.T.);
#8571 = EDGE_CURVE('',#8234,#8365,#8572,.T.);
#8572 = B_SPLINE_CURVE_WITH_KNOTS('',1,(#8573,#8574),.UNSPECIFIED.,.F.,
  .F.,(2,2),(-0.,1.E-03),.PIECEWISE_BEZIER_KNOTS.);
#8573 = CARTESIAN_POINT('',(0.53197660486,0.352240754827,0.5635005879));
#8574 = CARTESIAN_POINT('',(0.53197660486,0.352240754827,0.5625005879));
#8575 = B_SPLINE_SURFACE_WITH_KNOTS('',1,1,(
    (#8576,#8577)
    ,(#8578,#8579)),.UNSPECIFIED.,.F.,.F.,.F.,(2,2),(2,2),(0.,1.E-03),(
    -2.508727900492E-02,0.),.PIECEWISE_BEZIER_KNOTS.);
#8576 = CARTESIAN_POINT('',(0.53197660486,0.352240754827,0.5635005879));
#8577 = CARTESIAN_POINT('',(0.53197660486,0.377328033832,0.5635005879));
#8578 = CARTESIAN_POINT('',(0.53197660486,0.352240754827,0.5625005879));
#8579 = CARTESIAN_POINT('',(0.53197660486,0.377328033832,0.5625005879));
#8580 = ADVANCED_FACE('',(#8581),#8591,.T.);
#8581 = FACE_BOUND('',#8582,.T.);
#8582 = EDGE_LOOP('',(#8583,#8584,#8585,#8586));
#8583 = ORIENTED_EDGE('',*,*,#8371,.F.);
#8584 = ORIENTED_EDGE('',*,*,#8571,.F.);
#8585 = ORIENTED_EDGE('',*,*,#8283,.T.);
#8586 = ORIENTED_EDGE('',*,*,#8587,.T.);
#8587 = EDGE_CURVE('',#8275,#8372,#8588,.T.);
#8588 = B_SPLINE_CURVE_WITH_KNOTS('',1,(#8589,#8590),.UNSPECIFIED.,.F.,
  .F.,(2,2),(-0.,1.E-03),.PIECEWISE_BEZIER_KNOTS.);
#8589 = CARTESIAN_POINT('',(0.536701264832,0.352240754827,0.5635005879)
  );
#8590 = CARTESIAN_POINT('',(0.536701264832,0.352240754827,0.5625005879)
  );
#8591 = B_SPLINE_SURFACE_WITH_KNOTS('',1,1,(
    (#8592,#8593)
    ,(#8594,#8595
    )),.UNSPECIFIED.,.F.,.F.,.F.,(2,2),(2,2),(-1.E-03,0.),(0.,
    4.724659971684E-03),.PIECEWISE_BEZIER_KNOTS.);
#8592 = CARTESIAN_POINT('',(0.53197660486,0.352240754827,0.5625005879));
#8593 = CARTESIAN_POINT('',(0.536701264832,0.352240754827,0.5625005879)
  );
#8594 = CARTESIAN_POINT('',(0.53197660486,0.352240754827,0.5635005879));
#8595 = CARTESIAN_POINT('',(0.536701264832,0.352240754827,0.5635005879)
  );
#8596 = ADVANCED_FACE('',(#8597),#8607,.T.);
#8597 = FACE_BOUND('',#8598,.T.);
#8598 = EDGE_LOOP('',(#8599,#8600,#8601,#8602));
#8599 = ORIENTED_EDGE('',*,*,#8378,.F.);
#8600 = ORIENTED_EDGE('',*,*,#8587,.F.);
#8601 = ORIENTED_EDGE('',*,*,#8274,.T.);
#8602 = ORIENTED_EDGE('',*,*,#8603,.T.);
#8603 = EDGE_CURVE('',#8266,#8379,#8604,.T.);
#8604 = B_SPLINE_CURVE_WITH_KNOTS('',1,(#8605,#8606),.UNSPECIFIED.,.F.,
  .F.,(2,2),(-0.,1.E-03),.PIECEWISE_BEZIER_KNOTS.);
#8605 = CARTESIAN_POINT('',(0.546375172485,0.355634524666,0.5635005879)
  );
#8606 = CARTESIAN_POINT('',(0.546375172485,0.355634524666,0.5625005879)
  );
#8607 = B_SPLINE_SURFACE_WITH_KNOTS('',3,1,(
    (#8608,#8609)
    ,(#8610,#8611)
    ,(#8612,#8613)
    ,(#8614,#8615
    )),.UNSPECIFIED.,.F.,.F.,.F.,(4,4),(2,2),(2.,3.),(0.,1.),
  .PIECEWISE_BEZIER_KNOTS.);
#8608 = CARTESIAN_POINT('',(0.536701264832,0.352240754827,0.5635005879)
  );
#8609 = CARTESIAN_POINT('',(0.536701264832,0.352240754827,0.5625005879)
  );
#8610 = CARTESIAN_POINT('',(0.540835342307,0.352240754827,0.5635005879)
  );
#8611 = CARTESIAN_POINT('',(0.540835342307,0.352240754827,0.5625005879)
  );
#8612 = CARTESIAN_POINT('',(0.544062750879,0.35337201144,0.5635005879));
#8613 = CARTESIAN_POINT('',(0.544062750879,0.35337201144,0.5625005879));
#8614 = CARTESIAN_POINT('',(0.546375172485,0.355634524666,0.5635005879)
  );
#8615 = CARTESIAN_POINT('',(0.546375172485,0.355634524666,0.5625005879)
  );
#8616 = ADVANCED_FACE('',(#8617),#8627,.T.);
#8617 = FACE_BOUND('',#8618,.T.);
#8618 = EDGE_LOOP('',(#8619,#8620,#8621,#8622));
#8619 = ORIENTED_EDGE('',*,*,#8387,.F.);
#8620 = ORIENTED_EDGE('',*,*,#8603,.F.);
#8621 = ORIENTED_EDGE('',*,*,#8265,.T.);
#8622 = ORIENTED_EDGE('',*,*,#8623,.T.);
#8623 = EDGE_CURVE('',#8257,#8388,#8624,.T.);
#8624 = B_SPLINE_CURVE_WITH_KNOTS('',1,(#8625,#8626),.UNSPECIFIED.,.F.,
  .F.,(2,2),(-0.,1.E-03),.PIECEWISE_BEZIER_KNOTS.);
#8625 = CARTESIAN_POINT('',(0.549852122957,0.365100480736,0.5635005879)
  );
#8626 = CARTESIAN_POINT('',(0.549852122957,0.365100480736,0.5625005879)
  );
#8627 = B_SPLINE_SURFACE_WITH_KNOTS('',3,1,(
    (#8628,#8629)
    ,(#8630,#8631)
    ,(#8632,#8633)
    ,(#8634,#8635
    )),.UNSPECIFIED.,.F.,.F.,.F.,(4,4),(2,2),(3.,4.),(0.,1.),
  .PIECEWISE_BEZIER_KNOTS.);
#8628 = CARTESIAN_POINT('',(0.546375172485,0.355634524666,0.5635005879)
  );
#8629 = CARTESIAN_POINT('',(0.546375172485,0.355634524666,0.5625005879)
  );
#8630 = CARTESIAN_POINT('',(0.548695912154,0.357880401766,0.5635005879)
  );
#8631 = CARTESIAN_POINT('',(0.548695912154,0.357880401766,0.5625005879)
  );
#8632 = CARTESIAN_POINT('',(0.549852122957,0.361041265831,0.5635005879)
  );
#8633 = CARTESIAN_POINT('',(0.549852122957,0.361041265831,0.5625005879)
  );
#8634 = CARTESIAN_POINT('',(0.549852122957,0.365100480736,0.5635005879)
  );
#8635 = CARTESIAN_POINT('',(0.549852122957,0.365100480736,0.5625005879)
  );
#8636 = ADVANCED_FACE('',(#8637),#8647,.T.);
#8637 = FACE_BOUND('',#8638,.T.);
#8638 = EDGE_LOOP('',(#8639,#8640,#8641,#8642));
#8639 = ORIENTED_EDGE('',*,*,#8396,.F.);
#8640 = ORIENTED_EDGE('',*,*,#8623,.F.);
#8641 = ORIENTED_EDGE('',*,*,#8256,.T.);
#8642 = ORIENTED_EDGE('',*,*,#8643,.T.);
#8643 = EDGE_CURVE('',#8248,#8397,#8644,.T.);
#8644 = B_SPLINE_CURVE_WITH_KNOTS('',1,(#8645,#8646),.UNSPECIFIED.,.F.,
  .F.,(2,2),(-0.,1.E-03),.PIECEWISE_BEZIER_KNOTS.);
#8645 = CARTESIAN_POINT('',(0.546283673788,0.374266986527,0.5635005879)
  );
#8646 = CARTESIAN_POINT('',(0.546283673788,0.374266986527,0.5625005879)
  );
#8647 = B_SPLINE_SURFACE_WITH_KNOTS('',3,1,(
    (#8648,#8649)
    ,(#8650,#8651)
    ,(#8652,#8653)
    ,(#8654,#8655
    )),.UNSPECIFIED.,.F.,.F.,.F.,(4,4),(2,2),(4.,5.),(0.,1.),
  .PIECEWISE_BEZIER_KNOTS.);
#8648 = CARTESIAN_POINT('',(0.549852122957,0.365100480736,0.5635005879)
  );
#8649 = CARTESIAN_POINT('',(0.549852122957,0.365100480736,0.5625005879)
  );
#8650 = CARTESIAN_POINT('',(0.549852122957,0.369159695642,0.5635005879)
  );
#8651 = CARTESIAN_POINT('',(0.549852122957,0.369159695642,0.5625005879)
  );
#8652 = CARTESIAN_POINT('',(0.548662639901,0.372220742947,0.5635005879)
  );
#8653 = CARTESIAN_POINT('',(0.548662639901,0.372220742947,0.5625005879)
  );
#8654 = CARTESIAN_POINT('',(0.546283673788,0.374266986527,0.5635005879)
  );
#8655 = CARTESIAN_POINT('',(0.546283673788,0.374266986527,0.5625005879)
  );
#8656 = ADVANCED_FACE('',(#8657),#8663,.T.);
#8657 = FACE_BOUND('',#8658,.T.);
#8658 = EDGE_LOOP('',(#8659,#8660,#8661,#8662));
#8659 = ORIENTED_EDGE('',*,*,#8405,.F.);
#8660 = ORIENTED_EDGE('',*,*,#8643,.F.);
#8661 = ORIENTED_EDGE('',*,*,#8247,.T.);
#8662 = ORIENTED_EDGE('',*,*,#8549,.T.);
#8663 = B_SPLINE_SURFACE_WITH_KNOTS('',3,1,(
    (#8664,#8665)
    ,(#8666,#8667)
    ,(#8668,#8669)
    ,(#8670,#8671
    )),.UNSPECIFIED.,.F.,.F.,.F.,(4,4),(2,2),(5.,6.),(0.,1.),
  .PIECEWISE_BEZIER_KNOTS.);
#8664 = CARTESIAN_POINT('',(0.546283673788,0.374266986527,0.5635005879)
  );
#8665 = CARTESIAN_POINT('',(0.546283673788,0.374266986527,0.5625005879)
  );
#8666 = CARTESIAN_POINT('',(0.543904707676,0.376313230106,0.5635005879)
  );
#8667 = CARTESIAN_POINT('',(0.543904707676,0.376313230106,0.5625005879)
  );
#8668 = CARTESIAN_POINT('',(0.5407687978,0.377328033832,0.5635005879));
#8669 = CARTESIAN_POINT('',(0.5407687978,0.377328033832,0.5625005879));
#8670 = CARTESIAN_POINT('',(0.536892580288,0.377328033832,0.5635005879)
  );
#8671 = CARTESIAN_POINT('',(0.536892580288,0.377328033832,0.5625005879)
  );
#8672 = MANIFOLD_SOLID_BREP('',#8673);
#8673 = CLOSED_SHELL('',(#8674,#8786,#8898,#8918,#8934,#8950,#8966,#8982
    ,#8998,#9014,#9026,#9046,#9062,#9082,#9098,#9118));
#8674 = ADVANCED_FACE('',(#8675,#8733),#8781,.F.);
#8675 = FACE_BOUND('',#8676,.T.);
#8676 = EDGE_LOOP('',(#8677,#8686,#8693,#8700,#8707,#8714,#8721,#8728));
#8677 = ORIENTED_EDGE('',*,*,#8678,.T.);
#8678 = EDGE_CURVE('',#8679,#8681,#8683,.T.);
#8679 = VERTEX_POINT('',#8680);
#8680 = CARTESIAN_POINT('',(0.585353617252,0.348530898582,0.5635005879)
  );
#8681 = VERTEX_POINT('',#8682);
#8682 = CARTESIAN_POINT('',(0.57295970289,0.381071162331,0.5635005879));
#8683 = B_SPLINE_CURVE_WITH_KNOTS('',1,(#8684,#8685),.UNSPECIFIED.,.F.,
  .F.,(2,2),(-3.48206530392E-02,0.),.PIECEWISE_BEZIER_KNOTS.);
#8684 = CARTESIAN_POINT('',(0.585353617252,0.348530898582,0.5635005879)
  );
#8685 = CARTESIAN_POINT('',(0.57295970289,0.381071162331,0.5635005879));
#8686 = ORIENTED_EDGE('',*,*,#8687,.T.);
#8687 = EDGE_CURVE('',#8681,#8688,#8690,.T.);
#8688 = VERTEX_POINT('',#8689);
#8689 = CARTESIAN_POINT('',(0.568467948691,0.381071162331,0.5635005879)
  );
#8690 = B_SPLINE_CURVE_WITH_KNOTS('',1,(#8691,#8692),.UNSPECIFIED.,.F.,
  .F.,(2,2),(-4.491754198694E-03,-0.),.PIECEWISE_BEZIER_KNOTS.);
#8691 = CARTESIAN_POINT('',(0.57295970289,0.381071162331,0.5635005879));
#8692 = CARTESIAN_POINT('',(0.568467948691,0.381071162331,0.5635005879)
  );
#8693 = ORIENTED_EDGE('',*,*,#8694,.T.);
#8694 = EDGE_CURVE('',#8688,#8695,#8697,.T.);
#8695 = VERTEX_POINT('',#8696);
#8696 = CARTESIAN_POINT('',(0.556074034328,0.348530898582,0.5635005879)
  );
#8697 = B_SPLINE_CURVE_WITH_KNOTS('',1,(#8698,#8699),.UNSPECIFIED.,.F.,
  .F.,(2,2),(-3.482065303928E-02,-0.),.PIECEWISE_BEZIER_KNOTS.);
#8698 = CARTESIAN_POINT('',(0.568467948691,0.381071162331,0.5635005879)
  );
#8699 = CARTESIAN_POINT('',(0.556074034328,0.348530898582,0.5635005879)
  );
#8700 = ORIENTED_EDGE('',*,*,#8701,.T.);
#8701 = EDGE_CURVE('',#8695,#8702,#8704,.T.);
#8702 = VERTEX_POINT('',#8703);
#8703 = CARTESIAN_POINT('',(0.560715513667,0.348530898582,0.5635005879)
  );
#8704 = B_SPLINE_CURVE_WITH_KNOTS('',1,(#8705,#8706),.UNSPECIFIED.,.F.,
  .F.,(2,2),(-4.641479338473E-03,0.),.PIECEWISE_BEZIER_KNOTS.);
#8705 = CARTESIAN_POINT('',(0.556074034328,0.348530898582,0.5635005879)
  );
#8706 = CARTESIAN_POINT('',(0.560715513667,0.348530898582,0.5635005879)
  );
#8707 = ORIENTED_EDGE('',*,*,#8708,.T.);
#8708 = EDGE_CURVE('',#8702,#8709,#8711,.T.);
#8709 = VERTEX_POINT('',#8710);
#8710 = CARTESIAN_POINT('',(0.563843105479,0.357431226346,0.5635005879)
  );
#8711 = B_SPLINE_CURVE_WITH_KNOTS('',1,(#8712,#8713),.UNSPECIFIED.,.F.,
  .F.,(2,2),(-9.433857368122E-03,0.),.PIECEWISE_BEZIER_KNOTS.);
#8712 = CARTESIAN_POINT('',(0.560715513667,0.348530898582,0.5635005879)
  );
#8713 = CARTESIAN_POINT('',(0.563843105479,0.357431226346,0.5635005879)
  );
#8714 = ORIENTED_EDGE('',*,*,#8715,.T.);
#8715 = EDGE_CURVE('',#8709,#8716,#8718,.T.);
#8716 = VERTEX_POINT('',#8717);
#8717 = CARTESIAN_POINT('',(0.577393230645,0.357431226346,0.5635005879)
  );
#8718 = B_SPLINE_CURVE_WITH_KNOTS('',1,(#8719,#8720),.UNSPECIFIED.,.F.,
  .F.,(2,2),(-1.355012516553E-02,0.),.PIECEWISE_BEZIER_KNOTS.);
#8719 = CARTESIAN_POINT('',(0.563843105479,0.357431226346,0.5635005879)
  );
#8720 = CARTESIAN_POINT('',(0.577393230645,0.357431226346,0.5635005879)
  );
#8721 = ORIENTED_EDGE('',*,*,#8722,.T.);
#8722 = EDGE_CURVE('',#8716,#8723,#8725,.T.);
#8723 = VERTEX_POINT('',#8724);
#8724 = CARTESIAN_POINT('',(0.580712137914,0.348530898582,0.5635005879)
  );
#8725 = B_SPLINE_CURVE_WITH_KNOTS('',1,(#8726,#8727),.UNSPECIFIED.,.F.,
  .F.,(2,2),(-9.498998881923E-03,0.),.PIECEWISE_BEZIER_KNOTS.);
#8726 = CARTESIAN_POINT('',(0.577393230645,0.357431226346,0.5635005879)
  );
#8727 = CARTESIAN_POINT('',(0.580712137914,0.348530898582,0.5635005879)
  );
#8728 = ORIENTED_EDGE('',*,*,#8729,.T.);
#8729 = EDGE_CURVE('',#8723,#8679,#8730,.T.);
#8730 = B_SPLINE_CURVE_WITH_KNOTS('',1,(#8731,#8732),.UNSPECIFIED.,.F.,
  .F.,(2,2),(-4.641479338251E-03,0.),.PIECEWISE_BEZIER_KNOTS.);
#8731 = CARTESIAN_POINT('',(0.580712137914,0.348530898582,0.5635005879)
  );
#8732 = CARTESIAN_POINT('',(0.585353617252,0.348530898582,0.5635005879)
  );
#8733 = FACE_BOUND('',#8734,.T.);
#8734 = EDGE_LOOP('',(#8735,#8744,#8751,#8760,#8767,#8776));
#8735 = ORIENTED_EDGE('',*,*,#8736,.F.);
#8736 = EDGE_CURVE('',#8737,#8739,#8741,.T.);
#8737 = VERTEX_POINT('',#8738);
#8738 = CARTESIAN_POINT('',(0.565173995612,0.361107810338,0.5635005879)
  );
#8739 = VERTEX_POINT('',#8740);
#8740 = CARTESIAN_POINT('',(0.576095612765,0.361107810338,0.5635005879)
  );
#8741 = B_SPLINE_CURVE_WITH_KNOTS('',1,(#8742,#8743),.UNSPECIFIED.,.F.,
  .F.,(2,2),(0.,1.092161715297E-02),.PIECEWISE_BEZIER_KNOTS.);
#8742 = CARTESIAN_POINT('',(0.565173995612,0.361107810338,0.5635005879)
  );
#8743 = CARTESIAN_POINT('',(0.576095612765,0.361107810338,0.5635005879)
  );
#8744 = ORIENTED_EDGE('',*,*,#8745,.F.);
#8745 = EDGE_CURVE('',#8746,#8737,#8748,.T.);
#8746 = VERTEX_POINT('',#8747);
#8747 = CARTESIAN_POINT('',(0.57004006266,0.374632981313,0.5635005879));
#8748 = B_SPLINE_CURVE_WITH_KNOTS('',1,(#8749,#8750),.UNSPECIFIED.,.F.,
  .F.,(2,2),(6.688191704763E-17,1.437389503354E-02),
  .PIECEWISE_BEZIER_KNOTS.);
#8749 = CARTESIAN_POINT('',(0.57004006266,0.374632981313,0.5635005879));
#8750 = CARTESIAN_POINT('',(0.565173995612,0.361107810338,0.5635005879)
  );
#8751 = ORIENTED_EDGE('',*,*,#8752,.F.);
#8752 = EDGE_CURVE('',#8753,#8746,#8755,.T.);
#8753 = VERTEX_POINT('',#8754);
#8754 = CARTESIAN_POINT('',(0.570572418714,0.376912130666,0.5635005879)
  );
#8755 = B_SPLINE_CURVE_WITH_KNOTS('',3,(#8756,#8757,#8758,#8759),
  .UNSPECIFIED.,.F.,.F.,(4,4),(3.,4.),.PIECEWISE_BEZIER_KNOTS.);
#8756 = CARTESIAN_POINT('',(0.570572418714,0.376912130666,0.5635005879)
  );
#8757 = CARTESIAN_POINT('',(0.57041437551,0.375930599193,0.5635005879));
#8758 = CARTESIAN_POINT('',(0.570239696181,0.375165337366,0.5635005879)
  );
#8759 = CARTESIAN_POINT('',(0.57004006266,0.374632981313,0.5635005879));
#8760 = ORIENTED_EDGE('',*,*,#8761,.F.);
#8761 = EDGE_CURVE('',#8762,#8753,#8764,.T.);
#8762 = VERTEX_POINT('',#8763);
#8763 = CARTESIAN_POINT('',(0.570672235474,0.376912130666,0.5635005879)
  );
#8764 = B_SPLINE_CURVE_WITH_KNOTS('',1,(#8765,#8766),.UNSPECIFIED.,.F.,
  .F.,(2,2),(0.,9.981676007476E-05),.PIECEWISE_BEZIER_KNOTS.);
#8765 = CARTESIAN_POINT('',(0.570672235474,0.376912130666,0.5635005879)
  );
#8766 = CARTESIAN_POINT('',(0.570572418714,0.376912130666,0.5635005879)
  );
#8767 = ORIENTED_EDGE('',*,*,#8768,.F.);
#8768 = EDGE_CURVE('',#8769,#8762,#8771,.T.);
#8769 = VERTEX_POINT('',#8770);
#8770 = CARTESIAN_POINT('',(0.571179637337,0.374632981313,0.5635005879)
  );
#8771 = B_SPLINE_CURVE_WITH_KNOTS('',3,(#8772,#8773,#8774,#8775),
  .UNSPECIFIED.,.F.,.F.,(4,4),(1.,2.),.PIECEWISE_BEZIER_KNOTS.);
#8772 = CARTESIAN_POINT('',(0.571179637337,0.374632981313,0.5635005879)
  );
#8773 = CARTESIAN_POINT('',(0.571021594134,0.375082156733,0.5635005879)
  );
#8774 = CARTESIAN_POINT('',(0.570855232867,0.375830782433,0.5635005879)
  );
#8775 = CARTESIAN_POINT('',(0.570672235474,0.376912130666,0.5635005879)
  );
#8776 = ORIENTED_EDGE('',*,*,#8777,.F.);
#8777 = EDGE_CURVE('',#8739,#8769,#8778,.T.);
#8778 = B_SPLINE_CURVE_WITH_KNOTS('',1,(#8779,#8780),.UNSPECIFIED.,.F.,
  .F.,(2,2),(0.,1.439086739331E-02),.PIECEWISE_BEZIER_KNOTS.);
#8779 = CARTESIAN_POINT('',(0.576095612765,0.361107810338,0.5635005879)
  );
#8780 = CARTESIAN_POINT('',(0.571179637337,0.374632981313,0.5635005879)
  );
#8781 = B_SPLINE_SURFACE_WITH_KNOTS('',1,1,(
    (#8782,#8783)
    ,(#8784,#8785
    )),.UNSPECIFIED.,.F.,.F.,.F.,(2,2),(2,2),(-0.585353617252,
    -0.556074034328),(0.348530898582,0.381071162331),
  .PIECEWISE_BEZIER_KNOTS.);
#8782 = CARTESIAN_POINT('',(0.585353617252,0.348530898582,0.5635005879)
  );
#8783 = CARTESIAN_POINT('',(0.585353617252,0.381071162331,0.5635005879)
  );
#8784 = CARTESIAN_POINT('',(0.556074034328,0.348530898582,0.5635005879)
  );
#8785 = CARTESIAN_POINT('',(0.556074034328,0.381071162331,0.5635005879)
  );
#8786 = ADVANCED_FACE('',(#8787,#8845),#8893,.T.);
#8787 = FACE_BOUND('',#8788,.T.);
#8788 = EDGE_LOOP('',(#8789,#8798,#8805,#8812,#8819,#8826,#8833,#8840));
#8789 = ORIENTED_EDGE('',*,*,#8790,.F.);
#8790 = EDGE_CURVE('',#8791,#8793,#8795,.T.);
#8791 = VERTEX_POINT('',#8792);
#8792 = CARTESIAN_POINT('',(0.585353617252,0.348530898582,0.5625005879)
  );
#8793 = VERTEX_POINT('',#8794);
#8794 = CARTESIAN_POINT('',(0.57295970289,0.381071162331,0.5625005879));
#8795 = B_SPLINE_CURVE_WITH_KNOTS('',1,(#8796,#8797),.UNSPECIFIED.,.F.,
  .F.,(2,2),(-3.48206530392E-02,0.),.PIECEWISE_BEZIER_KNOTS.);
#8796 = CARTESIAN_POINT('',(0.585353617252,0.348530898582,0.5625005879)
  );
#8797 = CARTESIAN_POINT('',(0.57295970289,0.381071162331,0.5625005879));
#8798 = ORIENTED_EDGE('',*,*,#8799,.F.);
#8799 = EDGE_CURVE('',#8800,#8791,#8802,.T.);
#8800 = VERTEX_POINT('',#8801);
#8801 = CARTESIAN_POINT('',(0.580712137914,0.348530898582,0.5625005879)
  );
#8802 = B_SPLINE_CURVE_WITH_KNOTS('',1,(#8803,#8804),.UNSPECIFIED.,.F.,
  .F.,(2,2),(-4.641479338251E-03,0.),.PIECEWISE_BEZIER_KNOTS.);
#8803 = CARTESIAN_POINT('',(0.580712137914,0.348530898582,0.5625005879)
  );
#8804 = CARTESIAN_POINT('',(0.585353617252,0.348530898582,0.5625005879)
  );
#8805 = ORIENTED_EDGE('',*,*,#8806,.F.);
#8806 = EDGE_CURVE('',#8807,#8800,#8809,.T.);
#8807 = VERTEX_POINT('',#8808);
#8808 = CARTESIAN_POINT('',(0.577393230645,0.357431226346,0.5625005879)
  );
#8809 = B_SPLINE_CURVE_WITH_KNOTS('',1,(#8810,#8811),.UNSPECIFIED.,.F.,
  .F.,(2,2),(-9.498998881923E-03,0.),.PIECEWISE_BEZIER_KNOTS.);
#8810 = CARTESIAN_POINT('',(0.577393230645,0.357431226346,0.5625005879)
  );
#8811 = CARTESIAN_POINT('',(0.580712137914,0.348530898582,0.5625005879)
  );
#8812 = ORIENTED_EDGE('',*,*,#8813,.F.);
#8813 = EDGE_CURVE('',#8814,#8807,#8816,.T.);
#8814 = VERTEX_POINT('',#8815);
#8815 = CARTESIAN_POINT('',(0.563843105479,0.357431226346,0.5625005879)
  );
#8816 = B_SPLINE_CURVE_WITH_KNOTS('',1,(#8817,#8818),.UNSPECIFIED.,.F.,
  .F.,(2,2),(-1.355012516553E-02,0.),.PIECEWISE_BEZIER_KNOTS.);
#8817 = CARTESIAN_POINT('',(0.563843105479,0.357431226346,0.5625005879)
  );
#8818 = CARTESIAN_POINT('',(0.577393230645,0.357431226346,0.5625005879)
  );
#8819 = ORIENTED_EDGE('',*,*,#8820,.F.);
#8820 = EDGE_CURVE('',#8821,#8814,#8823,.T.);
#8821 = VERTEX_POINT('',#8822);
#8822 = CARTESIAN_POINT('',(0.560715513667,0.348530898582,0.5625005879)
  );
#8823 = B_SPLINE_CURVE_WITH_KNOTS('',1,(#8824,#8825),.UNSPECIFIED.,.F.,
  .F.,(2,2),(-9.433857368122E-03,0.),.PIECEWISE_BEZIER_KNOTS.);
#8824 = CARTESIAN_POINT('',(0.560715513667,0.348530898582,0.5625005879)
  );
#8825 = CARTESIAN_POINT('',(0.563843105479,0.357431226346,0.5625005879)
  );
#8826 = ORIENTED_EDGE('',*,*,#8827,.F.);
#8827 = EDGE_CURVE('',#8828,#8821,#8830,.T.);
#8828 = VERTEX_POINT('',#8829);
#8829 = CARTESIAN_POINT('',(0.556074034328,0.348530898582,0.5625005879)
  );
#8830 = B_SPLINE_CURVE_WITH_KNOTS('',1,(#8831,#8832),.UNSPECIFIED.,.F.,
  .F.,(2,2),(-4.641479338473E-03,0.),.PIECEWISE_BEZIER_KNOTS.);
#8831 = CARTESIAN_POINT('',(0.556074034328,0.348530898582,0.5625005879)
  );
#8832 = CARTESIAN_POINT('',(0.560715513667,0.348530898582,0.5625005879)
  );
#8833 = ORIENTED_EDGE('',*,*,#8834,.F.);
#8834 = EDGE_CURVE('',#8835,#8828,#8837,.T.);
#8835 = VERTEX_POINT('',#8836);
#8836 = CARTESIAN_POINT('',(0.568467948691,0.381071162331,0.5625005879)
  );
#8837 = B_SPLINE_CURVE_WITH_KNOTS('',1,(#8838,#8839),.UNSPECIFIED.,.F.,
  .F.,(2,2),(-3.482065303928E-02,-0.),.PIECEWISE_BEZIER_KNOTS.);
#8838 = CARTESIAN_POINT('',(0.568467948691,0.381071162331,0.5625005879)
  );
#8839 = CARTESIAN_POINT('',(0.556074034328,0.348530898582,0.5625005879)
  );
#8840 = ORIENTED_EDGE('',*,*,#8841,.F.);
#8841 = EDGE_CURVE('',#8793,#8835,#8842,.T.);
#8842 = B_SPLINE_CURVE_WITH_KNOTS('',1,(#8843,#8844),.UNSPECIFIED.,.F.,
  .F.,(2,2),(-4.491754198694E-03,-0.),.PIECEWISE_BEZIER_KNOTS.);
#8843 = CARTESIAN_POINT('',(0.57295970289,0.381071162331,0.5625005879));
#8844 = CARTESIAN_POINT('',(0.568467948691,0.381071162331,0.5625005879)
  );
#8845 = FACE_BOUND('',#8846,.T.);
#8846 = EDGE_LOOP('',(#8847,#8856,#8863,#8870,#8879,#8886));
#8847 = ORIENTED_EDGE('',*,*,#8848,.T.);
#8848 = EDGE_CURVE('',#8849,#8851,#8853,.T.);
#8849 = VERTEX_POINT('',#8850);
#8850 = CARTESIAN_POINT('',(0.57004006266,0.374632981313,0.5625005879));
#8851 = VERTEX_POINT('',#8852);
#8852 = CARTESIAN_POINT('',(0.565173995612,0.361107810338,0.5625005879)
  );
#8853 = B_SPLINE_CURVE_WITH_KNOTS('',1,(#8854,#8855),.UNSPECIFIED.,.F.,
  .F.,(2,2),(0.,1.437389503354E-02),.PIECEWISE_BEZIER_KNOTS.);
#8854 = CARTESIAN_POINT('',(0.57004006266,0.374632981313,0.5625005879));
#8855 = CARTESIAN_POINT('',(0.565173995612,0.361107810338,0.5625005879)
  );
#8856 = ORIENTED_EDGE('',*,*,#8857,.T.);
#8857 = EDGE_CURVE('',#8851,#8858,#8860,.T.);
#8858 = VERTEX_POINT('',#8859);
#8859 = CARTESIAN_POINT('',(0.576095612765,0.361107810338,0.5625005879)
  );
#8860 = B_SPLINE_CURVE_WITH_KNOTS('',1,(#8861,#8862),.UNSPECIFIED.,.F.,
  .F.,(2,2),(1.110223024625E-16,1.092161715297E-02),
  .PIECEWISE_BEZIER_KNOTS.);
#8861 = CARTESIAN_POINT('',(0.565173995612,0.361107810338,0.5625005879)
  );
#8862 = CARTESIAN_POINT('',(0.576095612765,0.361107810338,0.5625005879)
  );
#8863 = ORIENTED_EDGE('',*,*,#8864,.T.);
#8864 = EDGE_CURVE('',#8858,#8865,#8867,.T.);
#8865 = VERTEX_POINT('',#8866);
#8866 = CARTESIAN_POINT('',(0.571179637337,0.374632981313,0.5625005879)
  );
#8867 = B_SPLINE_CURVE_WITH_KNOTS('',1,(#8868,#8869),.UNSPECIFIED.,.F.,
  .F.,(2,2),(0.,1.439086739331E-02),.PIECEWISE_BEZIER_KNOTS.);
#8868 = CARTESIAN_POINT('',(0.576095612765,0.361107810338,0.5625005879)
  );
#8869 = CARTESIAN_POINT('',(0.571179637337,0.374632981313,0.5625005879)
  );
#8870 = ORIENTED_EDGE('',*,*,#8871,.T.);
#8871 = EDGE_CURVE('',#8865,#8872,#8874,.T.);
#8872 = VERTEX_POINT('',#8873);
#8873 = CARTESIAN_POINT('',(0.570672235474,0.376912130666,0.5625005879)
  );
#8874 = B_SPLINE_CURVE_WITH_KNOTS('',3,(#8875,#8876,#8877,#8878),
  .UNSPECIFIED.,.F.,.F.,(4,4),(1.,2.),.PIECEWISE_BEZIER_KNOTS.);
#8875 = CARTESIAN_POINT('',(0.571179637337,0.374632981313,0.5625005879)
  );
#8876 = CARTESIAN_POINT('',(0.571021594134,0.375082156733,0.5625005879)
  );
#8877 = CARTESIAN_POINT('',(0.570855232867,0.375830782433,0.5625005879)
  );
#8878 = CARTESIAN_POINT('',(0.570672235474,0.376912130666,0.5625005879)
  );
#8879 = ORIENTED_EDGE('',*,*,#8880,.T.);
#8880 = EDGE_CURVE('',#8872,#8881,#8883,.T.);
#8881 = VERTEX_POINT('',#8882);
#8882 = CARTESIAN_POINT('',(0.570572418714,0.376912130666,0.5625005879)
  );
#8883 = B_SPLINE_CURVE_WITH_KNOTS('',1,(#8884,#8885),.UNSPECIFIED.,.F.,
  .F.,(2,2),(0.,9.981676007476E-05),.PIECEWISE_BEZIER_KNOTS.);
#8884 = CARTESIAN_POINT('',(0.570672235474,0.376912130666,0.5625005879)
  );
#8885 = CARTESIAN_POINT('',(0.570572418714,0.376912130666,0.5625005879)
  );
#8886 = ORIENTED_EDGE('',*,*,#8887,.T.);
#8887 = EDGE_CURVE('',#8881,#8849,#8888,.T.);
#8888 = B_SPLINE_CURVE_WITH_KNOTS('',3,(#8889,#8890,#8891,#8892),
  .UNSPECIFIED.,.F.,.F.,(4,4),(3.,4.),.PIECEWISE_BEZIER_KNOTS.);
#8889 = CARTESIAN_POINT('',(0.570572418714,0.376912130666,0.5625005879)
  );
#8890 = CARTESIAN_POINT('',(0.57041437551,0.375930599193,0.5625005879));
#8891 = CARTESIAN_POINT('',(0.570239696181,0.375165337366,0.5625005879)
  );
#8892 = CARTESIAN_POINT('',(0.57004006266,0.374632981313,0.5625005879));
#8893 = B_SPLINE_SURFACE_WITH_KNOTS('',1,1,(
    (#8894,#8895)
    ,(#8896,#8897
    )),.UNSPECIFIED.,.F.,.F.,.F.,(2,2),(2,2),(-0.585353617252,
    -0.556074034328),(0.348530898582,0.381071162331),
  .PIECEWISE_BEZIER_KNOTS.);
#8894 = CARTESIAN_POINT('',(0.585353617252,0.348530898582,0.5625005879)
  );
#8895 = CARTESIAN_POINT('',(0.585353617252,0.381071162331,0.5625005879)
  );
#8896 = CARTESIAN_POINT('',(0.556074034328,0.348530898582,0.5625005879)
  );
#8897 = CARTESIAN_POINT('',(0.556074034328,0.381071162331,0.5625005879)
  );
#8898 = ADVANCED_FACE('',(#8899),#8913,.F.);
#8899 = FACE_BOUND('',#8900,.T.);
#8900 = EDGE_LOOP('',(#8901,#8902,#8907,#8908));
#8901 = ORIENTED_EDGE('',*,*,#8790,.T.);
#8902 = ORIENTED_EDGE('',*,*,#8903,.F.);
#8903 = EDGE_CURVE('',#8681,#8793,#8904,.T.);
#8904 = B_SPLINE_CURVE_WITH_KNOTS('',1,(#8905,#8906),.UNSPECIFIED.,.F.,
  .F.,(2,2),(-0.,1.E-03),.PIECEWISE_BEZIER_KNOTS.);
#8905 = CARTESIAN_POINT('',(0.57295970289,0.381071162331,0.5635005879));
#8906 = CARTESIAN_POINT('',(0.57295970289,0.381071162331,0.5625005879));
#8907 = ORIENTED_EDGE('',*,*,#8678,.F.);
#8908 = ORIENTED_EDGE('',*,*,#8909,.T.);
#8909 = EDGE_CURVE('',#8679,#8791,#8910,.T.);
#8910 = B_SPLINE_CURVE_WITH_KNOTS('',1,(#8911,#8912),.UNSPECIFIED.,.F.,
  .F.,(2,2),(-0.,1.E-03),.PIECEWISE_BEZIER_KNOTS.);
#8911 = CARTESIAN_POINT('',(0.585353617252,0.348530898582,0.5635005879)
  );
#8912 = CARTESIAN_POINT('',(0.585353617252,0.348530898582,0.5625005879)
  );
#8913 = B_SPLINE_SURFACE_WITH_KNOTS('',1,1,(
    (#8914,#8915)
    ,(#8916,#8917
    )),.UNSPECIFIED.,.F.,.F.,.F.,(2,2),(2,2),(0.,3.48206530392E-02),(
    -1.E-03,0.),.PIECEWISE_BEZIER_KNOTS.);
#8914 = CARTESIAN_POINT('',(0.57295970289,0.381071162331,0.5625005879));
#8915 = CARTESIAN_POINT('',(0.57295970289,0.381071162331,0.5635005879));
#8916 = CARTESIAN_POINT('',(0.585353617252,0.348530898582,0.5625005879)
  );
#8917 = CARTESIAN_POINT('',(0.585353617252,0.348530898582,0.5635005879)
  );
#8918 = ADVANCED_FACE('',(#8919),#8929,.F.);
#8919 = FACE_BOUND('',#8920,.T.);
#8920 = EDGE_LOOP('',(#8921,#8922,#8927,#8928));
#8921 = ORIENTED_EDGE('',*,*,#8841,.T.);
#8922 = ORIENTED_EDGE('',*,*,#8923,.F.);
#8923 = EDGE_CURVE('',#8688,#8835,#8924,.T.);
#8924 = B_SPLINE_CURVE_WITH_KNOTS('',1,(#8925,#8926),.UNSPECIFIED.,.F.,
  .F.,(2,2),(-0.,1.E-03),.PIECEWISE_BEZIER_KNOTS.);
#8925 = CARTESIAN_POINT('',(0.568467948691,0.381071162331,0.5635005879)
  );
#8926 = CARTESIAN_POINT('',(0.568467948691,0.381071162331,0.5625005879)
  );
#8927 = ORIENTED_EDGE('',*,*,#8687,.F.);
#8928 = ORIENTED_EDGE('',*,*,#8903,.T.);
#8929 = B_SPLINE_SURFACE_WITH_KNOTS('',1,1,(
    (#8930,#8931)
    ,(#8932,#8933
    )),.UNSPECIFIED.,.F.,.F.,.F.,(2,2),(2,2),(0.,1.E-03),(0.,
    4.491754198694E-03),.PIECEWISE_BEZIER_KNOTS.);
#8930 = CARTESIAN_POINT('',(0.568467948691,0.381071162331,0.5635005879)
  );
#8931 = CARTESIAN_POINT('',(0.57295970289,0.381071162331,0.5635005879));
#8932 = CARTESIAN_POINT('',(0.568467948691,0.381071162331,0.5625005879)
  );
#8933 = CARTESIAN_POINT('',(0.57295970289,0.381071162331,0.5625005879));
#8934 = ADVANCED_FACE('',(#8935),#8945,.F.);
#8935 = FACE_BOUND('',#8936,.T.);
#8936 = EDGE_LOOP('',(#8937,#8938,#8943,#8944));
#8937 = ORIENTED_EDGE('',*,*,#8834,.T.);
#8938 = ORIENTED_EDGE('',*,*,#8939,.F.);
#8939 = EDGE_CURVE('',#8695,#8828,#8940,.T.);
#8940 = B_SPLINE_CURVE_WITH_KNOTS('',1,(#8941,#8942),.UNSPECIFIED.,.F.,
  .F.,(2,2),(-0.,1.E-03),.PIECEWISE_BEZIER_KNOTS.);
#8941 = CARTESIAN_POINT('',(0.556074034328,0.348530898582,0.5635005879)
  );
#8942 = CARTESIAN_POINT('',(0.556074034328,0.348530898582,0.5625005879)
  );
#8943 = ORIENTED_EDGE('',*,*,#8694,.F.);
#8944 = ORIENTED_EDGE('',*,*,#8923,.T.);
#8945 = B_SPLINE_SURFACE_WITH_KNOTS('',1,1,(
    (#8946,#8947)
    ,(#8948,#8949
    )),.UNSPECIFIED.,.F.,.F.,.F.,(2,2),(2,2),(0.,3.482065303928E-02),(
    -1.E-03,0.),.PIECEWISE_BEZIER_KNOTS.);
#8946 = CARTESIAN_POINT('',(0.556074034328,0.348530898582,0.5625005879)
  );
#8947 = CARTESIAN_POINT('',(0.556074034328,0.348530898582,0.5635005879)
  );
#8948 = CARTESIAN_POINT('',(0.568467948691,0.381071162331,0.5625005879)
  );
#8949 = CARTESIAN_POINT('',(0.568467948691,0.381071162331,0.5635005879)
  );
#8950 = ADVANCED_FACE('',(#8951),#8961,.F.);
#8951 = FACE_BOUND('',#8952,.T.);
#8952 = EDGE_LOOP('',(#8953,#8954,#8959,#8960));
#8953 = ORIENTED_EDGE('',*,*,#8827,.T.);
#8954 = ORIENTED_EDGE('',*,*,#8955,.F.);
#8955 = EDGE_CURVE('',#8702,#8821,#8956,.T.);
#8956 = B_SPLINE_CURVE_WITH_KNOTS('',1,(#8957,#8958),.UNSPECIFIED.,.F.,
  .F.,(2,2),(-0.,1.E-03),.PIECEWISE_BEZIER_KNOTS.);
#8957 = CARTESIAN_POINT('',(0.560715513667,0.348530898582,0.5635005879)
  );
#8958 = CARTESIAN_POINT('',(0.560715513667,0.348530898582,0.5625005879)
  );
#8959 = ORIENTED_EDGE('',*,*,#8701,.F.);
#8960 = ORIENTED_EDGE('',*,*,#8939,.T.);
#8961 = B_SPLINE_SURFACE_WITH_KNOTS('',1,1,(
    (#8962,#8963)
    ,(#8964,#8965)),.UNSPECIFIED.,.F.,.F.,.F.,(2,2),(2,2),(-1.E-03,0.),(
    -4.641479338473E-03,0.),.PIECEWISE_BEZIER_KNOTS.);
#8962 = CARTESIAN_POINT('',(0.556074034328,0.348530898582,0.5625005879)
  );
#8963 = CARTESIAN_POINT('',(0.560715513667,0.348530898582,0.5625005879)
  );
#8964 = CARTESIAN_POINT('',(0.556074034328,0.348530898582,0.5635005879)
  );
#8965 = CARTESIAN_POINT('',(0.560715513667,0.348530898582,0.5635005879)
  );
#8966 = ADVANCED_FACE('',(#8967),#8977,.F.);
#8967 = FACE_BOUND('',#8968,.T.);
#8968 = EDGE_LOOP('',(#8969,#8970,#8975,#8976));
#8969 = ORIENTED_EDGE('',*,*,#8820,.T.);
#8970 = ORIENTED_EDGE('',*,*,#8971,.F.);
#8971 = EDGE_CURVE('',#8709,#8814,#8972,.T.);
#8972 = B_SPLINE_CURVE_WITH_KNOTS('',1,(#8973,#8974),.UNSPECIFIED.,.F.,
  .F.,(2,2),(-0.,1.E-03),.PIECEWISE_BEZIER_KNOTS.);
#8973 = CARTESIAN_POINT('',(0.563843105479,0.357431226346,0.5635005879)
  );
#8974 = CARTESIAN_POINT('',(0.563843105479,0.357431226346,0.5625005879)
  );
#8975 = ORIENTED_EDGE('',*,*,#8708,.F.);
#8976 = ORIENTED_EDGE('',*,*,#8955,.T.);
#8977 = B_SPLINE_SURFACE_WITH_KNOTS('',1,1,(
    (#8978,#8979)
    ,(#8980,#8981
    )),.UNSPECIFIED.,.F.,.F.,.F.,(2,2),(2,2),(-0.,9.433857368122E-03),(
    -1.E-03,0.),.PIECEWISE_BEZIER_KNOTS.);
#8978 = CARTESIAN_POINT('',(0.563843105479,0.357431226346,0.5625005879)
  );
#8979 = CARTESIAN_POINT('',(0.563843105479,0.357431226346,0.5635005879)
  );
#8980 = CARTESIAN_POINT('',(0.560715513667,0.348530898582,0.5625005879)
  );
#8981 = CARTESIAN_POINT('',(0.560715513667,0.348530898582,0.5635005879)
  );
#8982 = ADVANCED_FACE('',(#8983),#8993,.F.);
#8983 = FACE_BOUND('',#8984,.T.);
#8984 = EDGE_LOOP('',(#8985,#8986,#8991,#8992));
#8985 = ORIENTED_EDGE('',*,*,#8813,.T.);
#8986 = ORIENTED_EDGE('',*,*,#8987,.F.);
#8987 = EDGE_CURVE('',#8716,#8807,#8988,.T.);
#8988 = B_SPLINE_CURVE_WITH_KNOTS('',1,(#8989,#8990),.UNSPECIFIED.,.F.,
  .F.,(2,2),(-0.,1.E-03),.PIECEWISE_BEZIER_KNOTS.);
#8989 = CARTESIAN_POINT('',(0.577393230645,0.357431226346,0.5635005879)
  );
#8990 = CARTESIAN_POINT('',(0.577393230645,0.357431226346,0.5625005879)
  );
#8991 = ORIENTED_EDGE('',*,*,#8715,.F.);
#8992 = ORIENTED_EDGE('',*,*,#8971,.T.);
#8993 = B_SPLINE_SURFACE_WITH_KNOTS('',1,1,(
    (#8994,#8995)
    ,(#8996,#8997)),.UNSPECIFIED.,.F.,.F.,.F.,(2,2),(2,2),(-1.E-03,0.),(
    -1.355012516553E-02,0.),.PIECEWISE_BEZIER_KNOTS.);
#8994 = CARTESIAN_POINT('',(0.563843105479,0.357431226346,0.5625005879)
  );
#8995 = CARTESIAN_POINT('',(0.577393230645,0.357431226346,0.5625005879)
  );
#8996 = CARTESIAN_POINT('',(0.563843105479,0.357431226346,0.5635005879)
  );
#8997 = CARTESIAN_POINT('',(0.577393230645,0.357431226346,0.5635005879)
  );
#8998 = ADVANCED_FACE('',(#8999),#9009,.F.);
#8999 = FACE_BOUND('',#9000,.T.);
#9000 = EDGE_LOOP('',(#9001,#9002,#9007,#9008));
#9001 = ORIENTED_EDGE('',*,*,#8806,.T.);
#9002 = ORIENTED_EDGE('',*,*,#9003,.F.);
#9003 = EDGE_CURVE('',#8723,#8800,#9004,.T.);
#9004 = B_SPLINE_CURVE_WITH_KNOTS('',1,(#9005,#9006),.UNSPECIFIED.,.F.,
  .F.,(2,2),(-0.,1.E-03),.PIECEWISE_BEZIER_KNOTS.);
#9005 = CARTESIAN_POINT('',(0.580712137914,0.348530898582,0.5635005879)
  );
#9006 = CARTESIAN_POINT('',(0.580712137914,0.348530898582,0.5625005879)
  );
#9007 = ORIENTED_EDGE('',*,*,#8722,.F.);
#9008 = ORIENTED_EDGE('',*,*,#8987,.T.);
#9009 = B_SPLINE_SURFACE_WITH_KNOTS('',1,1,(
    (#9010,#9011)
    ,(#9012,#9013
    )),.UNSPECIFIED.,.F.,.F.,.F.,(2,2),(2,2),(0.,9.498998881923E-03),(
    -1.E-03,0.),.PIECEWISE_BEZIER_KNOTS.);
#9010 = CARTESIAN_POINT('',(0.580712137914,0.348530898582,0.5625005879)
  );
#9011 = CARTESIAN_POINT('',(0.580712137914,0.348530898582,0.5635005879)
  );
#9012 = CARTESIAN_POINT('',(0.577393230645,0.357431226346,0.5625005879)
  );
#9013 = CARTESIAN_POINT('',(0.577393230645,0.357431226346,0.5635005879)
  );
#9014 = ADVANCED_FACE('',(#9015),#9021,.F.);
#9015 = FACE_BOUND('',#9016,.T.);
#9016 = EDGE_LOOP('',(#9017,#9018,#9019,#9020));
#9017 = ORIENTED_EDGE('',*,*,#8799,.T.);
#9018 = ORIENTED_EDGE('',*,*,#8909,.F.);
#9019 = ORIENTED_EDGE('',*,*,#8729,.F.);
#9020 = ORIENTED_EDGE('',*,*,#9003,.T.);
#9021 = B_SPLINE_SURFACE_WITH_KNOTS('',1,1,(
    (#9022,#9023)
    ,(#9024,#9025)),.UNSPECIFIED.,.F.,.F.,.F.,(2,2),(2,2),(-1.E-03,0.),(
    -4.641479338251E-03,0.),.PIECEWISE_BEZIER_KNOTS.);
#9022 = CARTESIAN_POINT('',(0.580712137914,0.348530898582,0.5625005879)
  );
#9023 = CARTESIAN_POINT('',(0.585353617252,0.348530898582,0.5625005879)
  );
#9024 = CARTESIAN_POINT('',(0.580712137914,0.348530898582,0.5635005879)
  );
#9025 = CARTESIAN_POINT('',(0.585353617252,0.348530898582,0.5635005879)
  );
#9026 = ADVANCED_FACE('',(#9027),#9041,.T.);
#9027 = FACE_BOUND('',#9028,.T.);
#9028 = EDGE_LOOP('',(#9029,#9030,#9035,#9036));
#9029 = ORIENTED_EDGE('',*,*,#8857,.F.);
#9030 = ORIENTED_EDGE('',*,*,#9031,.F.);
#9031 = EDGE_CURVE('',#8737,#8851,#9032,.T.);
#9032 = B_SPLINE_CURVE_WITH_KNOTS('',1,(#9033,#9034),.UNSPECIFIED.,.F.,
  .F.,(2,2),(-0.,1.E-03),.PIECEWISE_BEZIER_KNOTS.);
#9033 = CARTESIAN_POINT('',(0.565173995612,0.361107810338,0.5635005879)
  );
#9034 = CARTESIAN_POINT('',(0.565173995612,0.361107810338,0.5625005879)
  );
#9035 = ORIENTED_EDGE('',*,*,#8736,.T.);
#9036 = ORIENTED_EDGE('',*,*,#9037,.T.);
#9037 = EDGE_CURVE('',#8739,#8858,#9038,.T.);
#9038 = B_SPLINE_CURVE_WITH_KNOTS('',1,(#9039,#9040),.UNSPECIFIED.,.F.,
  .F.,(2,2),(-0.,1.E-03),.PIECEWISE_BEZIER_KNOTS.);
#9039 = CARTESIAN_POINT('',(0.576095612765,0.361107810338,0.5635005879)
  );
#9040 = CARTESIAN_POINT('',(0.576095612765,0.361107810338,0.5625005879)
  );
#9041 = B_SPLINE_SURFACE_WITH_KNOTS('',1,1,(
    (#9042,#9043)
    ,(#9044,#9045
    )),.UNSPECIFIED.,.F.,.F.,.F.,(2,2),(2,2),(-1.E-03,0.),(0.,
    1.092161715297E-02),.PIECEWISE_BEZIER_KNOTS.);
#9042 = CARTESIAN_POINT('',(0.565173995612,0.361107810338,0.5625005879)
  );
#9043 = CARTESIAN_POINT('',(0.576095612765,0.361107810338,0.5625005879)
  );
#9044 = CARTESIAN_POINT('',(0.565173995612,0.361107810338,0.5635005879)
  );
#9045 = CARTESIAN_POINT('',(0.576095612765,0.361107810338,0.5635005879)
  );
#9046 = ADVANCED_FACE('',(#9047),#9057,.T.);
#9047 = FACE_BOUND('',#9048,.T.);
#9048 = EDGE_LOOP('',(#9049,#9050,#9051,#9052));
#9049 = ORIENTED_EDGE('',*,*,#8864,.F.);
#9050 = ORIENTED_EDGE('',*,*,#9037,.F.);
#9051 = ORIENTED_EDGE('',*,*,#8777,.T.);
#9052 = ORIENTED_EDGE('',*,*,#9053,.T.);
#9053 = EDGE_CURVE('',#8769,#8865,#9054,.T.);
#9054 = B_SPLINE_CURVE_WITH_KNOTS('',1,(#9055,#9056),.UNSPECIFIED.,.F.,
  .F.,(2,2),(-0.,1.E-03),.PIECEWISE_BEZIER_KNOTS.);
#9055 = CARTESIAN_POINT('',(0.571179637337,0.374632981313,0.5635005879)
  );
#9056 = CARTESIAN_POINT('',(0.571179637337,0.374632981313,0.5625005879)
  );
#9057 = B_SPLINE_SURFACE_WITH_KNOTS('',1,1,(
    (#9058,#9059)
    ,(#9060,#9061
    )),.UNSPECIFIED.,.F.,.F.,.F.,(2,2),(2,2),(-1.439086739331E-02,0.),(
    -1.E-03,0.),.PIECEWISE_BEZIER_KNOTS.);
#9058 = CARTESIAN_POINT('',(0.571179637337,0.374632981313,0.5625005879)
  );
#9059 = CARTESIAN_POINT('',(0.571179637337,0.374632981313,0.5635005879)
  );
#9060 = CARTESIAN_POINT('',(0.576095612765,0.361107810338,0.5625005879)
  );
#9061 = CARTESIAN_POINT('',(0.576095612765,0.361107810338,0.5635005879)
  );
#9062 = ADVANCED_FACE('',(#9063),#9073,.T.);
#9063 = FACE_BOUND('',#9064,.T.);
#9064 = EDGE_LOOP('',(#9065,#9066,#9067,#9068));
#9065 = ORIENTED_EDGE('',*,*,#8871,.F.);
#9066 = ORIENTED_EDGE('',*,*,#9053,.F.);
#9067 = ORIENTED_EDGE('',*,*,#8768,.T.);
#9068 = ORIENTED_EDGE('',*,*,#9069,.T.);
#9069 = EDGE_CURVE('',#8762,#8872,#9070,.T.);
#9070 = B_SPLINE_CURVE_WITH_KNOTS('',1,(#9071,#9072),.UNSPECIFIED.,.F.,
  .F.,(2,2),(-0.,1.E-03),.PIECEWISE_BEZIER_KNOTS.);
#9071 = CARTESIAN_POINT('',(0.570672235474,0.376912130666,0.5635005879)
  );
#9072 = CARTESIAN_POINT('',(0.570672235474,0.376912130666,0.5625005879)
  );
#9073 = B_SPLINE_SURFACE_WITH_KNOTS('',3,1,(
    (#9074,#9075)
    ,(#9076,#9077)
    ,(#9078,#9079)
    ,(#9080,#9081
    )),.UNSPECIFIED.,.F.,.F.,.F.,(4,4),(2,2),(1.,2.),(0.,1.),
  .PIECEWISE_BEZIER_KNOTS.);
#9074 = CARTESIAN_POINT('',(0.571179637337,0.374632981313,0.5635005879)
  );
#9075 = CARTESIAN_POINT('',(0.571179637337,0.374632981313,0.5625005879)
  );
#9076 = CARTESIAN_POINT('',(0.571021594134,0.375082156733,0.5635005879)
  );
#9077 = CARTESIAN_POINT('',(0.571021594134,0.375082156733,0.5625005879)
  );
#9078 = CARTESIAN_POINT('',(0.570855232867,0.375830782433,0.5635005879)
  );
#9079 = CARTESIAN_POINT('',(0.570855232867,0.375830782433,0.5625005879)
  );
#9080 = CARTESIAN_POINT('',(0.570672235474,0.376912130666,0.5635005879)
  );
#9081 = CARTESIAN_POINT('',(0.570672235474,0.376912130666,0.5625005879)
  );
#9082 = ADVANCED_FACE('',(#9083),#9093,.T.);
#9083 = FACE_BOUND('',#9084,.T.);
#9084 = EDGE_LOOP('',(#9085,#9086,#9087,#9088));
#9085 = ORIENTED_EDGE('',*,*,#8880,.F.);
#9086 = ORIENTED_EDGE('',*,*,#9069,.F.);
#9087 = ORIENTED_EDGE('',*,*,#8761,.T.);
#9088 = ORIENTED_EDGE('',*,*,#9089,.T.);
#9089 = EDGE_CURVE('',#8753,#8881,#9090,.T.);
#9090 = B_SPLINE_CURVE_WITH_KNOTS('',1,(#9091,#9092),.UNSPECIFIED.,.F.,
  .F.,(2,2),(-0.,1.E-03),.PIECEWISE_BEZIER_KNOTS.);
#9091 = CARTESIAN_POINT('',(0.570572418714,0.376912130666,0.5635005879)
  );
#9092 = CARTESIAN_POINT('',(0.570572418714,0.376912130666,0.5625005879)
  );
#9093 = B_SPLINE_SURFACE_WITH_KNOTS('',1,1,(
    (#9094,#9095)
    ,(#9096,#9097)),.UNSPECIFIED.,.F.,.F.,.F.,(2,2),(2,2),(0.,1.E-03),(
    -9.981676007476E-05,0.),.PIECEWISE_BEZIER_KNOTS.);
#9094 = CARTESIAN_POINT('',(0.570572418714,0.376912130666,0.5635005879)
  );
#9095 = CARTESIAN_POINT('',(0.570672235474,0.376912130666,0.5635005879)
  );
#9096 = CARTESIAN_POINT('',(0.570572418714,0.376912130666,0.5625005879)
  );
#9097 = CARTESIAN_POINT('',(0.570672235474,0.376912130666,0.5625005879)
  );
#9098 = ADVANCED_FACE('',(#9099),#9109,.T.);
#9099 = FACE_BOUND('',#9100,.T.);
#9100 = EDGE_LOOP('',(#9101,#9102,#9103,#9104));
#9101 = ORIENTED_EDGE('',*,*,#8887,.F.);
#9102 = ORIENTED_EDGE('',*,*,#9089,.F.);
#9103 = ORIENTED_EDGE('',*,*,#8752,.T.);
#9104 = ORIENTED_EDGE('',*,*,#9105,.T.);
#9105 = EDGE_CURVE('',#8746,#8849,#9106,.T.);
#9106 = B_SPLINE_CURVE_WITH_KNOTS('',1,(#9107,#9108),.UNSPECIFIED.,.F.,
  .F.,(2,2),(0.,1.E-03),.PIECEWISE_BEZIER_KNOTS.);
#9107 = CARTESIAN_POINT('',(0.57004006266,0.374632981313,0.5635005879));
#9108 = CARTESIAN_POINT('',(0.57004006266,0.374632981313,0.5625005879));
#9109 = B_SPLINE_SURFACE_WITH_KNOTS('',3,1,(
    (#9110,#9111)
    ,(#9112,#9113)
    ,(#9114,#9115)
    ,(#9116,#9117
    )),.UNSPECIFIED.,.F.,.F.,.F.,(4,4),(2,2),(3.,4.),(0.,1.),
  .PIECEWISE_BEZIER_KNOTS.);
#9110 = CARTESIAN_POINT('',(0.570572418714,0.376912130666,0.5635005879)
  );
#9111 = CARTESIAN_POINT('',(0.570572418714,0.376912130666,0.5625005879)
  );
#9112 = CARTESIAN_POINT('',(0.57041437551,0.375930599193,0.5635005879));
#9113 = CARTESIAN_POINT('',(0.57041437551,0.375930599193,0.5625005879));
#9114 = CARTESIAN_POINT('',(0.570239696181,0.375165337366,0.5635005879)
  );
#9115 = CARTESIAN_POINT('',(0.570239696181,0.375165337366,0.5625005879)
  );
#9116 = CARTESIAN_POINT('',(0.57004006266,0.374632981313,0.5635005879));
#9117 = CARTESIAN_POINT('',(0.57004006266,0.374632981313,0.5625005879));
#9118 = ADVANCED_FACE('',(#9119),#9125,.T.);
#9119 = FACE_BOUND('',#9120,.T.);
#9120 = EDGE_LOOP('',(#9121,#9122,#9123,#9124));
#9121 = ORIENTED_EDGE('',*,*,#8848,.F.);
#9122 = ORIENTED_EDGE('',*,*,#9105,.F.);
#9123 = ORIENTED_EDGE('',*,*,#8745,.T.);
#9124 = ORIENTED_EDGE('',*,*,#9031,.T.);
#9125 = B_SPLINE_SURFACE_WITH_KNOTS('',1,1,(
    (#9126,#9127)
    ,(#9128,#9129
    )),.UNSPECIFIED.,.F.,.F.,.F.,(2,2),(2,2),(-1.437389503354E-02,0.),(
    -1.E-03,0.),.PIECEWISE_BEZIER_KNOTS.);
#9126 = CARTESIAN_POINT('',(0.565173995612,0.361107810338,0.5625005879)
  );
#9127 = CARTESIAN_POINT('',(0.565173995612,0.361107810338,0.5635005879)
  );
#9128 = CARTESIAN_POINT('',(0.57004006266,0.374632981313,0.5625005879));
#9129 = CARTESIAN_POINT('',(0.57004006266,0.374632981313,0.5635005879));
#9130 = MANIFOLD_SOLID_BREP('',#9131);
#9131 = CLOSED_SHELL('',(#9132,#9452,#9772,#9796,#9816,#9836,#9856,#9876
    ,#9896,#9916,#9936,#9956,#9976,#9996,#10016,#10032,#10048,#10064,
    #10080,#10100,#10120,#10140,#10160,#10180,#10200,#10220,#10236,
    #10256,#10276,#10292,#10312,#10332,#10352,#10368,#10388,#10404,
    #10434));
#9132 = ADVANCED_FACE('',(#9133,#9422),#9447,.F.);
#9133 = FACE_BOUND('',#9134,.T.);
#9134 = EDGE_LOOP('',(#9135,#9146,#9155,#9164,#9173,#9182,#9191,#9200,
    #9209,#9218,#9227,#9236,#9245,#9254,#9261,#9268,#9275,#9284,#9293,
    #9302,#9311,#9320,#9329,#9338,#9347,#9356,#9365,#9372,#9381,#9390,
    #9399,#9406,#9415));
#9135 = ORIENTED_EDGE('',*,*,#9136,.T.);
#9136 = EDGE_CURVE('',#9137,#9139,#9141,.T.);
#9137 = VERTEX_POINT('',#9138);
#9138 = CARTESIAN_POINT('',(0.387359985859,0.380808156252,0.5635005879)
  );
#9139 = VERTEX_POINT('',#9140);
#9140 = CARTESIAN_POINT('',(0.364455554373,0.411116039404,0.5635005879)
  );
#9141 = B_SPLINE_CURVE_WITH_KNOTS('',3,(#9142,#9143,#9144,#9145),
  .UNSPECIFIED.,.F.,.F.,(4,4),(35.,36.),.PIECEWISE_BEZIER_KNOTS.);
#9142 = CARTESIAN_POINT('',(0.387359985859,0.380808156252,0.5635005879)
  );
#9143 = CARTESIAN_POINT('',(0.387128631442,0.394689624264,0.5635005879)
  );
#9144 = CARTESIAN_POINT('',(0.377642950308,0.406951598118,0.5635005879)
  );
#9145 = CARTESIAN_POINT('',(0.364455554373,0.411116039404,0.5635005879)
  );
#9146 = ORIENTED_EDGE('',*,*,#9147,.T.);
#9147 = EDGE_CURVE('',#9139,#9148,#9150,.T.);
#9148 = VERTEX_POINT('',#9149);
#9149 = CARTESIAN_POINT('',(0.351962221689,0.429393317461,0.5635005879)
  );
#9150 = B_SPLINE_CURVE_WITH_KNOTS('',3,(#9151,#9152,#9153,#9154),
  .UNSPECIFIED.,.F.,.F.,(4,4),(0.,1.),.PIECEWISE_BEZIER_KNOTS.);
#9151 = CARTESIAN_POINT('',(0.364455554373,0.411116039404,0.5635005879)
  );
#9152 = CARTESIAN_POINT('',(0.361910620483,0.418056777823,0.5635005879)
  );
#9153 = CARTESIAN_POINT('',(0.357514815954,0.424303441959,0.5635005879)
  );
#9154 = CARTESIAN_POINT('',(0.351962221689,0.429393317461,0.5635005879)
  );
#9155 = ORIENTED_EDGE('',*,*,#9156,.T.);
#9156 = EDGE_CURVE('',#9148,#9157,#9159,.T.);
#9157 = VERTEX_POINT('',#9158);
#9158 = CARTESIAN_POINT('',(0.320497544387,0.441423931382,0.5635005879)
  );
#9159 = B_SPLINE_CURVE_WITH_KNOTS('',3,(#9160,#9161,#9162,#9163),
  .UNSPECIFIED.,.F.,.F.,(4,4),(1.,2.),.PIECEWISE_BEZIER_KNOTS.);
#9160 = CARTESIAN_POINT('',(0.351962221689,0.429393317461,0.5635005879)
  );
#9161 = CARTESIAN_POINT('',(0.343170621457,0.437028130439,0.5635005879)
  );
#9162 = CARTESIAN_POINT('',(0.332065441752,0.441423931382,0.5635005879)
  );
#9163 = CARTESIAN_POINT('',(0.320497544387,0.441423931382,0.5635005879)
  );
#9164 = ORIENTED_EDGE('',*,*,#9165,.T.);
#9165 = EDGE_CURVE('',#9157,#9166,#9168,.T.);
#9166 = VERTEX_POINT('',#9167);
#9167 = CARTESIAN_POINT('',(0.292734590712,0.432400971217,0.5635005879)
  );
#9168 = B_SPLINE_CURVE_WITH_KNOTS('',3,(#9169,#9170,#9171,#9172),
  .UNSPECIFIED.,.F.,.F.,(4,4),(2.,3.),.PIECEWISE_BEZIER_KNOTS.);
#9169 = CARTESIAN_POINT('',(0.320497544387,0.441423931382,0.5635005879)
  );
#9170 = CARTESIAN_POINT('',(0.310317795589,0.441423931382,0.5635005879)
  );
#9171 = CARTESIAN_POINT('',(0.300832118867,0.438184920175,0.5635005879)
  );
#9172 = CARTESIAN_POINT('',(0.292734590712,0.432400971217,0.5635005879)
  );
#9173 = ORIENTED_EDGE('',*,*,#9174,.T.);
#9174 = EDGE_CURVE('',#9166,#9175,#9177,.T.);
#9175 = VERTEX_POINT('',#9176);
#9176 = CARTESIAN_POINT('',(0.282554841914,0.422221221316,0.5635005879)
  );
#9177 = B_SPLINE_CURVE_WITH_KNOTS('',3,(#9178,#9179,#9180,#9181),
  .UNSPECIFIED.,.F.,.F.,(4,4),(3.,4.),.PIECEWISE_BEZIER_KNOTS.);
#9178 = CARTESIAN_POINT('',(0.292734590712,0.432400971217,0.5635005879)
  );
#9179 = CARTESIAN_POINT('',(0.288801503843,0.429624675188,0.5635005879)
  );
#9180 = CARTESIAN_POINT('',(0.285562493464,0.426154305978,0.5635005879)
  );
#9181 = CARTESIAN_POINT('',(0.282554841914,0.422221221316,0.5635005879)
  );
#9182 = ORIENTED_EDGE('',*,*,#9183,.T.);
#9183 = EDGE_CURVE('',#9175,#9184,#9186,.T.);
#9184 = VERTEX_POINT('',#9185);
#9185 = CARTESIAN_POINT('',(0.277233610891,0.422683936769,0.5635005879)
  );
#9186 = B_SPLINE_CURVE_WITH_KNOTS('',3,(#9187,#9188,#9189,#9190),
  .UNSPECIFIED.,.F.,.F.,(4,4),(4.,5.),.PIECEWISE_BEZIER_KNOTS.);
#9187 = CARTESIAN_POINT('',(0.282554841914,0.422221221316,0.5635005879)
  );
#9188 = CARTESIAN_POINT('',(0.280703980101,0.422452580145,0.5635005879)
  );
#9189 = CARTESIAN_POINT('',(0.279084472704,0.422683936769,0.5635005879)
  );
#9190 = CARTESIAN_POINT('',(0.277233610891,0.422683936769,0.5635005879)
  );
#9191 = ORIENTED_EDGE('',*,*,#9192,.T.);
#9192 = EDGE_CURVE('',#9184,#9193,#9195,.T.);
#9193 = VERTEX_POINT('',#9194);
#9194 = CARTESIAN_POINT('',(0.250627446953,0.411578754858,0.5635005879)
  );
#9195 = B_SPLINE_CURVE_WITH_KNOTS('',3,(#9196,#9197,#9198,#9199),
  .UNSPECIFIED.,.F.,.F.,(4,4),(5.,6.),.PIECEWISE_BEZIER_KNOTS.);
#9196 = CARTESIAN_POINT('',(0.277233610891,0.422683936769,0.5635005879)
  );
#9197 = CARTESIAN_POINT('',(0.267285218716,0.422683936769,0.5635005879)
  );
#9198 = CARTESIAN_POINT('',(0.257799544201,0.418750852106,0.5635005879)
  );
#9199 = CARTESIAN_POINT('',(0.250627446953,0.411578754858,0.5635005879)
  );
#9200 = ORIENTED_EDGE('',*,*,#9201,.T.);
#9201 = EDGE_CURVE('',#9193,#9202,#9204,.T.);
#9202 = VERTEX_POINT('',#9203);
#9203 = CARTESIAN_POINT('',(0.239753617252,0.385203951955,0.5635005879)
  );
#9204 = B_SPLINE_CURVE_WITH_KNOTS('',3,(#9205,#9206,#9207,#9208),
  .UNSPECIFIED.,.F.,.F.,(4,4),(6.,7.),.PIECEWISE_BEZIER_KNOTS.);
#9205 = CARTESIAN_POINT('',(0.250627446953,0.411578754858,0.5635005879)
  );
#9206 = CARTESIAN_POINT('',(0.243686702466,0.404638018645,0.5635005879)
  );
#9207 = CARTESIAN_POINT('',(0.239753617252,0.395152341924,0.5635005879)
  );
#9208 = CARTESIAN_POINT('',(0.239753617252,0.385203951955,0.5635005879)
  );
#9209 = ORIENTED_EDGE('',*,*,#9210,.T.);
#9210 = EDGE_CURVE('',#9202,#9211,#9213,.T.);
#9211 = VERTEX_POINT('',#9212);
#9212 = CARTESIAN_POINT('',(0.249470650597,0.359985940996,0.5635005879)
  );
#9213 = B_SPLINE_CURVE_WITH_KNOTS('',3,(#9214,#9215,#9216,#9217),
  .UNSPECIFIED.,.F.,.F.,(4,4),(7.,8.),.PIECEWISE_BEZIER_KNOTS.);
#9214 = CARTESIAN_POINT('',(0.239753617252,0.385203951955,0.5635005879)
  );
#9215 = CARTESIAN_POINT('',(0.239753617252,0.375949634064,0.5635005879)
  );
#9216 = CARTESIAN_POINT('',(0.243223986461,0.366926670589,0.5635005879)
  );
#9217 = CARTESIAN_POINT('',(0.249470650597,0.359985940996,0.5635005879)
  );
#9218 = ORIENTED_EDGE('',*,*,#9219,.T.);
#9219 = EDGE_CURVE('',#9211,#9220,#9222,.T.);
#9220 = VERTEX_POINT('',#9221);
#9221 = CARTESIAN_POINT('',(0.26797928638,0.348880761291,0.5635005879));
#9222 = B_SPLINE_CURVE_WITH_KNOTS('',3,(#9223,#9224,#9225,#9226),
  .UNSPECIFIED.,.F.,.F.,(4,4),(8.,9.),.PIECEWISE_BEZIER_KNOTS.);
#9223 = CARTESIAN_POINT('',(0.249470650597,0.359985940996,0.5635005879)
  );
#9224 = CARTESIAN_POINT('',(0.254560524996,0.354433346731,0.5635005879)
  );
#9225 = CARTESIAN_POINT('',(0.260807191338,0.350731623104,0.5635005879)
  );
#9226 = CARTESIAN_POINT('',(0.26797928638,0.348880761291,0.5635005879));
#9227 = ORIENTED_EDGE('',*,*,#9228,.T.);
#9228 = EDGE_CURVE('',#9220,#9229,#9231,.T.);
#9229 = VERTEX_POINT('',#9230);
#9230 = CARTESIAN_POINT('',(0.28995829358,0.33314842264,0.5635005879));
#9231 = B_SPLINE_CURVE_WITH_KNOTS('',3,(#9232,#9233,#9234,#9235),
  .UNSPECIFIED.,.F.,.F.,(4,4),(9.,10.),.PIECEWISE_BEZIER_KNOTS.);
#9232 = CARTESIAN_POINT('',(0.26797928638,0.348880761291,0.5635005879));
#9233 = CARTESIAN_POINT('',(0.270986940136,0.339626443399,0.5635005879)
  );
#9234 = CARTESIAN_POINT('',(0.279778540368,0.33314842264,0.5635005879));
#9235 = CARTESIAN_POINT('',(0.28995829358,0.33314842264,0.5635005879));
#9236 = ORIENTED_EDGE('',*,*,#9237,.T.);
#9237 = EDGE_CURVE('',#9229,#9238,#9240,.T.);
#9238 = VERTEX_POINT('',#9239);
#9239 = CARTESIAN_POINT('',(0.313094088309,0.356284217369,0.5635005879)
  );
#9240 = B_SPLINE_CURVE_WITH_KNOTS('',3,(#9241,#9242,#9243,#9244),
  .UNSPECIFIED.,.F.,.F.,(4,4),(10.,11.),.PIECEWISE_BEZIER_KNOTS.);
#9241 = CARTESIAN_POINT('',(0.28995829358,0.33314842264,0.5635005879));
#9242 = CARTESIAN_POINT('',(0.30268298068,0.33314842264,0.5635005879));
#9243 = CARTESIAN_POINT('',(0.313094088309,0.343559530268,0.5635005879)
  );
#9244 = CARTESIAN_POINT('',(0.313094088309,0.356284217369,0.5635005879)
  );
#9245 = ORIENTED_EDGE('',*,*,#9246,.T.);
#9246 = EDGE_CURVE('',#9238,#9247,#9249,.T.);
#9247 = VERTEX_POINT('',#9248);
#9248 = CARTESIAN_POINT('',(0.313094088309,0.358597796842,0.5635005879)
  );
#9249 = B_SPLINE_CURVE_WITH_KNOTS('',3,(#9250,#9251,#9252,#9253),
  .UNSPECIFIED.,.F.,.F.,(4,4),(11.,12.),.PIECEWISE_BEZIER_KNOTS.);
#9250 = CARTESIAN_POINT('',(0.313094088309,0.356284217369,0.5635005879)
  );
#9251 = CARTESIAN_POINT('',(0.313094088309,0.356978289446,0.5635005879)
  );
#9252 = CARTESIAN_POINT('',(0.313094088309,0.357672361523,0.5635005879)
  );
#9253 = CARTESIAN_POINT('',(0.313094088309,0.358597796842,0.5635005879)
  );
#9254 = ORIENTED_EDGE('',*,*,#9255,.T.);
#9255 = EDGE_CURVE('',#9247,#9256,#9258,.T.);
#9256 = VERTEX_POINT('',#9257);
#9257 = CARTESIAN_POINT('',(0.34548420093,0.375718284059,0.5635005879));
#9258 = B_SPLINE_CURVE_WITH_KNOTS('',1,(#9259,#9260),.UNSPECIFIED.,.F.,
  .F.,(2,2),(7.501789506273E-17,3.663646377772E-02),
  .PIECEWISE_BEZIER_KNOTS.);
#9259 = CARTESIAN_POINT('',(0.313094088309,0.358597796842,0.5635005879)
  );
#9260 = CARTESIAN_POINT('',(0.34548420093,0.375718284059,0.5635005879));
#9261 = ORIENTED_EDGE('',*,*,#9262,.T.);
#9262 = EDGE_CURVE('',#9256,#9263,#9265,.T.);
#9263 = VERTEX_POINT('',#9264);
#9264 = CARTESIAN_POINT('',(0.338312108094,0.387980257914,0.5635005879)
  );
#9265 = B_SPLINE_CURVE_WITH_KNOTS('',1,(#9266,#9267),.UNSPECIFIED.,.F.,
  .F.,(2,2),(0.,1.420545382746E-02),.PIECEWISE_BEZIER_KNOTS.);
#9266 = CARTESIAN_POINT('',(0.34548420093,0.375718284059,0.5635005879));
#9267 = CARTESIAN_POINT('',(0.338312108094,0.387980257914,0.5635005879)
  );
#9268 = ORIENTED_EDGE('',*,*,#9269,.T.);
#9269 = EDGE_CURVE('',#9263,#9270,#9272,.T.);
#9270 = VERTEX_POINT('',#9271);
#9271 = CARTESIAN_POINT('',(0.307310144039,0.371785201603,0.5635005879)
  );
#9272 = B_SPLINE_CURVE_WITH_KNOTS('',1,(#9273,#9274),.UNSPECIFIED.,.F.,
  .F.,(2,2),(0.,3.497715860575E-02),.PIECEWISE_BEZIER_KNOTS.);
#9273 = CARTESIAN_POINT('',(0.338312108094,0.387980257914,0.5635005879)
  );
#9274 = CARTESIAN_POINT('',(0.307310144039,0.371785201603,0.5635005879)
  );
#9275 = ORIENTED_EDGE('',*,*,#9276,.T.);
#9276 = EDGE_CURVE('',#9270,#9277,#9279,.T.);
#9277 = VERTEX_POINT('',#9278);
#9278 = CARTESIAN_POINT('',(0.289958297992,0.379651370929,0.5635005879)
  );
#9279 = B_SPLINE_CURVE_WITH_KNOTS('',3,(#9280,#9281,#9282,#9283),
  .UNSPECIFIED.,.F.,.F.,(4,4),(15.,16.),.PIECEWISE_BEZIER_KNOTS.);
#9280 = CARTESIAN_POINT('',(0.307310144039,0.371785201603,0.5635005879)
  );
#9281 = CARTESIAN_POINT('',(0.303145702753,0.376643719379,0.5635005879)
  );
#9282 = CARTESIAN_POINT('',(0.296899036411,0.379651370929,0.5635005879)
  );
#9283 = CARTESIAN_POINT('',(0.289958297992,0.379651370929,0.5635005879)
  );
#9284 = ORIENTED_EDGE('',*,*,#9285,.T.);
#9285 = EDGE_CURVE('',#9277,#9286,#9288,.T.);
#9286 = VERTEX_POINT('',#9287);
#9287 = CARTESIAN_POINT('',(0.268210651829,0.364381745525,0.5635005879)
  );
#9288 = B_SPLINE_CURVE_WITH_KNOTS('',3,(#9289,#9290,#9291,#9292),
  .UNSPECIFIED.,.F.,.F.,(4,4),(16.,17.),.PIECEWISE_BEZIER_KNOTS.);
#9289 = CARTESIAN_POINT('',(0.289958297992,0.379651370929,0.5635005879)
  );
#9290 = CARTESIAN_POINT('',(0.280009903611,0.379651370929,0.5635005879)
  );
#9291 = CARTESIAN_POINT('',(0.271449662209,0.37317335017,0.5635005879));
#9292 = CARTESIAN_POINT('',(0.268210651829,0.364381745525,0.5635005879)
  );
#9293 = ORIENTED_EDGE('',*,*,#9294,.T.);
#9294 = EDGE_CURVE('',#9286,#9295,#9297,.T.);
#9295 = VERTEX_POINT('',#9296);
#9296 = CARTESIAN_POINT('',(0.254329174992,0.385666678441,0.5635005879)
  );
#9297 = B_SPLINE_CURVE_WITH_KNOTS('',3,(#9298,#9299,#9300,#9301),
  .UNSPECIFIED.,.F.,.F.,(4,4),(17.,18.),.PIECEWISE_BEZIER_KNOTS.);
#9298 = CARTESIAN_POINT('',(0.268210651829,0.364381745525,0.5635005879)
  );
#9299 = CARTESIAN_POINT('',(0.260113123674,0.368083473564,0.5635005879)
  );
#9300 = CARTESIAN_POINT('',(0.254329174992,0.376181001719,0.5635005879)
  );
#9301 = CARTESIAN_POINT('',(0.254329174992,0.385666678441,0.5635005879)
  );
#9302 = ORIENTED_EDGE('',*,*,#9303,.T.);
#9303 = EDGE_CURVE('',#9295,#9304,#9306,.T.);
#9304 = VERTEX_POINT('',#9305);
#9305 = CARTESIAN_POINT('',(0.277464969721,0.40880247317,0.5635005879));
#9306 = B_SPLINE_CURVE_WITH_KNOTS('',3,(#9307,#9308,#9309,#9310),
  .UNSPECIFIED.,.F.,.F.,(4,4),(18.,19.),.PIECEWISE_BEZIER_KNOTS.);
#9307 = CARTESIAN_POINT('',(0.254329174992,0.385666678441,0.5635005879)
  );
#9308 = CARTESIAN_POINT('',(0.254329174992,0.398391365542,0.5635005879)
  );
#9309 = CARTESIAN_POINT('',(0.26474028262,0.40880247317,0.5635005879));
#9310 = CARTESIAN_POINT('',(0.277464969721,0.40880247317,0.5635005879));
#9311 = ORIENTED_EDGE('',*,*,#9312,.T.);
#9312 = EDGE_CURVE('',#9304,#9313,#9315,.T.);
#9313 = VERTEX_POINT('',#9314);
#9314 = CARTESIAN_POINT('',(0.289726939162,0.40533210396,0.5635005879));
#9315 = B_SPLINE_CURVE_WITH_KNOTS('',3,(#9316,#9317,#9318,#9319),
  .UNSPECIFIED.,.F.,.F.,(4,4),(19.,20.),.PIECEWISE_BEZIER_KNOTS.);
#9316 = CARTESIAN_POINT('',(0.277464969721,0.40880247317,0.5635005879));
#9317 = CARTESIAN_POINT('',(0.281860769837,0.40880247317,0.5635005879));
#9318 = CARTESIAN_POINT('',(0.286256569953,0.407414324604,0.5635005879)
  );
#9319 = CARTESIAN_POINT('',(0.289726939162,0.40533210396,0.5635005879));
#9320 = ORIENTED_EDGE('',*,*,#9321,.T.);
#9321 = EDGE_CURVE('',#9313,#9322,#9324,.T.);
#9322 = VERTEX_POINT('',#9323);
#9323 = CARTESIAN_POINT('',(0.320728898804,0.427542454545,0.5635005879)
  );
#9324 = B_SPLINE_CURVE_WITH_KNOTS('',3,(#9325,#9326,#9327,#9328),
  .UNSPECIFIED.,.F.,.F.,(4,4),(20.,21.),.PIECEWISE_BEZIER_KNOTS.);
#9325 = CARTESIAN_POINT('',(0.289726939162,0.40533210396,0.5635005879));
#9326 = CARTESIAN_POINT('',(0.294122734866,0.418288136653,0.5635005879)
  );
#9327 = CARTESIAN_POINT('',(0.30615334989,0.427542454545,0.5635005879));
#9328 = CARTESIAN_POINT('',(0.320728898804,0.427542454545,0.5635005879)
  );
#9329 = ORIENTED_EDGE('',*,*,#9330,.T.);
#9330 = EDGE_CURVE('',#9322,#9331,#9333,.T.);
#9331 = VERTEX_POINT('',#9332);
#9332 = CARTESIAN_POINT('',(0.353119011425,0.398622711133,0.5635005879)
  );
#9333 = B_SPLINE_CURVE_WITH_KNOTS('',3,(#9334,#9335,#9336,#9337),
  .UNSPECIFIED.,.F.,.F.,(4,4),(21.,22.),.PIECEWISE_BEZIER_KNOTS.);
#9334 = CARTESIAN_POINT('',(0.320728898804,0.427542454545,0.5635005879)
  );
#9335 = CARTESIAN_POINT('',(0.337386672774,0.427542454545,0.5635005879)
  );
#9336 = CARTESIAN_POINT('',(0.351268149612,0.414817767444,0.5635005879)
  );
#9337 = CARTESIAN_POINT('',(0.353119011425,0.398622711133,0.5635005879)
  );
#9338 = ORIENTED_EDGE('',*,*,#9339,.T.);
#9339 = EDGE_CURVE('',#9331,#9340,#9342,.T.);
#9340 = VERTEX_POINT('',#9341);
#9341 = CARTESIAN_POINT('',(0.354969873238,0.398622711133,0.5635005879)
  );
#9342 = B_SPLINE_CURVE_WITH_KNOTS('',3,(#9343,#9344,#9345,#9346),
  .UNSPECIFIED.,.F.,.F.,(4,4),(22.,23.),.PIECEWISE_BEZIER_KNOTS.);
#9343 = CARTESIAN_POINT('',(0.353119011425,0.398622711133,0.5635005879)
  );
#9344 = CARTESIAN_POINT('',(0.353813083502,0.398622711133,0.5635005879)
  );
#9345 = CARTESIAN_POINT('',(0.354275801161,0.398622711133,0.5635005879)
  );
#9346 = CARTESIAN_POINT('',(0.354969873238,0.398622711133,0.5635005879)
  );
#9347 = ORIENTED_EDGE('',*,*,#9348,.T.);
#9348 = EDGE_CURVE('',#9340,#9349,#9351,.T.);
#9349 = VERTEX_POINT('',#9350);
#9350 = CARTESIAN_POINT('',(0.373015791362,0.38057679301,0.5635005879));
#9351 = B_SPLINE_CURVE_WITH_KNOTS('',3,(#9352,#9353,#9354,#9355),
  .UNSPECIFIED.,.F.,.F.,(4,4),(23.,24.),.PIECEWISE_BEZIER_KNOTS.);
#9352 = CARTESIAN_POINT('',(0.354969873238,0.398622711133,0.5635005879)
  );
#9353 = CARTESIAN_POINT('',(0.364918263207,0.398622711133,0.5635005879)
  );
#9354 = CARTESIAN_POINT('',(0.373015791362,0.390525182978,0.5635005879)
  );
#9355 = CARTESIAN_POINT('',(0.373015791362,0.38057679301,0.5635005879));
#9356 = ORIENTED_EDGE('',*,*,#9357,.T.);
#9357 = EDGE_CURVE('',#9349,#9358,#9360,.T.);
#9358 = VERTEX_POINT('',#9359);
#9359 = CARTESIAN_POINT('',(0.356358017392,0.362530874886,0.5635005879)
  );
#9360 = B_SPLINE_CURVE_WITH_KNOTS('',3,(#9361,#9362,#9363,#9364),
  .UNSPECIFIED.,.F.,.F.,(4,4),(24.,25.),.PIECEWISE_BEZIER_KNOTS.);
#9361 = CARTESIAN_POINT('',(0.373015791362,0.38057679301,0.5635005879));
#9362 = CARTESIAN_POINT('',(0.373015791362,0.371091116288,0.5635005879)
  );
#9363 = CARTESIAN_POINT('',(0.365843698526,0.363224946963,0.5635005879)
  );
#9364 = CARTESIAN_POINT('',(0.356358017392,0.362530874886,0.5635005879)
  );
#9365 = ORIENTED_EDGE('',*,*,#9366,.T.);
#9366 = EDGE_CURVE('',#9358,#9367,#9369,.T.);
#9367 = VERTEX_POINT('',#9368);
#9368 = CARTESIAN_POINT('',(0.345946909764,0.362530874886,0.5635005879)
  );
#9369 = B_SPLINE_CURVE_WITH_KNOTS('',1,(#9370,#9371),.UNSPECIFIED.,.F.,
  .F.,(2,2),(-5.551115123126E-17,1.041110762813E-02),
  .PIECEWISE_BEZIER_KNOTS.);
#9370 = CARTESIAN_POINT('',(0.356358017392,0.362530874886,0.5635005879)
  );
#9371 = CARTESIAN_POINT('',(0.345946909764,0.362530874886,0.5635005879)
  );
#9372 = ORIENTED_EDGE('',*,*,#9373,.T.);
#9373 = EDGE_CURVE('',#9367,#9374,#9376,.T.);
#9374 = VERTEX_POINT('',#9375);
#9375 = CARTESIAN_POINT('',(0.34455876561,0.362762229303,0.5635005879));
#9376 = B_SPLINE_CURVE_WITH_KNOTS('',3,(#9377,#9378,#9379,#9380),
  .UNSPECIFIED.,.F.,.F.,(4,4),(26.,27.),.PIECEWISE_BEZIER_KNOTS.);
#9377 = CARTESIAN_POINT('',(0.345946909764,0.362530874886,0.5635005879)
  );
#9378 = CARTESIAN_POINT('',(0.345484192104,0.362530874886,0.5635005879)
  );
#9379 = CARTESIAN_POINT('',(0.345021474444,0.362762229303,0.5635005879)
  );
#9380 = CARTESIAN_POINT('',(0.34455876561,0.362762229303,0.5635005879));
#9381 = ORIENTED_EDGE('',*,*,#9382,.T.);
#9382 = EDGE_CURVE('',#9374,#9383,#9385,.T.);
#9383 = VERTEX_POINT('',#9384);
#9384 = CARTESIAN_POINT('',(0.337386672774,0.355590136467,0.5635005879)
  );
#9385 = B_SPLINE_CURVE_WITH_KNOTS('',3,(#9386,#9387,#9388,#9389),
  .UNSPECIFIED.,.F.,.F.,(4,4),(27.,28.),.PIECEWISE_BEZIER_KNOTS.);
#9386 = CARTESIAN_POINT('',(0.34455876561,0.362762229303,0.5635005879));
#9387 = CARTESIAN_POINT('',(0.340625678741,0.362762229303,0.5635005879)
  );
#9388 = CARTESIAN_POINT('',(0.337386672774,0.359523214511,0.5635005879)
  );
#9389 = CARTESIAN_POINT('',(0.337386672774,0.355590136467,0.5635005879)
  );
#9390 = ORIENTED_EDGE('',*,*,#9391,.T.);
#9391 = EDGE_CURVE('',#9383,#9392,#9394,.T.);
#9392 = VERTEX_POINT('',#9393);
#9393 = CARTESIAN_POINT('',(0.344096056776,0.348418043631,0.5635005879)
  );
#9394 = B_SPLINE_CURVE_WITH_KNOTS('',3,(#9395,#9396,#9397,#9398),
  .UNSPECIFIED.,.F.,.F.,(4,4),(28.,29.),.PIECEWISE_BEZIER_KNOTS.);
#9395 = CARTESIAN_POINT('',(0.337386672774,0.355590136467,0.5635005879)
  );
#9396 = CARTESIAN_POINT('',(0.337386672774,0.351888412841,0.5635005879)
  );
#9397 = CARTESIAN_POINT('',(0.340394324324,0.348649398048,0.5635005879)
  );
#9398 = CARTESIAN_POINT('',(0.344096056776,0.348418043631,0.5635005879)
  );
#9399 = ORIENTED_EDGE('',*,*,#9400,.T.);
#9400 = EDGE_CURVE('',#9392,#9401,#9403,.T.);
#9401 = VERTEX_POINT('',#9402);
#9402 = CARTESIAN_POINT('',(0.357746170371,0.348418043631,0.5635005879)
  );
#9403 = B_SPLINE_CURVE_WITH_KNOTS('',1,(#9404,#9405),.UNSPECIFIED.,.F.,
  .F.,(2,2),(0.,1.365011359491E-02),.PIECEWISE_BEZIER_KNOTS.);
#9404 = CARTESIAN_POINT('',(0.344096056776,0.348418043631,0.5635005879)
  );
#9405 = CARTESIAN_POINT('',(0.357746170371,0.348418043631,0.5635005879)
  );
#9406 = ORIENTED_EDGE('',*,*,#9407,.T.);
#9407 = EDGE_CURVE('',#9401,#9408,#9410,.T.);
#9408 = VERTEX_POINT('',#9409);
#9409 = CARTESIAN_POINT('',(0.378799740044,0.358829151259,0.5635005879)
  );
#9410 = B_SPLINE_CURVE_WITH_KNOTS('',3,(#9411,#9412,#9413,#9414),
  .UNSPECIFIED.,.F.,.F.,(4,4),(33.,34.),.PIECEWISE_BEZIER_KNOTS.);
#9411 = CARTESIAN_POINT('',(0.357746170371,0.348418043631,0.5635005879)
  );
#9412 = CARTESIAN_POINT('',(0.365843698526,0.349112115708,0.5635005879)
  );
#9413 = CARTESIAN_POINT('',(0.373247154605,0.35281384816,0.5635005879));
#9414 = CARTESIAN_POINT('',(0.378799740044,0.358829151259,0.5635005879)
  );
#9415 = ORIENTED_EDGE('',*,*,#9416,.T.);
#9416 = EDGE_CURVE('',#9408,#9137,#9417,.T.);
#9417 = B_SPLINE_CURVE_WITH_KNOTS('',3,(#9418,#9419,#9420,#9421),
  .UNSPECIFIED.,.F.,.F.,(4,4),(34.,35.),.PIECEWISE_BEZIER_KNOTS.);
#9418 = CARTESIAN_POINT('',(0.378799740044,0.358829151259,0.5635005879)
  );
#9419 = CARTESIAN_POINT('',(0.384352334309,0.364844454359,0.5635005879)
  );
#9420 = CARTESIAN_POINT('',(0.387359985859,0.372710628097,0.5635005879)
  );
#9421 = CARTESIAN_POINT('',(0.387359985859,0.380808156252,0.5635005879)
  );
#9422 = FACE_BOUND('',#9423,.T.);
#9423 = EDGE_LOOP('',(#9424,#9438));
#9424 = ORIENTED_EDGE('',*,*,#9425,.F.);
#9425 = EDGE_CURVE('',#9426,#9428,#9430,.T.);
#9426 = VERTEX_POINT('',#9427);
#9427 = CARTESIAN_POINT('',(0.28972693475,0.347029881827,0.5635005879));
#9428 = VERTEX_POINT('',#9429);
#9429 = CARTESIAN_POINT('',(0.28972693475,0.365075808776,0.5635005879));
#9430 = B_SPLINE_CURVE_WITH_KNOTS('',3,(#9431,#9432,#9433,#9434,#9435,
    #9436,#9437),.UNSPECIFIED.,.F.,.F.,(4,3,4),(0.,1.,2.),
  .PIECEWISE_BEZIER_KNOTS.);
#9431 = CARTESIAN_POINT('',(0.28972693475,0.347029881827,0.5635005879));
#9432 = CARTESIAN_POINT('',(0.294816806942,0.347029881827,0.5635005879)
  );
#9433 = CARTESIAN_POINT('',(0.298749893811,0.351194331938,0.5635005879)
  );
#9434 = CARTESIAN_POINT('',(0.298749893811,0.356052845301,0.5635005879)
  );
#9435 = CARTESIAN_POINT('',(0.298749893811,0.361142721907,0.5635005879)
  );
#9436 = CARTESIAN_POINT('',(0.294585452525,0.365075808776,0.5635005879)
  );
#9437 = CARTESIAN_POINT('',(0.28972693475,0.365075808776,0.5635005879));
#9438 = ORIENTED_EDGE('',*,*,#9439,.F.);
#9439 = EDGE_CURVE('',#9428,#9426,#9440,.T.);
#9440 = B_SPLINE_CURVE_WITH_KNOTS('',3,(#9441,#9442,#9443,#9444,#9445,
    #9446),.UNSPECIFIED.,.F.,.F.,(4,2,4),(2.,3.,4.),.UNSPECIFIED.);
#9441 = CARTESIAN_POINT('',(0.28972693475,0.365075808776,0.5635005879));
#9442 = CARTESIAN_POINT('',(0.284868416974,0.365075808776,0.5635005879)
  );
#9443 = CARTESIAN_POINT('',(0.280703975688,0.361142721907,0.5635005879)
  );
#9444 = CARTESIAN_POINT('',(0.280703975688,0.350962968696,0.5635005879)
  );
#9445 = CARTESIAN_POINT('',(0.284868416974,0.347029881827,0.5635005879)
  );
#9446 = CARTESIAN_POINT('',(0.28972693475,0.347029881827,0.5635005879));
#9447 = B_SPLINE_SURFACE_WITH_KNOTS('',1,1,(
    (#9448,#9449)
    ,(#9450,#9451
    )),.UNSPECIFIED.,.F.,.F.,.F.,(2,2),(2,2),(-6.593700174013E-03,
    0.141012668433),(-6.645756021011E-02,4.181794853171E-02),
  .PIECEWISE_BEZIER_KNOTS.);
#9448 = CARTESIAN_POINT('',(0.387359985859,0.33314842264,0.5635005879));
#9449 = CARTESIAN_POINT('',(0.387359985859,0.441423931382,0.5635005879)
  );
#9450 = CARTESIAN_POINT('',(0.239753617252,0.33314842264,0.5635005879));
#9451 = CARTESIAN_POINT('',(0.239753617252,0.441423931382,0.5635005879)
  );
#9452 = ADVANCED_FACE('',(#9453,#9742),#9767,.T.);
#9453 = FACE_BOUND('',#9454,.T.);
#9454 = EDGE_LOOP('',(#9455,#9466,#9475,#9484,#9491,#9500,#9509,#9518,
    #9525,#9534,#9543,#9552,#9561,#9570,#9579,#9588,#9597,#9606,#9615,
    #9622,#9629,#9636,#9645,#9654,#9663,#9672,#9681,#9690,#9699,#9708,
    #9717,#9726,#9735));
#9455 = ORIENTED_EDGE('',*,*,#9456,.F.);
#9456 = EDGE_CURVE('',#9457,#9459,#9461,.T.);
#9457 = VERTEX_POINT('',#9458);
#9458 = CARTESIAN_POINT('',(0.387359985859,0.380808156252,0.5625005879)
  );
#9459 = VERTEX_POINT('',#9460);
#9460 = CARTESIAN_POINT('',(0.364455554373,0.411116039404,0.5625005879)
  );
#9461 = B_SPLINE_CURVE_WITH_KNOTS('',3,(#9462,#9463,#9464,#9465),
  .UNSPECIFIED.,.F.,.F.,(4,4),(35.,36.),.PIECEWISE_BEZIER_KNOTS.);
#9462 = CARTESIAN_POINT('',(0.387359985859,0.380808156252,0.5625005879)
  );
#9463 = CARTESIAN_POINT('',(0.387128631442,0.394689624264,0.5625005879)
  );
#9464 = CARTESIAN_POINT('',(0.377642950308,0.406951598118,0.5625005879)
  );
#9465 = CARTESIAN_POINT('',(0.364455554373,0.411116039404,0.5625005879)
  );
#9466 = ORIENTED_EDGE('',*,*,#9467,.F.);
#9467 = EDGE_CURVE('',#9468,#9457,#9470,.T.);
#9468 = VERTEX_POINT('',#9469);
#9469 = CARTESIAN_POINT('',(0.378799740044,0.358829151259,0.5625005879)
  );
#9470 = B_SPLINE_CURVE_WITH_KNOTS('',3,(#9471,#9472,#9473,#9474),
  .UNSPECIFIED.,.F.,.F.,(4,4),(34.,35.),.PIECEWISE_BEZIER_KNOTS.);
#9471 = CARTESIAN_POINT('',(0.378799740044,0.358829151259,0.5625005879)
  );
#9472 = CARTESIAN_POINT('',(0.384352334309,0.364844454359,0.5625005879)
  );
#9473 = CARTESIAN_POINT('',(0.387359985859,0.372710628097,0.5625005879)
  );
#9474 = CARTESIAN_POINT('',(0.387359985859,0.380808156252,0.5625005879)
  );
#9475 = ORIENTED_EDGE('',*,*,#9476,.F.);
#9476 = EDGE_CURVE('',#9477,#9468,#9479,.T.);
#9477 = VERTEX_POINT('',#9478);
#9478 = CARTESIAN_POINT('',(0.357746170371,0.348418043631,0.5625005879)
  );
#9479 = B_SPLINE_CURVE_WITH_KNOTS('',3,(#9480,#9481,#9482,#9483),
  .UNSPECIFIED.,.F.,.F.,(4,4),(33.,34.),.PIECEWISE_BEZIER_KNOTS.);
#9480 = CARTESIAN_POINT('',(0.357746170371,0.348418043631,0.5625005879)
  );
#9481 = CARTESIAN_POINT('',(0.365843698526,0.349112115708,0.5625005879)
  );
#9482 = CARTESIAN_POINT('',(0.373247154605,0.35281384816,0.5625005879));
#9483 = CARTESIAN_POINT('',(0.378799740044,0.358829151259,0.5625005879)
  );
#9484 = ORIENTED_EDGE('',*,*,#9485,.F.);
#9485 = EDGE_CURVE('',#9486,#9477,#9488,.T.);
#9486 = VERTEX_POINT('',#9487);
#9487 = CARTESIAN_POINT('',(0.344096056776,0.348418043631,0.5625005879)
  );
#9488 = B_SPLINE_CURVE_WITH_KNOTS('',1,(#9489,#9490),.UNSPECIFIED.,.F.,
  .F.,(2,2),(-1.295604151809E-02,6.940720768207E-04),
  .PIECEWISE_BEZIER_KNOTS.);
#9489 = CARTESIAN_POINT('',(0.344096056776,0.348418043631,0.5625005879)
  );
#9490 = CARTESIAN_POINT('',(0.357746170371,0.348418043631,0.5625005879)
  );
#9491 = ORIENTED_EDGE('',*,*,#9492,.F.);
#9492 = EDGE_CURVE('',#9493,#9486,#9495,.T.);
#9493 = VERTEX_POINT('',#9494);
#9494 = CARTESIAN_POINT('',(0.337386672774,0.355590136467,0.5625005879)
  );
#9495 = B_SPLINE_CURVE_WITH_KNOTS('',3,(#9496,#9497,#9498,#9499),
  .UNSPECIFIED.,.F.,.F.,(4,4),(28.,29.),.PIECEWISE_BEZIER_KNOTS.);
#9496 = CARTESIAN_POINT('',(0.337386672774,0.355590136467,0.5625005879)
  );
#9497 = CARTESIAN_POINT('',(0.337386672774,0.351888412841,0.5625005879)
  );
#9498 = CARTESIAN_POINT('',(0.340394324324,0.348649398048,0.5625005879)
  );
#9499 = CARTESIAN_POINT('',(0.344096056776,0.348418043631,0.5625005879)
  );
#9500 = ORIENTED_EDGE('',*,*,#9501,.F.);
#9501 = EDGE_CURVE('',#9502,#9493,#9504,.T.);
#9502 = VERTEX_POINT('',#9503);
#9503 = CARTESIAN_POINT('',(0.34455876561,0.362762229303,0.5625005879));
#9504 = B_SPLINE_CURVE_WITH_KNOTS('',3,(#9505,#9506,#9507,#9508),
  .UNSPECIFIED.,.F.,.F.,(4,4),(27.,28.),.PIECEWISE_BEZIER_KNOTS.);
#9505 = CARTESIAN_POINT('',(0.34455876561,0.362762229303,0.5625005879));
#9506 = CARTESIAN_POINT('',(0.340625678741,0.362762229303,0.5625005879)
  );
#9507 = CARTESIAN_POINT('',(0.337386672774,0.359523214511,0.5625005879)
  );
#9508 = CARTESIAN_POINT('',(0.337386672774,0.355590136467,0.5625005879)
  );
#9509 = ORIENTED_EDGE('',*,*,#9510,.F.);
#9510 = EDGE_CURVE('',#9511,#9502,#9513,.T.);
#9511 = VERTEX_POINT('',#9512);
#9512 = CARTESIAN_POINT('',(0.345946909764,0.362530874886,0.5625005879)
  );
#9513 = B_SPLINE_CURVE_WITH_KNOTS('',3,(#9514,#9515,#9516,#9517),
  .UNSPECIFIED.,.F.,.F.,(4,4),(26.,27.),.PIECEWISE_BEZIER_KNOTS.);
#9514 = CARTESIAN_POINT('',(0.345946909764,0.362530874886,0.5625005879)
  );
#9515 = CARTESIAN_POINT('',(0.345484192104,0.362530874886,0.5625005879)
  );
#9516 = CARTESIAN_POINT('',(0.345021474444,0.362762229303,0.5625005879)
  );
#9517 = CARTESIAN_POINT('',(0.34455876561,0.362762229303,0.5625005879));
#9518 = ORIENTED_EDGE('',*,*,#9519,.F.);
#9519 = EDGE_CURVE('',#9520,#9511,#9522,.T.);
#9520 = VERTEX_POINT('',#9521);
#9521 = CARTESIAN_POINT('',(0.356358017392,0.362530874886,0.5625005879)
  );
#9522 = B_SPLINE_CURVE_WITH_KNOTS('',1,(#9523,#9524),.UNSPECIFIED.,.F.,
  .F.,(2,2),(-5.551115123126E-17,1.041110762813E-02),
  .PIECEWISE_BEZIER_KNOTS.);
#9523 = CARTESIAN_POINT('',(0.356358017392,0.362530874886,0.5625005879)
  );
#9524 = CARTESIAN_POINT('',(0.345946909764,0.362530874886,0.5625005879)
  );
#9525 = ORIENTED_EDGE('',*,*,#9526,.F.);
#9526 = EDGE_CURVE('',#9527,#9520,#9529,.T.);
#9527 = VERTEX_POINT('',#9528);
#9528 = CARTESIAN_POINT('',(0.373015791362,0.38057679301,0.5625005879));
#9529 = B_SPLINE_CURVE_WITH_KNOTS('',3,(#9530,#9531,#9532,#9533),
  .UNSPECIFIED.,.F.,.F.,(4,4),(24.,25.),.PIECEWISE_BEZIER_KNOTS.);
#9530 = CARTESIAN_POINT('',(0.373015791362,0.38057679301,0.5625005879));
#9531 = CARTESIAN_POINT('',(0.373015791362,0.371091116288,0.5625005879)
  );
#9532 = CARTESIAN_POINT('',(0.365843698526,0.363224946963,0.5625005879)
  );
#9533 = CARTESIAN_POINT('',(0.356358017392,0.362530874886,0.5625005879)
  );
#9534 = ORIENTED_EDGE('',*,*,#9535,.F.);
#9535 = EDGE_CURVE('',#9536,#9527,#9538,.T.);
#9536 = VERTEX_POINT('',#9537);
#9537 = CARTESIAN_POINT('',(0.354969873238,0.398622711133,0.5625005879)
  );
#9538 = B_SPLINE_CURVE_WITH_KNOTS('',3,(#9539,#9540,#9541,#9542),
  .UNSPECIFIED.,.F.,.F.,(4,4),(23.,24.),.PIECEWISE_BEZIER_KNOTS.);
#9539 = CARTESIAN_POINT('',(0.354969873238,0.398622711133,0.5625005879)
  );
#9540 = CARTESIAN_POINT('',(0.364918263207,0.398622711133,0.5625005879)
  );
#9541 = CARTESIAN_POINT('',(0.373015791362,0.390525182978,0.5625005879)
  );
#9542 = CARTESIAN_POINT('',(0.373015791362,0.38057679301,0.5625005879));
#9543 = ORIENTED_EDGE('',*,*,#9544,.F.);
#9544 = EDGE_CURVE('',#9545,#9536,#9547,.T.);
#9545 = VERTEX_POINT('',#9546);
#9546 = CARTESIAN_POINT('',(0.353119011425,0.398622711133,0.5625005879)
  );
#9547 = B_SPLINE_CURVE_WITH_KNOTS('',3,(#9548,#9549,#9550,#9551),
  .UNSPECIFIED.,.F.,.F.,(4,4),(22.,23.),.PIECEWISE_BEZIER_KNOTS.);
#9548 = CARTESIAN_POINT('',(0.353119011425,0.398622711133,0.5625005879)
  );
#9549 = CARTESIAN_POINT('',(0.353813083502,0.398622711133,0.5625005879)
  );
#9550 = CARTESIAN_POINT('',(0.354275801161,0.398622711133,0.5625005879)
  );
#9551 = CARTESIAN_POINT('',(0.354969873238,0.398622711133,0.5625005879)
  );
#9552 = ORIENTED_EDGE('',*,*,#9553,.F.);
#9553 = EDGE_CURVE('',#9554,#9545,#9556,.T.);
#9554 = VERTEX_POINT('',#9555);
#9555 = CARTESIAN_POINT('',(0.320728898804,0.427542454545,0.5625005879)
  );
#9556 = B_SPLINE_CURVE_WITH_KNOTS('',3,(#9557,#9558,#9559,#9560),
  .UNSPECIFIED.,.F.,.F.,(4,4),(21.,22.),.PIECEWISE_BEZIER_KNOTS.);
#9557 = CARTESIAN_POINT('',(0.320728898804,0.427542454545,0.5625005879)
  );
#9558 = CARTESIAN_POINT('',(0.337386672774,0.427542454545,0.5625005879)
  );
#9559 = CARTESIAN_POINT('',(0.351268149612,0.414817767444,0.5625005879)
  );
#9560 = CARTESIAN_POINT('',(0.353119011425,0.398622711133,0.5625005879)
  );
#9561 = ORIENTED_EDGE('',*,*,#9562,.F.);
#9562 = EDGE_CURVE('',#9563,#9554,#9565,.T.);
#9563 = VERTEX_POINT('',#9564);
#9564 = CARTESIAN_POINT('',(0.289726939162,0.40533210396,0.5625005879));
#9565 = B_SPLINE_CURVE_WITH_KNOTS('',3,(#9566,#9567,#9568,#9569),
  .UNSPECIFIED.,.F.,.F.,(4,4),(20.,21.),.PIECEWISE_BEZIER_KNOTS.);
#9566 = CARTESIAN_POINT('',(0.289726939162,0.40533210396,0.5625005879));
#9567 = CARTESIAN_POINT('',(0.294122734866,0.418288136653,0.5625005879)
  );
#9568 = CARTESIAN_POINT('',(0.30615334989,0.427542454545,0.5625005879));
#9569 = CARTESIAN_POINT('',(0.320728898804,0.427542454545,0.5625005879)
  );
#9570 = ORIENTED_EDGE('',*,*,#9571,.F.);
#9571 = EDGE_CURVE('',#9572,#9563,#9574,.T.);
#9572 = VERTEX_POINT('',#9573);
#9573 = CARTESIAN_POINT('',(0.277464969721,0.40880247317,0.5625005879));
#9574 = B_SPLINE_CURVE_WITH_KNOTS('',3,(#9575,#9576,#9577,#9578),
  .UNSPECIFIED.,.F.,.F.,(4,4),(19.,20.),.PIECEWISE_BEZIER_KNOTS.);
#9575 = CARTESIAN_POINT('',(0.277464969721,0.40880247317,0.5625005879));
#9576 = CARTESIAN_POINT('',(0.281860769837,0.40880247317,0.5625005879));
#9577 = CARTESIAN_POINT('',(0.286256569953,0.407414324604,0.5625005879)
  );
#9578 = CARTESIAN_POINT('',(0.289726939162,0.40533210396,0.5625005879));
#9579 = ORIENTED_EDGE('',*,*,#9580,.F.);
#9580 = EDGE_CURVE('',#9581,#9572,#9583,.T.);
#9581 = VERTEX_POINT('',#9582);
#9582 = CARTESIAN_POINT('',(0.254329174992,0.385666678441,0.5625005879)
  );
#9583 = B_SPLINE_CURVE_WITH_KNOTS('',3,(#9584,#9585,#9586,#9587),
  .UNSPECIFIED.,.F.,.F.,(4,4),(18.,19.),.PIECEWISE_BEZIER_KNOTS.);
#9584 = CARTESIAN_POINT('',(0.254329174992,0.385666678441,0.5625005879)
  );
#9585 = CARTESIAN_POINT('',(0.254329174992,0.398391365542,0.5625005879)
  );
#9586 = CARTESIAN_POINT('',(0.26474028262,0.40880247317,0.5625005879));
#9587 = CARTESIAN_POINT('',(0.277464969721,0.40880247317,0.5625005879));
#9588 = ORIENTED_EDGE('',*,*,#9589,.F.);
#9589 = EDGE_CURVE('',#9590,#9581,#9592,.T.);
#9590 = VERTEX_POINT('',#9591);
#9591 = CARTESIAN_POINT('',(0.268210651829,0.364381745525,0.5625005879)
  );
#9592 = B_SPLINE_CURVE_WITH_KNOTS('',3,(#9593,#9594,#9595,#9596),
  .UNSPECIFIED.,.F.,.F.,(4,4),(17.,18.),.PIECEWISE_BEZIER_KNOTS.);
#9593 = CARTESIAN_POINT('',(0.268210651829,0.364381745525,0.5625005879)
  );
#9594 = CARTESIAN_POINT('',(0.260113123674,0.368083473564,0.5625005879)
  );
#9595 = CARTESIAN_POINT('',(0.254329174992,0.376181001719,0.5625005879)
  );
#9596 = CARTESIAN_POINT('',(0.254329174992,0.385666678441,0.5625005879)
  );
#9597 = ORIENTED_EDGE('',*,*,#9598,.F.);
#9598 = EDGE_CURVE('',#9599,#9590,#9601,.T.);
#9599 = VERTEX_POINT('',#9600);
#9600 = CARTESIAN_POINT('',(0.289958297992,0.379651370929,0.5625005879)
  );
#9601 = B_SPLINE_CURVE_WITH_KNOTS('',3,(#9602,#9603,#9604,#9605),
  .UNSPECIFIED.,.F.,.F.,(4,4),(16.,17.),.PIECEWISE_BEZIER_KNOTS.);
#9602 = CARTESIAN_POINT('',(0.289958297992,0.379651370929,0.5625005879)
  );
#9603 = CARTESIAN_POINT('',(0.280009903611,0.379651370929,0.5625005879)
  );
#9604 = CARTESIAN_POINT('',(0.271449662209,0.37317335017,0.5625005879));
#9605 = CARTESIAN_POINT('',(0.268210651829,0.364381745525,0.5625005879)
  );
#9606 = ORIENTED_EDGE('',*,*,#9607,.F.);
#9607 = EDGE_CURVE('',#9608,#9599,#9610,.T.);
#9608 = VERTEX_POINT('',#9609);
#9609 = CARTESIAN_POINT('',(0.307310144039,0.371785201603,0.5625005879)
  );
#9610 = B_SPLINE_CURVE_WITH_KNOTS('',3,(#9611,#9612,#9613,#9614),
  .UNSPECIFIED.,.F.,.F.,(4,4),(15.,16.),.PIECEWISE_BEZIER_KNOTS.);
#9611 = CARTESIAN_POINT('',(0.307310144039,0.371785201603,0.5625005879)
  );
#9612 = CARTESIAN_POINT('',(0.303145702753,0.376643719379,0.5625005879)
  );
#9613 = CARTESIAN_POINT('',(0.296899036411,0.379651370929,0.5625005879)
  );
#9614 = CARTESIAN_POINT('',(0.289958297992,0.379651370929,0.5625005879)
  );
#9615 = ORIENTED_EDGE('',*,*,#9616,.F.);
#9616 = EDGE_CURVE('',#9617,#9608,#9619,.T.);
#9617 = VERTEX_POINT('',#9618);
#9618 = CARTESIAN_POINT('',(0.338312108094,0.387980257914,0.5625005879)
  );
#9619 = B_SPLINE_CURVE_WITH_KNOTS('',1,(#9620,#9621),.UNSPECIFIED.,.F.,
  .F.,(2,2),(0.,3.497715860575E-02),.PIECEWISE_BEZIER_KNOTS.);
#9620 = CARTESIAN_POINT('',(0.338312108094,0.387980257914,0.5625005879)
  );
#9621 = CARTESIAN_POINT('',(0.307310144039,0.371785201603,0.5625005879)
  );
#9622 = ORIENTED_EDGE('',*,*,#9623,.F.);
#9623 = EDGE_CURVE('',#9624,#9617,#9626,.T.);
#9624 = VERTEX_POINT('',#9625);
#9625 = CARTESIAN_POINT('',(0.34548420093,0.375718284059,0.5625005879));
#9626 = B_SPLINE_CURVE_WITH_KNOTS('',1,(#9627,#9628),.UNSPECIFIED.,.F.,
  .F.,(2,2),(0.,1.420545382746E-02),.PIECEWISE_BEZIER_KNOTS.);
#9627 = CARTESIAN_POINT('',(0.34548420093,0.375718284059,0.5625005879));
#9628 = CARTESIAN_POINT('',(0.338312108094,0.387980257914,0.5625005879)
  );
#9629 = ORIENTED_EDGE('',*,*,#9630,.F.);
#9630 = EDGE_CURVE('',#9631,#9624,#9633,.T.);
#9631 = VERTEX_POINT('',#9632);
#9632 = CARTESIAN_POINT('',(0.313094088309,0.358597796842,0.5625005879)
  );
#9633 = B_SPLINE_CURVE_WITH_KNOTS('',1,(#9634,#9635),.UNSPECIFIED.,.F.,
  .F.,(2,2),(7.501789506273E-17,3.663646377772E-02),
  .PIECEWISE_BEZIER_KNOTS.);
#9634 = CARTESIAN_POINT('',(0.313094088309,0.358597796842,0.5625005879)
  );
#9635 = CARTESIAN_POINT('',(0.34548420093,0.375718284059,0.5625005879));
#9636 = ORIENTED_EDGE('',*,*,#9637,.F.);
#9637 = EDGE_CURVE('',#9638,#9631,#9640,.T.);
#9638 = VERTEX_POINT('',#9639);
#9639 = CARTESIAN_POINT('',(0.313094088309,0.356284217369,0.5625005879)
  );
#9640 = B_SPLINE_CURVE_WITH_KNOTS('',3,(#9641,#9642,#9643,#9644),
  .UNSPECIFIED.,.F.,.F.,(4,4),(11.,12.),.PIECEWISE_BEZIER_KNOTS.);
#9641 = CARTESIAN_POINT('',(0.313094088309,0.356284217369,0.5625005879)
  );
#9642 = CARTESIAN_POINT('',(0.313094088309,0.356978289446,0.5625005879)
  );
#9643 = CARTESIAN_POINT('',(0.313094088309,0.357672361523,0.5625005879)
  );
#9644 = CARTESIAN_POINT('',(0.313094088309,0.358597796842,0.5625005879)
  );
#9645 = ORIENTED_EDGE('',*,*,#9646,.F.);
#9646 = EDGE_CURVE('',#9647,#9638,#9649,.T.);
#9647 = VERTEX_POINT('',#9648);
#9648 = CARTESIAN_POINT('',(0.28995829358,0.33314842264,0.5625005879));
#9649 = B_SPLINE_CURVE_WITH_KNOTS('',3,(#9650,#9651,#9652,#9653),
  .UNSPECIFIED.,.F.,.F.,(4,4),(10.,11.),.PIECEWISE_BEZIER_KNOTS.);
#9650 = CARTESIAN_POINT('',(0.28995829358,0.33314842264,0.5625005879));
#9651 = CARTESIAN_POINT('',(0.30268298068,0.33314842264,0.5625005879));
#9652 = CARTESIAN_POINT('',(0.313094088309,0.343559530268,0.5625005879)
  );
#9653 = CARTESIAN_POINT('',(0.313094088309,0.356284217369,0.5625005879)
  );
#9654 = ORIENTED_EDGE('',*,*,#9655,.F.);
#9655 = EDGE_CURVE('',#9656,#9647,#9658,.T.);
#9656 = VERTEX_POINT('',#9657);
#9657 = CARTESIAN_POINT('',(0.26797928638,0.348880761291,0.5625005879));
#9658 = B_SPLINE_CURVE_WITH_KNOTS('',3,(#9659,#9660,#9661,#9662),
  .UNSPECIFIED.,.F.,.F.,(4,4),(9.,10.),.PIECEWISE_BEZIER_KNOTS.);
#9659 = CARTESIAN_POINT('',(0.26797928638,0.348880761291,0.5625005879));
#9660 = CARTESIAN_POINT('',(0.270986940136,0.339626443399,0.5625005879)
  );
#9661 = CARTESIAN_POINT('',(0.279778540368,0.33314842264,0.5625005879));
#9662 = CARTESIAN_POINT('',(0.28995829358,0.33314842264,0.5625005879));
#9663 = ORIENTED_EDGE('',*,*,#9664,.F.);
#9664 = EDGE_CURVE('',#9665,#9656,#9667,.T.);
#9665 = VERTEX_POINT('',#9666);
#9666 = CARTESIAN_POINT('',(0.249470650597,0.359985940996,0.5625005879)
  );
#9667 = B_SPLINE_CURVE_WITH_KNOTS('',3,(#9668,#9669,#9670,#9671),
  .UNSPECIFIED.,.F.,.F.,(4,4),(8.,9.),.PIECEWISE_BEZIER_KNOTS.);
#9668 = CARTESIAN_POINT('',(0.249470650597,0.359985940996,0.5625005879)
  );
#9669 = CARTESIAN_POINT('',(0.254560524996,0.354433346731,0.5625005879)
  );
#9670 = CARTESIAN_POINT('',(0.260807191338,0.350731623104,0.5625005879)
  );
#9671 = CARTESIAN_POINT('',(0.26797928638,0.348880761291,0.5625005879));
#9672 = ORIENTED_EDGE('',*,*,#9673,.F.);
#9673 = EDGE_CURVE('',#9674,#9665,#9676,.T.);
#9674 = VERTEX_POINT('',#9675);
#9675 = CARTESIAN_POINT('',(0.239753617252,0.385203951955,0.5625005879)
  );
#9676 = B_SPLINE_CURVE_WITH_KNOTS('',3,(#9677,#9678,#9679,#9680),
  .UNSPECIFIED.,.F.,.F.,(4,4),(7.,8.),.PIECEWISE_BEZIER_KNOTS.);
#9677 = CARTESIAN_POINT('',(0.239753617252,0.385203951955,0.5625005879)
  );
#9678 = CARTESIAN_POINT('',(0.239753617252,0.375949634064,0.5625005879)
  );
#9679 = CARTESIAN_POINT('',(0.243223986461,0.366926670589,0.5625005879)
  );
#9680 = CARTESIAN_POINT('',(0.249470650597,0.359985940996,0.5625005879)
  );
#9681 = ORIENTED_EDGE('',*,*,#9682,.F.);
#9682 = EDGE_CURVE('',#9683,#9674,#9685,.T.);
#9683 = VERTEX_POINT('',#9684);
#9684 = CARTESIAN_POINT('',(0.250627446953,0.411578754858,0.5625005879)
  );
#9685 = B_SPLINE_CURVE_WITH_KNOTS('',3,(#9686,#9687,#9688,#9689),
  .UNSPECIFIED.,.F.,.F.,(4,4),(6.,7.),.PIECEWISE_BEZIER_KNOTS.);
#9686 = CARTESIAN_POINT('',(0.250627446953,0.411578754858,0.5625005879)
  );
#9687 = CARTESIAN_POINT('',(0.243686702466,0.404638018645,0.5625005879)
  );
#9688 = CARTESIAN_POINT('',(0.239753617252,0.395152341924,0.5625005879)
  );
#9689 = CARTESIAN_POINT('',(0.239753617252,0.385203951955,0.5625005879)
  );
#9690 = ORIENTED_EDGE('',*,*,#9691,.F.);
#9691 = EDGE_CURVE('',#9692,#9683,#9694,.T.);
#9692 = VERTEX_POINT('',#9693);
#9693 = CARTESIAN_POINT('',(0.277233610891,0.422683936769,0.5625005879)
  );
#9694 = B_SPLINE_CURVE_WITH_KNOTS('',3,(#9695,#9696,#9697,#9698),
  .UNSPECIFIED.,.F.,.F.,(4,4),(5.,6.),.PIECEWISE_BEZIER_KNOTS.);
#9695 = CARTESIAN_POINT('',(0.277233610891,0.422683936769,0.5625005879)
  );
#9696 = CARTESIAN_POINT('',(0.267285218716,0.422683936769,0.5625005879)
  );
#9697 = CARTESIAN_POINT('',(0.257799544201,0.418750852106,0.5625005879)
  );
#9698 = CARTESIAN_POINT('',(0.250627446953,0.411578754858,0.5625005879)
  );
#9699 = ORIENTED_EDGE('',*,*,#9700,.F.);
#9700 = EDGE_CURVE('',#9701,#9692,#9703,.T.);
#9701 = VERTEX_POINT('',#9702);
#9702 = CARTESIAN_POINT('',(0.282554841914,0.422221221316,0.5625005879)
  );
#9703 = B_SPLINE_CURVE_WITH_KNOTS('',3,(#9704,#9705,#9706,#9707),
  .UNSPECIFIED.,.F.,.F.,(4,4),(4.,5.),.PIECEWISE_BEZIER_KNOTS.);
#9704 = CARTESIAN_POINT('',(0.282554841914,0.422221221316,0.5625005879)
  );
#9705 = CARTESIAN_POINT('',(0.280703980101,0.422452580145,0.5625005879)
  );
#9706 = CARTESIAN_POINT('',(0.279084472704,0.422683936769,0.5625005879)
  );
#9707 = CARTESIAN_POINT('',(0.277233610891,0.422683936769,0.5625005879)
  );
#9708 = ORIENTED_EDGE('',*,*,#9709,.F.);
#9709 = EDGE_CURVE('',#9710,#9701,#9712,.T.);
#9710 = VERTEX_POINT('',#9711);
#9711 = CARTESIAN_POINT('',(0.292734590712,0.432400971217,0.5625005879)
  );
#9712 = B_SPLINE_CURVE_WITH_KNOTS('',3,(#9713,#9714,#9715,#9716),
  .UNSPECIFIED.,.F.,.F.,(4,4),(3.,4.),.PIECEWISE_BEZIER_KNOTS.);
#9713 = CARTESIAN_POINT('',(0.292734590712,0.432400971217,0.5625005879)
  );
#9714 = CARTESIAN_POINT('',(0.288801503843,0.429624675188,0.5625005879)
  );
#9715 = CARTESIAN_POINT('',(0.285562493464,0.426154305978,0.5625005879)
  );
#9716 = CARTESIAN_POINT('',(0.282554841914,0.422221221316,0.5625005879)
  );
#9717 = ORIENTED_EDGE('',*,*,#9718,.F.);
#9718 = EDGE_CURVE('',#9719,#9710,#9721,.T.);
#9719 = VERTEX_POINT('',#9720);
#9720 = CARTESIAN_POINT('',(0.320497544387,0.441423931382,0.5625005879)
  );
#9721 = B_SPLINE_CURVE_WITH_KNOTS('',3,(#9722,#9723,#9724,#9725),
  .UNSPECIFIED.,.F.,.F.,(4,4),(2.,3.),.PIECEWISE_BEZIER_KNOTS.);
#9722 = CARTESIAN_POINT('',(0.320497544387,0.441423931382,0.5625005879)
  );
#9723 = CARTESIAN_POINT('',(0.310317795589,0.441423931382,0.5625005879)
  );
#9724 = CARTESIAN_POINT('',(0.300832118867,0.438184920175,0.5625005879)
  );
#9725 = CARTESIAN_POINT('',(0.292734590712,0.432400971217,0.5625005879)
  );
#9726 = ORIENTED_EDGE('',*,*,#9727,.F.);
#9727 = EDGE_CURVE('',#9728,#9719,#9730,.T.);
#9728 = VERTEX_POINT('',#9729);
#9729 = CARTESIAN_POINT('',(0.351962221689,0.429393317461,0.5625005879)
  );
#9730 = B_SPLINE_CURVE_WITH_KNOTS('',3,(#9731,#9732,#9733,#9734),
  .UNSPECIFIED.,.F.,.F.,(4,4),(1.,2.),.PIECEWISE_BEZIER_KNOTS.);
#9731 = CARTESIAN_POINT('',(0.351962221689,0.429393317461,0.5625005879)
  );
#9732 = CARTESIAN_POINT('',(0.343170621457,0.437028130439,0.5625005879)
  );
#9733 = CARTESIAN_POINT('',(0.332065441752,0.441423931382,0.5625005879)
  );
#9734 = CARTESIAN_POINT('',(0.320497544387,0.441423931382,0.5625005879)
  );
#9735 = ORIENTED_EDGE('',*,*,#9736,.F.);
#9736 = EDGE_CURVE('',#9459,#9728,#9737,.T.);
#9737 = B_SPLINE_CURVE_WITH_KNOTS('',3,(#9738,#9739,#9740,#9741),
  .UNSPECIFIED.,.F.,.F.,(4,4),(0.,1.),.PIECEWISE_BEZIER_KNOTS.);
#9738 = CARTESIAN_POINT('',(0.364455554373,0.411116039404,0.5625005879)
  );
#9739 = CARTESIAN_POINT('',(0.361910620483,0.418056777823,0.5625005879)
  );
#9740 = CARTESIAN_POINT('',(0.357514815954,0.424303441959,0.5625005879)
  );
#9741 = CARTESIAN_POINT('',(0.351962221689,0.429393317461,0.5625005879)
  );
#9742 = FACE_BOUND('',#9743,.T.);
#9743 = EDGE_LOOP('',(#9744,#9757));
#9744 = ORIENTED_EDGE('',*,*,#9745,.T.);
#9745 = EDGE_CURVE('',#9746,#9748,#9750,.T.);
#9746 = VERTEX_POINT('',#9747);
#9747 = CARTESIAN_POINT('',(0.28972693475,0.365075808776,0.5625005879));
#9748 = VERTEX_POINT('',#9749);
#9749 = CARTESIAN_POINT('',(0.28972693475,0.347029881827,0.5625005879));
#9750 = B_SPLINE_CURVE_WITH_KNOTS('',3,(#9751,#9752,#9753,#9754,#9755,
    #9756),.UNSPECIFIED.,.F.,.F.,(4,2,4),(2.,3.,4.),.UNSPECIFIED.);
#9751 = CARTESIAN_POINT('',(0.28972693475,0.365075808776,0.5625005879));
#9752 = CARTESIAN_POINT('',(0.284868416974,0.365075808776,0.5625005879)
  );
#9753 = CARTESIAN_POINT('',(0.280703975688,0.361142721907,0.5625005879)
  );
#9754 = CARTESIAN_POINT('',(0.280703975688,0.350962968696,0.5625005879)
  );
#9755 = CARTESIAN_POINT('',(0.284868416974,0.347029881827,0.5625005879)
  );
#9756 = CARTESIAN_POINT('',(0.28972693475,0.347029881827,0.5625005879));
#9757 = ORIENTED_EDGE('',*,*,#9758,.T.);
#9758 = EDGE_CURVE('',#9748,#9746,#9759,.T.);
#9759 = B_SPLINE_CURVE_WITH_KNOTS('',3,(#9760,#9761,#9762,#9763,#9764,
    #9765,#9766),.UNSPECIFIED.,.F.,.F.,(4,3,4),(0.,1.,2.),
  .PIECEWISE_BEZIER_KNOTS.);
#9760 = CARTESIAN_POINT('',(0.28972693475,0.347029881827,0.5625005879));
#9761 = CARTESIAN_POINT('',(0.294816806942,0.347029881827,0.5625005879)
  );
#9762 = CARTESIAN_POINT('',(0.298749893811,0.351194331938,0.5625005879)
  );
#9763 = CARTESIAN_POINT('',(0.298749893811,0.356052845301,0.5625005879)
  );
#9764 = CARTESIAN_POINT('',(0.298749893811,0.361142721907,0.5625005879)
  );
#9765 = CARTESIAN_POINT('',(0.294585452525,0.365075808776,0.5625005879)
  );
#9766 = CARTESIAN_POINT('',(0.28972693475,0.365075808776,0.5625005879));
#9767 = B_SPLINE_SURFACE_WITH_KNOTS('',1,1,(
    (#9768,#9769)
    ,(#9770,#9771
    )),.UNSPECIFIED.,.F.,.F.,.F.,(2,2),(2,2),(-6.593700174013E-03,
    0.141012668433),(-6.645756021011E-02,4.181794853171E-02),
  .PIECEWISE_BEZIER_KNOTS.);
#9768 = CARTESIAN_POINT('',(0.387359985859,0.33314842264,0.5625005879));
#9769 = CARTESIAN_POINT('',(0.387359985859,0.441423931382,0.5625005879)
  );
#9770 = CARTESIAN_POINT('',(0.239753617252,0.33314842264,0.5625005879));
#9771 = CARTESIAN_POINT('',(0.239753617252,0.441423931382,0.5625005879)
  );
#9772 = ADVANCED_FACE('',(#9773),#9787,.F.);
#9773 = FACE_BOUND('',#9774,.F.);
#9774 = EDGE_LOOP('',(#9775,#9780,#9781,#9786));
#9775 = ORIENTED_EDGE('',*,*,#9776,.F.);
#9776 = EDGE_CURVE('',#9137,#9457,#9777,.T.);
#9777 = B_SPLINE_CURVE_WITH_KNOTS('',1,(#9778,#9779),.UNSPECIFIED.,.F.,
  .F.,(2,2),(-0.,1.E-03),.PIECEWISE_BEZIER_KNOTS.);
#9778 = CARTESIAN_POINT('',(0.387359985859,0.380808156252,0.5635005879)
  );
#9779 = CARTESIAN_POINT('',(0.387359985859,0.380808156252,0.5625005879)
  );
#9780 = ORIENTED_EDGE('',*,*,#9136,.T.);
#9781 = ORIENTED_EDGE('',*,*,#9782,.T.);
#9782 = EDGE_CURVE('',#9139,#9459,#9783,.T.);
#9783 = B_SPLINE_CURVE_WITH_KNOTS('',1,(#9784,#9785),.UNSPECIFIED.,.F.,
  .F.,(2,2),(-0.,1.E-03),.PIECEWISE_BEZIER_KNOTS.);
#9784 = CARTESIAN_POINT('',(0.364455554373,0.411116039404,0.5635005879)
  );
#9785 = CARTESIAN_POINT('',(0.364455554373,0.411116039404,0.5625005879)
  );
#9786 = ORIENTED_EDGE('',*,*,#9456,.F.);
#9787 = B_SPLINE_SURFACE_WITH_KNOTS('',3,1,(
    (#9788,#9789)
    ,(#9790,#9791)
    ,(#9792,#9793)
    ,(#9794,#9795
    )),.UNSPECIFIED.,.F.,.F.,.F.,(4,4),(2,2),(35.,36.),(0.,1.),
  .PIECEWISE_BEZIER_KNOTS.);
#9788 = CARTESIAN_POINT('',(0.387359985859,0.380808156252,0.5635005879)
  );
#9789 = CARTESIAN_POINT('',(0.387359985859,0.380808156252,0.5625005879)
  );
#9790 = CARTESIAN_POINT('',(0.387128631442,0.394689624264,0.5635005879)
  );
#9791 = CARTESIAN_POINT('',(0.387128631442,0.394689624264,0.5625005879)
  );
#9792 = CARTESIAN_POINT('',(0.377642950308,0.406951598118,0.5635005879)
  );
#9793 = CARTESIAN_POINT('',(0.377642950308,0.406951598118,0.5625005879)
  );
#9794 = CARTESIAN_POINT('',(0.364455554373,0.411116039404,0.5635005879)
  );
#9795 = CARTESIAN_POINT('',(0.364455554373,0.411116039404,0.5625005879)
  );
#9796 = ADVANCED_FACE('',(#9797),#9807,.F.);
#9797 = FACE_BOUND('',#9798,.F.);
#9798 = EDGE_LOOP('',(#9799,#9800,#9801,#9806));
#9799 = ORIENTED_EDGE('',*,*,#9782,.F.);
#9800 = ORIENTED_EDGE('',*,*,#9147,.T.);
#9801 = ORIENTED_EDGE('',*,*,#9802,.T.);
#9802 = EDGE_CURVE('',#9148,#9728,#9803,.T.);
#9803 = B_SPLINE_CURVE_WITH_KNOTS('',1,(#9804,#9805),.UNSPECIFIED.,.F.,
  .F.,(2,2),(-0.,1.E-03),.PIECEWISE_BEZIER_KNOTS.);
#9804 = CARTESIAN_POINT('',(0.351962221689,0.429393317461,0.5635005879)
  );
#9805 = CARTESIAN_POINT('',(0.351962221689,0.429393317461,0.5625005879)
  );
#9806 = ORIENTED_EDGE('',*,*,#9736,.F.);
#9807 = B_SPLINE_SURFACE_WITH_KNOTS('',3,1,(
    (#9808,#9809)
    ,(#9810,#9811)
    ,(#9812,#9813)
    ,(#9814,#9815
    )),.UNSPECIFIED.,.F.,.F.,.F.,(4,4),(2,2),(0.,1.),(0.,1.),
  .PIECEWISE_BEZIER_KNOTS.);
#9808 = CARTESIAN_POINT('',(0.364455554373,0.411116039404,0.5635005879)
  );
#9809 = CARTESIAN_POINT('',(0.364455554373,0.411116039404,0.5625005879)
  );
#9810 = CARTESIAN_POINT('',(0.361910620483,0.418056777823,0.5635005879)
  );
#9811 = CARTESIAN_POINT('',(0.361910620483,0.418056777823,0.5625005879)
  );
#9812 = CARTESIAN_POINT('',(0.357514815954,0.424303441959,0.5635005879)
  );
#9813 = CARTESIAN_POINT('',(0.357514815954,0.424303441959,0.5625005879)
  );
#9814 = CARTESIAN_POINT('',(0.351962221689,0.429393317461,0.5635005879)
  );
#9815 = CARTESIAN_POINT('',(0.351962221689,0.429393317461,0.5625005879)
  );
#9816 = ADVANCED_FACE('',(#9817),#9827,.F.);
#9817 = FACE_BOUND('',#9818,.F.);
#9818 = EDGE_LOOP('',(#9819,#9820,#9821,#9826));
#9819 = ORIENTED_EDGE('',*,*,#9802,.F.);
#9820 = ORIENTED_EDGE('',*,*,#9156,.T.);
#9821 = ORIENTED_EDGE('',*,*,#9822,.T.);
#9822 = EDGE_CURVE('',#9157,#9719,#9823,.T.);
#9823 = B_SPLINE_CURVE_WITH_KNOTS('',1,(#9824,#9825),.UNSPECIFIED.,.F.,
  .F.,(2,2),(-0.,1.E-03),.PIECEWISE_BEZIER_KNOTS.);
#9824 = CARTESIAN_POINT('',(0.320497544387,0.441423931382,0.5635005879)
  );
#9825 = CARTESIAN_POINT('',(0.320497544387,0.441423931382,0.5625005879)
  );
#9826 = ORIENTED_EDGE('',*,*,#9727,.F.);
#9827 = B_SPLINE_SURFACE_WITH_KNOTS('',3,1,(
    (#9828,#9829)
    ,(#9830,#9831)
    ,(#9832,#9833)
    ,(#9834,#9835
    )),.UNSPECIFIED.,.F.,.F.,.F.,(4,4),(2,2),(1.,2.),(0.,1.),
  .PIECEWISE_BEZIER_KNOTS.);
#9828 = CARTESIAN_POINT('',(0.351962221689,0.429393317461,0.5635005879)
  );
#9829 = CARTESIAN_POINT('',(0.351962221689,0.429393317461,0.5625005879)
  );
#9830 = CARTESIAN_POINT('',(0.343170621457,0.437028130439,0.5635005879)
  );
#9831 = CARTESIAN_POINT('',(0.343170621457,0.437028130439,0.5625005879)
  );
#9832 = CARTESIAN_POINT('',(0.332065441752,0.441423931382,0.5635005879)
  );
#9833 = CARTESIAN_POINT('',(0.332065441752,0.441423931382,0.5625005879)
  );
#9834 = CARTESIAN_POINT('',(0.320497544387,0.441423931382,0.5635005879)
  );
#9835 = CARTESIAN_POINT('',(0.320497544387,0.441423931382,0.5625005879)
  );
#9836 = ADVANCED_FACE('',(#9837),#9847,.F.);
#9837 = FACE_BOUND('',#9838,.F.);
#9838 = EDGE_LOOP('',(#9839,#9840,#9841,#9846));
#9839 = ORIENTED_EDGE('',*,*,#9822,.F.);
#9840 = ORIENTED_EDGE('',*,*,#9165,.T.);
#9841 = ORIENTED_EDGE('',*,*,#9842,.T.);
#9842 = EDGE_CURVE('',#9166,#9710,#9843,.T.);
#9843 = B_SPLINE_CURVE_WITH_KNOTS('',1,(#9844,#9845),.UNSPECIFIED.,.F.,
  .F.,(2,2),(-0.,1.E-03),.PIECEWISE_BEZIER_KNOTS.);
#9844 = CARTESIAN_POINT('',(0.292734590712,0.432400971217,0.5635005879)
  );
#9845 = CARTESIAN_POINT('',(0.292734590712,0.432400971217,0.5625005879)
  );
#9846 = ORIENTED_EDGE('',*,*,#9718,.F.);
#9847 = B_SPLINE_SURFACE_WITH_KNOTS('',3,1,(
    (#9848,#9849)
    ,(#9850,#9851)
    ,(#9852,#9853)
    ,(#9854,#9855
    )),.UNSPECIFIED.,.F.,.F.,.F.,(4,4),(2,2),(2.,3.),(0.,1.),
  .PIECEWISE_BEZIER_KNOTS.);
#9848 = CARTESIAN_POINT('',(0.320497544387,0.441423931382,0.5635005879)
  );
#9849 = CARTESIAN_POINT('',(0.320497544387,0.441423931382,0.5625005879)
  );
#9850 = CARTESIAN_POINT('',(0.310317795589,0.441423931382,0.5635005879)
  );
#9851 = CARTESIAN_POINT('',(0.310317795589,0.441423931382,0.5625005879)
  );
#9852 = CARTESIAN_POINT('',(0.300832118867,0.438184920175,0.5635005879)
  );
#9853 = CARTESIAN_POINT('',(0.300832118867,0.438184920175,0.5625005879)
  );
#9854 = CARTESIAN_POINT('',(0.292734590712,0.432400971217,0.5635005879)
  );
#9855 = CARTESIAN_POINT('',(0.292734590712,0.432400971217,0.5625005879)
  );
#9856 = ADVANCED_FACE('',(#9857),#9867,.F.);
#9857 = FACE_BOUND('',#9858,.F.);
#9858 = EDGE_LOOP('',(#9859,#9860,#9861,#9866));
#9859 = ORIENTED_EDGE('',*,*,#9842,.F.);
#9860 = ORIENTED_EDGE('',*,*,#9174,.T.);
#9861 = ORIENTED_EDGE('',*,*,#9862,.T.);
#9862 = EDGE_CURVE('',#9175,#9701,#9863,.T.);
#9863 = B_SPLINE_CURVE_WITH_KNOTS('',1,(#9864,#9865),.UNSPECIFIED.,.F.,
  .F.,(2,2),(-0.,1.E-03),.PIECEWISE_BEZIER_KNOTS.);
#9864 = CARTESIAN_POINT('',(0.282554841914,0.422221221316,0.5635005879)
  );
#9865 = CARTESIAN_POINT('',(0.282554841914,0.422221221316,0.5625005879)
  );
#9866 = ORIENTED_EDGE('',*,*,#9709,.F.);
#9867 = B_SPLINE_SURFACE_WITH_KNOTS('',3,1,(
    (#9868,#9869)
    ,(#9870,#9871)
    ,(#9872,#9873)
    ,(#9874,#9875
    )),.UNSPECIFIED.,.F.,.F.,.F.,(4,4),(2,2),(3.,4.),(0.,1.),
  .PIECEWISE_BEZIER_KNOTS.);
#9868 = CARTESIAN_POINT('',(0.292734590712,0.432400971217,0.5635005879)
  );
#9869 = CARTESIAN_POINT('',(0.292734590712,0.432400971217,0.5625005879)
  );
#9870 = CARTESIAN_POINT('',(0.288801503843,0.429624675188,0.5635005879)
  );
#9871 = CARTESIAN_POINT('',(0.288801503843,0.429624675188,0.5625005879)
  );
#9872 = CARTESIAN_POINT('',(0.285562493464,0.426154305978,0.5635005879)
  );
#9873 = CARTESIAN_POINT('',(0.285562493464,0.426154305978,0.5625005879)
  );
#9874 = CARTESIAN_POINT('',(0.282554841914,0.422221221316,0.5635005879)
  );
#9875 = CARTESIAN_POINT('',(0.282554841914,0.422221221316,0.5625005879)
  );
#9876 = ADVANCED_FACE('',(#9877),#9887,.F.);
#9877 = FACE_BOUND('',#9878,.F.);
#9878 = EDGE_LOOP('',(#9879,#9880,#9881,#9886));
#9879 = ORIENTED_EDGE('',*,*,#9862,.F.);
#9880 = ORIENTED_EDGE('',*,*,#9183,.T.);
#9881 = ORIENTED_EDGE('',*,*,#9882,.T.);
#9882 = EDGE_CURVE('',#9184,#9692,#9883,.T.);
#9883 = B_SPLINE_CURVE_WITH_KNOTS('',1,(#9884,#9885),.UNSPECIFIED.,.F.,
  .F.,(2,2),(-0.,1.E-03),.PIECEWISE_BEZIER_KNOTS.);
#9884 = CARTESIAN_POINT('',(0.277233610891,0.422683936769,0.5635005879)
  );
#9885 = CARTESIAN_POINT('',(0.277233610891,0.422683936769,0.5625005879)
  );
#9886 = ORIENTED_EDGE('',*,*,#9700,.F.);
#9887 = B_SPLINE_SURFACE_WITH_KNOTS('',3,1,(
    (#9888,#9889)
    ,(#9890,#9891)
    ,(#9892,#9893)
    ,(#9894,#9895
    )),.UNSPECIFIED.,.F.,.F.,.F.,(4,4),(2,2),(4.,5.),(0.,1.),
  .PIECEWISE_BEZIER_KNOTS.);
#9888 = CARTESIAN_POINT('',(0.282554841914,0.422221221316,0.5635005879)
  );
#9889 = CARTESIAN_POINT('',(0.282554841914,0.422221221316,0.5625005879)
  );
#9890 = CARTESIAN_POINT('',(0.280703980101,0.422452580145,0.5635005879)
  );
#9891 = CARTESIAN_POINT('',(0.280703980101,0.422452580145,0.5625005879)
  );
#9892 = CARTESIAN_POINT('',(0.279084472704,0.422683936769,0.5635005879)
  );
#9893 = CARTESIAN_POINT('',(0.279084472704,0.422683936769,0.5625005879)
  );
#9894 = CARTESIAN_POINT('',(0.277233610891,0.422683936769,0.5635005879)
  );
#9895 = CARTESIAN_POINT('',(0.277233610891,0.422683936769,0.5625005879)
  );
#9896 = ADVANCED_FACE('',(#9897),#9907,.F.);
#9897 = FACE_BOUND('',#9898,.F.);
#9898 = EDGE_LOOP('',(#9899,#9900,#9901,#9906));
#9899 = ORIENTED_EDGE('',*,*,#9882,.F.);
#9900 = ORIENTED_EDGE('',*,*,#9192,.T.);
#9901 = ORIENTED_EDGE('',*,*,#9902,.T.);
#9902 = EDGE_CURVE('',#9193,#9683,#9903,.T.);
#9903 = B_SPLINE_CURVE_WITH_KNOTS('',1,(#9904,#9905),.UNSPECIFIED.,.F.,
  .F.,(2,2),(-0.,1.E-03),.PIECEWISE_BEZIER_KNOTS.);
#9904 = CARTESIAN_POINT('',(0.250627446953,0.411578754858,0.5635005879)
  );
#9905 = CARTESIAN_POINT('',(0.250627446953,0.411578754858,0.5625005879)
  );
#9906 = ORIENTED_EDGE('',*,*,#9691,.F.);
#9907 = B_SPLINE_SURFACE_WITH_KNOTS('',3,1,(
    (#9908,#9909)
    ,(#9910,#9911)
    ,(#9912,#9913)
    ,(#9914,#9915
    )),.UNSPECIFIED.,.F.,.F.,.F.,(4,4),(2,2),(5.,6.),(0.,1.),
  .PIECEWISE_BEZIER_KNOTS.);
#9908 = CARTESIAN_POINT('',(0.277233610891,0.422683936769,0.5635005879)
  );
#9909 = CARTESIAN_POINT('',(0.277233610891,0.422683936769,0.5625005879)
  );
#9910 = CARTESIAN_POINT('',(0.267285218716,0.422683936769,0.5635005879)
  );
#9911 = CARTESIAN_POINT('',(0.267285218716,0.422683936769,0.5625005879)
  );
#9912 = CARTESIAN_POINT('',(0.257799544201,0.418750852106,0.5635005879)
  );
#9913 = CARTESIAN_POINT('',(0.257799544201,0.418750852106,0.5625005879)
  );
#9914 = CARTESIAN_POINT('',(0.250627446953,0.411578754858,0.5635005879)
  );
#9915 = CARTESIAN_POINT('',(0.250627446953,0.411578754858,0.5625005879)
  );
#9916 = ADVANCED_FACE('',(#9917),#9927,.F.);
#9917 = FACE_BOUND('',#9918,.F.);
#9918 = EDGE_LOOP('',(#9919,#9920,#9921,#9926));
#9919 = ORIENTED_EDGE('',*,*,#9902,.F.);
#9920 = ORIENTED_EDGE('',*,*,#9201,.T.);
#9921 = ORIENTED_EDGE('',*,*,#9922,.T.);
#9922 = EDGE_CURVE('',#9202,#9674,#9923,.T.);
#9923 = B_SPLINE_CURVE_WITH_KNOTS('',1,(#9924,#9925),.UNSPECIFIED.,.F.,
  .F.,(2,2),(-0.,1.E-03),.PIECEWISE_BEZIER_KNOTS.);
#9924 = CARTESIAN_POINT('',(0.239753617252,0.385203951955,0.5635005879)
  );
#9925 = CARTESIAN_POINT('',(0.239753617252,0.385203951955,0.5625005879)
  );
#9926 = ORIENTED_EDGE('',*,*,#9682,.F.);
#9927 = B_SPLINE_SURFACE_WITH_KNOTS('',3,1,(
    (#9928,#9929)
    ,(#9930,#9931)
    ,(#9932,#9933)
    ,(#9934,#9935
    )),.UNSPECIFIED.,.F.,.F.,.F.,(4,4),(2,2),(6.,7.),(0.,1.),
  .PIECEWISE_BEZIER_KNOTS.);
#9928 = CARTESIAN_POINT('',(0.250627446953,0.411578754858,0.5635005879)
  );
#9929 = CARTESIAN_POINT('',(0.250627446953,0.411578754858,0.5625005879)
  );
#9930 = CARTESIAN_POINT('',(0.243686702466,0.404638018645,0.5635005879)
  );
#9931 = CARTESIAN_POINT('',(0.243686702466,0.404638018645,0.5625005879)
  );
#9932 = CARTESIAN_POINT('',(0.239753617252,0.395152341924,0.5635005879)
  );
#9933 = CARTESIAN_POINT('',(0.239753617252,0.395152341924,0.5625005879)
  );
#9934 = CARTESIAN_POINT('',(0.239753617252,0.385203951955,0.5635005879)
  );
#9935 = CARTESIAN_POINT('',(0.239753617252,0.385203951955,0.5625005879)
  );
#9936 = ADVANCED_FACE('',(#9937),#9947,.F.);
#9937 = FACE_BOUND('',#9938,.F.);
#9938 = EDGE_LOOP('',(#9939,#9940,#9941,#9946));
#9939 = ORIENTED_EDGE('',*,*,#9922,.F.);
#9940 = ORIENTED_EDGE('',*,*,#9210,.T.);
#9941 = ORIENTED_EDGE('',*,*,#9942,.T.);
#9942 = EDGE_CURVE('',#9211,#9665,#9943,.T.);
#9943 = B_SPLINE_CURVE_WITH_KNOTS('',1,(#9944,#9945),.UNSPECIFIED.,.F.,
  .F.,(2,2),(-0.,1.E-03),.PIECEWISE_BEZIER_KNOTS.);
#9944 = CARTESIAN_POINT('',(0.249470650597,0.359985940996,0.5635005879)
  );
#9945 = CARTESIAN_POINT('',(0.249470650597,0.359985940996,0.5625005879)
  );
#9946 = ORIENTED_EDGE('',*,*,#9673,.F.);
#9947 = B_SPLINE_SURFACE_WITH_KNOTS('',3,1,(
    (#9948,#9949)
    ,(#9950,#9951)
    ,(#9952,#9953)
    ,(#9954,#9955
    )),.UNSPECIFIED.,.F.,.F.,.F.,(4,4),(2,2),(7.,8.),(0.,1.),
  .PIECEWISE_BEZIER_KNOTS.);
#9948 = CARTESIAN_POINT('',(0.239753617252,0.385203951955,0.5635005879)
  );
#9949 = CARTESIAN_POINT('',(0.239753617252,0.385203951955,0.5625005879)
  );
#9950 = CARTESIAN_POINT('',(0.239753617252,0.375949634064,0.5635005879)
  );
#9951 = CARTESIAN_POINT('',(0.239753617252,0.375949634064,0.5625005879)
  );
#9952 = CARTESIAN_POINT('',(0.243223986461,0.366926670589,0.5635005879)
  );
#9953 = CARTESIAN_POINT('',(0.243223986461,0.366926670589,0.5625005879)
  );
#9954 = CARTESIAN_POINT('',(0.249470650597,0.359985940996,0.5635005879)
  );
#9955 = CARTESIAN_POINT('',(0.249470650597,0.359985940996,0.5625005879)
  );
#9956 = ADVANCED_FACE('',(#9957),#9967,.F.);
#9957 = FACE_BOUND('',#9958,.F.);
#9958 = EDGE_LOOP('',(#9959,#9960,#9961,#9966));
#9959 = ORIENTED_EDGE('',*,*,#9942,.F.);
#9960 = ORIENTED_EDGE('',*,*,#9219,.T.);
#9961 = ORIENTED_EDGE('',*,*,#9962,.T.);
#9962 = EDGE_CURVE('',#9220,#9656,#9963,.T.);
#9963 = B_SPLINE_CURVE_WITH_KNOTS('',1,(#9964,#9965),.UNSPECIFIED.,.F.,
  .F.,(2,2),(-0.,1.E-03),.PIECEWISE_BEZIER_KNOTS.);
#9964 = CARTESIAN_POINT('',(0.26797928638,0.348880761291,0.5635005879));
#9965 = CARTESIAN_POINT('',(0.26797928638,0.348880761291,0.5625005879));
#9966 = ORIENTED_EDGE('',*,*,#9664,.F.);
#9967 = B_SPLINE_SURFACE_WITH_KNOTS('',3,1,(
    (#9968,#9969)
    ,(#9970,#9971)
    ,(#9972,#9973)
    ,(#9974,#9975
    )),.UNSPECIFIED.,.F.,.F.,.F.,(4,4),(2,2),(8.,9.),(0.,1.),
  .PIECEWISE_BEZIER_KNOTS.);
#9968 = CARTESIAN_POINT('',(0.249470650597,0.359985940996,0.5635005879)
  );
#9969 = CARTESIAN_POINT('',(0.249470650597,0.359985940996,0.5625005879)
  );
#9970 = CARTESIAN_POINT('',(0.254560524996,0.354433346731,0.5635005879)
  );
#9971 = CARTESIAN_POINT('',(0.254560524996,0.354433346731,0.5625005879)
  );
#9972 = CARTESIAN_POINT('',(0.260807191338,0.350731623104,0.5635005879)
  );
#9973 = CARTESIAN_POINT('',(0.260807191338,0.350731623104,0.5625005879)
  );
#9974 = CARTESIAN_POINT('',(0.26797928638,0.348880761291,0.5635005879));
#9975 = CARTESIAN_POINT('',(0.26797928638,0.348880761291,0.5625005879));
#9976 = ADVANCED_FACE('',(#9977),#9987,.F.);
#9977 = FACE_BOUND('',#9978,.F.);
#9978 = EDGE_LOOP('',(#9979,#9980,#9981,#9986));
#9979 = ORIENTED_EDGE('',*,*,#9962,.F.);
#9980 = ORIENTED_EDGE('',*,*,#9228,.T.);
#9981 = ORIENTED_EDGE('',*,*,#9982,.T.);
#9982 = EDGE_CURVE('',#9229,#9647,#9983,.T.);
#9983 = B_SPLINE_CURVE_WITH_KNOTS('',1,(#9984,#9985),.UNSPECIFIED.,.F.,
  .F.,(2,2),(-0.,1.E-03),.PIECEWISE_BEZIER_KNOTS.);
#9984 = CARTESIAN_POINT('',(0.28995829358,0.33314842264,0.5635005879));
#9985 = CARTESIAN_POINT('',(0.28995829358,0.33314842264,0.5625005879));
#9986 = ORIENTED_EDGE('',*,*,#9655,.F.);
#9987 = B_SPLINE_SURFACE_WITH_KNOTS('',3,1,(
    (#9988,#9989)
    ,(#9990,#9991)
    ,(#9992,#9993)
    ,(#9994,#9995
    )),.UNSPECIFIED.,.F.,.F.,.F.,(4,4),(2,2),(9.,10.),(0.,1.),
  .PIECEWISE_BEZIER_KNOTS.);
#9988 = CARTESIAN_POINT('',(0.26797928638,0.348880761291,0.5635005879));
#9989 = CARTESIAN_POINT('',(0.26797928638,0.348880761291,0.5625005879));
#9990 = CARTESIAN_POINT('',(0.270986940136,0.339626443399,0.5635005879)
  );
#9991 = CARTESIAN_POINT('',(0.270986940136,0.339626443399,0.5625005879)
  );
#9992 = CARTESIAN_POINT('',(0.279778540368,0.33314842264,0.5635005879));
#9993 = CARTESIAN_POINT('',(0.279778540368,0.33314842264,0.5625005879));
#9994 = CARTESIAN_POINT('',(0.28995829358,0.33314842264,0.5635005879));
#9995 = CARTESIAN_POINT('',(0.28995829358,0.33314842264,0.5625005879));
#9996 = ADVANCED_FACE('',(#9997),#10007,.F.);
#9997 = FACE_BOUND('',#9998,.F.);
#9998 = EDGE_LOOP('',(#9999,#10000,#10001,#10006));
#9999 = ORIENTED_EDGE('',*,*,#9982,.F.);
#10000 = ORIENTED_EDGE('',*,*,#9237,.T.);
#10001 = ORIENTED_EDGE('',*,*,#10002,.T.);
#10002 = EDGE_CURVE('',#9238,#9638,#10003,.T.);
#10003 = B_SPLINE_CURVE_WITH_KNOTS('',1,(#10004,#10005),.UNSPECIFIED.,
  .F.,.F.,(2,2),(-0.,1.E-03),.PIECEWISE_BEZIER_KNOTS.);
#10004 = CARTESIAN_POINT('',(0.313094088309,0.356284217369,0.5635005879)
  );
#10005 = CARTESIAN_POINT('',(0.313094088309,0.356284217369,0.5625005879)
  );
#10006 = ORIENTED_EDGE('',*,*,#9646,.F.);
#10007 = B_SPLINE_SURFACE_WITH_KNOTS('',3,1,(
    (#10008,#10009)
    ,(#10010,#10011)
    ,(#10012,#10013)
    ,(#10014,#10015
    )),.UNSPECIFIED.,.F.,.F.,.F.,(4,4),(2,2),(10.,11.),(0.,1.),
  .PIECEWISE_BEZIER_KNOTS.);
#10008 = CARTESIAN_POINT('',(0.28995829358,0.33314842264,0.5635005879));
#10009 = CARTESIAN_POINT('',(0.28995829358,0.33314842264,0.5625005879));
#10010 = CARTESIAN_POINT('',(0.30268298068,0.33314842264,0.5635005879));
#10011 = CARTESIAN_POINT('',(0.30268298068,0.33314842264,0.5625005879));
#10012 = CARTESIAN_POINT('',(0.313094088309,0.343559530268,0.5635005879)
  );
#10013 = CARTESIAN_POINT('',(0.313094088309,0.343559530268,0.5625005879)
  );
#10014 = CARTESIAN_POINT('',(0.313094088309,0.356284217369,0.5635005879)
  );
#10015 = CARTESIAN_POINT('',(0.313094088309,0.356284217369,0.5625005879)
  );
#10016 = ADVANCED_FACE('',(#10017),#10027,.F.);
#10017 = FACE_BOUND('',#10018,.T.);
#10018 = EDGE_LOOP('',(#10019,#10020,#10025,#10026));
#10019 = ORIENTED_EDGE('',*,*,#9637,.T.);
#10020 = ORIENTED_EDGE('',*,*,#10021,.F.);
#10021 = EDGE_CURVE('',#9247,#9631,#10022,.T.);
#10022 = B_SPLINE_CURVE_WITH_KNOTS('',1,(#10023,#10024),.UNSPECIFIED.,
  .F.,.F.,(2,2),(-0.,1.E-03),.PIECEWISE_BEZIER_KNOTS.);
#10023 = CARTESIAN_POINT('',(0.313094088309,0.358597796842,0.5635005879)
  );
#10024 = CARTESIAN_POINT('',(0.313094088309,0.358597796842,0.5625005879)
  );
#10025 = ORIENTED_EDGE('',*,*,#9246,.F.);
#10026 = ORIENTED_EDGE('',*,*,#10002,.T.);
#10027 = B_SPLINE_SURFACE_WITH_KNOTS('',1,1,(
    (#10028,#10029)
    ,(#10030,#10031
  )),.UNSPECIFIED.,.F.,.F.,.F.,(2,2),(2,2),(-1.E-03,0.),(0.,
    2.313579473067E-03),.PIECEWISE_BEZIER_KNOTS.);
#10028 = CARTESIAN_POINT('',(0.313094088309,0.356284217369,0.5625005879)
  );
#10029 = CARTESIAN_POINT('',(0.313094088309,0.358597796842,0.5625005879)
  );
#10030 = CARTESIAN_POINT('',(0.313094088309,0.356284217369,0.5635005879)
  );
#10031 = CARTESIAN_POINT('',(0.313094088309,0.358597796842,0.5635005879)
  );
#10032 = ADVANCED_FACE('',(#10033),#10043,.F.);
#10033 = FACE_BOUND('',#10034,.T.);
#10034 = EDGE_LOOP('',(#10035,#10036,#10041,#10042));
#10035 = ORIENTED_EDGE('',*,*,#9630,.T.);
#10036 = ORIENTED_EDGE('',*,*,#10037,.F.);
#10037 = EDGE_CURVE('',#9256,#9624,#10038,.T.);
#10038 = B_SPLINE_CURVE_WITH_KNOTS('',1,(#10039,#10040),.UNSPECIFIED.,
  .F.,.F.,(2,2),(-0.,1.E-03),.PIECEWISE_BEZIER_KNOTS.);
#10039 = CARTESIAN_POINT('',(0.34548420093,0.375718284059,0.5635005879)
  );
#10040 = CARTESIAN_POINT('',(0.34548420093,0.375718284059,0.5625005879)
  );
#10041 = ORIENTED_EDGE('',*,*,#9255,.F.);
#10042 = ORIENTED_EDGE('',*,*,#10021,.T.);
#10043 = B_SPLINE_SURFACE_WITH_KNOTS('',1,1,(
    (#10044,#10045)
    ,(#10046,#10047
    )),.UNSPECIFIED.,.F.,.F.,.F.,(2,2),(2,2),(-3.663646377772E-02,
    -7.501789506273E-17),(-1.E-03,0.),.PIECEWISE_BEZIER_KNOTS.);
#10044 = CARTESIAN_POINT('',(0.34548420093,0.375718284059,0.5625005879)
  );
#10045 = CARTESIAN_POINT('',(0.34548420093,0.375718284059,0.5635005879)
  );
#10046 = CARTESIAN_POINT('',(0.313094088309,0.358597796842,0.5625005879)
  );
#10047 = CARTESIAN_POINT('',(0.313094088309,0.358597796842,0.5635005879)
  );
#10048 = ADVANCED_FACE('',(#10049),#10059,.F.);
#10049 = FACE_BOUND('',#10050,.T.);
#10050 = EDGE_LOOP('',(#10051,#10052,#10057,#10058));
#10051 = ORIENTED_EDGE('',*,*,#9623,.T.);
#10052 = ORIENTED_EDGE('',*,*,#10053,.F.);
#10053 = EDGE_CURVE('',#9263,#9617,#10054,.T.);
#10054 = B_SPLINE_CURVE_WITH_KNOTS('',1,(#10055,#10056),.UNSPECIFIED.,
  .F.,.F.,(2,2),(-0.,1.E-03),.PIECEWISE_BEZIER_KNOTS.);
#10055 = CARTESIAN_POINT('',(0.338312108094,0.387980257914,0.5635005879)
  );
#10056 = CARTESIAN_POINT('',(0.338312108094,0.387980257914,0.5625005879)
  );
#10057 = ORIENTED_EDGE('',*,*,#9262,.F.);
#10058 = ORIENTED_EDGE('',*,*,#10037,.T.);
#10059 = B_SPLINE_SURFACE_WITH_KNOTS('',1,1,(
    (#10060,#10061)
    ,(#10062,#10063
    )),.UNSPECIFIED.,.F.,.F.,.F.,(2,2),(2,2),(-1.420545382746E-02,0.),(
    -1.E-03,0.),.PIECEWISE_BEZIER_KNOTS.);
#10060 = CARTESIAN_POINT('',(0.338312108094,0.387980257914,0.5625005879)
  );
#10061 = CARTESIAN_POINT('',(0.338312108094,0.387980257914,0.5635005879)
  );
#10062 = CARTESIAN_POINT('',(0.34548420093,0.375718284059,0.5625005879)
  );
#10063 = CARTESIAN_POINT('',(0.34548420093,0.375718284059,0.5635005879)
  );
#10064 = ADVANCED_FACE('',(#10065),#10075,.F.);
#10065 = FACE_BOUND('',#10066,.T.);
#10066 = EDGE_LOOP('',(#10067,#10068,#10073,#10074));
#10067 = ORIENTED_EDGE('',*,*,#9616,.T.);
#10068 = ORIENTED_EDGE('',*,*,#10069,.F.);
#10069 = EDGE_CURVE('',#9270,#9608,#10070,.T.);
#10070 = B_SPLINE_CURVE_WITH_KNOTS('',1,(#10071,#10072),.UNSPECIFIED.,
  .F.,.F.,(2,2),(-0.,1.E-03),.PIECEWISE_BEZIER_KNOTS.);
#10071 = CARTESIAN_POINT('',(0.307310144039,0.371785201603,0.5635005879)
  );
#10072 = CARTESIAN_POINT('',(0.307310144039,0.371785201603,0.5625005879)
  );
#10073 = ORIENTED_EDGE('',*,*,#9269,.F.);
#10074 = ORIENTED_EDGE('',*,*,#10053,.T.);
#10075 = B_SPLINE_SURFACE_WITH_KNOTS('',1,1,(
    (#10076,#10077)
    ,(#10078,#10079
    )),.UNSPECIFIED.,.F.,.F.,.F.,(2,2),(2,2),(-3.497715860575E-02,0.),(
    -1.E-03,0.),.PIECEWISE_BEZIER_KNOTS.);
#10076 = CARTESIAN_POINT('',(0.307310144039,0.371785201603,0.5625005879)
  );
#10077 = CARTESIAN_POINT('',(0.307310144039,0.371785201603,0.5635005879)
  );
#10078 = CARTESIAN_POINT('',(0.338312108094,0.387980257914,0.5625005879)
  );
#10079 = CARTESIAN_POINT('',(0.338312108094,0.387980257914,0.5635005879)
  );
#10080 = ADVANCED_FACE('',(#10081),#10091,.F.);
#10081 = FACE_BOUND('',#10082,.F.);
#10082 = EDGE_LOOP('',(#10083,#10084,#10085,#10090));
#10083 = ORIENTED_EDGE('',*,*,#10069,.F.);
#10084 = ORIENTED_EDGE('',*,*,#9276,.T.);
#10085 = ORIENTED_EDGE('',*,*,#10086,.T.);
#10086 = EDGE_CURVE('',#9277,#9599,#10087,.T.);
#10087 = B_SPLINE_CURVE_WITH_KNOTS('',1,(#10088,#10089),.UNSPECIFIED.,
  .F.,.F.,(2,2),(-0.,1.E-03),.PIECEWISE_BEZIER_KNOTS.);
#10088 = CARTESIAN_POINT('',(0.289958297992,0.379651370929,0.5635005879)
  );
#10089 = CARTESIAN_POINT('',(0.289958297992,0.379651370929,0.5625005879)
  );
#10090 = ORIENTED_EDGE('',*,*,#9607,.F.);
#10091 = B_SPLINE_SURFACE_WITH_KNOTS('',3,1,(
    (#10092,#10093)
    ,(#10094,#10095)
    ,(#10096,#10097)
    ,(#10098,#10099
    )),.UNSPECIFIED.,.F.,.F.,.F.,(4,4),(2,2),(15.,16.),(0.,1.),
  .PIECEWISE_BEZIER_KNOTS.);
#10092 = CARTESIAN_POINT('',(0.307310144039,0.371785201603,0.5635005879)
  );
#10093 = CARTESIAN_POINT('',(0.307310144039,0.371785201603,0.5625005879)
  );
#10094 = CARTESIAN_POINT('',(0.303145702753,0.376643719379,0.5635005879)
  );
#10095 = CARTESIAN_POINT('',(0.303145702753,0.376643719379,0.5625005879)
  );
#10096 = CARTESIAN_POINT('',(0.296899036411,0.379651370929,0.5635005879)
  );
#10097 = CARTESIAN_POINT('',(0.296899036411,0.379651370929,0.5625005879)
  );
#10098 = CARTESIAN_POINT('',(0.289958297992,0.379651370929,0.5635005879)
  );
#10099 = CARTESIAN_POINT('',(0.289958297992,0.379651370929,0.5625005879)
  );
#10100 = ADVANCED_FACE('',(#10101),#10111,.F.);
#10101 = FACE_BOUND('',#10102,.F.);
#10102 = EDGE_LOOP('',(#10103,#10104,#10105,#10110));
#10103 = ORIENTED_EDGE('',*,*,#10086,.F.);
#10104 = ORIENTED_EDGE('',*,*,#9285,.T.);
#10105 = ORIENTED_EDGE('',*,*,#10106,.T.);
#10106 = EDGE_CURVE('',#9286,#9590,#10107,.T.);
#10107 = B_SPLINE_CURVE_WITH_KNOTS('',1,(#10108,#10109),.UNSPECIFIED.,
  .F.,.F.,(2,2),(-0.,1.E-03),.PIECEWISE_BEZIER_KNOTS.);
#10108 = CARTESIAN_POINT('',(0.268210651829,0.364381745525,0.5635005879)
  );
#10109 = CARTESIAN_POINT('',(0.268210651829,0.364381745525,0.5625005879)
  );
#10110 = ORIENTED_EDGE('',*,*,#9598,.F.);
#10111 = B_SPLINE_SURFACE_WITH_KNOTS('',3,1,(
    (#10112,#10113)
    ,(#10114,#10115)
    ,(#10116,#10117)
    ,(#10118,#10119
    )),.UNSPECIFIED.,.F.,.F.,.F.,(4,4),(2,2),(16.,17.),(0.,1.),
  .PIECEWISE_BEZIER_KNOTS.);
#10112 = CARTESIAN_POINT('',(0.289958297992,0.379651370929,0.5635005879)
  );
#10113 = CARTESIAN_POINT('',(0.289958297992,0.379651370929,0.5625005879)
  );
#10114 = CARTESIAN_POINT('',(0.280009903611,0.379651370929,0.5635005879)
  );
#10115 = CARTESIAN_POINT('',(0.280009903611,0.379651370929,0.5625005879)
  );
#10116 = CARTESIAN_POINT('',(0.271449662209,0.37317335017,0.5635005879)
  );
#10117 = CARTESIAN_POINT('',(0.271449662209,0.37317335017,0.5625005879)
  );
#10118 = CARTESIAN_POINT('',(0.268210651829,0.364381745525,0.5635005879)
  );
#10119 = CARTESIAN_POINT('',(0.268210651829,0.364381745525,0.5625005879)
  );
#10120 = ADVANCED_FACE('',(#10121),#10131,.F.);
#10121 = FACE_BOUND('',#10122,.F.);
#10122 = EDGE_LOOP('',(#10123,#10124,#10125,#10130));
#10123 = ORIENTED_EDGE('',*,*,#10106,.F.);
#10124 = ORIENTED_EDGE('',*,*,#9294,.T.);
#10125 = ORIENTED_EDGE('',*,*,#10126,.T.);
#10126 = EDGE_CURVE('',#9295,#9581,#10127,.T.);
#10127 = B_SPLINE_CURVE_WITH_KNOTS('',1,(#10128,#10129),.UNSPECIFIED.,
  .F.,.F.,(2,2),(-0.,1.E-03),.PIECEWISE_BEZIER_KNOTS.);
#10128 = CARTESIAN_POINT('',(0.254329174992,0.385666678441,0.5635005879)
  );
#10129 = CARTESIAN_POINT('',(0.254329174992,0.385666678441,0.5625005879)
  );
#10130 = ORIENTED_EDGE('',*,*,#9589,.F.);
#10131 = B_SPLINE_SURFACE_WITH_KNOTS('',3,1,(
    (#10132,#10133)
    ,(#10134,#10135)
    ,(#10136,#10137)
    ,(#10138,#10139
    )),.UNSPECIFIED.,.F.,.F.,.F.,(4,4),(2,2),(17.,18.),(0.,1.),
  .PIECEWISE_BEZIER_KNOTS.);
#10132 = CARTESIAN_POINT('',(0.268210651829,0.364381745525,0.5635005879)
  );
#10133 = CARTESIAN_POINT('',(0.268210651829,0.364381745525,0.5625005879)
  );
#10134 = CARTESIAN_POINT('',(0.260113123674,0.368083473564,0.5635005879)
  );
#10135 = CARTESIAN_POINT('',(0.260113123674,0.368083473564,0.5625005879)
  );
#10136 = CARTESIAN_POINT('',(0.254329174992,0.376181001719,0.5635005879)
  );
#10137 = CARTESIAN_POINT('',(0.254329174992,0.376181001719,0.5625005879)
  );
#10138 = CARTESIAN_POINT('',(0.254329174992,0.385666678441,0.5635005879)
  );
#10139 = CARTESIAN_POINT('',(0.254329174992,0.385666678441,0.5625005879)
  );
#10140 = ADVANCED_FACE('',(#10141),#10151,.F.);
#10141 = FACE_BOUND('',#10142,.F.);
#10142 = EDGE_LOOP('',(#10143,#10144,#10145,#10150));
#10143 = ORIENTED_EDGE('',*,*,#10126,.F.);
#10144 = ORIENTED_EDGE('',*,*,#9303,.T.);
#10145 = ORIENTED_EDGE('',*,*,#10146,.T.);
#10146 = EDGE_CURVE('',#9304,#9572,#10147,.T.);
#10147 = B_SPLINE_CURVE_WITH_KNOTS('',1,(#10148,#10149),.UNSPECIFIED.,
  .F.,.F.,(2,2),(-0.,1.E-03),.PIECEWISE_BEZIER_KNOTS.);
#10148 = CARTESIAN_POINT('',(0.277464969721,0.40880247317,0.5635005879)
  );
#10149 = CARTESIAN_POINT('',(0.277464969721,0.40880247317,0.5625005879)
  );
#10150 = ORIENTED_EDGE('',*,*,#9580,.F.);
#10151 = B_SPLINE_SURFACE_WITH_KNOTS('',3,1,(
    (#10152,#10153)
    ,(#10154,#10155)
    ,(#10156,#10157)
    ,(#10158,#10159
    )),.UNSPECIFIED.,.F.,.F.,.F.,(4,4),(2,2),(18.,19.),(0.,1.),
  .PIECEWISE_BEZIER_KNOTS.);
#10152 = CARTESIAN_POINT('',(0.254329174992,0.385666678441,0.5635005879)
  );
#10153 = CARTESIAN_POINT('',(0.254329174992,0.385666678441,0.5625005879)
  );
#10154 = CARTESIAN_POINT('',(0.254329174992,0.398391365542,0.5635005879)
  );
#10155 = CARTESIAN_POINT('',(0.254329174992,0.398391365542,0.5625005879)
  );
#10156 = CARTESIAN_POINT('',(0.26474028262,0.40880247317,0.5635005879));
#10157 = CARTESIAN_POINT('',(0.26474028262,0.40880247317,0.5625005879));
#10158 = CARTESIAN_POINT('',(0.277464969721,0.40880247317,0.5635005879)
  );
#10159 = CARTESIAN_POINT('',(0.277464969721,0.40880247317,0.5625005879)
  );
#10160 = ADVANCED_FACE('',(#10161),#10171,.F.);
#10161 = FACE_BOUND('',#10162,.F.);
#10162 = EDGE_LOOP('',(#10163,#10164,#10165,#10170));
#10163 = ORIENTED_EDGE('',*,*,#10146,.F.);
#10164 = ORIENTED_EDGE('',*,*,#9312,.T.);
#10165 = ORIENTED_EDGE('',*,*,#10166,.T.);
#10166 = EDGE_CURVE('',#9313,#9563,#10167,.T.);
#10167 = B_SPLINE_CURVE_WITH_KNOTS('',1,(#10168,#10169),.UNSPECIFIED.,
  .F.,.F.,(2,2),(-0.,1.E-03),.PIECEWISE_BEZIER_KNOTS.);
#10168 = CARTESIAN_POINT('',(0.289726939162,0.40533210396,0.5635005879)
  );
#10169 = CARTESIAN_POINT('',(0.289726939162,0.40533210396,0.5625005879)
  );
#10170 = ORIENTED_EDGE('',*,*,#9571,.F.);
#10171 = B_SPLINE_SURFACE_WITH_KNOTS('',3,1,(
    (#10172,#10173)
    ,(#10174,#10175)
    ,(#10176,#10177)
    ,(#10178,#10179
    )),.UNSPECIFIED.,.F.,.F.,.F.,(4,4),(2,2),(19.,20.),(0.,1.),
  .PIECEWISE_BEZIER_KNOTS.);
#10172 = CARTESIAN_POINT('',(0.277464969721,0.40880247317,0.5635005879)
  );
#10173 = CARTESIAN_POINT('',(0.277464969721,0.40880247317,0.5625005879)
  );
#10174 = CARTESIAN_POINT('',(0.281860769837,0.40880247317,0.5635005879)
  );
#10175 = CARTESIAN_POINT('',(0.281860769837,0.40880247317,0.5625005879)
  );
#10176 = CARTESIAN_POINT('',(0.286256569953,0.407414324604,0.5635005879)
  );
#10177 = CARTESIAN_POINT('',(0.286256569953,0.407414324604,0.5625005879)
  );
#10178 = CARTESIAN_POINT('',(0.289726939162,0.40533210396,0.5635005879)
  );
#10179 = CARTESIAN_POINT('',(0.289726939162,0.40533210396,0.5625005879)
  );
#10180 = ADVANCED_FACE('',(#10181),#10191,.F.);
#10181 = FACE_BOUND('',#10182,.F.);
#10182 = EDGE_LOOP('',(#10183,#10184,#10185,#10190));
#10183 = ORIENTED_EDGE('',*,*,#10166,.F.);
#10184 = ORIENTED_EDGE('',*,*,#9321,.T.);
#10185 = ORIENTED_EDGE('',*,*,#10186,.T.);
#10186 = EDGE_CURVE('',#9322,#9554,#10187,.T.);
#10187 = B_SPLINE_CURVE_WITH_KNOTS('',1,(#10188,#10189),.UNSPECIFIED.,
  .F.,.F.,(2,2),(-0.,1.E-03),.PIECEWISE_BEZIER_KNOTS.);
#10188 = CARTESIAN_POINT('',(0.320728898804,0.427542454545,0.5635005879)
  );
#10189 = CARTESIAN_POINT('',(0.320728898804,0.427542454545,0.5625005879)
  );
#10190 = ORIENTED_EDGE('',*,*,#9562,.F.);
#10191 = B_SPLINE_SURFACE_WITH_KNOTS('',3,1,(
    (#10192,#10193)
    ,(#10194,#10195)
    ,(#10196,#10197)
    ,(#10198,#10199
    )),.UNSPECIFIED.,.F.,.F.,.F.,(4,4),(2,2),(20.,21.),(0.,1.),
  .PIECEWISE_BEZIER_KNOTS.);
#10192 = CARTESIAN_POINT('',(0.289726939162,0.40533210396,0.5635005879)
  );
#10193 = CARTESIAN_POINT('',(0.289726939162,0.40533210396,0.5625005879)
  );
#10194 = CARTESIAN_POINT('',(0.294122734866,0.418288136653,0.5635005879)
  );
#10195 = CARTESIAN_POINT('',(0.294122734866,0.418288136653,0.5625005879)
  );
#10196 = CARTESIAN_POINT('',(0.30615334989,0.427542454545,0.5635005879)
  );
#10197 = CARTESIAN_POINT('',(0.30615334989,0.427542454545,0.5625005879)
  );
#10198 = CARTESIAN_POINT('',(0.320728898804,0.427542454545,0.5635005879)
  );
#10199 = CARTESIAN_POINT('',(0.320728898804,0.427542454545,0.5625005879)
  );
#10200 = ADVANCED_FACE('',(#10201),#10211,.F.);
#10201 = FACE_BOUND('',#10202,.F.);
#10202 = EDGE_LOOP('',(#10203,#10204,#10205,#10210));
#10203 = ORIENTED_EDGE('',*,*,#10186,.F.);
#10204 = ORIENTED_EDGE('',*,*,#9330,.T.);
#10205 = ORIENTED_EDGE('',*,*,#10206,.T.);
#10206 = EDGE_CURVE('',#9331,#9545,#10207,.T.);
#10207 = B_SPLINE_CURVE_WITH_KNOTS('',1,(#10208,#10209),.UNSPECIFIED.,
  .F.,.F.,(2,2),(-0.,1.E-03),.PIECEWISE_BEZIER_KNOTS.);
#10208 = CARTESIAN_POINT('',(0.353119011425,0.398622711133,0.5635005879)
  );
#10209 = CARTESIAN_POINT('',(0.353119011425,0.398622711133,0.5625005879)
  );
#10210 = ORIENTED_EDGE('',*,*,#9553,.F.);
#10211 = B_SPLINE_SURFACE_WITH_KNOTS('',3,1,(
    (#10212,#10213)
    ,(#10214,#10215)
    ,(#10216,#10217)
    ,(#10218,#10219
    )),.UNSPECIFIED.,.F.,.F.,.F.,(4,4),(2,2),(21.,22.),(0.,1.),
  .PIECEWISE_BEZIER_KNOTS.);
#10212 = CARTESIAN_POINT('',(0.320728898804,0.427542454545,0.5635005879)
  );
#10213 = CARTESIAN_POINT('',(0.320728898804,0.427542454545,0.5625005879)
  );
#10214 = CARTESIAN_POINT('',(0.337386672774,0.427542454545,0.5635005879)
  );
#10215 = CARTESIAN_POINT('',(0.337386672774,0.427542454545,0.5625005879)
  );
#10216 = CARTESIAN_POINT('',(0.351268149612,0.414817767444,0.5635005879)
  );
#10217 = CARTESIAN_POINT('',(0.351268149612,0.414817767444,0.5625005879)
  );
#10218 = CARTESIAN_POINT('',(0.353119011425,0.398622711133,0.5635005879)
  );
#10219 = CARTESIAN_POINT('',(0.353119011425,0.398622711133,0.5625005879)
  );
#10220 = ADVANCED_FACE('',(#10221),#10231,.F.);
#10221 = FACE_BOUND('',#10222,.T.);
#10222 = EDGE_LOOP('',(#10223,#10224,#10229,#10230));
#10223 = ORIENTED_EDGE('',*,*,#9544,.T.);
#10224 = ORIENTED_EDGE('',*,*,#10225,.F.);
#10225 = EDGE_CURVE('',#9340,#9536,#10226,.T.);
#10226 = B_SPLINE_CURVE_WITH_KNOTS('',1,(#10227,#10228),.UNSPECIFIED.,
  .F.,.F.,(2,2),(-0.,1.E-03),.PIECEWISE_BEZIER_KNOTS.);
#10227 = CARTESIAN_POINT('',(0.354969873238,0.398622711133,0.5635005879)
  );
#10228 = CARTESIAN_POINT('',(0.354969873238,0.398622711133,0.5625005879)
  );
#10229 = ORIENTED_EDGE('',*,*,#9339,.F.);
#10230 = ORIENTED_EDGE('',*,*,#10206,.T.);
#10231 = B_SPLINE_SURFACE_WITH_KNOTS('',1,1,(
    (#10232,#10233)
    ,(#10234,#10235
  )),.UNSPECIFIED.,.F.,.F.,.F.,(2,2),(2,2),(-1.E-03,0.),(0.,
    1.850861813244E-03),.PIECEWISE_BEZIER_KNOTS.);
#10232 = CARTESIAN_POINT('',(0.353119011425,0.398622711133,0.5625005879)
  );
#10233 = CARTESIAN_POINT('',(0.354969873238,0.398622711133,0.5625005879)
  );
#10234 = CARTESIAN_POINT('',(0.353119011425,0.398622711133,0.5635005879)
  );
#10235 = CARTESIAN_POINT('',(0.354969873238,0.398622711133,0.5635005879)
  );
#10236 = ADVANCED_FACE('',(#10237),#10247,.F.);
#10237 = FACE_BOUND('',#10238,.F.);
#10238 = EDGE_LOOP('',(#10239,#10240,#10241,#10246));
#10239 = ORIENTED_EDGE('',*,*,#10225,.F.);
#10240 = ORIENTED_EDGE('',*,*,#9348,.T.);
#10241 = ORIENTED_EDGE('',*,*,#10242,.T.);
#10242 = EDGE_CURVE('',#9349,#9527,#10243,.T.);
#10243 = B_SPLINE_CURVE_WITH_KNOTS('',1,(#10244,#10245),.UNSPECIFIED.,
  .F.,.F.,(2,2),(-0.,1.E-03),.PIECEWISE_BEZIER_KNOTS.);
#10244 = CARTESIAN_POINT('',(0.373015791362,0.38057679301,0.5635005879)
  );
#10245 = CARTESIAN_POINT('',(0.373015791362,0.38057679301,0.5625005879)
  );
#10246 = ORIENTED_EDGE('',*,*,#9535,.F.);
#10247 = B_SPLINE_SURFACE_WITH_KNOTS('',3,1,(
    (#10248,#10249)
    ,(#10250,#10251)
    ,(#10252,#10253)
    ,(#10254,#10255
    )),.UNSPECIFIED.,.F.,.F.,.F.,(4,4),(2,2),(23.,24.),(0.,1.),
  .PIECEWISE_BEZIER_KNOTS.);
#10248 = CARTESIAN_POINT('',(0.354969873238,0.398622711133,0.5635005879)
  );
#10249 = CARTESIAN_POINT('',(0.354969873238,0.398622711133,0.5625005879)
  );
#10250 = CARTESIAN_POINT('',(0.364918263207,0.398622711133,0.5635005879)
  );
#10251 = CARTESIAN_POINT('',(0.364918263207,0.398622711133,0.5625005879)
  );
#10252 = CARTESIAN_POINT('',(0.373015791362,0.390525182978,0.5635005879)
  );
#10253 = CARTESIAN_POINT('',(0.373015791362,0.390525182978,0.5625005879)
  );
#10254 = CARTESIAN_POINT('',(0.373015791362,0.38057679301,0.5635005879)
  );
#10255 = CARTESIAN_POINT('',(0.373015791362,0.38057679301,0.5625005879)
  );
#10256 = ADVANCED_FACE('',(#10257),#10267,.F.);
#10257 = FACE_BOUND('',#10258,.F.);
#10258 = EDGE_LOOP('',(#10259,#10260,#10261,#10266));
#10259 = ORIENTED_EDGE('',*,*,#10242,.F.);
#10260 = ORIENTED_EDGE('',*,*,#9357,.T.);
#10261 = ORIENTED_EDGE('',*,*,#10262,.T.);
#10262 = EDGE_CURVE('',#9358,#9520,#10263,.T.);
#10263 = B_SPLINE_CURVE_WITH_KNOTS('',1,(#10264,#10265),.UNSPECIFIED.,
  .F.,.F.,(2,2),(-0.,1.E-03),.PIECEWISE_BEZIER_KNOTS.);
#10264 = CARTESIAN_POINT('',(0.356358017392,0.362530874886,0.5635005879)
  );
#10265 = CARTESIAN_POINT('',(0.356358017392,0.362530874886,0.5625005879)
  );
#10266 = ORIENTED_EDGE('',*,*,#9526,.F.);
#10267 = B_SPLINE_SURFACE_WITH_KNOTS('',3,1,(
    (#10268,#10269)
    ,(#10270,#10271)
    ,(#10272,#10273)
    ,(#10274,#10275
    )),.UNSPECIFIED.,.F.,.F.,.F.,(4,4),(2,2),(24.,25.),(0.,1.),
  .PIECEWISE_BEZIER_KNOTS.);
#10268 = CARTESIAN_POINT('',(0.373015791362,0.38057679301,0.5635005879)
  );
#10269 = CARTESIAN_POINT('',(0.373015791362,0.38057679301,0.5625005879)
  );
#10270 = CARTESIAN_POINT('',(0.373015791362,0.371091116288,0.5635005879)
  );
#10271 = CARTESIAN_POINT('',(0.373015791362,0.371091116288,0.5625005879)
  );
#10272 = CARTESIAN_POINT('',(0.365843698526,0.363224946963,0.5635005879)
  );
#10273 = CARTESIAN_POINT('',(0.365843698526,0.363224946963,0.5625005879)
  );
#10274 = CARTESIAN_POINT('',(0.356358017392,0.362530874886,0.5635005879)
  );
#10275 = CARTESIAN_POINT('',(0.356358017392,0.362530874886,0.5625005879)
  );
#10276 = ADVANCED_FACE('',(#10277),#10287,.F.);
#10277 = FACE_BOUND('',#10278,.T.);
#10278 = EDGE_LOOP('',(#10279,#10280,#10285,#10286));
#10279 = ORIENTED_EDGE('',*,*,#9519,.T.);
#10280 = ORIENTED_EDGE('',*,*,#10281,.F.);
#10281 = EDGE_CURVE('',#9367,#9511,#10282,.T.);
#10282 = B_SPLINE_CURVE_WITH_KNOTS('',1,(#10283,#10284),.UNSPECIFIED.,
  .F.,.F.,(2,2),(-0.,1.E-03),.PIECEWISE_BEZIER_KNOTS.);
#10283 = CARTESIAN_POINT('',(0.345946909764,0.362530874886,0.5635005879)
  );
#10284 = CARTESIAN_POINT('',(0.345946909764,0.362530874886,0.5625005879)
  );
#10285 = ORIENTED_EDGE('',*,*,#9366,.F.);
#10286 = ORIENTED_EDGE('',*,*,#10262,.T.);
#10287 = B_SPLINE_SURFACE_WITH_KNOTS('',1,1,(
    (#10288,#10289)
    ,(#10290,#10291
  )),.UNSPECIFIED.,.F.,.F.,.F.,(2,2),(2,2),(-0.,1.E-03),(
    -1.041110762813E-02,5.551115123126E-17),.PIECEWISE_BEZIER_KNOTS.);
#10288 = CARTESIAN_POINT('',(0.345946909764,0.362530874886,0.5635005879)
  );
#10289 = CARTESIAN_POINT('',(0.356358017392,0.362530874886,0.5635005879)
  );
#10290 = CARTESIAN_POINT('',(0.345946909764,0.362530874886,0.5625005879)
  );
#10291 = CARTESIAN_POINT('',(0.356358017392,0.362530874886,0.5625005879)
  );
#10292 = ADVANCED_FACE('',(#10293),#10303,.F.);
#10293 = FACE_BOUND('',#10294,.F.);
#10294 = EDGE_LOOP('',(#10295,#10296,#10297,#10302));
#10295 = ORIENTED_EDGE('',*,*,#10281,.F.);
#10296 = ORIENTED_EDGE('',*,*,#9373,.T.);
#10297 = ORIENTED_EDGE('',*,*,#10298,.T.);
#10298 = EDGE_CURVE('',#9374,#9502,#10299,.T.);
#10299 = B_SPLINE_CURVE_WITH_KNOTS('',1,(#10300,#10301),.UNSPECIFIED.,
  .F.,.F.,(2,2),(-0.,1.E-03),.PIECEWISE_BEZIER_KNOTS.);
#10300 = CARTESIAN_POINT('',(0.34455876561,0.362762229303,0.5635005879)
  );
#10301 = CARTESIAN_POINT('',(0.34455876561,0.362762229303,0.5625005879)
  );
#10302 = ORIENTED_EDGE('',*,*,#9510,.F.);
#10303 = B_SPLINE_SURFACE_WITH_KNOTS('',3,1,(
    (#10304,#10305)
    ,(#10306,#10307)
    ,(#10308,#10309)
    ,(#10310,#10311
    )),.UNSPECIFIED.,.F.,.F.,.F.,(4,4),(2,2),(26.,27.),(0.,1.),
  .PIECEWISE_BEZIER_KNOTS.);
#10304 = CARTESIAN_POINT('',(0.345946909764,0.362530874886,0.5635005879)
  );
#10305 = CARTESIAN_POINT('',(0.345946909764,0.362530874886,0.5625005879)
  );
#10306 = CARTESIAN_POINT('',(0.345484192104,0.362530874886,0.5635005879)
  );
#10307 = CARTESIAN_POINT('',(0.345484192104,0.362530874886,0.5625005879)
  );
#10308 = CARTESIAN_POINT('',(0.345021474444,0.362762229303,0.5635005879)
  );
#10309 = CARTESIAN_POINT('',(0.345021474444,0.362762229303,0.5625005879)
  );
#10310 = CARTESIAN_POINT('',(0.34455876561,0.362762229303,0.5635005879)
  );
#10311 = CARTESIAN_POINT('',(0.34455876561,0.362762229303,0.5625005879)
  );
#10312 = ADVANCED_FACE('',(#10313),#10323,.F.);
#10313 = FACE_BOUND('',#10314,.F.);
#10314 = EDGE_LOOP('',(#10315,#10316,#10317,#10322));
#10315 = ORIENTED_EDGE('',*,*,#10298,.F.);
#10316 = ORIENTED_EDGE('',*,*,#9382,.T.);
#10317 = ORIENTED_EDGE('',*,*,#10318,.T.);
#10318 = EDGE_CURVE('',#9383,#9493,#10319,.T.);
#10319 = B_SPLINE_CURVE_WITH_KNOTS('',1,(#10320,#10321),.UNSPECIFIED.,
  .F.,.F.,(2,2),(-0.,1.E-03),.PIECEWISE_BEZIER_KNOTS.);
#10320 = CARTESIAN_POINT('',(0.337386672774,0.355590136467,0.5635005879)
  );
#10321 = CARTESIAN_POINT('',(0.337386672774,0.355590136467,0.5625005879)
  );
#10322 = ORIENTED_EDGE('',*,*,#9501,.F.);
#10323 = B_SPLINE_SURFACE_WITH_KNOTS('',3,1,(
    (#10324,#10325)
    ,(#10326,#10327)
    ,(#10328,#10329)
    ,(#10330,#10331
    )),.UNSPECIFIED.,.F.,.F.,.F.,(4,4),(2,2),(27.,28.),(0.,1.),
  .PIECEWISE_BEZIER_KNOTS.);
#10324 = CARTESIAN_POINT('',(0.34455876561,0.362762229303,0.5635005879)
  );
#10325 = CARTESIAN_POINT('',(0.34455876561,0.362762229303,0.5625005879)
  );
#10326 = CARTESIAN_POINT('',(0.340625678741,0.362762229303,0.5635005879)
  );
#10327 = CARTESIAN_POINT('',(0.340625678741,0.362762229303,0.5625005879)
  );
#10328 = CARTESIAN_POINT('',(0.337386672774,0.359523214511,0.5635005879)
  );
#10329 = CARTESIAN_POINT('',(0.337386672774,0.359523214511,0.5625005879)
  );
#10330 = CARTESIAN_POINT('',(0.337386672774,0.355590136467,0.5635005879)
  );
#10331 = CARTESIAN_POINT('',(0.337386672774,0.355590136467,0.5625005879)
  );
#10332 = ADVANCED_FACE('',(#10333),#10343,.F.);
#10333 = FACE_BOUND('',#10334,.F.);
#10334 = EDGE_LOOP('',(#10335,#10336,#10337,#10342));
#10335 = ORIENTED_EDGE('',*,*,#10318,.F.);
#10336 = ORIENTED_EDGE('',*,*,#9391,.T.);
#10337 = ORIENTED_EDGE('',*,*,#10338,.T.);
#10338 = EDGE_CURVE('',#9392,#9486,#10339,.T.);
#10339 = B_SPLINE_CURVE_WITH_KNOTS('',1,(#10340,#10341),.UNSPECIFIED.,
  .F.,.F.,(2,2),(-0.,1.E-03),.PIECEWISE_BEZIER_KNOTS.);
#10340 = CARTESIAN_POINT('',(0.344096056776,0.348418043631,0.5635005879)
  );
#10341 = CARTESIAN_POINT('',(0.344096056776,0.348418043631,0.5625005879)
  );
#10342 = ORIENTED_EDGE('',*,*,#9492,.F.);
#10343 = B_SPLINE_SURFACE_WITH_KNOTS('',3,1,(
    (#10344,#10345)
    ,(#10346,#10347)
    ,(#10348,#10349)
    ,(#10350,#10351
    )),.UNSPECIFIED.,.F.,.F.,.F.,(4,4),(2,2),(28.,29.),(0.,1.),
  .PIECEWISE_BEZIER_KNOTS.);
#10344 = CARTESIAN_POINT('',(0.337386672774,0.355590136467,0.5635005879)
  );
#10345 = CARTESIAN_POINT('',(0.337386672774,0.355590136467,0.5625005879)
  );
#10346 = CARTESIAN_POINT('',(0.337386672774,0.351888412841,0.5635005879)
  );
#10347 = CARTESIAN_POINT('',(0.337386672774,0.351888412841,0.5625005879)
  );
#10348 = CARTESIAN_POINT('',(0.340394324324,0.348649398048,0.5635005879)
  );
#10349 = CARTESIAN_POINT('',(0.340394324324,0.348649398048,0.5625005879)
  );
#10350 = CARTESIAN_POINT('',(0.344096056776,0.348418043631,0.5635005879)
  );
#10351 = CARTESIAN_POINT('',(0.344096056776,0.348418043631,0.5625005879)
  );
#10352 = ADVANCED_FACE('',(#10353),#10363,.F.);
#10353 = FACE_BOUND('',#10354,.T.);
#10354 = EDGE_LOOP('',(#10355,#10356,#10361,#10362));
#10355 = ORIENTED_EDGE('',*,*,#9485,.T.);
#10356 = ORIENTED_EDGE('',*,*,#10357,.F.);
#10357 = EDGE_CURVE('',#9401,#9477,#10358,.T.);
#10358 = B_SPLINE_CURVE_WITH_KNOTS('',1,(#10359,#10360),.UNSPECIFIED.,
  .F.,.F.,(2,2),(-0.,1.E-03),.PIECEWISE_BEZIER_KNOTS.);
#10359 = CARTESIAN_POINT('',(0.357746170371,0.348418043631,0.5635005879)
  );
#10360 = CARTESIAN_POINT('',(0.357746170371,0.348418043631,0.5625005879)
  );
#10361 = ORIENTED_EDGE('',*,*,#9400,.F.);
#10362 = ORIENTED_EDGE('',*,*,#10338,.T.);
#10363 = B_SPLINE_SURFACE_WITH_KNOTS('',1,1,(
    (#10364,#10365)
    ,(#10366,#10367
  )),.UNSPECIFIED.,.F.,.F.,.F.,(2,2),(2,2),(-1.E-03,0.),(
    -1.295604151809E-02,6.940720768207E-04),.PIECEWISE_BEZIER_KNOTS.);
#10364 = CARTESIAN_POINT('',(0.344096056776,0.348418043631,0.5625005879)
  );
#10365 = CARTESIAN_POINT('',(0.357746170371,0.348418043631,0.5625005879)
  );
#10366 = CARTESIAN_POINT('',(0.344096056776,0.348418043631,0.5635005879)
  );
#10367 = CARTESIAN_POINT('',(0.357746170371,0.348418043631,0.5635005879)
  );
#10368 = ADVANCED_FACE('',(#10369),#10379,.F.);
#10369 = FACE_BOUND('',#10370,.F.);
#10370 = EDGE_LOOP('',(#10371,#10372,#10373,#10378));
#10371 = ORIENTED_EDGE('',*,*,#10357,.F.);
#10372 = ORIENTED_EDGE('',*,*,#9407,.T.);
#10373 = ORIENTED_EDGE('',*,*,#10374,.T.);
#10374 = EDGE_CURVE('',#9408,#9468,#10375,.T.);
#10375 = B_SPLINE_CURVE_WITH_KNOTS('',1,(#10376,#10377),.UNSPECIFIED.,
  .F.,.F.,(2,2),(-0.,1.E-03),.PIECEWISE_BEZIER_KNOTS.);
#10376 = CARTESIAN_POINT('',(0.378799740044,0.358829151259,0.5635005879)
  );
#10377 = CARTESIAN_POINT('',(0.378799740044,0.358829151259,0.5625005879)
  );
#10378 = ORIENTED_EDGE('',*,*,#9476,.F.);
#10379 = B_SPLINE_SURFACE_WITH_KNOTS('',3,1,(
    (#10380,#10381)
    ,(#10382,#10383)
    ,(#10384,#10385)
    ,(#10386,#10387
    )),.UNSPECIFIED.,.F.,.F.,.F.,(4,4),(2,2),(33.,34.),(0.,1.),
  .PIECEWISE_BEZIER_KNOTS.);
#10380 = CARTESIAN_POINT('',(0.357746170371,0.348418043631,0.5635005879)
  );
#10381 = CARTESIAN_POINT('',(0.357746170371,0.348418043631,0.5625005879)
  );
#10382 = CARTESIAN_POINT('',(0.365843698526,0.349112115708,0.5635005879)
  );
#10383 = CARTESIAN_POINT('',(0.365843698526,0.349112115708,0.5625005879)
  );
#10384 = CARTESIAN_POINT('',(0.373247154605,0.35281384816,0.5635005879)
  );
#10385 = CARTESIAN_POINT('',(0.373247154605,0.35281384816,0.5625005879)
  );
#10386 = CARTESIAN_POINT('',(0.378799740044,0.358829151259,0.5635005879)
  );
#10387 = CARTESIAN_POINT('',(0.378799740044,0.358829151259,0.5625005879)
  );
#10388 = ADVANCED_FACE('',(#10389),#10395,.F.);
#10389 = FACE_BOUND('',#10390,.F.);
#10390 = EDGE_LOOP('',(#10391,#10392,#10393,#10394));
#10391 = ORIENTED_EDGE('',*,*,#10374,.F.);
#10392 = ORIENTED_EDGE('',*,*,#9416,.T.);
#10393 = ORIENTED_EDGE('',*,*,#9776,.T.);
#10394 = ORIENTED_EDGE('',*,*,#9467,.F.);
#10395 = B_SPLINE_SURFACE_WITH_KNOTS('',3,1,(
    (#10396,#10397)
    ,(#10398,#10399)
    ,(#10400,#10401)
    ,(#10402,#10403
    )),.UNSPECIFIED.,.F.,.F.,.F.,(4,4),(2,2),(34.,35.),(0.,1.),
  .PIECEWISE_BEZIER_KNOTS.);
#10396 = CARTESIAN_POINT('',(0.378799740044,0.358829151259,0.5635005879)
  );
#10397 = CARTESIAN_POINT('',(0.378799740044,0.358829151259,0.5625005879)
  );
#10398 = CARTESIAN_POINT('',(0.384352334309,0.364844454359,0.5635005879)
  );
#10399 = CARTESIAN_POINT('',(0.384352334309,0.364844454359,0.5625005879)
  );
#10400 = CARTESIAN_POINT('',(0.387359985859,0.372710628097,0.5635005879)
  );
#10401 = CARTESIAN_POINT('',(0.387359985859,0.372710628097,0.5625005879)
  );
#10402 = CARTESIAN_POINT('',(0.387359985859,0.380808156252,0.5635005879)
  );
#10403 = CARTESIAN_POINT('',(0.387359985859,0.380808156252,0.5625005879)
  );
#10404 = ADVANCED_FACE('',(#10405),#10419,.T.);
#10405 = FACE_BOUND('',#10406,.T.);
#10406 = EDGE_LOOP('',(#10407,#10408,#10413,#10414));
#10407 = ORIENTED_EDGE('',*,*,#9758,.F.);
#10408 = ORIENTED_EDGE('',*,*,#10409,.F.);
#10409 = EDGE_CURVE('',#9426,#9748,#10410,.T.);
#10410 = B_SPLINE_CURVE_WITH_KNOTS('',1,(#10411,#10412),.UNSPECIFIED.,
  .F.,.F.,(2,2),(-0.,1.E-03),.PIECEWISE_BEZIER_KNOTS.);
#10411 = CARTESIAN_POINT('',(0.28972693475,0.347029881827,0.5635005879)
  );
#10412 = CARTESIAN_POINT('',(0.28972693475,0.347029881827,0.5625005879)
  );
#10413 = ORIENTED_EDGE('',*,*,#9425,.T.);
#10414 = ORIENTED_EDGE('',*,*,#10415,.T.);
#10415 = EDGE_CURVE('',#9428,#9746,#10416,.T.);
#10416 = B_SPLINE_CURVE_WITH_KNOTS('',1,(#10417,#10418),.UNSPECIFIED.,
  .F.,.F.,(2,2),(-0.,1.E-03),.PIECEWISE_BEZIER_KNOTS.);
#10417 = CARTESIAN_POINT('',(0.28972693475,0.365075808776,0.5635005879)
  );
#10418 = CARTESIAN_POINT('',(0.28972693475,0.365075808776,0.5625005879)
  );
#10419 = B_SPLINE_SURFACE_WITH_KNOTS('',3,1,(
    (#10420,#10421)
    ,(#10422,#10423)
    ,(#10424,#10425)
    ,(#10426,#10427)
    ,(#10428,#10429)
    ,(#10430,#10431)
    ,(#10432,#10433
  )),.UNSPECIFIED.,.F.,.F.,.F.,(4,3,4),(2,2),(0.,1.,2.),(0.,1.),
  .PIECEWISE_BEZIER_KNOTS.);
#10420 = CARTESIAN_POINT('',(0.28972693475,0.347029881827,0.5635005879)
  );
#10421 = CARTESIAN_POINT('',(0.28972693475,0.347029881827,0.5625005879)
  );
#10422 = CARTESIAN_POINT('',(0.294816806942,0.347029881827,0.5635005879)
  );
#10423 = CARTESIAN_POINT('',(0.294816806942,0.347029881827,0.5625005879)
  );
#10424 = CARTESIAN_POINT('',(0.298749893811,0.351194331938,0.5635005879)
  );
#10425 = CARTESIAN_POINT('',(0.298749893811,0.351194331938,0.5625005879)
  );
#10426 = CARTESIAN_POINT('',(0.298749893811,0.356052845301,0.5635005879)
  );
#10427 = CARTESIAN_POINT('',(0.298749893811,0.356052845301,0.5625005879)
  );
#10428 = CARTESIAN_POINT('',(0.298749893811,0.361142721907,0.5635005879)
  );
#10429 = CARTESIAN_POINT('',(0.298749893811,0.361142721907,0.5625005879)
  );
#10430 = CARTESIAN_POINT('',(0.294585452525,0.365075808776,0.5635005879)
  );
#10431 = CARTESIAN_POINT('',(0.294585452525,0.365075808776,0.5625005879)
  );
#10432 = CARTESIAN_POINT('',(0.28972693475,0.365075808776,0.5635005879)
  );
#10433 = CARTESIAN_POINT('',(0.28972693475,0.365075808776,0.5625005879)
  );
#10434 = ADVANCED_FACE('',(#10435),#10441,.T.);
#10435 = FACE_BOUND('',#10436,.T.);
#10436 = EDGE_LOOP('',(#10437,#10438,#10439,#10440));
#10437 = ORIENTED_EDGE('',*,*,#9745,.F.);
#10438 = ORIENTED_EDGE('',*,*,#10415,.F.);
#10439 = ORIENTED_EDGE('',*,*,#9439,.T.);
#10440 = ORIENTED_EDGE('',*,*,#10409,.T.);
#10441 = B_SPLINE_SURFACE_WITH_KNOTS('',3,1,(
    (#10442,#10443)
    ,(#10444,#10445)
    ,(#10446,#10447)
    ,(#10448,#10449)
    ,(#10450,#10451)
    ,(#10452,#10453
  )),.UNSPECIFIED.,.F.,.F.,.F.,(4,2,4),(2,2),(2.,3.,4.),(0.,1.),
  .UNSPECIFIED.);
#10442 = CARTESIAN_POINT('',(0.28972693475,0.365075808776,0.5635005879)
  );
#10443 = CARTESIAN_POINT('',(0.28972693475,0.365075808776,0.5625005879)
  );
#10444 = CARTESIAN_POINT('',(0.284868416974,0.365075808776,0.5635005879)
  );
#10445 = CARTESIAN_POINT('',(0.284868416974,0.365075808776,0.5625005879)
  );
#10446 = CARTESIAN_POINT('',(0.280703975688,0.361142721907,0.5635005879)
  );
#10447 = CARTESIAN_POINT('',(0.280703975688,0.361142721907,0.5625005879)
  );
#10448 = CARTESIAN_POINT('',(0.280703975688,0.350962968696,0.5635005879)
  );
#10449 = CARTESIAN_POINT('',(0.280703975688,0.350962968696,0.5625005879)
  );
#10450 = CARTESIAN_POINT('',(0.284868416974,0.347029881827,0.5635005879)
  );
#10451 = CARTESIAN_POINT('',(0.284868416974,0.347029881827,0.5625005879)
  );
#10452 = CARTESIAN_POINT('',(0.28972693475,0.347029881827,0.5635005879)
  );
#10453 = CARTESIAN_POINT('',(0.28972693475,0.347029881827,0.5625005879)
  );
#10454 = ( GEOMETRIC_REPRESENTATION_CONTEXT(3) 
GLOBAL_UNCERTAINTY_ASSIGNED_CONTEXT((#10458)) 
GLOBAL_UNIT_ASSIGNED_CONTEXT((#10455,#10456,#10457)) 
REPRESENTATION_CONTEXT('Context #1',
  '3D Context with UNIT and UNCERTAINTY') );
#10455 = ( LENGTH_UNIT() NAMED_UNIT(*) SI_UNIT(.MILLI.,.METRE.) );
#10456 = ( NAMED_UNIT(*) PLANE_ANGLE_UNIT() SI_UNIT($,.RADIAN.) );
#10457 = ( NAMED_UNIT(*) SI_UNIT($,.STERADIAN.) SOLID_ANGLE_UNIT() );
#10458 = UNCERTAINTY_MEASURE_WITH_UNIT(LENGTH_MEASURE(1.E-07),#10455,
  'distance_accuracy_value','confusion accuracy');
#10459 = PRODUCT_RELATED_PRODUCT_CATEGORY('part',$,(#7));
#10460 = MECHANICAL_DESIGN_GEOMETRIC_PRESENTATION_REPRESENTATION('',(
    #10461,#10469,#10477,#10485,#10492,#10499,#10506,#10513,#10520,
    #10527,#10534,#10541,#10548,#10555,#10562,#10569,#10576,#10583,
    #10591,#10598,#10605,#10612,#10619,#10626,#10633,#10640,#10647,
    #10654,#10661,#10668,#10675,#10682,#10689,#10696,#10703,#10710,
    #10717,#10724,#10731,#10738,#10745,#10752,#10759,#10766,#10773,
    #10780,#10787,#10794,#10801,#10808,#10815,#10822,#10829,#10836,
    #10843,#10850,#10857,#10864,#10871,#10878,#10885,#10892,#10899,
    #10906,#10913,#10920,#10927,#10934,#10941,#10948,#10955,#10962,
    #10969,#10976,#10983,#10990,#10997,#11004,#11011,#11018,#11025,
    #11032,#11039,#11046,#11053,#11060,#11067,#11074,#11081,#11088,
    #11095,#11102,#11109,#11116,#11123,#11130,#11137,#11144,#11151,
    #11158,#11165,#11172,#11179,#11186,#11193,#11200,#11207,#11214,
    #11221,#11228,#11235,#11242,#11249,#11256,#11263,#11270,#11277,
    #11284,#11291,#11298,#11305,#11312,#11319,#11326,#11333,#11340,
    #11347,#11354,#11361,#11368,#11375,#11382,#11389,#11396,#11403,
    #11410,#11417,#11424,#11431,#11438,#11445,#11452,#11459,#11466,
    #11473,#11480,#11487,#11494,#11501,#11508,#11515,#11522,#11529,
    #11536,#11543,#11550,#11557,#11564,#11571,#11578,#11585,#11592,
    #11599,#11606,#11613,#11620,#11627,#11634,#11641,#11648,#11655,
    #11662,#11669,#11676,#11683,#11690,#11697,#11704,#11711,#11718,
    #11725,#11732,#11739,#11746,#11753,#11760,#11767,#11774,#11781,
    #11788,#11795,#11802,#11809,#11816,#11823,#11830,#11837,#11844,
    #11851,#11858,#11865,#11872,#11879,#11886,#11893,#11900,#11907,
    #11914,#11921,#11928,#11935,#11942,#11949,#11956,#11963,#11970,
    #11977,#11984,#11991,#11998,#12005,#12012,#12019,#12026,#12033,
    #12040,#12047,#12054,#12061,#12068,#12075,#12082,#12089,#12096,
    #12103,#12110,#12117,#12124,#12131,#12138,#12145,#12152,#12159,
    #12166,#12173,#12180,#12187,#12194,#12201,#12208,#12215,#12222,
    #12229,#12236,#12243,#12250,#12257,#12264,#12271,#12278),#10454);
#10461 = STYLED_ITEM('color',(#10462),#15);
#10462 = PRESENTATION_STYLE_ASSIGNMENT((#10463));
#10463 = SURFACE_STYLE_USAGE(.BOTH.,#10464);
#10464 = SURFACE_SIDE_STYLE('',(#10465));
#10465 = SURFACE_STYLE_FILL_AREA(#10466);
#10466 = FILL_AREA_STYLE('',(#10467));
#10467 = FILL_AREA_STYLE_COLOUR('',#10468);
#10468 = COLOUR_RGB('',0.776470591567,0.756862729302,0.737254912529);
#10469 = OVER_RIDING_STYLED_ITEM('overriding color',(#10470),#17,#10461
  );
#10470 = PRESENTATION_STYLE_ASSIGNMENT((#10471));
#10471 = SURFACE_STYLE_USAGE(.BOTH.,#10472);
#10472 = SURFACE_SIDE_STYLE('',(#10473));
#10473 = SURFACE_STYLE_FILL_AREA(#10474);
#10474 = FILL_AREA_STYLE('',(#10475));
#10475 = FILL_AREA_STYLE_COLOUR('',#10476);
#10476 = COLOUR_RGB('',0.411764706019,0.411764706019,0.411764706019);
#10477 = OVER_RIDING_STYLED_ITEM('overriding color',(#10478),#65,#10461
  );
#10478 = PRESENTATION_STYLE_ASSIGNMENT((#10479));
#10479 = SURFACE_STYLE_USAGE(.BOTH.,#10480);
#10480 = SURFACE_SIDE_STYLE('',(#10481));
#10481 = SURFACE_STYLE_FILL_AREA(#10482);
#10482 = FILL_AREA_STYLE('',(#10483));
#10483 = FILL_AREA_STYLE_COLOUR('',#10484);
#10484 = COLOUR_RGB('',0.109803919806,0.109803919806,0.109803919806);
#10485 = OVER_RIDING_STYLED_ITEM('overriding color',(#10486),#112,#10461
  );
#10486 = PRESENTATION_STYLE_ASSIGNMENT((#10487));
#10487 = SURFACE_STYLE_USAGE(.BOTH.,#10488);
#10488 = SURFACE_SIDE_STYLE('',(#10489));
#10489 = SURFACE_STYLE_FILL_AREA(#10490);
#10490 = FILL_AREA_STYLE('',(#10491));
#10491 = FILL_AREA_STYLE_COLOUR('',#10484);
#10492 = OVER_RIDING_STYLED_ITEM('overriding color',(#10493),#140,#10461
  );
#10493 = PRESENTATION_STYLE_ASSIGNMENT((#10494));
#10494 = SURFACE_STYLE_USAGE(.BOTH.,#10495);
#10495 = SURFACE_SIDE_STYLE('',(#10496));
#10496 = SURFACE_STYLE_FILL_AREA(#10497);
#10497 = FILL_AREA_STYLE('',(#10498));
#10498 = FILL_AREA_STYLE_COLOUR('',#10484);
#10499 = OVER_RIDING_STYLED_ITEM('overriding color',(#10500),#168,#10461
  );
#10500 = PRESENTATION_STYLE_ASSIGNMENT((#10501));
#10501 = SURFACE_STYLE_USAGE(.BOTH.,#10502);
#10502 = SURFACE_SIDE_STYLE('',(#10503));
#10503 = SURFACE_STYLE_FILL_AREA(#10504);
#10504 = FILL_AREA_STYLE('',(#10505));
#10505 = FILL_AREA_STYLE_COLOUR('',#10484);
#10506 = OVER_RIDING_STYLED_ITEM('overriding color',(#10507),#784,#10461
  );
#10507 = PRESENTATION_STYLE_ASSIGNMENT((#10508));
#10508 = SURFACE_STYLE_USAGE(.BOTH.,#10509);
#10509 = SURFACE_SIDE_STYLE('',(#10510));
#10510 = SURFACE_STYLE_FILL_AREA(#10511);
#10511 = FILL_AREA_STYLE('',(#10512));
#10512 = FILL_AREA_STYLE_COLOUR('',#10484);
#10513 = OVER_RIDING_STYLED_ITEM('overriding color',(#10514),#866,#10461
  );
#10514 = PRESENTATION_STYLE_ASSIGNMENT((#10515));
#10515 = SURFACE_STYLE_USAGE(.BOTH.,#10516);
#10516 = SURFACE_SIDE_STYLE('',(#10517));
#10517 = SURFACE_STYLE_FILL_AREA(#10518);
#10518 = FILL_AREA_STYLE('',(#10519));
#10519 = FILL_AREA_STYLE_COLOUR('',#10484);
#10520 = OVER_RIDING_STYLED_ITEM('overriding color',(#10521),#1080,
  #10461);
#10521 = PRESENTATION_STYLE_ASSIGNMENT((#10522));
#10522 = SURFACE_STYLE_USAGE(.BOTH.,#10523);
#10523 = SURFACE_SIDE_STYLE('',(#10524));
#10524 = SURFACE_STYLE_FILL_AREA(#10525);
#10525 = FILL_AREA_STYLE('',(#10526));
#10526 = FILL_AREA_STYLE_COLOUR('',#10484);
#10527 = OVER_RIDING_STYLED_ITEM('overriding color',(#10528),#1756,
  #10461);
#10528 = PRESENTATION_STYLE_ASSIGNMENT((#10529));
#10529 = SURFACE_STYLE_USAGE(.BOTH.,#10530);
#10530 = SURFACE_SIDE_STYLE('',(#10531));
#10531 = SURFACE_STYLE_FILL_AREA(#10532);
#10532 = FILL_AREA_STYLE('',(#10533));
#10533 = FILL_AREA_STYLE_COLOUR('',#10484);
#10534 = OVER_RIDING_STYLED_ITEM('overriding color',(#10535),#1772,
  #10461);
#10535 = PRESENTATION_STYLE_ASSIGNMENT((#10536));
#10536 = SURFACE_STYLE_USAGE(.BOTH.,#10537);
#10537 = SURFACE_SIDE_STYLE('',(#10538));
#10538 = SURFACE_STYLE_FILL_AREA(#10539);
#10539 = FILL_AREA_STYLE('',(#10540));
#10540 = FILL_AREA_STYLE_COLOUR('',#10484);
#10541 = OVER_RIDING_STYLED_ITEM('overriding color',(#10542),#1788,
  #10461);
#10542 = PRESENTATION_STYLE_ASSIGNMENT((#10543));
#10543 = SURFACE_STYLE_USAGE(.BOTH.,#10544);
#10544 = SURFACE_SIDE_STYLE('',(#10545));
#10545 = SURFACE_STYLE_FILL_AREA(#10546);
#10546 = FILL_AREA_STYLE('',(#10547));
#10547 = FILL_AREA_STYLE_COLOUR('',#10484);
#10548 = OVER_RIDING_STYLED_ITEM('overriding color',(#10549),#3175,
  #10461);
#10549 = PRESENTATION_STYLE_ASSIGNMENT((#10550));
#10550 = SURFACE_STYLE_USAGE(.BOTH.,#10551);
#10551 = SURFACE_SIDE_STYLE('',(#10552));
#10552 = SURFACE_STYLE_FILL_AREA(#10553);
#10553 = FILL_AREA_STYLE('',(#10554));
#10554 = FILL_AREA_STYLE_COLOUR('',#10484);
#10555 = OVER_RIDING_STYLED_ITEM('overriding color',(#10556),#3186,
  #10461);
#10556 = PRESENTATION_STYLE_ASSIGNMENT((#10557));
#10557 = SURFACE_STYLE_USAGE(.BOTH.,#10558);
#10558 = SURFACE_SIDE_STYLE('',(#10559));
#10559 = SURFACE_STYLE_FILL_AREA(#10560);
#10560 = FILL_AREA_STYLE('',(#10561));
#10561 = FILL_AREA_STYLE_COLOUR('',#10484);
#10562 = OVER_RIDING_STYLED_ITEM('overriding color',(#10563),#3199,
  #10461);
#10563 = PRESENTATION_STYLE_ASSIGNMENT((#10564));
#10564 = SURFACE_STYLE_USAGE(.BOTH.,#10565);
#10565 = SURFACE_SIDE_STYLE('',(#10566));
#10566 = SURFACE_STYLE_FILL_AREA(#10567);
#10567 = FILL_AREA_STYLE('',(#10568));
#10568 = FILL_AREA_STYLE_COLOUR('',#10476);
#10569 = OVER_RIDING_STYLED_ITEM('overriding color',(#10570),#3224,
  #10461);
#10570 = PRESENTATION_STYLE_ASSIGNMENT((#10571));
#10571 = SURFACE_STYLE_USAGE(.BOTH.,#10572);
#10572 = SURFACE_SIDE_STYLE('',(#10573));
#10573 = SURFACE_STYLE_FILL_AREA(#10574);
#10574 = FILL_AREA_STYLE('',(#10575));
#10575 = FILL_AREA_STYLE_COLOUR('',#10476);
#10576 = STYLED_ITEM('color',(#10577),#3234);
#10577 = PRESENTATION_STYLE_ASSIGNMENT((#10578));
#10578 = SURFACE_STYLE_USAGE(.BOTH.,#10579);
#10579 = SURFACE_SIDE_STYLE('',(#10580));
#10580 = SURFACE_STYLE_FILL_AREA(#10581);
#10581 = FILL_AREA_STYLE('',(#10582));
#10582 = FILL_AREA_STYLE_COLOUR('',#10468);
#10583 = OVER_RIDING_STYLED_ITEM('overriding color',(#10584),#3236,
  #10576);
#10584 = PRESENTATION_STYLE_ASSIGNMENT((#10585));
#10585 = SURFACE_STYLE_USAGE(.BOTH.,#10586);
#10586 = SURFACE_SIDE_STYLE('',(#10587));
#10587 = SURFACE_STYLE_FILL_AREA(#10588);
#10588 = FILL_AREA_STYLE('',(#10589));
#10589 = FILL_AREA_STYLE_COLOUR('',#10590);
#10590 = DRAUGHTING_PRE_DEFINED_COLOUR('white');
#10591 = OVER_RIDING_STYLED_ITEM('overriding color',(#10592),#3272,
  #10576);
#10592 = PRESENTATION_STYLE_ASSIGNMENT((#10593));
#10593 = SURFACE_STYLE_USAGE(.BOTH.,#10594);
#10594 = SURFACE_SIDE_STYLE('',(#10595));
#10595 = SURFACE_STYLE_FILL_AREA(#10596);
#10596 = FILL_AREA_STYLE('',(#10597));
#10597 = FILL_AREA_STYLE_COLOUR('',#10590);
#10598 = OVER_RIDING_STYLED_ITEM('overriding color',(#10599),#3300,
  #10576);
#10599 = PRESENTATION_STYLE_ASSIGNMENT((#10600));
#10600 = SURFACE_STYLE_USAGE(.BOTH.,#10601);
#10601 = SURFACE_SIDE_STYLE('',(#10602));
#10602 = SURFACE_STYLE_FILL_AREA(#10603);
#10603 = FILL_AREA_STYLE('',(#10604));
#10604 = FILL_AREA_STYLE_COLOUR('',#10590);
#10605 = OVER_RIDING_STYLED_ITEM('overriding color',(#10606),#3328,
  #10576);
#10606 = PRESENTATION_STYLE_ASSIGNMENT((#10607));
#10607 = SURFACE_STYLE_USAGE(.BOTH.,#10608);
#10608 = SURFACE_SIDE_STYLE('',(#10609));
#10609 = SURFACE_STYLE_FILL_AREA(#10610);
#10610 = FILL_AREA_STYLE('',(#10611));
#10611 = FILL_AREA_STYLE_COLOUR('',#10590);
#10612 = OVER_RIDING_STYLED_ITEM('overriding color',(#10613),#3356,
  #10576);
#10613 = PRESENTATION_STYLE_ASSIGNMENT((#10614));
#10614 = SURFACE_STYLE_USAGE(.BOTH.,#10615);
#10615 = SURFACE_SIDE_STYLE('',(#10616));
#10616 = SURFACE_STYLE_FILL_AREA(#10617);
#10617 = FILL_AREA_STYLE('',(#10618));
#10618 = FILL_AREA_STYLE_COLOUR('',#10590);
#10619 = OVER_RIDING_STYLED_ITEM('overriding color',(#10620),#3384,
  #10576);
#10620 = PRESENTATION_STYLE_ASSIGNMENT((#10621));
#10621 = SURFACE_STYLE_USAGE(.BOTH.,#10622);
#10622 = SURFACE_SIDE_STYLE('',(#10623));
#10623 = SURFACE_STYLE_FILL_AREA(#10624);
#10624 = FILL_AREA_STYLE('',(#10625));
#10625 = FILL_AREA_STYLE_COLOUR('',#10590);
#10626 = OVER_RIDING_STYLED_ITEM('overriding color',(#10627),#3404,
  #10576);
#10627 = PRESENTATION_STYLE_ASSIGNMENT((#10628));
#10628 = SURFACE_STYLE_USAGE(.BOTH.,#10629);
#10629 = SURFACE_SIDE_STYLE('',(#10630));
#10630 = SURFACE_STYLE_FILL_AREA(#10631);
#10631 = FILL_AREA_STYLE('',(#10632));
#10632 = FILL_AREA_STYLE_COLOUR('',#10590);
#10633 = OVER_RIDING_STYLED_ITEM('overriding color',(#10634),#3418,
  #10576);
#10634 = PRESENTATION_STYLE_ASSIGNMENT((#10635));
#10635 = SURFACE_STYLE_USAGE(.BOTH.,#10636);
#10636 = SURFACE_SIDE_STYLE('',(#10637));
#10637 = SURFACE_STYLE_FILL_AREA(#10638);
#10638 = FILL_AREA_STYLE('',(#10639));
#10639 = FILL_AREA_STYLE_COLOUR('',#10590);
#10640 = STYLED_ITEM('color',(#10641),#3432);
#10641 = PRESENTATION_STYLE_ASSIGNMENT((#10642));
#10642 = SURFACE_STYLE_USAGE(.BOTH.,#10643);
#10643 = SURFACE_SIDE_STYLE('',(#10644));
#10644 = SURFACE_STYLE_FILL_AREA(#10645);
#10645 = FILL_AREA_STYLE('',(#10646));
#10646 = FILL_AREA_STYLE_COLOUR('',#10468);
#10647 = OVER_RIDING_STYLED_ITEM('overriding color',(#10648),#3434,
  #10640);
#10648 = PRESENTATION_STYLE_ASSIGNMENT((#10649));
#10649 = SURFACE_STYLE_USAGE(.BOTH.,#10650);
#10650 = SURFACE_SIDE_STYLE('',(#10651));
#10651 = SURFACE_STYLE_FILL_AREA(#10652);
#10652 = FILL_AREA_STYLE('',(#10653));
#10653 = FILL_AREA_STYLE_COLOUR('',#10590);
#10654 = OVER_RIDING_STYLED_ITEM('overriding color',(#10655),#3478,
  #10640);
#10655 = PRESENTATION_STYLE_ASSIGNMENT((#10656));
#10656 = SURFACE_STYLE_USAGE(.BOTH.,#10657);
#10657 = SURFACE_SIDE_STYLE('',(#10658));
#10658 = SURFACE_STYLE_FILL_AREA(#10659);
#10659 = FILL_AREA_STYLE('',(#10660));
#10660 = FILL_AREA_STYLE_COLOUR('',#10590);
#10661 = OVER_RIDING_STYLED_ITEM('overriding color',(#10662),#3506,
  #10640);
#10662 = PRESENTATION_STYLE_ASSIGNMENT((#10663));
#10663 = SURFACE_STYLE_USAGE(.BOTH.,#10664);
#10664 = SURFACE_SIDE_STYLE('',(#10665));
#10665 = SURFACE_STYLE_FILL_AREA(#10666);
#10666 = FILL_AREA_STYLE('',(#10667));
#10667 = FILL_AREA_STYLE_COLOUR('',#10590);
#10668 = OVER_RIDING_STYLED_ITEM('overriding color',(#10669),#3542,
  #10640);
#10669 = PRESENTATION_STYLE_ASSIGNMENT((#10670));
#10670 = SURFACE_STYLE_USAGE(.BOTH.,#10671);
#10671 = SURFACE_SIDE_STYLE('',(#10672));
#10672 = SURFACE_STYLE_FILL_AREA(#10673);
#10673 = FILL_AREA_STYLE('',(#10674));
#10674 = FILL_AREA_STYLE_COLOUR('',#10590);
#10675 = OVER_RIDING_STYLED_ITEM('overriding color',(#10676),#3578,
  #10640);
#10676 = PRESENTATION_STYLE_ASSIGNMENT((#10677));
#10677 = SURFACE_STYLE_USAGE(.BOTH.,#10678);
#10678 = SURFACE_SIDE_STYLE('',(#10679));
#10679 = SURFACE_STYLE_FILL_AREA(#10680);
#10680 = FILL_AREA_STYLE('',(#10681));
#10681 = FILL_AREA_STYLE_COLOUR('',#10590);
#10682 = OVER_RIDING_STYLED_ITEM('overriding color',(#10683),#3614,
  #10640);
#10683 = PRESENTATION_STYLE_ASSIGNMENT((#10684));
#10684 = SURFACE_STYLE_USAGE(.BOTH.,#10685);
#10685 = SURFACE_SIDE_STYLE('',(#10686));
#10686 = SURFACE_STYLE_FILL_AREA(#10687);
#10687 = FILL_AREA_STYLE('',(#10688));
#10688 = FILL_AREA_STYLE_COLOUR('',#10590);
#10689 = OVER_RIDING_STYLED_ITEM('overriding color',(#10690),#3650,
  #10640);
#10690 = PRESENTATION_STYLE_ASSIGNMENT((#10691));
#10691 = SURFACE_STYLE_USAGE(.BOTH.,#10692);
#10692 = SURFACE_SIDE_STYLE('',(#10693));
#10693 = SURFACE_STYLE_FILL_AREA(#10694);
#10694 = FILL_AREA_STYLE('',(#10695));
#10695 = FILL_AREA_STYLE_COLOUR('',#10590);
#10696 = OVER_RIDING_STYLED_ITEM('overriding color',(#10697),#3686,
  #10640);
#10697 = PRESENTATION_STYLE_ASSIGNMENT((#10698));
#10698 = SURFACE_STYLE_USAGE(.BOTH.,#10699);
#10699 = SURFACE_SIDE_STYLE('',(#10700));
#10700 = SURFACE_STYLE_FILL_AREA(#10701);
#10701 = FILL_AREA_STYLE('',(#10702));
#10702 = FILL_AREA_STYLE_COLOUR('',#10590);
#10703 = OVER_RIDING_STYLED_ITEM('overriding color',(#10704),#3722,
  #10640);
#10704 = PRESENTATION_STYLE_ASSIGNMENT((#10705));
#10705 = SURFACE_STYLE_USAGE(.BOTH.,#10706);
#10706 = SURFACE_SIDE_STYLE('',(#10707));
#10707 = SURFACE_STYLE_FILL_AREA(#10708);
#10708 = FILL_AREA_STYLE('',(#10709));
#10709 = FILL_AREA_STYLE_COLOUR('',#10590);
#10710 = OVER_RIDING_STYLED_ITEM('overriding color',(#10711),#3750,
  #10640);
#10711 = PRESENTATION_STYLE_ASSIGNMENT((#10712));
#10712 = SURFACE_STYLE_USAGE(.BOTH.,#10713);
#10713 = SURFACE_SIDE_STYLE('',(#10714));
#10714 = SURFACE_STYLE_FILL_AREA(#10715);
#10715 = FILL_AREA_STYLE('',(#10716));
#10716 = FILL_AREA_STYLE_COLOUR('',#10590);
#10717 = OVER_RIDING_STYLED_ITEM('overriding color',(#10718),#3786,
  #10640);
#10718 = PRESENTATION_STYLE_ASSIGNMENT((#10719));
#10719 = SURFACE_STYLE_USAGE(.BOTH.,#10720);
#10720 = SURFACE_SIDE_STYLE('',(#10721));
#10721 = SURFACE_STYLE_FILL_AREA(#10722);
#10722 = FILL_AREA_STYLE('',(#10723));
#10723 = FILL_AREA_STYLE_COLOUR('',#10590);
#10724 = OVER_RIDING_STYLED_ITEM('overriding color',(#10725),#3822,
  #10640);
#10725 = PRESENTATION_STYLE_ASSIGNMENT((#10726));
#10726 = SURFACE_STYLE_USAGE(.BOTH.,#10727);
#10727 = SURFACE_SIDE_STYLE('',(#10728));
#10728 = SURFACE_STYLE_FILL_AREA(#10729);
#10729 = FILL_AREA_STYLE('',(#10730));
#10730 = FILL_AREA_STYLE_COLOUR('',#10590);
#10731 = OVER_RIDING_STYLED_ITEM('overriding color',(#10732),#3858,
  #10640);
#10732 = PRESENTATION_STYLE_ASSIGNMENT((#10733));
#10733 = SURFACE_STYLE_USAGE(.BOTH.,#10734);
#10734 = SURFACE_SIDE_STYLE('',(#10735));
#10735 = SURFACE_STYLE_FILL_AREA(#10736);
#10736 = FILL_AREA_STYLE('',(#10737));
#10737 = FILL_AREA_STYLE_COLOUR('',#10590);
#10738 = OVER_RIDING_STYLED_ITEM('overriding color',(#10739),#3894,
  #10640);
#10739 = PRESENTATION_STYLE_ASSIGNMENT((#10740));
#10740 = SURFACE_STYLE_USAGE(.BOTH.,#10741);
#10741 = SURFACE_SIDE_STYLE('',(#10742));
#10742 = SURFACE_STYLE_FILL_AREA(#10743);
#10743 = FILL_AREA_STYLE('',(#10744));
#10744 = FILL_AREA_STYLE_COLOUR('',#10590);
#10745 = OVER_RIDING_STYLED_ITEM('overriding color',(#10746),#3922,
  #10640);
#10746 = PRESENTATION_STYLE_ASSIGNMENT((#10747));
#10747 = SURFACE_STYLE_USAGE(.BOTH.,#10748);
#10748 = SURFACE_SIDE_STYLE('',(#10749));
#10749 = SURFACE_STYLE_FILL_AREA(#10750);
#10750 = FILL_AREA_STYLE('',(#10751));
#10751 = FILL_AREA_STYLE_COLOUR('',#10590);
#10752 = OVER_RIDING_STYLED_ITEM('overriding color',(#10753),#3944,
  #10640);
#10753 = PRESENTATION_STYLE_ASSIGNMENT((#10754));
#10754 = SURFACE_STYLE_USAGE(.BOTH.,#10755);
#10755 = SURFACE_SIDE_STYLE('',(#10756));
#10756 = SURFACE_STYLE_FILL_AREA(#10757);
#10757 = FILL_AREA_STYLE('',(#10758));
#10758 = FILL_AREA_STYLE_COLOUR('',#10590);
#10759 = STYLED_ITEM('color',(#10760),#3966);
#10760 = PRESENTATION_STYLE_ASSIGNMENT((#10761));
#10761 = SURFACE_STYLE_USAGE(.BOTH.,#10762);
#10762 = SURFACE_SIDE_STYLE('',(#10763));
#10763 = SURFACE_STYLE_FILL_AREA(#10764);
#10764 = FILL_AREA_STYLE('',(#10765));
#10765 = FILL_AREA_STYLE_COLOUR('',#10468);
#10766 = OVER_RIDING_STYLED_ITEM('overriding color',(#10767),#3968,
  #10759);
#10767 = PRESENTATION_STYLE_ASSIGNMENT((#10768));
#10768 = SURFACE_STYLE_USAGE(.BOTH.,#10769);
#10769 = SURFACE_SIDE_STYLE('',(#10770));
#10770 = SURFACE_STYLE_FILL_AREA(#10771);
#10771 = FILL_AREA_STYLE('',(#10772));
#10772 = FILL_AREA_STYLE_COLOUR('',#10590);
#10773 = OVER_RIDING_STYLED_ITEM('overriding color',(#10774),#4004,
  #10759);
#10774 = PRESENTATION_STYLE_ASSIGNMENT((#10775));
#10775 = SURFACE_STYLE_USAGE(.BOTH.,#10776);
#10776 = SURFACE_SIDE_STYLE('',(#10777));
#10777 = SURFACE_STYLE_FILL_AREA(#10778);
#10778 = FILL_AREA_STYLE('',(#10779));
#10779 = FILL_AREA_STYLE_COLOUR('',#10590);
#10780 = OVER_RIDING_STYLED_ITEM('overriding color',(#10781),#4032,
  #10759);
#10781 = PRESENTATION_STYLE_ASSIGNMENT((#10782));
#10782 = SURFACE_STYLE_USAGE(.BOTH.,#10783);
#10783 = SURFACE_SIDE_STYLE('',(#10784));
#10784 = SURFACE_STYLE_FILL_AREA(#10785);
#10785 = FILL_AREA_STYLE('',(#10786));
#10786 = FILL_AREA_STYLE_COLOUR('',#10590);
#10787 = OVER_RIDING_STYLED_ITEM('overriding color',(#10788),#4060,
  #10759);
#10788 = PRESENTATION_STYLE_ASSIGNMENT((#10789));
#10789 = SURFACE_STYLE_USAGE(.BOTH.,#10790);
#10790 = SURFACE_SIDE_STYLE('',(#10791));
#10791 = SURFACE_STYLE_FILL_AREA(#10792);
#10792 = FILL_AREA_STYLE('',(#10793));
#10793 = FILL_AREA_STYLE_COLOUR('',#10590);
#10794 = OVER_RIDING_STYLED_ITEM('overriding color',(#10795),#4088,
  #10759);
#10795 = PRESENTATION_STYLE_ASSIGNMENT((#10796));
#10796 = SURFACE_STYLE_USAGE(.BOTH.,#10797);
#10797 = SURFACE_SIDE_STYLE('',(#10798));
#10798 = SURFACE_STYLE_FILL_AREA(#10799);
#10799 = FILL_AREA_STYLE('',(#10800));
#10800 = FILL_AREA_STYLE_COLOUR('',#10590);
#10801 = OVER_RIDING_STYLED_ITEM('overriding color',(#10802),#4116,
  #10759);
#10802 = PRESENTATION_STYLE_ASSIGNMENT((#10803));
#10803 = SURFACE_STYLE_USAGE(.BOTH.,#10804);
#10804 = SURFACE_SIDE_STYLE('',(#10805));
#10805 = SURFACE_STYLE_FILL_AREA(#10806);
#10806 = FILL_AREA_STYLE('',(#10807));
#10807 = FILL_AREA_STYLE_COLOUR('',#10590);
#10808 = OVER_RIDING_STYLED_ITEM('overriding color',(#10809),#4144,
  #10759);
#10809 = PRESENTATION_STYLE_ASSIGNMENT((#10810));
#10810 = SURFACE_STYLE_USAGE(.BOTH.,#10811);
#10811 = SURFACE_SIDE_STYLE('',(#10812));
#10812 = SURFACE_STYLE_FILL_AREA(#10813);
#10813 = FILL_AREA_STYLE('',(#10814));
#10814 = FILL_AREA_STYLE_COLOUR('',#10590);
#10815 = OVER_RIDING_STYLED_ITEM('overriding color',(#10816),#4172,
  #10759);
#10816 = PRESENTATION_STYLE_ASSIGNMENT((#10817));
#10817 = SURFACE_STYLE_USAGE(.BOTH.,#10818);
#10818 = SURFACE_SIDE_STYLE('',(#10819));
#10819 = SURFACE_STYLE_FILL_AREA(#10820);
#10820 = FILL_AREA_STYLE('',(#10821));
#10821 = FILL_AREA_STYLE_COLOUR('',#10590);
#10822 = OVER_RIDING_STYLED_ITEM('overriding color',(#10823),#4200,
  #10759);
#10823 = PRESENTATION_STYLE_ASSIGNMENT((#10824));
#10824 = SURFACE_STYLE_USAGE(.BOTH.,#10825);
#10825 = SURFACE_SIDE_STYLE('',(#10826));
#10826 = SURFACE_STYLE_FILL_AREA(#10827);
#10827 = FILL_AREA_STYLE('',(#10828));
#10828 = FILL_AREA_STYLE_COLOUR('',#10590);
#10829 = OVER_RIDING_STYLED_ITEM('overriding color',(#10830),#4228,
  #10759);
#10830 = PRESENTATION_STYLE_ASSIGNMENT((#10831));
#10831 = SURFACE_STYLE_USAGE(.BOTH.,#10832);
#10832 = SURFACE_SIDE_STYLE('',(#10833));
#10833 = SURFACE_STYLE_FILL_AREA(#10834);
#10834 = FILL_AREA_STYLE('',(#10835));
#10835 = FILL_AREA_STYLE_COLOUR('',#10590);
#10836 = OVER_RIDING_STYLED_ITEM('overriding color',(#10837),#4256,
  #10759);
#10837 = PRESENTATION_STYLE_ASSIGNMENT((#10838));
#10838 = SURFACE_STYLE_USAGE(.BOTH.,#10839);
#10839 = SURFACE_SIDE_STYLE('',(#10840));
#10840 = SURFACE_STYLE_FILL_AREA(#10841);
#10841 = FILL_AREA_STYLE('',(#10842));
#10842 = FILL_AREA_STYLE_COLOUR('',#10590);
#10843 = OVER_RIDING_STYLED_ITEM('overriding color',(#10844),#4284,
  #10759);
#10844 = PRESENTATION_STYLE_ASSIGNMENT((#10845));
#10845 = SURFACE_STYLE_USAGE(.BOTH.,#10846);
#10846 = SURFACE_SIDE_STYLE('',(#10847));
#10847 = SURFACE_STYLE_FILL_AREA(#10848);
#10848 = FILL_AREA_STYLE('',(#10849));
#10849 = FILL_AREA_STYLE_COLOUR('',#10590);
#10850 = OVER_RIDING_STYLED_ITEM('overriding color',(#10851),#4304,
  #10759);
#10851 = PRESENTATION_STYLE_ASSIGNMENT((#10852));
#10852 = SURFACE_STYLE_USAGE(.BOTH.,#10853);
#10853 = SURFACE_SIDE_STYLE('',(#10854));
#10854 = SURFACE_STYLE_FILL_AREA(#10855);
#10855 = FILL_AREA_STYLE('',(#10856));
#10856 = FILL_AREA_STYLE_COLOUR('',#10590);
#10857 = OVER_RIDING_STYLED_ITEM('overriding color',(#10858),#4324,
  #10759);
#10858 = PRESENTATION_STYLE_ASSIGNMENT((#10859));
#10859 = SURFACE_STYLE_USAGE(.BOTH.,#10860);
#10860 = SURFACE_SIDE_STYLE('',(#10861));
#10861 = SURFACE_STYLE_FILL_AREA(#10862);
#10862 = FILL_AREA_STYLE('',(#10863));
#10863 = FILL_AREA_STYLE_COLOUR('',#10590);
#10864 = STYLED_ITEM('color',(#10865),#4344);
#10865 = PRESENTATION_STYLE_ASSIGNMENT((#10866));
#10866 = SURFACE_STYLE_USAGE(.BOTH.,#10867);
#10867 = SURFACE_SIDE_STYLE('',(#10868));
#10868 = SURFACE_STYLE_FILL_AREA(#10869);
#10869 = FILL_AREA_STYLE('',(#10870));
#10870 = FILL_AREA_STYLE_COLOUR('',#10468);
#10871 = OVER_RIDING_STYLED_ITEM('overriding color',(#10872),#4346,
  #10864);
#10872 = PRESENTATION_STYLE_ASSIGNMENT((#10873));
#10873 = SURFACE_STYLE_USAGE(.BOTH.,#10874);
#10874 = SURFACE_SIDE_STYLE('',(#10875));
#10875 = SURFACE_STYLE_FILL_AREA(#10876);
#10876 = FILL_AREA_STYLE('',(#10877));
#10877 = FILL_AREA_STYLE_COLOUR('',#10590);
#10878 = OVER_RIDING_STYLED_ITEM('overriding color',(#10879),#4470,
  #10864);
#10879 = PRESENTATION_STYLE_ASSIGNMENT((#10880));
#10880 = SURFACE_STYLE_USAGE(.BOTH.,#10881);
#10881 = SURFACE_SIDE_STYLE('',(#10882));
#10882 = SURFACE_STYLE_FILL_AREA(#10883);
#10883 = FILL_AREA_STYLE('',(#10884));
#10884 = FILL_AREA_STYLE_COLOUR('',#10590);
#10885 = OVER_RIDING_STYLED_ITEM('overriding color',(#10886),#4594,
  #10864);
#10886 = PRESENTATION_STYLE_ASSIGNMENT((#10887));
#10887 = SURFACE_STYLE_USAGE(.BOTH.,#10888);
#10888 = SURFACE_SIDE_STYLE('',(#10889));
#10889 = SURFACE_STYLE_FILL_AREA(#10890);
#10890 = FILL_AREA_STYLE('',(#10891));
#10891 = FILL_AREA_STYLE_COLOUR('',#10590);
#10892 = OVER_RIDING_STYLED_ITEM('overriding color',(#10893),#4614,
  #10864);
#10893 = PRESENTATION_STYLE_ASSIGNMENT((#10894));
#10894 = SURFACE_STYLE_USAGE(.BOTH.,#10895);
#10895 = SURFACE_SIDE_STYLE('',(#10896));
#10896 = SURFACE_STYLE_FILL_AREA(#10897);
#10897 = FILL_AREA_STYLE('',(#10898));
#10898 = FILL_AREA_STYLE_COLOUR('',#10590);
#10899 = OVER_RIDING_STYLED_ITEM('overriding color',(#10900),#4634,
  #10864);
#10900 = PRESENTATION_STYLE_ASSIGNMENT((#10901));
#10901 = SURFACE_STYLE_USAGE(.BOTH.,#10902);
#10902 = SURFACE_SIDE_STYLE('',(#10903));
#10903 = SURFACE_STYLE_FILL_AREA(#10904);
#10904 = FILL_AREA_STYLE('',(#10905));
#10905 = FILL_AREA_STYLE_COLOUR('',#10590);
#10906 = OVER_RIDING_STYLED_ITEM('overriding color',(#10907),#4654,
  #10864);
#10907 = PRESENTATION_STYLE_ASSIGNMENT((#10908));
#10908 = SURFACE_STYLE_USAGE(.BOTH.,#10909);
#10909 = SURFACE_SIDE_STYLE('',(#10910));
#10910 = SURFACE_STYLE_FILL_AREA(#10911);
#10911 = FILL_AREA_STYLE('',(#10912));
#10912 = FILL_AREA_STYLE_COLOUR('',#10590);
#10913 = OVER_RIDING_STYLED_ITEM('overriding color',(#10914),#4674,
  #10864);
#10914 = PRESENTATION_STYLE_ASSIGNMENT((#10915));
#10915 = SURFACE_STYLE_USAGE(.BOTH.,#10916);
#10916 = SURFACE_SIDE_STYLE('',(#10917));
#10917 = SURFACE_STYLE_FILL_AREA(#10918);
#10918 = FILL_AREA_STYLE('',(#10919));
#10919 = FILL_AREA_STYLE_COLOUR('',#10590);
#10920 = OVER_RIDING_STYLED_ITEM('overriding color',(#10921),#4694,
  #10864);
#10921 = PRESENTATION_STYLE_ASSIGNMENT((#10922));
#10922 = SURFACE_STYLE_USAGE(.BOTH.,#10923);
#10923 = SURFACE_SIDE_STYLE('',(#10924));
#10924 = SURFACE_STYLE_FILL_AREA(#10925);
#10925 = FILL_AREA_STYLE('',(#10926));
#10926 = FILL_AREA_STYLE_COLOUR('',#10590);
#10927 = OVER_RIDING_STYLED_ITEM('overriding color',(#10928),#4710,
  #10864);
#10928 = PRESENTATION_STYLE_ASSIGNMENT((#10929));
#10929 = SURFACE_STYLE_USAGE(.BOTH.,#10930);
#10930 = SURFACE_SIDE_STYLE('',(#10931));
#10931 = SURFACE_STYLE_FILL_AREA(#10932);
#10932 = FILL_AREA_STYLE('',(#10933));
#10933 = FILL_AREA_STYLE_COLOUR('',#10590);
#10934 = OVER_RIDING_STYLED_ITEM('overriding color',(#10935),#4722,
  #10864);
#10935 = PRESENTATION_STYLE_ASSIGNMENT((#10936));
#10936 = SURFACE_STYLE_USAGE(.BOTH.,#10937);
#10937 = SURFACE_SIDE_STYLE('',(#10938));
#10938 = SURFACE_STYLE_FILL_AREA(#10939);
#10939 = FILL_AREA_STYLE('',(#10940));
#10940 = FILL_AREA_STYLE_COLOUR('',#10590);
#10941 = OVER_RIDING_STYLED_ITEM('overriding color',(#10942),#4742,
  #10864);
#10942 = PRESENTATION_STYLE_ASSIGNMENT((#10943));
#10943 = SURFACE_STYLE_USAGE(.BOTH.,#10944);
#10944 = SURFACE_SIDE_STYLE('',(#10945));
#10945 = SURFACE_STYLE_FILL_AREA(#10946);
#10946 = FILL_AREA_STYLE('',(#10947));
#10947 = FILL_AREA_STYLE_COLOUR('',#10590);
#10948 = OVER_RIDING_STYLED_ITEM('overriding color',(#10949),#4758,
  #10864);
#10949 = PRESENTATION_STYLE_ASSIGNMENT((#10950));
#10950 = SURFACE_STYLE_USAGE(.BOTH.,#10951);
#10951 = SURFACE_SIDE_STYLE('',(#10952));
#10952 = SURFACE_STYLE_FILL_AREA(#10953);
#10953 = FILL_AREA_STYLE('',(#10954));
#10954 = FILL_AREA_STYLE_COLOUR('',#10590);
#10955 = OVER_RIDING_STYLED_ITEM('overriding color',(#10956),#4774,
  #10864);
#10956 = PRESENTATION_STYLE_ASSIGNMENT((#10957));
#10957 = SURFACE_STYLE_USAGE(.BOTH.,#10958);
#10958 = SURFACE_SIDE_STYLE('',(#10959));
#10959 = SURFACE_STYLE_FILL_AREA(#10960);
#10960 = FILL_AREA_STYLE('',(#10961));
#10961 = FILL_AREA_STYLE_COLOUR('',#10590);
#10962 = OVER_RIDING_STYLED_ITEM('overriding color',(#10963),#4794,
  #10864);
#10963 = PRESENTATION_STYLE_ASSIGNMENT((#10964));
#10964 = SURFACE_STYLE_USAGE(.BOTH.,#10965);
#10965 = SURFACE_SIDE_STYLE('',(#10966));
#10966 = SURFACE_STYLE_FILL_AREA(#10967);
#10967 = FILL_AREA_STYLE('',(#10968));
#10968 = FILL_AREA_STYLE_COLOUR('',#10590);
#10969 = OVER_RIDING_STYLED_ITEM('overriding color',(#10970),#4814,
  #10864);
#10970 = PRESENTATION_STYLE_ASSIGNMENT((#10971));
#10971 = SURFACE_STYLE_USAGE(.BOTH.,#10972);
#10972 = SURFACE_SIDE_STYLE('',(#10973));
#10973 = SURFACE_STYLE_FILL_AREA(#10974);
#10974 = FILL_AREA_STYLE('',(#10975));
#10975 = FILL_AREA_STYLE_COLOUR('',#10590);
#10976 = OVER_RIDING_STYLED_ITEM('overriding color',(#10977),#4834,
  #10864);
#10977 = PRESENTATION_STYLE_ASSIGNMENT((#10978));
#10978 = SURFACE_STYLE_USAGE(.BOTH.,#10979);
#10979 = SURFACE_SIDE_STYLE('',(#10980));
#10980 = SURFACE_STYLE_FILL_AREA(#10981);
#10981 = FILL_AREA_STYLE('',(#10982));
#10982 = FILL_AREA_STYLE_COLOUR('',#10590);
#10983 = STYLED_ITEM('color',(#10984),#4850);
#10984 = PRESENTATION_STYLE_ASSIGNMENT((#10985));
#10985 = SURFACE_STYLE_USAGE(.BOTH.,#10986);
#10986 = SURFACE_SIDE_STYLE('',(#10987));
#10987 = SURFACE_STYLE_FILL_AREA(#10988);
#10988 = FILL_AREA_STYLE('',(#10989));
#10989 = FILL_AREA_STYLE_COLOUR('',#10468);
#10990 = OVER_RIDING_STYLED_ITEM('overriding color',(#10991),#4852,
  #10983);
#10991 = PRESENTATION_STYLE_ASSIGNMENT((#10992));
#10992 = SURFACE_STYLE_USAGE(.BOTH.,#10993);
#10993 = SURFACE_SIDE_STYLE('',(#10994));
#10994 = SURFACE_STYLE_FILL_AREA(#10995);
#10995 = FILL_AREA_STYLE('',(#10996));
#10996 = FILL_AREA_STYLE_COLOUR('',#10590);
#10997 = OVER_RIDING_STYLED_ITEM('overriding color',(#10998),#4964,
  #10983);
#10998 = PRESENTATION_STYLE_ASSIGNMENT((#10999));
#10999 = SURFACE_STYLE_USAGE(.BOTH.,#11000);
#11000 = SURFACE_SIDE_STYLE('',(#11001));
#11001 = SURFACE_STYLE_FILL_AREA(#11002);
#11002 = FILL_AREA_STYLE('',(#11003));
#11003 = FILL_AREA_STYLE_COLOUR('',#10590);
#11004 = OVER_RIDING_STYLED_ITEM('overriding color',(#11005),#5076,
  #10983);
#11005 = PRESENTATION_STYLE_ASSIGNMENT((#11006));
#11006 = SURFACE_STYLE_USAGE(.BOTH.,#11007);
#11007 = SURFACE_SIDE_STYLE('',(#11008));
#11008 = SURFACE_STYLE_FILL_AREA(#11009);
#11009 = FILL_AREA_STYLE('',(#11010));
#11010 = FILL_AREA_STYLE_COLOUR('',#10590);
#11011 = OVER_RIDING_STYLED_ITEM('overriding color',(#11012),#5096,
  #10983);
#11012 = PRESENTATION_STYLE_ASSIGNMENT((#11013));
#11013 = SURFACE_STYLE_USAGE(.BOTH.,#11014);
#11014 = SURFACE_SIDE_STYLE('',(#11015));
#11015 = SURFACE_STYLE_FILL_AREA(#11016);
#11016 = FILL_AREA_STYLE('',(#11017));
#11017 = FILL_AREA_STYLE_COLOUR('',#10590);
#11018 = OVER_RIDING_STYLED_ITEM('overriding color',(#11019),#5112,
  #10983);
#11019 = PRESENTATION_STYLE_ASSIGNMENT((#11020));
#11020 = SURFACE_STYLE_USAGE(.BOTH.,#11021);
#11021 = SURFACE_SIDE_STYLE('',(#11022));
#11022 = SURFACE_STYLE_FILL_AREA(#11023);
#11023 = FILL_AREA_STYLE('',(#11024));
#11024 = FILL_AREA_STYLE_COLOUR('',#10590);
#11025 = OVER_RIDING_STYLED_ITEM('overriding color',(#11026),#5128,
  #10983);
#11026 = PRESENTATION_STYLE_ASSIGNMENT((#11027));
#11027 = SURFACE_STYLE_USAGE(.BOTH.,#11028);
#11028 = SURFACE_SIDE_STYLE('',(#11029));
#11029 = SURFACE_STYLE_FILL_AREA(#11030);
#11030 = FILL_AREA_STYLE('',(#11031));
#11031 = FILL_AREA_STYLE_COLOUR('',#10590);
#11032 = OVER_RIDING_STYLED_ITEM('overriding color',(#11033),#5144,
  #10983);
#11033 = PRESENTATION_STYLE_ASSIGNMENT((#11034));
#11034 = SURFACE_STYLE_USAGE(.BOTH.,#11035);
#11035 = SURFACE_SIDE_STYLE('',(#11036));
#11036 = SURFACE_STYLE_FILL_AREA(#11037);
#11037 = FILL_AREA_STYLE('',(#11038));
#11038 = FILL_AREA_STYLE_COLOUR('',#10590);
#11039 = OVER_RIDING_STYLED_ITEM('overriding color',(#11040),#5160,
  #10983);
#11040 = PRESENTATION_STYLE_ASSIGNMENT((#11041));
#11041 = SURFACE_STYLE_USAGE(.BOTH.,#11042);
#11042 = SURFACE_SIDE_STYLE('',(#11043));
#11043 = SURFACE_STYLE_FILL_AREA(#11044);
#11044 = FILL_AREA_STYLE('',(#11045));
#11045 = FILL_AREA_STYLE_COLOUR('',#10590);
#11046 = OVER_RIDING_STYLED_ITEM('overriding color',(#11047),#5176,
  #10983);
#11047 = PRESENTATION_STYLE_ASSIGNMENT((#11048));
#11048 = SURFACE_STYLE_USAGE(.BOTH.,#11049);
#11049 = SURFACE_SIDE_STYLE('',(#11050));
#11050 = SURFACE_STYLE_FILL_AREA(#11051);
#11051 = FILL_AREA_STYLE('',(#11052));
#11052 = FILL_AREA_STYLE_COLOUR('',#10590);
#11053 = OVER_RIDING_STYLED_ITEM('overriding color',(#11054),#5192,
  #10983);
#11054 = PRESENTATION_STYLE_ASSIGNMENT((#11055));
#11055 = SURFACE_STYLE_USAGE(.BOTH.,#11056);
#11056 = SURFACE_SIDE_STYLE('',(#11057));
#11057 = SURFACE_STYLE_FILL_AREA(#11058);
#11058 = FILL_AREA_STYLE('',(#11059));
#11059 = FILL_AREA_STYLE_COLOUR('',#10590);
#11060 = OVER_RIDING_STYLED_ITEM('overriding color',(#11061),#5204,
  #10983);
#11061 = PRESENTATION_STYLE_ASSIGNMENT((#11062));
#11062 = SURFACE_STYLE_USAGE(.BOTH.,#11063);
#11063 = SURFACE_SIDE_STYLE('',(#11064));
#11064 = SURFACE_STYLE_FILL_AREA(#11065);
#11065 = FILL_AREA_STYLE('',(#11066));
#11066 = FILL_AREA_STYLE_COLOUR('',#10590);
#11067 = OVER_RIDING_STYLED_ITEM('overriding color',(#11068),#5224,
  #10983);
#11068 = PRESENTATION_STYLE_ASSIGNMENT((#11069));
#11069 = SURFACE_STYLE_USAGE(.BOTH.,#11070);
#11070 = SURFACE_SIDE_STYLE('',(#11071));
#11071 = SURFACE_STYLE_FILL_AREA(#11072);
#11072 = FILL_AREA_STYLE('',(#11073));
#11073 = FILL_AREA_STYLE_COLOUR('',#10590);
#11074 = OVER_RIDING_STYLED_ITEM('overriding color',(#11075),#5240,
  #10983);
#11075 = PRESENTATION_STYLE_ASSIGNMENT((#11076));
#11076 = SURFACE_STYLE_USAGE(.BOTH.,#11077);
#11077 = SURFACE_SIDE_STYLE('',(#11078));
#11078 = SURFACE_STYLE_FILL_AREA(#11079);
#11079 = FILL_AREA_STYLE('',(#11080));
#11080 = FILL_AREA_STYLE_COLOUR('',#10590);
#11081 = OVER_RIDING_STYLED_ITEM('overriding color',(#11082),#5260,
  #10983);
#11082 = PRESENTATION_STYLE_ASSIGNMENT((#11083));
#11083 = SURFACE_STYLE_USAGE(.BOTH.,#11084);
#11084 = SURFACE_SIDE_STYLE('',(#11085));
#11085 = SURFACE_STYLE_FILL_AREA(#11086);
#11086 = FILL_AREA_STYLE('',(#11087));
#11087 = FILL_AREA_STYLE_COLOUR('',#10590);
#11088 = OVER_RIDING_STYLED_ITEM('overriding color',(#11089),#5276,
  #10983);
#11089 = PRESENTATION_STYLE_ASSIGNMENT((#11090));
#11090 = SURFACE_STYLE_USAGE(.BOTH.,#11091);
#11091 = SURFACE_SIDE_STYLE('',(#11092));
#11092 = SURFACE_STYLE_FILL_AREA(#11093);
#11093 = FILL_AREA_STYLE('',(#11094));
#11094 = FILL_AREA_STYLE_COLOUR('',#10590);
#11095 = OVER_RIDING_STYLED_ITEM('overriding color',(#11096),#5296,
  #10983);
#11096 = PRESENTATION_STYLE_ASSIGNMENT((#11097));
#11097 = SURFACE_STYLE_USAGE(.BOTH.,#11098);
#11098 = SURFACE_SIDE_STYLE('',(#11099));
#11099 = SURFACE_STYLE_FILL_AREA(#11100);
#11100 = FILL_AREA_STYLE('',(#11101));
#11101 = FILL_AREA_STYLE_COLOUR('',#10590);
#11102 = STYLED_ITEM('color',(#11103),#5308);
#11103 = PRESENTATION_STYLE_ASSIGNMENT((#11104));
#11104 = SURFACE_STYLE_USAGE(.BOTH.,#11105);
#11105 = SURFACE_SIDE_STYLE('',(#11106));
#11106 = SURFACE_STYLE_FILL_AREA(#11107);
#11107 = FILL_AREA_STYLE('',(#11108));
#11108 = FILL_AREA_STYLE_COLOUR('',#10468);
#11109 = OVER_RIDING_STYLED_ITEM('overriding color',(#11110),#5310,
  #11102);
#11110 = PRESENTATION_STYLE_ASSIGNMENT((#11111));
#11111 = SURFACE_STYLE_USAGE(.BOTH.,#11112);
#11112 = SURFACE_SIDE_STYLE('',(#11113));
#11113 = SURFACE_STYLE_FILL_AREA(#11114);
#11114 = FILL_AREA_STYLE('',(#11115));
#11115 = FILL_AREA_STYLE_COLOUR('',#10590);
#11116 = OVER_RIDING_STYLED_ITEM('overriding color',(#11117),#5346,
  #11102);
#11117 = PRESENTATION_STYLE_ASSIGNMENT((#11118));
#11118 = SURFACE_STYLE_USAGE(.BOTH.,#11119);
#11119 = SURFACE_SIDE_STYLE('',(#11120));
#11120 = SURFACE_STYLE_FILL_AREA(#11121);
#11121 = FILL_AREA_STYLE('',(#11122));
#11122 = FILL_AREA_STYLE_COLOUR('',#10590);
#11123 = OVER_RIDING_STYLED_ITEM('overriding color',(#11124),#5374,
  #11102);
#11124 = PRESENTATION_STYLE_ASSIGNMENT((#11125));
#11125 = SURFACE_STYLE_USAGE(.BOTH.,#11126);
#11126 = SURFACE_SIDE_STYLE('',(#11127));
#11127 = SURFACE_STYLE_FILL_AREA(#11128);
#11128 = FILL_AREA_STYLE('',(#11129));
#11129 = FILL_AREA_STYLE_COLOUR('',#10590);
#11130 = OVER_RIDING_STYLED_ITEM('overriding color',(#11131),#5402,
  #11102);
#11131 = PRESENTATION_STYLE_ASSIGNMENT((#11132));
#11132 = SURFACE_STYLE_USAGE(.BOTH.,#11133);
#11133 = SURFACE_SIDE_STYLE('',(#11134));
#11134 = SURFACE_STYLE_FILL_AREA(#11135);
#11135 = FILL_AREA_STYLE('',(#11136));
#11136 = FILL_AREA_STYLE_COLOUR('',#10590);
#11137 = OVER_RIDING_STYLED_ITEM('overriding color',(#11138),#5430,
  #11102);
#11138 = PRESENTATION_STYLE_ASSIGNMENT((#11139));
#11139 = SURFACE_STYLE_USAGE(.BOTH.,#11140);
#11140 = SURFACE_SIDE_STYLE('',(#11141));
#11141 = SURFACE_STYLE_FILL_AREA(#11142);
#11142 = FILL_AREA_STYLE('',(#11143));
#11143 = FILL_AREA_STYLE_COLOUR('',#10590);
#11144 = OVER_RIDING_STYLED_ITEM('overriding color',(#11145),#5458,
  #11102);
#11145 = PRESENTATION_STYLE_ASSIGNMENT((#11146));
#11146 = SURFACE_STYLE_USAGE(.BOTH.,#11147);
#11147 = SURFACE_SIDE_STYLE('',(#11148));
#11148 = SURFACE_STYLE_FILL_AREA(#11149);
#11149 = FILL_AREA_STYLE('',(#11150));
#11150 = FILL_AREA_STYLE_COLOUR('',#10590);
#11151 = OVER_RIDING_STYLED_ITEM('overriding color',(#11152),#5486,
  #11102);
#11152 = PRESENTATION_STYLE_ASSIGNMENT((#11153));
#11153 = SURFACE_STYLE_USAGE(.BOTH.,#11154);
#11154 = SURFACE_SIDE_STYLE('',(#11155));
#11155 = SURFACE_STYLE_FILL_AREA(#11156);
#11156 = FILL_AREA_STYLE('',(#11157));
#11157 = FILL_AREA_STYLE_COLOUR('',#10590);
#11158 = OVER_RIDING_STYLED_ITEM('overriding color',(#11159),#5514,
  #11102);
#11159 = PRESENTATION_STYLE_ASSIGNMENT((#11160));
#11160 = SURFACE_STYLE_USAGE(.BOTH.,#11161);
#11161 = SURFACE_SIDE_STYLE('',(#11162));
#11162 = SURFACE_STYLE_FILL_AREA(#11163);
#11163 = FILL_AREA_STYLE('',(#11164));
#11164 = FILL_AREA_STYLE_COLOUR('',#10590);
#11165 = OVER_RIDING_STYLED_ITEM('overriding color',(#11166),#5542,
  #11102);
#11166 = PRESENTATION_STYLE_ASSIGNMENT((#11167));
#11167 = SURFACE_STYLE_USAGE(.BOTH.,#11168);
#11168 = SURFACE_SIDE_STYLE('',(#11169));
#11169 = SURFACE_STYLE_FILL_AREA(#11170);
#11170 = FILL_AREA_STYLE('',(#11171));
#11171 = FILL_AREA_STYLE_COLOUR('',#10590);
#11172 = OVER_RIDING_STYLED_ITEM('overriding color',(#11173),#5570,
  #11102);
#11173 = PRESENTATION_STYLE_ASSIGNMENT((#11174));
#11174 = SURFACE_STYLE_USAGE(.BOTH.,#11175);
#11175 = SURFACE_SIDE_STYLE('',(#11176));
#11176 = SURFACE_STYLE_FILL_AREA(#11177);
#11177 = FILL_AREA_STYLE('',(#11178));
#11178 = FILL_AREA_STYLE_COLOUR('',#10590);
#11179 = OVER_RIDING_STYLED_ITEM('overriding color',(#11180),#5598,
  #11102);
#11180 = PRESENTATION_STYLE_ASSIGNMENT((#11181));
#11181 = SURFACE_STYLE_USAGE(.BOTH.,#11182);
#11182 = SURFACE_SIDE_STYLE('',(#11183));
#11183 = SURFACE_STYLE_FILL_AREA(#11184);
#11184 = FILL_AREA_STYLE('',(#11185));
#11185 = FILL_AREA_STYLE_COLOUR('',#10590);
#11186 = OVER_RIDING_STYLED_ITEM('overriding color',(#11187),#5626,
  #11102);
#11187 = PRESENTATION_STYLE_ASSIGNMENT((#11188));
#11188 = SURFACE_STYLE_USAGE(.BOTH.,#11189);
#11189 = SURFACE_SIDE_STYLE('',(#11190));
#11190 = SURFACE_STYLE_FILL_AREA(#11191);
#11191 = FILL_AREA_STYLE('',(#11192));
#11192 = FILL_AREA_STYLE_COLOUR('',#10590);
#11193 = OVER_RIDING_STYLED_ITEM('overriding color',(#11194),#5646,
  #11102);
#11194 = PRESENTATION_STYLE_ASSIGNMENT((#11195));
#11195 = SURFACE_STYLE_USAGE(.BOTH.,#11196);
#11196 = SURFACE_SIDE_STYLE('',(#11197));
#11197 = SURFACE_STYLE_FILL_AREA(#11198);
#11198 = FILL_AREA_STYLE('',(#11199));
#11199 = FILL_AREA_STYLE_COLOUR('',#10590);
#11200 = OVER_RIDING_STYLED_ITEM('overriding color',(#11201),#5666,
  #11102);
#11201 = PRESENTATION_STYLE_ASSIGNMENT((#11202));
#11202 = SURFACE_STYLE_USAGE(.BOTH.,#11203);
#11203 = SURFACE_SIDE_STYLE('',(#11204));
#11204 = SURFACE_STYLE_FILL_AREA(#11205);
#11205 = FILL_AREA_STYLE('',(#11206));
#11206 = FILL_AREA_STYLE_COLOUR('',#10590);
#11207 = STYLED_ITEM('color',(#11208),#5686);
#11208 = PRESENTATION_STYLE_ASSIGNMENT((#11209));
#11209 = SURFACE_STYLE_USAGE(.BOTH.,#11210);
#11210 = SURFACE_SIDE_STYLE('',(#11211));
#11211 = SURFACE_STYLE_FILL_AREA(#11212);
#11212 = FILL_AREA_STYLE('',(#11213));
#11213 = FILL_AREA_STYLE_COLOUR('',#10468);
#11214 = OVER_RIDING_STYLED_ITEM('overriding color',(#11215),#5688,
  #11207);
#11215 = PRESENTATION_STYLE_ASSIGNMENT((#11216));
#11216 = SURFACE_STYLE_USAGE(.BOTH.,#11217);
#11217 = SURFACE_SIDE_STYLE('',(#11218));
#11218 = SURFACE_STYLE_FILL_AREA(#11219);
#11219 = FILL_AREA_STYLE('',(#11220));
#11220 = FILL_AREA_STYLE_COLOUR('',#10590);
#11221 = OVER_RIDING_STYLED_ITEM('overriding color',(#11222),#5880,
  #11207);
#11222 = PRESENTATION_STYLE_ASSIGNMENT((#11223));
#11223 = SURFACE_STYLE_USAGE(.BOTH.,#11224);
#11224 = SURFACE_SIDE_STYLE('',(#11225));
#11225 = SURFACE_STYLE_FILL_AREA(#11226);
#11226 = FILL_AREA_STYLE('',(#11227));
#11227 = FILL_AREA_STYLE_COLOUR('',#10590);
#11228 = OVER_RIDING_STYLED_ITEM('overriding color',(#11229),#6072,
  #11207);
#11229 = PRESENTATION_STYLE_ASSIGNMENT((#11230));
#11230 = SURFACE_STYLE_USAGE(.BOTH.,#11231);
#11231 = SURFACE_SIDE_STYLE('',(#11232));
#11232 = SURFACE_STYLE_FILL_AREA(#11233);
#11233 = FILL_AREA_STYLE('',(#11234));
#11234 = FILL_AREA_STYLE_COLOUR('',#10590);
#11235 = OVER_RIDING_STYLED_ITEM('overriding color',(#11236),#6096,
  #11207);
#11236 = PRESENTATION_STYLE_ASSIGNMENT((#11237));
#11237 = SURFACE_STYLE_USAGE(.BOTH.,#11238);
#11238 = SURFACE_SIDE_STYLE('',(#11239));
#11239 = SURFACE_STYLE_FILL_AREA(#11240);
#11240 = FILL_AREA_STYLE('',(#11241));
#11241 = FILL_AREA_STYLE_COLOUR('',#10590);
#11242 = OVER_RIDING_STYLED_ITEM('overriding color',(#11243),#6112,
  #11207);
#11243 = PRESENTATION_STYLE_ASSIGNMENT((#11244));
#11244 = SURFACE_STYLE_USAGE(.BOTH.,#11245);
#11245 = SURFACE_SIDE_STYLE('',(#11246));
#11246 = SURFACE_STYLE_FILL_AREA(#11247);
#11247 = FILL_AREA_STYLE('',(#11248));
#11248 = FILL_AREA_STYLE_COLOUR('',#10590);
#11249 = OVER_RIDING_STYLED_ITEM('overriding color',(#11250),#6132,
  #11207);
#11250 = PRESENTATION_STYLE_ASSIGNMENT((#11251));
#11251 = SURFACE_STYLE_USAGE(.BOTH.,#11252);
#11252 = SURFACE_SIDE_STYLE('',(#11253));
#11253 = SURFACE_STYLE_FILL_AREA(#11254);
#11254 = FILL_AREA_STYLE('',(#11255));
#11255 = FILL_AREA_STYLE_COLOUR('',#10590);
#11256 = OVER_RIDING_STYLED_ITEM('overriding color',(#11257),#6152,
  #11207);
#11257 = PRESENTATION_STYLE_ASSIGNMENT((#11258));
#11258 = SURFACE_STYLE_USAGE(.BOTH.,#11259);
#11259 = SURFACE_SIDE_STYLE('',(#11260));
#11260 = SURFACE_STYLE_FILL_AREA(#11261);
#11261 = FILL_AREA_STYLE('',(#11262));
#11262 = FILL_AREA_STYLE_COLOUR('',#10590);
#11263 = OVER_RIDING_STYLED_ITEM('overriding color',(#11264),#6168,
  #11207);
#11264 = PRESENTATION_STYLE_ASSIGNMENT((#11265));
#11265 = SURFACE_STYLE_USAGE(.BOTH.,#11266);
#11266 = SURFACE_SIDE_STYLE('',(#11267));
#11267 = SURFACE_STYLE_FILL_AREA(#11268);
#11268 = FILL_AREA_STYLE('',(#11269));
#11269 = FILL_AREA_STYLE_COLOUR('',#10590);
#11270 = OVER_RIDING_STYLED_ITEM('overriding color',(#11271),#6188,
  #11207);
#11271 = PRESENTATION_STYLE_ASSIGNMENT((#11272));
#11272 = SURFACE_STYLE_USAGE(.BOTH.,#11273);
#11273 = SURFACE_SIDE_STYLE('',(#11274));
#11274 = SURFACE_STYLE_FILL_AREA(#11275);
#11275 = FILL_AREA_STYLE('',(#11276));
#11276 = FILL_AREA_STYLE_COLOUR('',#10590);
#11277 = OVER_RIDING_STYLED_ITEM('overriding color',(#11278),#6208,
  #11207);
#11278 = PRESENTATION_STYLE_ASSIGNMENT((#11279));
#11279 = SURFACE_STYLE_USAGE(.BOTH.,#11280);
#11280 = SURFACE_SIDE_STYLE('',(#11281));
#11281 = SURFACE_STYLE_FILL_AREA(#11282);
#11282 = FILL_AREA_STYLE('',(#11283));
#11283 = FILL_AREA_STYLE_COLOUR('',#10590);
#11284 = OVER_RIDING_STYLED_ITEM('overriding color',(#11285),#6228,
  #11207);
#11285 = PRESENTATION_STYLE_ASSIGNMENT((#11286));
#11286 = SURFACE_STYLE_USAGE(.BOTH.,#11287);
#11287 = SURFACE_SIDE_STYLE('',(#11288));
#11288 = SURFACE_STYLE_FILL_AREA(#11289);
#11289 = FILL_AREA_STYLE('',(#11290));
#11290 = FILL_AREA_STYLE_COLOUR('',#10590);
#11291 = OVER_RIDING_STYLED_ITEM('overriding color',(#11292),#6248,
  #11207);
#11292 = PRESENTATION_STYLE_ASSIGNMENT((#11293));
#11293 = SURFACE_STYLE_USAGE(.BOTH.,#11294);
#11294 = SURFACE_SIDE_STYLE('',(#11295));
#11295 = SURFACE_STYLE_FILL_AREA(#11296);
#11296 = FILL_AREA_STYLE('',(#11297));
#11297 = FILL_AREA_STYLE_COLOUR('',#10590);
#11298 = OVER_RIDING_STYLED_ITEM('overriding color',(#11299),#6264,
  #11207);
#11299 = PRESENTATION_STYLE_ASSIGNMENT((#11300));
#11300 = SURFACE_STYLE_USAGE(.BOTH.,#11301);
#11301 = SURFACE_SIDE_STYLE('',(#11302));
#11302 = SURFACE_STYLE_FILL_AREA(#11303);
#11303 = FILL_AREA_STYLE('',(#11304));
#11304 = FILL_AREA_STYLE_COLOUR('',#10590);
#11305 = OVER_RIDING_STYLED_ITEM('overriding color',(#11306),#6280,
  #11207);
#11306 = PRESENTATION_STYLE_ASSIGNMENT((#11307));
#11307 = SURFACE_STYLE_USAGE(.BOTH.,#11308);
#11308 = SURFACE_SIDE_STYLE('',(#11309));
#11309 = SURFACE_STYLE_FILL_AREA(#11310);
#11310 = FILL_AREA_STYLE('',(#11311));
#11311 = FILL_AREA_STYLE_COLOUR('',#10590);
#11312 = OVER_RIDING_STYLED_ITEM('overriding color',(#11313),#6296,
  #11207);
#11313 = PRESENTATION_STYLE_ASSIGNMENT((#11314));
#11314 = SURFACE_STYLE_USAGE(.BOTH.,#11315);
#11315 = SURFACE_SIDE_STYLE('',(#11316));
#11316 = SURFACE_STYLE_FILL_AREA(#11317);
#11317 = FILL_AREA_STYLE('',(#11318));
#11318 = FILL_AREA_STYLE_COLOUR('',#10590);
#11319 = OVER_RIDING_STYLED_ITEM('overriding color',(#11320),#6312,
  #11207);
#11320 = PRESENTATION_STYLE_ASSIGNMENT((#11321));
#11321 = SURFACE_STYLE_USAGE(.BOTH.,#11322);
#11322 = SURFACE_SIDE_STYLE('',(#11323));
#11323 = SURFACE_STYLE_FILL_AREA(#11324);
#11324 = FILL_AREA_STYLE('',(#11325));
#11325 = FILL_AREA_STYLE_COLOUR('',#10590);
#11326 = OVER_RIDING_STYLED_ITEM('overriding color',(#11327),#6328,
  #11207);
#11327 = PRESENTATION_STYLE_ASSIGNMENT((#11328));
#11328 = SURFACE_STYLE_USAGE(.BOTH.,#11329);
#11329 = SURFACE_SIDE_STYLE('',(#11330));
#11330 = SURFACE_STYLE_FILL_AREA(#11331);
#11331 = FILL_AREA_STYLE('',(#11332));
#11332 = FILL_AREA_STYLE_COLOUR('',#10590);
#11333 = OVER_RIDING_STYLED_ITEM('overriding color',(#11334),#6352,
  #11207);
#11334 = PRESENTATION_STYLE_ASSIGNMENT((#11335));
#11335 = SURFACE_STYLE_USAGE(.BOTH.,#11336);
#11336 = SURFACE_SIDE_STYLE('',(#11337));
#11337 = SURFACE_STYLE_FILL_AREA(#11338);
#11338 = FILL_AREA_STYLE('',(#11339));
#11339 = FILL_AREA_STYLE_COLOUR('',#10590);
#11340 = OVER_RIDING_STYLED_ITEM('overriding color',(#11341),#6372,
  #11207);
#11341 = PRESENTATION_STYLE_ASSIGNMENT((#11342));
#11342 = SURFACE_STYLE_USAGE(.BOTH.,#11343);
#11343 = SURFACE_SIDE_STYLE('',(#11344));
#11344 = SURFACE_STYLE_FILL_AREA(#11345);
#11345 = FILL_AREA_STYLE('',(#11346));
#11346 = FILL_AREA_STYLE_COLOUR('',#10590);
#11347 = OVER_RIDING_STYLED_ITEM('overriding color',(#11348),#6392,
  #11207);
#11348 = PRESENTATION_STYLE_ASSIGNMENT((#11349));
#11349 = SURFACE_STYLE_USAGE(.BOTH.,#11350);
#11350 = SURFACE_SIDE_STYLE('',(#11351));
#11351 = SURFACE_STYLE_FILL_AREA(#11352);
#11352 = FILL_AREA_STYLE('',(#11353));
#11353 = FILL_AREA_STYLE_COLOUR('',#10590);
#11354 = OVER_RIDING_STYLED_ITEM('overriding color',(#11355),#6412,
  #11207);
#11355 = PRESENTATION_STYLE_ASSIGNMENT((#11356));
#11356 = SURFACE_STYLE_USAGE(.BOTH.,#11357);
#11357 = SURFACE_SIDE_STYLE('',(#11358));
#11358 = SURFACE_STYLE_FILL_AREA(#11359);
#11359 = FILL_AREA_STYLE('',(#11360));
#11360 = FILL_AREA_STYLE_COLOUR('',#10590);
#11361 = OVER_RIDING_STYLED_ITEM('overriding color',(#11362),#6432,
  #11207);
#11362 = PRESENTATION_STYLE_ASSIGNMENT((#11363));
#11363 = SURFACE_STYLE_USAGE(.BOTH.,#11364);
#11364 = SURFACE_SIDE_STYLE('',(#11365));
#11365 = SURFACE_STYLE_FILL_AREA(#11366);
#11366 = FILL_AREA_STYLE('',(#11367));
#11367 = FILL_AREA_STYLE_COLOUR('',#10590);
#11368 = OVER_RIDING_STYLED_ITEM('overriding color',(#11369),#6452,
  #11207);
#11369 = PRESENTATION_STYLE_ASSIGNMENT((#11370));
#11370 = SURFACE_STYLE_USAGE(.BOTH.,#11371);
#11371 = SURFACE_SIDE_STYLE('',(#11372));
#11372 = SURFACE_STYLE_FILL_AREA(#11373);
#11373 = FILL_AREA_STYLE('',(#11374));
#11374 = FILL_AREA_STYLE_COLOUR('',#10590);
#11375 = OVER_RIDING_STYLED_ITEM('overriding color',(#11376),#6468,
  #11207);
#11376 = PRESENTATION_STYLE_ASSIGNMENT((#11377));
#11377 = SURFACE_STYLE_USAGE(.BOTH.,#11378);
#11378 = SURFACE_SIDE_STYLE('',(#11379));
#11379 = SURFACE_STYLE_FILL_AREA(#11380);
#11380 = FILL_AREA_STYLE('',(#11381));
#11381 = FILL_AREA_STYLE_COLOUR('',#10590);
#11382 = STYLED_ITEM('color',(#11383),#6480);
#11383 = PRESENTATION_STYLE_ASSIGNMENT((#11384));
#11384 = SURFACE_STYLE_USAGE(.BOTH.,#11385);
#11385 = SURFACE_SIDE_STYLE('',(#11386));
#11386 = SURFACE_STYLE_FILL_AREA(#11387);
#11387 = FILL_AREA_STYLE('',(#11388));
#11388 = FILL_AREA_STYLE_COLOUR('',#10468);
#11389 = OVER_RIDING_STYLED_ITEM('overriding color',(#11390),#6482,
  #11382);
#11390 = PRESENTATION_STYLE_ASSIGNMENT((#11391));
#11391 = SURFACE_STYLE_USAGE(.BOTH.,#11392);
#11392 = SURFACE_SIDE_STYLE('',(#11393));
#11393 = SURFACE_STYLE_FILL_AREA(#11394);
#11394 = FILL_AREA_STYLE('',(#11395));
#11395 = FILL_AREA_STYLE_COLOUR('',#10590);
#11396 = OVER_RIDING_STYLED_ITEM('overriding color',(#11397),#6526,
  #11382);
#11397 = PRESENTATION_STYLE_ASSIGNMENT((#11398));
#11398 = SURFACE_STYLE_USAGE(.BOTH.,#11399);
#11399 = SURFACE_SIDE_STYLE('',(#11400));
#11400 = SURFACE_STYLE_FILL_AREA(#11401);
#11401 = FILL_AREA_STYLE('',(#11402));
#11402 = FILL_AREA_STYLE_COLOUR('',#10590);
#11403 = OVER_RIDING_STYLED_ITEM('overriding color',(#11404),#6554,
  #11382);
#11404 = PRESENTATION_STYLE_ASSIGNMENT((#11405));
#11405 = SURFACE_STYLE_USAGE(.BOTH.,#11406);
#11406 = SURFACE_SIDE_STYLE('',(#11407));
#11407 = SURFACE_STYLE_FILL_AREA(#11408);
#11408 = FILL_AREA_STYLE('',(#11409));
#11409 = FILL_AREA_STYLE_COLOUR('',#10590);
#11410 = OVER_RIDING_STYLED_ITEM('overriding color',(#11411),#6590,
  #11382);
#11411 = PRESENTATION_STYLE_ASSIGNMENT((#11412));
#11412 = SURFACE_STYLE_USAGE(.BOTH.,#11413);
#11413 = SURFACE_SIDE_STYLE('',(#11414));
#11414 = SURFACE_STYLE_FILL_AREA(#11415);
#11415 = FILL_AREA_STYLE('',(#11416));
#11416 = FILL_AREA_STYLE_COLOUR('',#10590);
#11417 = OVER_RIDING_STYLED_ITEM('overriding color',(#11418),#6626,
  #11382);
#11418 = PRESENTATION_STYLE_ASSIGNMENT((#11419));
#11419 = SURFACE_STYLE_USAGE(.BOTH.,#11420);
#11420 = SURFACE_SIDE_STYLE('',(#11421));
#11421 = SURFACE_STYLE_FILL_AREA(#11422);
#11422 = FILL_AREA_STYLE('',(#11423));
#11423 = FILL_AREA_STYLE_COLOUR('',#10590);
#11424 = OVER_RIDING_STYLED_ITEM('overriding color',(#11425),#6662,
  #11382);
#11425 = PRESENTATION_STYLE_ASSIGNMENT((#11426));
#11426 = SURFACE_STYLE_USAGE(.BOTH.,#11427);
#11427 = SURFACE_SIDE_STYLE('',(#11428));
#11428 = SURFACE_STYLE_FILL_AREA(#11429);
#11429 = FILL_AREA_STYLE('',(#11430));
#11430 = FILL_AREA_STYLE_COLOUR('',#10590);
#11431 = OVER_RIDING_STYLED_ITEM('overriding color',(#11432),#6698,
  #11382);
#11432 = PRESENTATION_STYLE_ASSIGNMENT((#11433));
#11433 = SURFACE_STYLE_USAGE(.BOTH.,#11434);
#11434 = SURFACE_SIDE_STYLE('',(#11435));
#11435 = SURFACE_STYLE_FILL_AREA(#11436);
#11436 = FILL_AREA_STYLE('',(#11437));
#11437 = FILL_AREA_STYLE_COLOUR('',#10590);
#11438 = OVER_RIDING_STYLED_ITEM('overriding color',(#11439),#6734,
  #11382);
#11439 = PRESENTATION_STYLE_ASSIGNMENT((#11440));
#11440 = SURFACE_STYLE_USAGE(.BOTH.,#11441);
#11441 = SURFACE_SIDE_STYLE('',(#11442));
#11442 = SURFACE_STYLE_FILL_AREA(#11443);
#11443 = FILL_AREA_STYLE('',(#11444));
#11444 = FILL_AREA_STYLE_COLOUR('',#10590);
#11445 = OVER_RIDING_STYLED_ITEM('overriding color',(#11446),#6770,
  #11382);
#11446 = PRESENTATION_STYLE_ASSIGNMENT((#11447));
#11447 = SURFACE_STYLE_USAGE(.BOTH.,#11448);
#11448 = SURFACE_SIDE_STYLE('',(#11449));
#11449 = SURFACE_STYLE_FILL_AREA(#11450);
#11450 = FILL_AREA_STYLE('',(#11451));
#11451 = FILL_AREA_STYLE_COLOUR('',#10590);
#11452 = OVER_RIDING_STYLED_ITEM('overriding color',(#11453),#6806,
  #11382);
#11453 = PRESENTATION_STYLE_ASSIGNMENT((#11454));
#11454 = SURFACE_STYLE_USAGE(.BOTH.,#11455);
#11455 = SURFACE_SIDE_STYLE('',(#11456));
#11456 = SURFACE_STYLE_FILL_AREA(#11457);
#11457 = FILL_AREA_STYLE('',(#11458));
#11458 = FILL_AREA_STYLE_COLOUR('',#10590);
#11459 = OVER_RIDING_STYLED_ITEM('overriding color',(#11460),#6842,
  #11382);
#11460 = PRESENTATION_STYLE_ASSIGNMENT((#11461));
#11461 = SURFACE_STYLE_USAGE(.BOTH.,#11462);
#11462 = SURFACE_SIDE_STYLE('',(#11463));
#11463 = SURFACE_STYLE_FILL_AREA(#11464);
#11464 = FILL_AREA_STYLE('',(#11465));
#11465 = FILL_AREA_STYLE_COLOUR('',#10590);
#11466 = OVER_RIDING_STYLED_ITEM('overriding color',(#11467),#6878,
  #11382);
#11467 = PRESENTATION_STYLE_ASSIGNMENT((#11468));
#11468 = SURFACE_STYLE_USAGE(.BOTH.,#11469);
#11469 = SURFACE_SIDE_STYLE('',(#11470));
#11470 = SURFACE_STYLE_FILL_AREA(#11471);
#11471 = FILL_AREA_STYLE('',(#11472));
#11472 = FILL_AREA_STYLE_COLOUR('',#10590);
#11473 = OVER_RIDING_STYLED_ITEM('overriding color',(#11474),#6914,
  #11382);
#11474 = PRESENTATION_STYLE_ASSIGNMENT((#11475));
#11475 = SURFACE_STYLE_USAGE(.BOTH.,#11476);
#11476 = SURFACE_SIDE_STYLE('',(#11477));
#11477 = SURFACE_STYLE_FILL_AREA(#11478);
#11478 = FILL_AREA_STYLE('',(#11479));
#11479 = FILL_AREA_STYLE_COLOUR('',#10590);
#11480 = OVER_RIDING_STYLED_ITEM('overriding color',(#11481),#6942,
  #11382);
#11481 = PRESENTATION_STYLE_ASSIGNMENT((#11482));
#11482 = SURFACE_STYLE_USAGE(.BOTH.,#11483);
#11483 = SURFACE_SIDE_STYLE('',(#11484));
#11484 = SURFACE_STYLE_FILL_AREA(#11485);
#11485 = FILL_AREA_STYLE('',(#11486));
#11486 = FILL_AREA_STYLE_COLOUR('',#10590);
#11487 = OVER_RIDING_STYLED_ITEM('overriding color',(#11488),#6978,
  #11382);
#11488 = PRESENTATION_STYLE_ASSIGNMENT((#11489));
#11489 = SURFACE_STYLE_USAGE(.BOTH.,#11490);
#11490 = SURFACE_SIDE_STYLE('',(#11491));
#11491 = SURFACE_STYLE_FILL_AREA(#11492);
#11492 = FILL_AREA_STYLE('',(#11493));
#11493 = FILL_AREA_STYLE_COLOUR('',#10590);
#11494 = OVER_RIDING_STYLED_ITEM('overriding color',(#11495),#7014,
  #11382);
#11495 = PRESENTATION_STYLE_ASSIGNMENT((#11496));
#11496 = SURFACE_STYLE_USAGE(.BOTH.,#11497);
#11497 = SURFACE_SIDE_STYLE('',(#11498));
#11498 = SURFACE_STYLE_FILL_AREA(#11499);
#11499 = FILL_AREA_STYLE('',(#11500));
#11500 = FILL_AREA_STYLE_COLOUR('',#10590);
#11501 = OVER_RIDING_STYLED_ITEM('overriding color',(#11502),#7050,
  #11382);
#11502 = PRESENTATION_STYLE_ASSIGNMENT((#11503));
#11503 = SURFACE_STYLE_USAGE(.BOTH.,#11504);
#11504 = SURFACE_SIDE_STYLE('',(#11505));
#11505 = SURFACE_STYLE_FILL_AREA(#11506);
#11506 = FILL_AREA_STYLE('',(#11507));
#11507 = FILL_AREA_STYLE_COLOUR('',#10590);
#11508 = OVER_RIDING_STYLED_ITEM('overriding color',(#11509),#7086,
  #11382);
#11509 = PRESENTATION_STYLE_ASSIGNMENT((#11510));
#11510 = SURFACE_STYLE_USAGE(.BOTH.,#11511);
#11511 = SURFACE_SIDE_STYLE('',(#11512));
#11512 = SURFACE_STYLE_FILL_AREA(#11513);
#11513 = FILL_AREA_STYLE('',(#11514));
#11514 = FILL_AREA_STYLE_COLOUR('',#10590);
#11515 = OVER_RIDING_STYLED_ITEM('overriding color',(#11516),#7122,
  #11382);
#11516 = PRESENTATION_STYLE_ASSIGNMENT((#11517));
#11517 = SURFACE_STYLE_USAGE(.BOTH.,#11518);
#11518 = SURFACE_SIDE_STYLE('',(#11519));
#11519 = SURFACE_STYLE_FILL_AREA(#11520);
#11520 = FILL_AREA_STYLE('',(#11521));
#11521 = FILL_AREA_STYLE_COLOUR('',#10590);
#11522 = OVER_RIDING_STYLED_ITEM('overriding color',(#11523),#7158,
  #11382);
#11523 = PRESENTATION_STYLE_ASSIGNMENT((#11524));
#11524 = SURFACE_STYLE_USAGE(.BOTH.,#11525);
#11525 = SURFACE_SIDE_STYLE('',(#11526));
#11526 = SURFACE_STYLE_FILL_AREA(#11527);
#11527 = FILL_AREA_STYLE('',(#11528));
#11528 = FILL_AREA_STYLE_COLOUR('',#10590);
#11529 = OVER_RIDING_STYLED_ITEM('overriding color',(#11530),#7194,
  #11382);
#11530 = PRESENTATION_STYLE_ASSIGNMENT((#11531));
#11531 = SURFACE_STYLE_USAGE(.BOTH.,#11532);
#11532 = SURFACE_SIDE_STYLE('',(#11533));
#11533 = SURFACE_STYLE_FILL_AREA(#11534);
#11534 = FILL_AREA_STYLE('',(#11535));
#11535 = FILL_AREA_STYLE_COLOUR('',#10590);
#11536 = OVER_RIDING_STYLED_ITEM('overriding color',(#11537),#7222,
  #11382);
#11537 = PRESENTATION_STYLE_ASSIGNMENT((#11538));
#11538 = SURFACE_STYLE_USAGE(.BOTH.,#11539);
#11539 = SURFACE_SIDE_STYLE('',(#11540));
#11540 = SURFACE_STYLE_FILL_AREA(#11541);
#11541 = FILL_AREA_STYLE('',(#11542));
#11542 = FILL_AREA_STYLE_COLOUR('',#10590);
#11543 = OVER_RIDING_STYLED_ITEM('overriding color',(#11544),#7251,
  #11382);
#11544 = PRESENTATION_STYLE_ASSIGNMENT((#11545));
#11545 = SURFACE_STYLE_USAGE(.BOTH.,#11546);
#11546 = SURFACE_SIDE_STYLE('',(#11547));
#11547 = SURFACE_STYLE_FILL_AREA(#11548);
#11548 = FILL_AREA_STYLE('',(#11549));
#11549 = FILL_AREA_STYLE_COLOUR('',#10590);
#11550 = STYLED_ITEM('color',(#11551),#7280);
#11551 = PRESENTATION_STYLE_ASSIGNMENT((#11552));
#11552 = SURFACE_STYLE_USAGE(.BOTH.,#11553);
#11553 = SURFACE_SIDE_STYLE('',(#11554));
#11554 = SURFACE_STYLE_FILL_AREA(#11555);
#11555 = FILL_AREA_STYLE('',(#11556));
#11556 = FILL_AREA_STYLE_COLOUR('',#10468);
#11557 = OVER_RIDING_STYLED_ITEM('overriding color',(#11558),#7282,
  #11550);
#11558 = PRESENTATION_STYLE_ASSIGNMENT((#11559));
#11559 = SURFACE_STYLE_USAGE(.BOTH.,#11560);
#11560 = SURFACE_SIDE_STYLE('',(#11561));
#11561 = SURFACE_STYLE_FILL_AREA(#11562);
#11562 = FILL_AREA_STYLE('',(#11563));
#11563 = FILL_AREA_STYLE_COLOUR('',#10590);
#11564 = OVER_RIDING_STYLED_ITEM('overriding color',(#11565),#7318,
  #11550);
#11565 = PRESENTATION_STYLE_ASSIGNMENT((#11566));
#11566 = SURFACE_STYLE_USAGE(.BOTH.,#11567);
#11567 = SURFACE_SIDE_STYLE('',(#11568));
#11568 = SURFACE_STYLE_FILL_AREA(#11569);
#11569 = FILL_AREA_STYLE('',(#11570));
#11570 = FILL_AREA_STYLE_COLOUR('',#10590);
#11571 = OVER_RIDING_STYLED_ITEM('overriding color',(#11572),#7346,
  #11550);
#11572 = PRESENTATION_STYLE_ASSIGNMENT((#11573));
#11573 = SURFACE_STYLE_USAGE(.BOTH.,#11574);
#11574 = SURFACE_SIDE_STYLE('',(#11575));
#11575 = SURFACE_STYLE_FILL_AREA(#11576);
#11576 = FILL_AREA_STYLE('',(#11577));
#11577 = FILL_AREA_STYLE_COLOUR('',#10590);
#11578 = OVER_RIDING_STYLED_ITEM('overriding color',(#11579),#7382,
  #11550);
#11579 = PRESENTATION_STYLE_ASSIGNMENT((#11580));
#11580 = SURFACE_STYLE_USAGE(.BOTH.,#11581);
#11581 = SURFACE_SIDE_STYLE('',(#11582));
#11582 = SURFACE_STYLE_FILL_AREA(#11583);
#11583 = FILL_AREA_STYLE('',(#11584));
#11584 = FILL_AREA_STYLE_COLOUR('',#10590);
#11585 = OVER_RIDING_STYLED_ITEM('overriding color',(#11586),#7410,
  #11550);
#11586 = PRESENTATION_STYLE_ASSIGNMENT((#11587));
#11587 = SURFACE_STYLE_USAGE(.BOTH.,#11588);
#11588 = SURFACE_SIDE_STYLE('',(#11589));
#11589 = SURFACE_STYLE_FILL_AREA(#11590);
#11590 = FILL_AREA_STYLE('',(#11591));
#11591 = FILL_AREA_STYLE_COLOUR('',#10590);
#11592 = OVER_RIDING_STYLED_ITEM('overriding color',(#11593),#7438,
  #11550);
#11593 = PRESENTATION_STYLE_ASSIGNMENT((#11594));
#11594 = SURFACE_STYLE_USAGE(.BOTH.,#11595);
#11595 = SURFACE_SIDE_STYLE('',(#11596));
#11596 = SURFACE_STYLE_FILL_AREA(#11597);
#11597 = FILL_AREA_STYLE('',(#11598));
#11598 = FILL_AREA_STYLE_COLOUR('',#10590);
#11599 = OVER_RIDING_STYLED_ITEM('overriding color',(#11600),#7466,
  #11550);
#11600 = PRESENTATION_STYLE_ASSIGNMENT((#11601));
#11601 = SURFACE_STYLE_USAGE(.BOTH.,#11602);
#11602 = SURFACE_SIDE_STYLE('',(#11603));
#11603 = SURFACE_STYLE_FILL_AREA(#11604);
#11604 = FILL_AREA_STYLE('',(#11605));
#11605 = FILL_AREA_STYLE_COLOUR('',#10590);
#11606 = OVER_RIDING_STYLED_ITEM('overriding color',(#11607),#7494,
  #11550);
#11607 = PRESENTATION_STYLE_ASSIGNMENT((#11608));
#11608 = SURFACE_STYLE_USAGE(.BOTH.,#11609);
#11609 = SURFACE_SIDE_STYLE('',(#11610));
#11610 = SURFACE_STYLE_FILL_AREA(#11611);
#11611 = FILL_AREA_STYLE('',(#11612));
#11612 = FILL_AREA_STYLE_COLOUR('',#10590);
#11613 = OVER_RIDING_STYLED_ITEM('overriding color',(#11614),#7522,
  #11550);
#11614 = PRESENTATION_STYLE_ASSIGNMENT((#11615));
#11615 = SURFACE_STYLE_USAGE(.BOTH.,#11616);
#11616 = SURFACE_SIDE_STYLE('',(#11617));
#11617 = SURFACE_STYLE_FILL_AREA(#11618);
#11618 = FILL_AREA_STYLE('',(#11619));
#11619 = FILL_AREA_STYLE_COLOUR('',#10590);
#11620 = OVER_RIDING_STYLED_ITEM('overriding color',(#11621),#7550,
  #11550);
#11621 = PRESENTATION_STYLE_ASSIGNMENT((#11622));
#11622 = SURFACE_STYLE_USAGE(.BOTH.,#11623);
#11623 = SURFACE_SIDE_STYLE('',(#11624));
#11624 = SURFACE_STYLE_FILL_AREA(#11625);
#11625 = FILL_AREA_STYLE('',(#11626));
#11626 = FILL_AREA_STYLE_COLOUR('',#10590);
#11627 = OVER_RIDING_STYLED_ITEM('overriding color',(#11628),#7586,
  #11550);
#11628 = PRESENTATION_STYLE_ASSIGNMENT((#11629));
#11629 = SURFACE_STYLE_USAGE(.BOTH.,#11630);
#11630 = SURFACE_SIDE_STYLE('',(#11631));
#11631 = SURFACE_STYLE_FILL_AREA(#11632);
#11632 = FILL_AREA_STYLE('',(#11633));
#11633 = FILL_AREA_STYLE_COLOUR('',#10590);
#11634 = OVER_RIDING_STYLED_ITEM('overriding color',(#11635),#7622,
  #11550);
#11635 = PRESENTATION_STYLE_ASSIGNMENT((#11636));
#11636 = SURFACE_STYLE_USAGE(.BOTH.,#11637);
#11637 = SURFACE_SIDE_STYLE('',(#11638));
#11638 = SURFACE_STYLE_FILL_AREA(#11639);
#11639 = FILL_AREA_STYLE('',(#11640));
#11640 = FILL_AREA_STYLE_COLOUR('',#10590);
#11641 = OVER_RIDING_STYLED_ITEM('overriding color',(#11642),#7650,
  #11550);
#11642 = PRESENTATION_STYLE_ASSIGNMENT((#11643));
#11643 = SURFACE_STYLE_USAGE(.BOTH.,#11644);
#11644 = SURFACE_SIDE_STYLE('',(#11645));
#11645 = SURFACE_STYLE_FILL_AREA(#11646);
#11646 = FILL_AREA_STYLE('',(#11647));
#11647 = FILL_AREA_STYLE_COLOUR('',#10590);
#11648 = OVER_RIDING_STYLED_ITEM('overriding color',(#11649),#7686,
  #11550);
#11649 = PRESENTATION_STYLE_ASSIGNMENT((#11650));
#11650 = SURFACE_STYLE_USAGE(.BOTH.,#11651);
#11651 = SURFACE_SIDE_STYLE('',(#11652));
#11652 = SURFACE_STYLE_FILL_AREA(#11653);
#11653 = FILL_AREA_STYLE('',(#11654));
#11654 = FILL_AREA_STYLE_COLOUR('',#10590);
#11655 = OVER_RIDING_STYLED_ITEM('overriding color',(#11656),#7722,
  #11550);
#11656 = PRESENTATION_STYLE_ASSIGNMENT((#11657));
#11657 = SURFACE_STYLE_USAGE(.BOTH.,#11658);
#11658 = SURFACE_SIDE_STYLE('',(#11659));
#11659 = SURFACE_STYLE_FILL_AREA(#11660);
#11660 = FILL_AREA_STYLE('',(#11661));
#11661 = FILL_AREA_STYLE_COLOUR('',#10590);
#11662 = OVER_RIDING_STYLED_ITEM('overriding color',(#11663),#7742,
  #11550);
#11663 = PRESENTATION_STYLE_ASSIGNMENT((#11664));
#11664 = SURFACE_STYLE_USAGE(.BOTH.,#11665);
#11665 = SURFACE_SIDE_STYLE('',(#11666));
#11666 = SURFACE_STYLE_FILL_AREA(#11667);
#11667 = FILL_AREA_STYLE('',(#11668));
#11668 = FILL_AREA_STYLE_COLOUR('',#10590);
#11669 = OVER_RIDING_STYLED_ITEM('overriding color',(#11670),#7765,
  #11550);
#11670 = PRESENTATION_STYLE_ASSIGNMENT((#11671));
#11671 = SURFACE_STYLE_USAGE(.BOTH.,#11672);
#11672 = SURFACE_SIDE_STYLE('',(#11673));
#11673 = SURFACE_STYLE_FILL_AREA(#11674);
#11674 = FILL_AREA_STYLE('',(#11675));
#11675 = FILL_AREA_STYLE_COLOUR('',#10590);
#11676 = STYLED_ITEM('color',(#11677),#7788);
#11677 = PRESENTATION_STYLE_ASSIGNMENT((#11678));
#11678 = SURFACE_STYLE_USAGE(.BOTH.,#11679);
#11679 = SURFACE_SIDE_STYLE('',(#11680));
#11680 = SURFACE_STYLE_FILL_AREA(#11681);
#11681 = FILL_AREA_STYLE('',(#11682));
#11682 = FILL_AREA_STYLE_COLOUR('',#10468);
#11683 = OVER_RIDING_STYLED_ITEM('overriding color',(#11684),#7790,
  #11676);
#11684 = PRESENTATION_STYLE_ASSIGNMENT((#11685));
#11685 = SURFACE_STYLE_USAGE(.BOTH.,#11686);
#11686 = SURFACE_SIDE_STYLE('',(#11687));
#11687 = SURFACE_STYLE_FILL_AREA(#11688);
#11688 = FILL_AREA_STYLE('',(#11689));
#11689 = FILL_AREA_STYLE_COLOUR('',#10590);
#11690 = OVER_RIDING_STYLED_ITEM('overriding color',(#11691),#7826,
  #11676);
#11691 = PRESENTATION_STYLE_ASSIGNMENT((#11692));
#11692 = SURFACE_STYLE_USAGE(.BOTH.,#11693);
#11693 = SURFACE_SIDE_STYLE('',(#11694));
#11694 = SURFACE_STYLE_FILL_AREA(#11695);
#11695 = FILL_AREA_STYLE('',(#11696));
#11696 = FILL_AREA_STYLE_COLOUR('',#10590);
#11697 = OVER_RIDING_STYLED_ITEM('overriding color',(#11698),#7854,
  #11676);
#11698 = PRESENTATION_STYLE_ASSIGNMENT((#11699));
#11699 = SURFACE_STYLE_USAGE(.BOTH.,#11700);
#11700 = SURFACE_SIDE_STYLE('',(#11701));
#11701 = SURFACE_STYLE_FILL_AREA(#11702);
#11702 = FILL_AREA_STYLE('',(#11703));
#11703 = FILL_AREA_STYLE_COLOUR('',#10590);
#11704 = OVER_RIDING_STYLED_ITEM('overriding color',(#11705),#7882,
  #11676);
#11705 = PRESENTATION_STYLE_ASSIGNMENT((#11706));
#11706 = SURFACE_STYLE_USAGE(.BOTH.,#11707);
#11707 = SURFACE_SIDE_STYLE('',(#11708));
#11708 = SURFACE_STYLE_FILL_AREA(#11709);
#11709 = FILL_AREA_STYLE('',(#11710));
#11710 = FILL_AREA_STYLE_COLOUR('',#10590);
#11711 = OVER_RIDING_STYLED_ITEM('overriding color',(#11712),#7910,
  #11676);
#11712 = PRESENTATION_STYLE_ASSIGNMENT((#11713));
#11713 = SURFACE_STYLE_USAGE(.BOTH.,#11714);
#11714 = SURFACE_SIDE_STYLE('',(#11715));
#11715 = SURFACE_STYLE_FILL_AREA(#11716);
#11716 = FILL_AREA_STYLE('',(#11717));
#11717 = FILL_AREA_STYLE_COLOUR('',#10590);
#11718 = OVER_RIDING_STYLED_ITEM('overriding color',(#11719),#7938,
  #11676);
#11719 = PRESENTATION_STYLE_ASSIGNMENT((#11720));
#11720 = SURFACE_STYLE_USAGE(.BOTH.,#11721);
#11721 = SURFACE_SIDE_STYLE('',(#11722));
#11722 = SURFACE_STYLE_FILL_AREA(#11723);
#11723 = FILL_AREA_STYLE('',(#11724));
#11724 = FILL_AREA_STYLE_COLOUR('',#10590);
#11725 = OVER_RIDING_STYLED_ITEM('overriding color',(#11726),#7966,
  #11676);
#11726 = PRESENTATION_STYLE_ASSIGNMENT((#11727));
#11727 = SURFACE_STYLE_USAGE(.BOTH.,#11728);
#11728 = SURFACE_SIDE_STYLE('',(#11729));
#11729 = SURFACE_STYLE_FILL_AREA(#11730);
#11730 = FILL_AREA_STYLE('',(#11731));
#11731 = FILL_AREA_STYLE_COLOUR('',#10590);
#11732 = OVER_RIDING_STYLED_ITEM('overriding color',(#11733),#7994,
  #11676);
#11733 = PRESENTATION_STYLE_ASSIGNMENT((#11734));
#11734 = SURFACE_STYLE_USAGE(.BOTH.,#11735);
#11735 = SURFACE_SIDE_STYLE('',(#11736));
#11736 = SURFACE_STYLE_FILL_AREA(#11737);
#11737 = FILL_AREA_STYLE('',(#11738));
#11738 = FILL_AREA_STYLE_COLOUR('',#10590);
#11739 = OVER_RIDING_STYLED_ITEM('overriding color',(#11740),#8022,
  #11676);
#11740 = PRESENTATION_STYLE_ASSIGNMENT((#11741));
#11741 = SURFACE_STYLE_USAGE(.BOTH.,#11742);
#11742 = SURFACE_SIDE_STYLE('',(#11743));
#11743 = SURFACE_STYLE_FILL_AREA(#11744);
#11744 = FILL_AREA_STYLE('',(#11745));
#11745 = FILL_AREA_STYLE_COLOUR('',#10590);
#11746 = OVER_RIDING_STYLED_ITEM('overriding color',(#11747),#8050,
  #11676);
#11747 = PRESENTATION_STYLE_ASSIGNMENT((#11748));
#11748 = SURFACE_STYLE_USAGE(.BOTH.,#11749);
#11749 = SURFACE_SIDE_STYLE('',(#11750));
#11750 = SURFACE_STYLE_FILL_AREA(#11751);
#11751 = FILL_AREA_STYLE('',(#11752));
#11752 = FILL_AREA_STYLE_COLOUR('',#10590);
#11753 = OVER_RIDING_STYLED_ITEM('overriding color',(#11754),#8078,
  #11676);
#11754 = PRESENTATION_STYLE_ASSIGNMENT((#11755));
#11755 = SURFACE_STYLE_USAGE(.BOTH.,#11756);
#11756 = SURFACE_SIDE_STYLE('',(#11757));
#11757 = SURFACE_STYLE_FILL_AREA(#11758);
#11758 = FILL_AREA_STYLE('',(#11759));
#11759 = FILL_AREA_STYLE_COLOUR('',#10590);
#11760 = OVER_RIDING_STYLED_ITEM('overriding color',(#11761),#8106,
  #11676);
#11761 = PRESENTATION_STYLE_ASSIGNMENT((#11762));
#11762 = SURFACE_STYLE_USAGE(.BOTH.,#11763);
#11763 = SURFACE_SIDE_STYLE('',(#11764));
#11764 = SURFACE_STYLE_FILL_AREA(#11765);
#11765 = FILL_AREA_STYLE('',(#11766));
#11766 = FILL_AREA_STYLE_COLOUR('',#10590);
#11767 = OVER_RIDING_STYLED_ITEM('overriding color',(#11768),#8126,
  #11676);
#11768 = PRESENTATION_STYLE_ASSIGNMENT((#11769));
#11769 = SURFACE_STYLE_USAGE(.BOTH.,#11770);
#11770 = SURFACE_SIDE_STYLE('',(#11771));
#11771 = SURFACE_STYLE_FILL_AREA(#11772);
#11772 = FILL_AREA_STYLE('',(#11773));
#11773 = FILL_AREA_STYLE_COLOUR('',#10590);
#11774 = OVER_RIDING_STYLED_ITEM('overriding color',(#11775),#8146,
  #11676);
#11775 = PRESENTATION_STYLE_ASSIGNMENT((#11776));
#11776 = SURFACE_STYLE_USAGE(.BOTH.,#11777);
#11777 = SURFACE_SIDE_STYLE('',(#11778));
#11778 = SURFACE_STYLE_FILL_AREA(#11779);
#11779 = FILL_AREA_STYLE('',(#11780));
#11780 = FILL_AREA_STYLE_COLOUR('',#10590);
#11781 = STYLED_ITEM('color',(#11782),#8166);
#11782 = PRESENTATION_STYLE_ASSIGNMENT((#11783));
#11783 = SURFACE_STYLE_USAGE(.BOTH.,#11784);
#11784 = SURFACE_SIDE_STYLE('',(#11785));
#11785 = SURFACE_STYLE_FILL_AREA(#11786);
#11786 = FILL_AREA_STYLE('',(#11787));
#11787 = FILL_AREA_STYLE_COLOUR('',#10468);
#11788 = OVER_RIDING_STYLED_ITEM('overriding color',(#11789),#8168,
  #11781);
#11789 = PRESENTATION_STYLE_ASSIGNMENT((#11790));
#11790 = SURFACE_STYLE_USAGE(.BOTH.,#11791);
#11791 = SURFACE_SIDE_STYLE('',(#11792));
#11792 = SURFACE_STYLE_FILL_AREA(#11793);
#11793 = FILL_AREA_STYLE('',(#11794));
#11794 = FILL_AREA_STYLE_COLOUR('',#10590);
#11795 = OVER_RIDING_STYLED_ITEM('overriding color',(#11796),#8292,
  #11781);
#11796 = PRESENTATION_STYLE_ASSIGNMENT((#11797));
#11797 = SURFACE_STYLE_USAGE(.BOTH.,#11798);
#11798 = SURFACE_SIDE_STYLE('',(#11799));
#11799 = SURFACE_STYLE_FILL_AREA(#11800);
#11800 = FILL_AREA_STYLE('',(#11801));
#11801 = FILL_AREA_STYLE_COLOUR('',#10590);
#11802 = OVER_RIDING_STYLED_ITEM('overriding color',(#11803),#8416,
  #11781);
#11803 = PRESENTATION_STYLE_ASSIGNMENT((#11804));
#11804 = SURFACE_STYLE_USAGE(.BOTH.,#11805);
#11805 = SURFACE_SIDE_STYLE('',(#11806));
#11806 = SURFACE_STYLE_FILL_AREA(#11807);
#11807 = FILL_AREA_STYLE('',(#11808));
#11808 = FILL_AREA_STYLE_COLOUR('',#10590);
#11809 = OVER_RIDING_STYLED_ITEM('overriding color',(#11810),#8436,
  #11781);
#11810 = PRESENTATION_STYLE_ASSIGNMENT((#11811));
#11811 = SURFACE_STYLE_USAGE(.BOTH.,#11812);
#11812 = SURFACE_SIDE_STYLE('',(#11813));
#11813 = SURFACE_STYLE_FILL_AREA(#11814);
#11814 = FILL_AREA_STYLE('',(#11815));
#11815 = FILL_AREA_STYLE_COLOUR('',#10590);
#11816 = OVER_RIDING_STYLED_ITEM('overriding color',(#11817),#8456,
  #11781);
#11817 = PRESENTATION_STYLE_ASSIGNMENT((#11818));
#11818 = SURFACE_STYLE_USAGE(.BOTH.,#11819);
#11819 = SURFACE_SIDE_STYLE('',(#11820));
#11820 = SURFACE_STYLE_FILL_AREA(#11821);
#11821 = FILL_AREA_STYLE('',(#11822));
#11822 = FILL_AREA_STYLE_COLOUR('',#10590);
#11823 = OVER_RIDING_STYLED_ITEM('overriding color',(#11824),#8476,
  #11781);
#11824 = PRESENTATION_STYLE_ASSIGNMENT((#11825));
#11825 = SURFACE_STYLE_USAGE(.BOTH.,#11826);
#11826 = SURFACE_SIDE_STYLE('',(#11827));
#11827 = SURFACE_STYLE_FILL_AREA(#11828);
#11828 = FILL_AREA_STYLE('',(#11829));
#11829 = FILL_AREA_STYLE_COLOUR('',#10590);
#11830 = OVER_RIDING_STYLED_ITEM('overriding color',(#11831),#8496,
  #11781);
#11831 = PRESENTATION_STYLE_ASSIGNMENT((#11832));
#11832 = SURFACE_STYLE_USAGE(.BOTH.,#11833);
#11833 = SURFACE_SIDE_STYLE('',(#11834));
#11834 = SURFACE_STYLE_FILL_AREA(#11835);
#11835 = FILL_AREA_STYLE('',(#11836));
#11836 = FILL_AREA_STYLE_COLOUR('',#10590);
#11837 = OVER_RIDING_STYLED_ITEM('overriding color',(#11838),#8516,
  #11781);
#11838 = PRESENTATION_STYLE_ASSIGNMENT((#11839));
#11839 = SURFACE_STYLE_USAGE(.BOTH.,#11840);
#11840 = SURFACE_SIDE_STYLE('',(#11841));
#11841 = SURFACE_STYLE_FILL_AREA(#11842);
#11842 = FILL_AREA_STYLE('',(#11843));
#11843 = FILL_AREA_STYLE_COLOUR('',#10590);
#11844 = OVER_RIDING_STYLED_ITEM('overriding color',(#11845),#8532,
  #11781);
#11845 = PRESENTATION_STYLE_ASSIGNMENT((#11846));
#11846 = SURFACE_STYLE_USAGE(.BOTH.,#11847);
#11847 = SURFACE_SIDE_STYLE('',(#11848));
#11848 = SURFACE_STYLE_FILL_AREA(#11849);
#11849 = FILL_AREA_STYLE('',(#11850));
#11850 = FILL_AREA_STYLE_COLOUR('',#10590);
#11851 = OVER_RIDING_STYLED_ITEM('overriding color',(#11852),#8544,
  #11781);
#11852 = PRESENTATION_STYLE_ASSIGNMENT((#11853));
#11853 = SURFACE_STYLE_USAGE(.BOTH.,#11854);
#11854 = SURFACE_SIDE_STYLE('',(#11855));
#11855 = SURFACE_STYLE_FILL_AREA(#11856);
#11856 = FILL_AREA_STYLE('',(#11857));
#11857 = FILL_AREA_STYLE_COLOUR('',#10590);
#11858 = OVER_RIDING_STYLED_ITEM('overriding color',(#11859),#8564,
  #11781);
#11859 = PRESENTATION_STYLE_ASSIGNMENT((#11860));
#11860 = SURFACE_STYLE_USAGE(.BOTH.,#11861);
#11861 = SURFACE_SIDE_STYLE('',(#11862));
#11862 = SURFACE_STYLE_FILL_AREA(#11863);
#11863 = FILL_AREA_STYLE('',(#11864));
#11864 = FILL_AREA_STYLE_COLOUR('',#10590);
#11865 = OVER_RIDING_STYLED_ITEM('overriding color',(#11866),#8580,
  #11781);
#11866 = PRESENTATION_STYLE_ASSIGNMENT((#11867));
#11867 = SURFACE_STYLE_USAGE(.BOTH.,#11868);
#11868 = SURFACE_SIDE_STYLE('',(#11869));
#11869 = SURFACE_STYLE_FILL_AREA(#11870);
#11870 = FILL_AREA_STYLE('',(#11871));
#11871 = FILL_AREA_STYLE_COLOUR('',#10590);
#11872 = OVER_RIDING_STYLED_ITEM('overriding color',(#11873),#8596,
  #11781);
#11873 = PRESENTATION_STYLE_ASSIGNMENT((#11874));
#11874 = SURFACE_STYLE_USAGE(.BOTH.,#11875);
#11875 = SURFACE_SIDE_STYLE('',(#11876));
#11876 = SURFACE_STYLE_FILL_AREA(#11877);
#11877 = FILL_AREA_STYLE('',(#11878));
#11878 = FILL_AREA_STYLE_COLOUR('',#10590);
#11879 = OVER_RIDING_STYLED_ITEM('overriding color',(#11880),#8616,
  #11781);
#11880 = PRESENTATION_STYLE_ASSIGNMENT((#11881));
#11881 = SURFACE_STYLE_USAGE(.BOTH.,#11882);
#11882 = SURFACE_SIDE_STYLE('',(#11883));
#11883 = SURFACE_STYLE_FILL_AREA(#11884);
#11884 = FILL_AREA_STYLE('',(#11885));
#11885 = FILL_AREA_STYLE_COLOUR('',#10590);
#11886 = OVER_RIDING_STYLED_ITEM('overriding color',(#11887),#8636,
  #11781);
#11887 = PRESENTATION_STYLE_ASSIGNMENT((#11888));
#11888 = SURFACE_STYLE_USAGE(.BOTH.,#11889);
#11889 = SURFACE_SIDE_STYLE('',(#11890));
#11890 = SURFACE_STYLE_FILL_AREA(#11891);
#11891 = FILL_AREA_STYLE('',(#11892));
#11892 = FILL_AREA_STYLE_COLOUR('',#10590);
#11893 = OVER_RIDING_STYLED_ITEM('overriding color',(#11894),#8656,
  #11781);
#11894 = PRESENTATION_STYLE_ASSIGNMENT((#11895));
#11895 = SURFACE_STYLE_USAGE(.BOTH.,#11896);
#11896 = SURFACE_SIDE_STYLE('',(#11897));
#11897 = SURFACE_STYLE_FILL_AREA(#11898);
#11898 = FILL_AREA_STYLE('',(#11899));
#11899 = FILL_AREA_STYLE_COLOUR('',#10590);
#11900 = STYLED_ITEM('color',(#11901),#8672);
#11901 = PRESENTATION_STYLE_ASSIGNMENT((#11902));
#11902 = SURFACE_STYLE_USAGE(.BOTH.,#11903);
#11903 = SURFACE_SIDE_STYLE('',(#11904));
#11904 = SURFACE_STYLE_FILL_AREA(#11905);
#11905 = FILL_AREA_STYLE('',(#11906));
#11906 = FILL_AREA_STYLE_COLOUR('',#10468);
#11907 = OVER_RIDING_STYLED_ITEM('overriding color',(#11908),#8674,
  #11900);
#11908 = PRESENTATION_STYLE_ASSIGNMENT((#11909));
#11909 = SURFACE_STYLE_USAGE(.BOTH.,#11910);
#11910 = SURFACE_SIDE_STYLE('',(#11911));
#11911 = SURFACE_STYLE_FILL_AREA(#11912);
#11912 = FILL_AREA_STYLE('',(#11913));
#11913 = FILL_AREA_STYLE_COLOUR('',#10590);
#11914 = OVER_RIDING_STYLED_ITEM('overriding color',(#11915),#8786,
  #11900);
#11915 = PRESENTATION_STYLE_ASSIGNMENT((#11916));
#11916 = SURFACE_STYLE_USAGE(.BOTH.,#11917);
#11917 = SURFACE_SIDE_STYLE('',(#11918));
#11918 = SURFACE_STYLE_FILL_AREA(#11919);
#11919 = FILL_AREA_STYLE('',(#11920));
#11920 = FILL_AREA_STYLE_COLOUR('',#10590);
#11921 = OVER_RIDING_STYLED_ITEM('overriding color',(#11922),#8898,
  #11900);
#11922 = PRESENTATION_STYLE_ASSIGNMENT((#11923));
#11923 = SURFACE_STYLE_USAGE(.BOTH.,#11924);
#11924 = SURFACE_SIDE_STYLE('',(#11925));
#11925 = SURFACE_STYLE_FILL_AREA(#11926);
#11926 = FILL_AREA_STYLE('',(#11927));
#11927 = FILL_AREA_STYLE_COLOUR('',#10590);
#11928 = OVER_RIDING_STYLED_ITEM('overriding color',(#11929),#8918,
  #11900);
#11929 = PRESENTATION_STYLE_ASSIGNMENT((#11930));
#11930 = SURFACE_STYLE_USAGE(.BOTH.,#11931);
#11931 = SURFACE_SIDE_STYLE('',(#11932));
#11932 = SURFACE_STYLE_FILL_AREA(#11933);
#11933 = FILL_AREA_STYLE('',(#11934));
#11934 = FILL_AREA_STYLE_COLOUR('',#10590);
#11935 = OVER_RIDING_STYLED_ITEM('overriding color',(#11936),#8934,
  #11900);
#11936 = PRESENTATION_STYLE_ASSIGNMENT((#11937));
#11937 = SURFACE_STYLE_USAGE(.BOTH.,#11938);
#11938 = SURFACE_SIDE_STYLE('',(#11939));
#11939 = SURFACE_STYLE_FILL_AREA(#11940);
#11940 = FILL_AREA_STYLE('',(#11941));
#11941 = FILL_AREA_STYLE_COLOUR('',#10590);
#11942 = OVER_RIDING_STYLED_ITEM('overriding color',(#11943),#8950,
  #11900);
#11943 = PRESENTATION_STYLE_ASSIGNMENT((#11944));
#11944 = SURFACE_STYLE_USAGE(.BOTH.,#11945);
#11945 = SURFACE_SIDE_STYLE('',(#11946));
#11946 = SURFACE_STYLE_FILL_AREA(#11947);
#11947 = FILL_AREA_STYLE('',(#11948));
#11948 = FILL_AREA_STYLE_COLOUR('',#10590);
#11949 = OVER_RIDING_STYLED_ITEM('overriding color',(#11950),#8966,
  #11900);
#11950 = PRESENTATION_STYLE_ASSIGNMENT((#11951));
#11951 = SURFACE_STYLE_USAGE(.BOTH.,#11952);
#11952 = SURFACE_SIDE_STYLE('',(#11953));
#11953 = SURFACE_STYLE_FILL_AREA(#11954);
#11954 = FILL_AREA_STYLE('',(#11955));
#11955 = FILL_AREA_STYLE_COLOUR('',#10590);
#11956 = OVER_RIDING_STYLED_ITEM('overriding color',(#11957),#8982,
  #11900);
#11957 = PRESENTATION_STYLE_ASSIGNMENT((#11958));
#11958 = SURFACE_STYLE_USAGE(.BOTH.,#11959);
#11959 = SURFACE_SIDE_STYLE('',(#11960));
#11960 = SURFACE_STYLE_FILL_AREA(#11961);
#11961 = FILL_AREA_STYLE('',(#11962));
#11962 = FILL_AREA_STYLE_COLOUR('',#10590);
#11963 = OVER_RIDING_STYLED_ITEM('overriding color',(#11964),#8998,
  #11900);
#11964 = PRESENTATION_STYLE_ASSIGNMENT((#11965));
#11965 = SURFACE_STYLE_USAGE(.BOTH.,#11966);
#11966 = SURFACE_SIDE_STYLE('',(#11967));
#11967 = SURFACE_STYLE_FILL_AREA(#11968);
#11968 = FILL_AREA_STYLE('',(#11969));
#11969 = FILL_AREA_STYLE_COLOUR('',#10590);
#11970 = OVER_RIDING_STYLED_ITEM('overriding color',(#11971),#9014,
  #11900);
#11971 = PRESENTATION_STYLE_ASSIGNMENT((#11972));
#11972 = SURFACE_STYLE_USAGE(.BOTH.,#11973);
#11973 = SURFACE_SIDE_STYLE('',(#11974));
#11974 = SURFACE_STYLE_FILL_AREA(#11975);
#11975 = FILL_AREA_STYLE('',(#11976));
#11976 = FILL_AREA_STYLE_COLOUR('',#10590);
#11977 = OVER_RIDING_STYLED_ITEM('overriding color',(#11978),#9026,
  #11900);
#11978 = PRESENTATION_STYLE_ASSIGNMENT((#11979));
#11979 = SURFACE_STYLE_USAGE(.BOTH.,#11980);
#11980 = SURFACE_SIDE_STYLE('',(#11981));
#11981 = SURFACE_STYLE_FILL_AREA(#11982);
#11982 = FILL_AREA_STYLE('',(#11983));
#11983 = FILL_AREA_STYLE_COLOUR('',#10590);
#11984 = OVER_RIDING_STYLED_ITEM('overriding color',(#11985),#9046,
  #11900);
#11985 = PRESENTATION_STYLE_ASSIGNMENT((#11986));
#11986 = SURFACE_STYLE_USAGE(.BOTH.,#11987);
#11987 = SURFACE_SIDE_STYLE('',(#11988));
#11988 = SURFACE_STYLE_FILL_AREA(#11989);
#11989 = FILL_AREA_STYLE('',(#11990));
#11990 = FILL_AREA_STYLE_COLOUR('',#10590);
#11991 = OVER_RIDING_STYLED_ITEM('overriding color',(#11992),#9062,
  #11900);
#11992 = PRESENTATION_STYLE_ASSIGNMENT((#11993));
#11993 = SURFACE_STYLE_USAGE(.BOTH.,#11994);
#11994 = SURFACE_SIDE_STYLE('',(#11995));
#11995 = SURFACE_STYLE_FILL_AREA(#11996);
#11996 = FILL_AREA_STYLE('',(#11997));
#11997 = FILL_AREA_STYLE_COLOUR('',#10590);
#11998 = OVER_RIDING_STYLED_ITEM('overriding color',(#11999),#9082,
  #11900);
#11999 = PRESENTATION_STYLE_ASSIGNMENT((#12000));
#12000 = SURFACE_STYLE_USAGE(.BOTH.,#12001);
#12001 = SURFACE_SIDE_STYLE('',(#12002));
#12002 = SURFACE_STYLE_FILL_AREA(#12003);
#12003 = FILL_AREA_STYLE('',(#12004));
#12004 = FILL_AREA_STYLE_COLOUR('',#10590);
#12005 = OVER_RIDING_STYLED_ITEM('overriding color',(#12006),#9098,
  #11900);
#12006 = PRESENTATION_STYLE_ASSIGNMENT((#12007));
#12007 = SURFACE_STYLE_USAGE(.BOTH.,#12008);
#12008 = SURFACE_SIDE_STYLE('',(#12009));
#12009 = SURFACE_STYLE_FILL_AREA(#12010);
#12010 = FILL_AREA_STYLE('',(#12011));
#12011 = FILL_AREA_STYLE_COLOUR('',#10590);
#12012 = OVER_RIDING_STYLED_ITEM('overriding color',(#12013),#9118,
  #11900);
#12013 = PRESENTATION_STYLE_ASSIGNMENT((#12014));
#12014 = SURFACE_STYLE_USAGE(.BOTH.,#12015);
#12015 = SURFACE_SIDE_STYLE('',(#12016));
#12016 = SURFACE_STYLE_FILL_AREA(#12017);
#12017 = FILL_AREA_STYLE('',(#12018));
#12018 = FILL_AREA_STYLE_COLOUR('',#10590);
#12019 = STYLED_ITEM('color',(#12020),#9130);
#12020 = PRESENTATION_STYLE_ASSIGNMENT((#12021));
#12021 = SURFACE_STYLE_USAGE(.BOTH.,#12022);
#12022 = SURFACE_SIDE_STYLE('',(#12023));
#12023 = SURFACE_STYLE_FILL_AREA(#12024);
#12024 = FILL_AREA_STYLE('',(#12025));
#12025 = FILL_AREA_STYLE_COLOUR('',#10468);
#12026 = OVER_RIDING_STYLED_ITEM('overriding color',(#12027),#9132,
  #12019);
#12027 = PRESENTATION_STYLE_ASSIGNMENT((#12028));
#12028 = SURFACE_STYLE_USAGE(.BOTH.,#12029);
#12029 = SURFACE_SIDE_STYLE('',(#12030));
#12030 = SURFACE_STYLE_FILL_AREA(#12031);
#12031 = FILL_AREA_STYLE('',(#12032));
#12032 = FILL_AREA_STYLE_COLOUR('',#10590);
#12033 = OVER_RIDING_STYLED_ITEM('overriding color',(#12034),#9452,
  #12019);
#12034 = PRESENTATION_STYLE_ASSIGNMENT((#12035));
#12035 = SURFACE_STYLE_USAGE(.BOTH.,#12036);
#12036 = SURFACE_SIDE_STYLE('',(#12037));
#12037 = SURFACE_STYLE_FILL_AREA(#12038);
#12038 = FILL_AREA_STYLE('',(#12039));
#12039 = FILL_AREA_STYLE_COLOUR('',#10590);
#12040 = OVER_RIDING_STYLED_ITEM('overriding color',(#12041),#9772,
  #12019);
#12041 = PRESENTATION_STYLE_ASSIGNMENT((#12042));
#12042 = SURFACE_STYLE_USAGE(.BOTH.,#12043);
#12043 = SURFACE_SIDE_STYLE('',(#12044));
#12044 = SURFACE_STYLE_FILL_AREA(#12045);
#12045 = FILL_AREA_STYLE('',(#12046));
#12046 = FILL_AREA_STYLE_COLOUR('',#10590);
#12047 = OVER_RIDING_STYLED_ITEM('overriding color',(#12048),#9796,
  #12019);
#12048 = PRESENTATION_STYLE_ASSIGNMENT((#12049));
#12049 = SURFACE_STYLE_USAGE(.BOTH.,#12050);
#12050 = SURFACE_SIDE_STYLE('',(#12051));
#12051 = SURFACE_STYLE_FILL_AREA(#12052);
#12052 = FILL_AREA_STYLE('',(#12053));
#12053 = FILL_AREA_STYLE_COLOUR('',#10590);
#12054 = OVER_RIDING_STYLED_ITEM('overriding color',(#12055),#9816,
  #12019);
#12055 = PRESENTATION_STYLE_ASSIGNMENT((#12056));
#12056 = SURFACE_STYLE_USAGE(.BOTH.,#12057);
#12057 = SURFACE_SIDE_STYLE('',(#12058));
#12058 = SURFACE_STYLE_FILL_AREA(#12059);
#12059 = FILL_AREA_STYLE('',(#12060));
#12060 = FILL_AREA_STYLE_COLOUR('',#10590);
#12061 = OVER_RIDING_STYLED_ITEM('overriding color',(#12062),#9836,
  #12019);
#12062 = PRESENTATION_STYLE_ASSIGNMENT((#12063));
#12063 = SURFACE_STYLE_USAGE(.BOTH.,#12064);
#12064 = SURFACE_SIDE_STYLE('',(#12065));
#12065 = SURFACE_STYLE_FILL_AREA(#12066);
#12066 = FILL_AREA_STYLE('',(#12067));
#12067 = FILL_AREA_STYLE_COLOUR('',#10590);
#12068 = OVER_RIDING_STYLED_ITEM('overriding color',(#12069),#9856,
  #12019);
#12069 = PRESENTATION_STYLE_ASSIGNMENT((#12070));
#12070 = SURFACE_STYLE_USAGE(.BOTH.,#12071);
#12071 = SURFACE_SIDE_STYLE('',(#12072));
#12072 = SURFACE_STYLE_FILL_AREA(#12073);
#12073 = FILL_AREA_STYLE('',(#12074));
#12074 = FILL_AREA_STYLE_COLOUR('',#10590);
#12075 = OVER_RIDING_STYLED_ITEM('overriding color',(#12076),#9876,
  #12019);
#12076 = PRESENTATION_STYLE_ASSIGNMENT((#12077));
#12077 = SURFACE_STYLE_USAGE(.BOTH.,#12078);
#12078 = SURFACE_SIDE_STYLE('',(#12079));
#12079 = SURFACE_STYLE_FILL_AREA(#12080);
#12080 = FILL_AREA_STYLE('',(#12081));
#12081 = FILL_AREA_STYLE_COLOUR('',#10590);
#12082 = OVER_RIDING_STYLED_ITEM('overriding color',(#12083),#9896,
  #12019);
#12083 = PRESENTATION_STYLE_ASSIGNMENT((#12084));
#12084 = SURFACE_STYLE_USAGE(.BOTH.,#12085);
#12085 = SURFACE_SIDE_STYLE('',(#12086));
#12086 = SURFACE_STYLE_FILL_AREA(#12087);
#12087 = FILL_AREA_STYLE('',(#12088));
#12088 = FILL_AREA_STYLE_COLOUR('',#10590);
#12089 = OVER_RIDING_STYLED_ITEM('overriding color',(#12090),#9916,
  #12019);
#12090 = PRESENTATION_STYLE_ASSIGNMENT((#12091));
#12091 = SURFACE_STYLE_USAGE(.BOTH.,#12092);
#12092 = SURFACE_SIDE_STYLE('',(#12093));
#12093 = SURFACE_STYLE_FILL_AREA(#12094);
#12094 = FILL_AREA_STYLE('',(#12095));
#12095 = FILL_AREA_STYLE_COLOUR('',#10590);
#12096 = OVER_RIDING_STYLED_ITEM('overriding color',(#12097),#9936,
  #12019);
#12097 = PRESENTATION_STYLE_ASSIGNMENT((#12098));
#12098 = SURFACE_STYLE_USAGE(.BOTH.,#12099);
#12099 = SURFACE_SIDE_STYLE('',(#12100));
#12100 = SURFACE_STYLE_FILL_AREA(#12101);
#12101 = FILL_AREA_STYLE('',(#12102));
#12102 = FILL_AREA_STYLE_COLOUR('',#10590);
#12103 = OVER_RIDING_STYLED_ITEM('overriding color',(#12104),#9956,
  #12019);
#12104 = PRESENTATION_STYLE_ASSIGNMENT((#12105));
#12105 = SURFACE_STYLE_USAGE(.BOTH.,#12106);
#12106 = SURFACE_SIDE_STYLE('',(#12107));
#12107 = SURFACE_STYLE_FILL_AREA(#12108);
#12108 = FILL_AREA_STYLE('',(#12109));
#12109 = FILL_AREA_STYLE_COLOUR('',#10590);
#12110 = OVER_RIDING_STYLED_ITEM('overriding color',(#12111),#9976,
  #12019);
#12111 = PRESENTATION_STYLE_ASSIGNMENT((#12112));
#12112 = SURFACE_STYLE_USAGE(.BOTH.,#12113);
#12113 = SURFACE_SIDE_STYLE('',(#12114));
#12114 = SURFACE_STYLE_FILL_AREA(#12115);
#12115 = FILL_AREA_STYLE('',(#12116));
#12116 = FILL_AREA_STYLE_COLOUR('',#10590);
#12117 = OVER_RIDING_STYLED_ITEM('overriding color',(#12118),#9996,
  #12019);
#12118 = PRESENTATION_STYLE_ASSIGNMENT((#12119));
#12119 = SURFACE_STYLE_USAGE(.BOTH.,#12120);
#12120 = SURFACE_SIDE_STYLE('',(#12121));
#12121 = SURFACE_STYLE_FILL_AREA(#12122);
#12122 = FILL_AREA_STYLE('',(#12123));
#12123 = FILL_AREA_STYLE_COLOUR('',#10590);
#12124 = OVER_RIDING_STYLED_ITEM('overriding color',(#12125),#10016,
  #12019);
#12125 = PRESENTATION_STYLE_ASSIGNMENT((#12126));
#12126 = SURFACE_STYLE_USAGE(.BOTH.,#12127);
#12127 = SURFACE_SIDE_STYLE('',(#12128));
#12128 = SURFACE_STYLE_FILL_AREA(#12129);
#12129 = FILL_AREA_STYLE('',(#12130));
#12130 = FILL_AREA_STYLE_COLOUR('',#10590);
#12131 = OVER_RIDING_STYLED_ITEM('overriding color',(#12132),#10032,
  #12019);
#12132 = PRESENTATION_STYLE_ASSIGNMENT((#12133));
#12133 = SURFACE_STYLE_USAGE(.BOTH.,#12134);
#12134 = SURFACE_SIDE_STYLE('',(#12135));
#12135 = SURFACE_STYLE_FILL_AREA(#12136);
#12136 = FILL_AREA_STYLE('',(#12137));
#12137 = FILL_AREA_STYLE_COLOUR('',#10590);
#12138 = OVER_RIDING_STYLED_ITEM('overriding color',(#12139),#10048,
  #12019);
#12139 = PRESENTATION_STYLE_ASSIGNMENT((#12140));
#12140 = SURFACE_STYLE_USAGE(.BOTH.,#12141);
#12141 = SURFACE_SIDE_STYLE('',(#12142));
#12142 = SURFACE_STYLE_FILL_AREA(#12143);
#12143 = FILL_AREA_STYLE('',(#12144));
#12144 = FILL_AREA_STYLE_COLOUR('',#10590);
#12145 = OVER_RIDING_STYLED_ITEM('overriding color',(#12146),#10064,
  #12019);
#12146 = PRESENTATION_STYLE_ASSIGNMENT((#12147));
#12147 = SURFACE_STYLE_USAGE(.BOTH.,#12148);
#12148 = SURFACE_SIDE_STYLE('',(#12149));
#12149 = SURFACE_STYLE_FILL_AREA(#12150);
#12150 = FILL_AREA_STYLE('',(#12151));
#12151 = FILL_AREA_STYLE_COLOUR('',#10590);
#12152 = OVER_RIDING_STYLED_ITEM('overriding color',(#12153),#10080,
  #12019);
#12153 = PRESENTATION_STYLE_ASSIGNMENT((#12154));
#12154 = SURFACE_STYLE_USAGE(.BOTH.,#12155);
#12155 = SURFACE_SIDE_STYLE('',(#12156));
#12156 = SURFACE_STYLE_FILL_AREA(#12157);
#12157 = FILL_AREA_STYLE('',(#12158));
#12158 = FILL_AREA_STYLE_COLOUR('',#10590);
#12159 = OVER_RIDING_STYLED_ITEM('overriding color',(#12160),#10100,
  #12019);
#12160 = PRESENTATION_STYLE_ASSIGNMENT((#12161));
#12161 = SURFACE_STYLE_USAGE(.BOTH.,#12162);
#12162 = SURFACE_SIDE_STYLE('',(#12163));
#12163 = SURFACE_STYLE_FILL_AREA(#12164);
#12164 = FILL_AREA_STYLE('',(#12165));
#12165 = FILL_AREA_STYLE_COLOUR('',#10590);
#12166 = OVER_RIDING_STYLED_ITEM('overriding color',(#12167),#10120,
  #12019);
#12167 = PRESENTATION_STYLE_ASSIGNMENT((#12168));
#12168 = SURFACE_STYLE_USAGE(.BOTH.,#12169);
#12169 = SURFACE_SIDE_STYLE('',(#12170));
#12170 = SURFACE_STYLE_FILL_AREA(#12171);
#12171 = FILL_AREA_STYLE('',(#12172));
#12172 = FILL_AREA_STYLE_COLOUR('',#10590);
#12173 = OVER_RIDING_STYLED_ITEM('overriding color',(#12174),#10140,
  #12019);
#12174 = PRESENTATION_STYLE_ASSIGNMENT((#12175));
#12175 = SURFACE_STYLE_USAGE(.BOTH.,#12176);
#12176 = SURFACE_SIDE_STYLE('',(#12177));
#12177 = SURFACE_STYLE_FILL_AREA(#12178);
#12178 = FILL_AREA_STYLE('',(#12179));
#12179 = FILL_AREA_STYLE_COLOUR('',#10590);
#12180 = OVER_RIDING_STYLED_ITEM('overriding color',(#12181),#10160,
  #12019);
#12181 = PRESENTATION_STYLE_ASSIGNMENT((#12182));
#12182 = SURFACE_STYLE_USAGE(.BOTH.,#12183);
#12183 = SURFACE_SIDE_STYLE('',(#12184));
#12184 = SURFACE_STYLE_FILL_AREA(#12185);
#12185 = FILL_AREA_STYLE('',(#12186));
#12186 = FILL_AREA_STYLE_COLOUR('',#10590);
#12187 = OVER_RIDING_STYLED_ITEM('overriding color',(#12188),#10180,
  #12019);
#12188 = PRESENTATION_STYLE_ASSIGNMENT((#12189));
#12189 = SURFACE_STYLE_USAGE(.BOTH.,#12190);
#12190 = SURFACE_SIDE_STYLE('',(#12191));
#12191 = SURFACE_STYLE_FILL_AREA(#12192);
#12192 = FILL_AREA_STYLE('',(#12193));
#12193 = FILL_AREA_STYLE_COLOUR('',#10590);
#12194 = OVER_RIDING_STYLED_ITEM('overriding color',(#12195),#10200,
  #12019);
#12195 = PRESENTATION_STYLE_ASSIGNMENT((#12196));
#12196 = SURFACE_STYLE_USAGE(.BOTH.,#12197);
#12197 = SURFACE_SIDE_STYLE('',(#12198));
#12198 = SURFACE_STYLE_FILL_AREA(#12199);
#12199 = FILL_AREA_STYLE('',(#12200));
#12200 = FILL_AREA_STYLE_COLOUR('',#10590);
#12201 = OVER_RIDING_STYLED_ITEM('overriding color',(#12202),#10220,
  #12019);
#12202 = PRESENTATION_STYLE_ASSIGNMENT((#12203));
#12203 = SURFACE_STYLE_USAGE(.BOTH.,#12204);
#12204 = SURFACE_SIDE_STYLE('',(#12205));
#12205 = SURFACE_STYLE_FILL_AREA(#12206);
#12206 = FILL_AREA_STYLE('',(#12207));
#12207 = FILL_AREA_STYLE_COLOUR('',#10590);
#12208 = OVER_RIDING_STYLED_ITEM('overriding color',(#12209),#10236,
  #12019);
#12209 = PRESENTATION_STYLE_ASSIGNMENT((#12210));
#12210 = SURFACE_STYLE_USAGE(.BOTH.,#12211);
#12211 = SURFACE_SIDE_STYLE('',(#12212));
#12212 = SURFACE_STYLE_FILL_AREA(#12213);
#12213 = FILL_AREA_STYLE('',(#12214));
#12214 = FILL_AREA_STYLE_COLOUR('',#10590);
#12215 = OVER_RIDING_STYLED_ITEM('overriding color',(#12216),#10256,
  #12019);
#12216 = PRESENTATION_STYLE_ASSIGNMENT((#12217));
#12217 = SURFACE_STYLE_USAGE(.BOTH.,#12218);
#12218 = SURFACE_SIDE_STYLE('',(#12219));
#12219 = SURFACE_STYLE_FILL_AREA(#12220);
#12220 = FILL_AREA_STYLE('',(#12221));
#12221 = FILL_AREA_STYLE_COLOUR('',#10590);
#12222 = OVER_RIDING_STYLED_ITEM('overriding color',(#12223),#10276,
  #12019);
#12223 = PRESENTATION_STYLE_ASSIGNMENT((#12224));
#12224 = SURFACE_STYLE_USAGE(.BOTH.,#12225);
#12225 = SURFACE_SIDE_STYLE('',(#12226));
#12226 = SURFACE_STYLE_FILL_AREA(#12227);
#12227 = FILL_AREA_STYLE('',(#12228));
#12228 = FILL_AREA_STYLE_COLOUR('',#10590);
#12229 = OVER_RIDING_STYLED_ITEM('overriding color',(#12230),#10292,
  #12019);
#12230 = PRESENTATION_STYLE_ASSIGNMENT((#12231));
#12231 = SURFACE_STYLE_USAGE(.BOTH.,#12232);
#12232 = SURFACE_SIDE_STYLE('',(#12233));
#12233 = SURFACE_STYLE_FILL_AREA(#12234);
#12234 = FILL_AREA_STYLE('',(#12235));
#12235 = FILL_AREA_STYLE_COLOUR('',#10590);
#12236 = OVER_RIDING_STYLED_ITEM('overriding color',(#12237),#10312,
  #12019);
#12237 = PRESENTATION_STYLE_ASSIGNMENT((#12238));
#12238 = SURFACE_STYLE_USAGE(.BOTH.,#12239);
#12239 = SURFACE_SIDE_STYLE('',(#12240));
#12240 = SURFACE_STYLE_FILL_AREA(#12241);
#12241 = FILL_AREA_STYLE('',(#12242));
#12242 = FILL_AREA_STYLE_COLOUR('',#10590);
#12243 = OVER_RIDING_STYLED_ITEM('overriding color',(#12244),#10332,
  #12019);
#12244 = PRESENTATION_STYLE_ASSIGNMENT((#12245));
#12245 = SURFACE_STYLE_USAGE(.BOTH.,#12246);
#12246 = SURFACE_SIDE_STYLE('',(#12247));
#12247 = SURFACE_STYLE_FILL_AREA(#12248);
#12248 = FILL_AREA_STYLE('',(#12249));
#12249 = FILL_AREA_STYLE_COLOUR('',#10590);
#12250 = OVER_RIDING_STYLED_ITEM('overriding color',(#12251),#10352,
  #12019);
#12251 = PRESENTATION_STYLE_ASSIGNMENT((#12252));
#12252 = SURFACE_STYLE_USAGE(.BOTH.,#12253);
#12253 = SURFACE_SIDE_STYLE('',(#12254));
#12254 = SURFACE_STYLE_FILL_AREA(#12255);
#12255 = FILL_AREA_STYLE('',(#12256));
#12256 = FILL_AREA_STYLE_COLOUR('',#10590);
#12257 = OVER_RIDING_STYLED_ITEM('overriding color',(#12258),#10368,
  #12019);
#12258 = PRESENTATION_STYLE_ASSIGNMENT((#12259));
#12259 = SURFACE_STYLE_USAGE(.BOTH.,#12260);
#12260 = SURFACE_SIDE_STYLE('',(#12261));
#12261 = SURFACE_STYLE_FILL_AREA(#12262);
#12262 = FILL_AREA_STYLE('',(#12263));
#12263 = FILL_AREA_STYLE_COLOUR('',#10590);
#12264 = OVER_RIDING_STYLED_ITEM('overriding color',(#12265),#10388,
  #12019);
#12265 = PRESENTATION_STYLE_ASSIGNMENT((#12266));
#12266 = SURFACE_STYLE_USAGE(.BOTH.,#12267);
#12267 = SURFACE_SIDE_STYLE('',(#12268));
#12268 = SURFACE_STYLE_FILL_AREA(#12269);
#12269 = FILL_AREA_STYLE('',(#12270));
#12270 = FILL_AREA_STYLE_COLOUR('',#10590);
#12271 = OVER_RIDING_STYLED_ITEM('overriding color',(#12272),#10404,
  #12019);
#12272 = PRESENTATION_STYLE_ASSIGNMENT((#12273));
#12273 = SURFACE_STYLE_USAGE(.BOTH.,#12274);
#12274 = SURFACE_SIDE_STYLE('',(#12275));
#12275 = SURFACE_STYLE_FILL_AREA(#12276);
#12276 = FILL_AREA_STYLE('',(#12277));
#12277 = FILL_AREA_STYLE_COLOUR('',#10590);
#12278 = OVER_RIDING_STYLED_ITEM('overriding color',(#12279),#10434,
  #12019);
#12279 = PRESENTATION_STYLE_ASSIGNMENT((#12280));
#12280 = SURFACE_STYLE_USAGE(.BOTH.,#12281);
#12281 = SURFACE_SIDE_STYLE('',(#12282));
#12282 = SURFACE_STYLE_FILL_AREA(#12283);
#12283 = FILL_AREA_STYLE('',(#12284));
#12284 = FILL_AREA_STYLE_COLOUR('',#10590);
ENDSEC;
END-ISO-10303-21;
