ISO-10303-21;
HEADER;
FILE_DESCRIPTION(('Open CASCADE Model'),'2;1');
FILE_NAME('Open CASCADE Shape Model','2026-09-08T16:02:38',('Author'),(
    'Open CASCADE'),'Open CASCADE STEP processor 7.6','Open CASCADE 7.6'
  ,'Unknown');
FILE_SCHEMA(('AUTOMOTIVE_DESIGN { 1 0 10303 214 1 1 1 1 }'));
ENDSEC;
DATA;
#1 = APPLICATION_PROTOCOL_DEFINITION('international standard',
  'automotive_design',2000,#2);
#2 = APPLICATION_CONTEXT(
  'core data for automotive mechanical design processes');
#3 = SHAPE_DEFINITION_REPRESENTATION(#4,#10);
#4 = PRODUCT_DEFINITION_SHAPE('','',#5);
#5 = PRODUCT_DEFINITION('design','',#6,#9);
#6 = PRODUCT_DEFINITION_FORMATION('','',#7);
#7 = PRODUCT('SOLID','SOLID','',(#8));
#8 = PRODUCT_CONTEXT('',#2,'mechanical');
#9 = PRODUCT_DEFINITION_CONTEXT('part definition',#2,'design');
#10 = ADVANCED_BREP_SHAPE_REPRESENTATION('',(#11,#15),#10125);
#11 = AXIS2_PLACEMENT_3D('',#12,#13,#14);
#12 = CARTESIAN_POINT('',(0.,0.,0.));
#13 = DIRECTION('',(0.,0.,1.));
#14 = DIRECTION('',(1.,0.,-0.));
#15 = MANIFOLD_SOLID_BREP('',#16);
#16 = CLOSED_SHELL('',(#17,#65,#1481,#1569,#1657,#2080,#2172,#2264,#2292
    ,#2322,#2352,#2377,#2393,#2418,#2434,#2448,#2476,#2506,#2536,#2561,
    #2577,#2602,#2618,#2632,#2660,#2690,#2720,#2745,#2761,#2786,#2802,
    #2816,#2844,#2874,#2904,#2929,#2945,#2970,#2986,#3000,#3028,#3058,
    #3088,#3113,#3129,#3154,#3170,#3184,#3212,#3242,#3272,#3297,#3313,
    #3338,#3354,#3368,#3396,#3426,#3456,#3481,#3497,#3522,#3538,#3552,
    #3580,#3602,#3624,#3640,#3652,#3680,#3702,#3724,#3746,#3762,#3775,
    #3803,#3831,#3855,#3877,#3895,#3907,#3935,#3963,#3979,#3995,#4007,
    #4035,#4063,#4079,#4095,#4107,#4135,#4163,#4179,#4195,#4207,#4235,
    #4263,#4279,#4295,#4307,#4335,#4357,#4379,#4401,#4423,#4439,#4453,
    #4487,#4509,#4537,#4565,#4593,#4621,#4649,#4677,#4699,#4727,#4755,
    #4783,#4811,#4833,#4855,#4883,#4905,#4927,#4949,#4971,#4993,#5015,
    #5037,#5059,#5081,#5103,#5119,#5139,#5263,#5283,#5303,#5323,#5343,
    #5363,#5379,#5391,#5419,#5441,#5463,#5491,#5519,#5547,#5569,#5584,
    #5696,#5716,#5732,#5748,#5764,#5780,#5796,#5812,#5824,#5852,#5874,
    #5902,#5924,#5952,#5968,#5982,#6010,#6032,#6054,#6076,#6098,#6120,
    #6142,#6164,#6186,#6208,#6230,#6246,#6266,#6458,#6482,#6498,#6518,
    #6538,#6554,#6574,#6594,#6614,#6634,#6650,#6666,#6682,#6698,#6714,
    #6748,#6776,#6804,#6832,#6860,#6888,#6910,#6926,#6942,#6976,#6998,
    #7026,#7054,#7082,#7110,#7138,#7166,#7194,#7222,#7250,#7278,#7300,
    #7328,#7356,#7384,#7412,#7440,#7468,#7496,#7518,#7547,#7575,#7597,
    #7625,#7647,#7669,#7691,#7713,#7735,#7757,#7785,#7813,#7835,#7863,
    #7891,#7907,#7930,#7958,#7980,#8002,#8024,#8046,#8068,#8090,#8112,
    #8134,#8156,#8178,#8194,#8214,#8338,#8358,#8378,#8398,#8418,#8438,
    #8454,#8466,#8494,#8516,#8538,#8566,#8594,#8622,#8644,#8659,#8771,
    #8791,#8807,#8823,#8839,#8855,#8871,#8887,#8899,#8927,#8949,#8977,
    #8999,#9027,#9043,#9057,#9377,#9401,#9421,#9441,#9461,#9481,#9501,
    #9521,#9541,#9561,#9581,#9601,#9621,#9637,#9653,#9669,#9685,#9705,
    #9725,#9745,#9765,#9785,#9805,#9825,#9841,#9861,#9881,#9897,#9917,
    #9937,#9957,#9973,#9993,#10009,#10052,#10080,#10090,#10115));
#17 = ADVANCED_FACE('',(#18),#54,.T.);
#18 = FACE_BOUND('',#19,.T.);
#19 = EDGE_LOOP('',(#20,#32,#39,#49));
#20 = ORIENTED_EDGE('',*,*,#21,.F.);
#21 = EDGE_CURVE('',#22,#24,#26,.T.);
#22 = VERTEX_POINT('',#23);
#23 = CARTESIAN_POINT('',(-0.743455254773,1.395746936215,0.5510001));
#24 = VERTEX_POINT('',#25);
#25 = CARTESIAN_POINT('',(-1.125991176396,1.395746936215,0.5510001));
#26 = ( BOUNDED_CURVE() B_SPLINE_CURVE(2,(#27,#28,#29,#30,#31),
.UNSPECIFIED.,.F.,.F.) B_SPLINE_CURVE_WITH_KNOTS((3,2,3),(0.,
1.570796326795,3.14159265359),.PIECEWISE_BEZIER_KNOTS.) CURVE() 
GEOMETRIC_REPRESENTATION_ITEM() RATIONAL_B_SPLINE_CURVE((1.,
0.707106781187,1.,0.707106781187,1.)) REPRESENTATION_ITEM('') );
#27 = CARTESIAN_POINT('',(-0.743455254773,1.395746936215,0.5510001));
#28 = CARTESIAN_POINT('',(-0.743455254773,1.587014897026,0.5510001));
#29 = CARTESIAN_POINT('',(-0.934723215584,1.587014897026,0.5510001));
#30 = CARTESIAN_POINT('',(-1.125991176396,1.587014897026,0.5510001));
#31 = CARTESIAN_POINT('',(-1.125991176396,1.395746936215,0.5510001));
#32 = ORIENTED_EDGE('',*,*,#33,.T.);
#33 = EDGE_CURVE('',#22,#34,#36,.T.);
#34 = VERTEX_POINT('',#35);
#35 = CARTESIAN_POINT('',(-0.743455254773,1.395746936215,0.5500001));
#36 = B_SPLINE_CURVE_WITH_KNOTS('',1,(#37,#38),.UNSPECIFIED.,.F.,.F.,(2,
    2),(-0.,1.E-03),.PIECEWISE_BEZIER_KNOTS.);
#37 = CARTESIAN_POINT('',(-0.743455254773,1.395746936215,0.5510001));
#38 = CARTESIAN_POINT('',(-0.743455254773,1.395746936215,0.5500001));
#39 = ORIENTED_EDGE('',*,*,#40,.T.);
#40 = EDGE_CURVE('',#34,#41,#43,.T.);
#41 = VERTEX_POINT('',#42);
#42 = CARTESIAN_POINT('',(-1.125991176396,1.395746936215,0.5500001));
#43 = ( BOUNDED_CURVE() B_SPLINE_CURVE(2,(#44,#45,#46,#47,#48),
.UNSPECIFIED.,.F.,.F.) B_SPLINE_CURVE_WITH_KNOTS((3,2,3),(3.14159265359,
4.712388980385,6.28318530718),.PIECEWISE_BEZIER_KNOTS.) CURVE() 
GEOMETRIC_REPRESENTATION_ITEM() RATIONAL_B_SPLINE_CURVE((1.,
0.707106781187,1.,0.707106781187,1.)) REPRESENTATION_ITEM('') );
#44 = CARTESIAN_POINT('',(-0.743455254773,1.395746936215,0.5500001));
#45 = CARTESIAN_POINT('',(-0.743455254773,1.587014897026,0.5500001));
#46 = CARTESIAN_POINT('',(-0.934723215584,1.587014897026,0.5500001));
#47 = CARTESIAN_POINT('',(-1.125991176396,1.587014897026,0.5500001));
#48 = CARTESIAN_POINT('',(-1.125991176396,1.395746936215,0.5500001));
#49 = ORIENTED_EDGE('',*,*,#50,.F.);
#50 = EDGE_CURVE('',#24,#41,#51,.T.);
#51 = B_SPLINE_CURVE_WITH_KNOTS('',1,(#52,#53),.UNSPECIFIED.,.F.,.F.,(2,
    2),(-0.,1.E-03),.PIECEWISE_BEZIER_KNOTS.);
#52 = CARTESIAN_POINT('',(-1.125991176396,1.395746936215,0.5510001));
#53 = CARTESIAN_POINT('',(-1.125991176396,1.395746936215,0.5500001));
#54 = ( BOUNDED_SURFACE() B_SPLINE_SURFACE(2,1,(
    (#55,#56)
    ,(#57,#58)
    ,(#59,#60)
    ,(#61,#62)
,(#63,#64
    )),.UNSPECIFIED.,.F.,.F.,.F.) B_SPLINE_SURFACE_WITH_KNOTS((3,2,3),(2
    ,2),(0.,1.570796326795,3.14159265359),(0.,1.E-03),
.PIECEWISE_BEZIER_KNOTS.) GEOMETRIC_REPRESENTATION_ITEM() 
RATIONAL_B_SPLINE_SURFACE((
    (1.,1.)
    ,(0.707106781187,0.707106781187)
    ,(1.,1.)
    ,(0.707106781187,0.707106781187)
,(1.,1.))) REPRESENTATION_ITEM('') SURFACE() );
#55 = CARTESIAN_POINT('',(-1.125991176396,1.395746936215,0.5510001));
#56 = CARTESIAN_POINT('',(-1.125991176396,1.395746936215,0.5500001));
#57 = CARTESIAN_POINT('',(-1.125991176396,1.587014897026,0.5510001));
#58 = CARTESIAN_POINT('',(-1.125991176396,1.587014897026,0.5500001));
#59 = CARTESIAN_POINT('',(-0.934723215584,1.587014897026,0.5510001));
#60 = CARTESIAN_POINT('',(-0.934723215584,1.587014897026,0.5500001));
#61 = CARTESIAN_POINT('',(-0.743455254773,1.587014897026,0.5510001));
#62 = CARTESIAN_POINT('',(-0.743455254773,1.587014897026,0.5500001));
#63 = CARTESIAN_POINT('',(-0.743455254773,1.395746936215,0.5510001));
#64 = CARTESIAN_POINT('',(-0.743455254773,1.395746936215,0.5500001));
#65 = ADVANCED_FACE('',(#66,#77,#194,#310,#396,#520,#550,#594,#680,#739,
    #797,#984,#1070,#1129,#1187),#1476,.F.);
#66 = FACE_BOUND('',#67,.T.);
#67 = EDGE_LOOP('',(#68,#76));
#68 = ORIENTED_EDGE('',*,*,#69,.F.);
#69 = EDGE_CURVE('',#41,#34,#70,.T.);
#70 = ( BOUNDED_CURVE() B_SPLINE_CURVE(2,(#71,#72,#73,#74,#75),
.UNSPECIFIED.,.F.,.F.) B_SPLINE_CURVE_WITH_KNOTS((3,2,3),(0.,
1.570796326795,3.14159265359),.PIECEWISE_BEZIER_KNOTS.) CURVE() 
GEOMETRIC_REPRESENTATION_ITEM() RATIONAL_B_SPLINE_CURVE((1.,
0.707106781187,1.,0.707106781187,1.)) REPRESENTATION_ITEM('') );
#71 = CARTESIAN_POINT('',(-1.125991176396,1.395746936215,0.5500001));
#72 = CARTESIAN_POINT('',(-1.125991176396,1.204478975403,0.5500001));
#73 = CARTESIAN_POINT('',(-0.934723215584,1.204478975403,0.5500001));
#74 = CARTESIAN_POINT('',(-0.743455254773,1.204478975403,0.5500001));
#75 = CARTESIAN_POINT('',(-0.743455254773,1.395746936215,0.5500001));
#76 = ORIENTED_EDGE('',*,*,#40,.F.);
#77 = FACE_BOUND('',#78,.T.);
#78 = EDGE_LOOP('',(#79,#88,#95,#104,#113,#120,#129,#138,#145,#152,#159,
    #166,#173,#180,#189));
#79 = ORIENTED_EDGE('',*,*,#80,.F.);
#80 = EDGE_CURVE('',#81,#83,#85,.T.);
#81 = VERTEX_POINT('',#82);
#82 = CARTESIAN_POINT('',(1.033867873741,-1.448153371851,0.5500001));
#83 = VERTEX_POINT('',#84);
#84 = CARTESIAN_POINT('',(1.033867873741,-1.437589431422,0.5500001));
#85 = B_SPLINE_CURVE_WITH_KNOTS('',1,(#86,#87),.UNSPECIFIED.,.F.,.F.,(2,
    2),(-1.056394042939E-02,2.22044604925E-16),
  .PIECEWISE_BEZIER_KNOTS.);
#86 = CARTESIAN_POINT('',(1.033867873741,-1.448153371851,0.5500001));
#87 = CARTESIAN_POINT('',(1.033867873741,-1.437589431422,0.5500001));
#88 = ORIENTED_EDGE('',*,*,#89,.F.);
#89 = EDGE_CURVE('',#90,#81,#92,.T.);
#90 = VERTEX_POINT('',#91);
#91 = CARTESIAN_POINT('',(0.966990644563,-1.421785111093,0.5500001));
#92 = B_SPLINE_CURVE_WITH_KNOTS('',1,(#93,#94),.UNSPECIFIED.,.F.,.F.,(2,
    2),(-7.188775248826E-02,0.),.PIECEWISE_BEZIER_KNOTS.);
#93 = CARTESIAN_POINT('',(0.966990644563,-1.421785111093,0.5500001));
#94 = CARTESIAN_POINT('',(1.033867873741,-1.448153371851,0.5500001));
#95 = ORIENTED_EDGE('',*,*,#96,.F.);
#96 = EDGE_CURVE('',#97,#90,#99,.T.);
#97 = VERTEX_POINT('',#98);
#98 = CARTESIAN_POINT('',(0.948399773019,-1.401052338242,0.5500001));
#99 = B_SPLINE_CURVE_WITH_KNOTS('',3,(#100,#101,#102,#103),
  .UNSPECIFIED.,.F.,.F.,(4,4),(1.,2.),.PIECEWISE_BEZIER_KNOTS.);
#100 = CARTESIAN_POINT('',(0.948399773019,-1.401052338242,0.5500001));
#101 = CARTESIAN_POINT('',(0.948399773019,-1.409973461164,0.5500001));
#102 = CARTESIAN_POINT('',(0.9545967302,-1.416877453728,0.5500001));
#103 = CARTESIAN_POINT('',(0.966990644563,-1.421785111093,0.5500001));
#104 = ORIENTED_EDGE('',*,*,#105,.F.);
#105 = EDGE_CURVE('',#106,#97,#108,.T.);
#106 = VERTEX_POINT('',#107);
#107 = CARTESIAN_POINT('',(0.949231579352,-1.394481068211,0.5500001));
#108 = B_SPLINE_CURVE_WITH_KNOTS('',3,(#109,#110,#111,#112),
  .UNSPECIFIED.,.F.,.F.,(4,4),(2.,3.),.PIECEWISE_BEZIER_KNOTS.);
#109 = CARTESIAN_POINT('',(0.949231579352,-1.394481068211,0.5500001));
#110 = CARTESIAN_POINT('',(0.948690905236,-1.396290246985,0.5500001));
#111 = CARTESIAN_POINT('',(0.948399773019,-1.398494533768,0.5500001));
#112 = CARTESIAN_POINT('',(0.948399773019,-1.401052338242,0.5500001));
#113 = ORIENTED_EDGE('',*,*,#114,.F.);
#114 = EDGE_CURVE('',#115,#106,#117,.T.);
#115 = VERTEX_POINT('',#116);
#116 = CARTESIAN_POINT('',(0.958298268383,-1.394481068211,0.5500001));
#117 = B_SPLINE_CURVE_WITH_KNOTS('',1,(#118,#119),.UNSPECIFIED.,.F.,.F.,
  (2,2),(-9.066689030487E-03,-0.),.PIECEWISE_BEZIER_KNOTS.);
#118 = CARTESIAN_POINT('',(0.958298268383,-1.394481068211,0.5500001));
#119 = CARTESIAN_POINT('',(0.949231579352,-1.394481068211,0.5500001));
#120 = ORIENTED_EDGE('',*,*,#121,.F.);
#121 = EDGE_CURVE('',#122,#115,#124,.T.);
#122 = VERTEX_POINT('',#123);
#123 = CARTESIAN_POINT('',(0.957133739516,-1.400262122225,0.5500001));
#124 = B_SPLINE_CURVE_WITH_KNOTS('',3,(#125,#126,#127,#128),
  .UNSPECIFIED.,.F.,.F.,(4,4),(4.,5.),.PIECEWISE_BEZIER_KNOTS.);
#125 = CARTESIAN_POINT('',(0.957133739516,-1.400262122225,0.5500001));
#126 = CARTESIAN_POINT('',(0.957133739516,-1.398390557976,0.5500001));
#127 = CARTESIAN_POINT('',(0.957508052366,-1.39647740341,0.5500001));
#128 = CARTESIAN_POINT('',(0.958298268383,-1.394481068211,0.5500001));
#129 = ORIENTED_EDGE('',*,*,#130,.F.);
#130 = EDGE_CURVE('',#131,#122,#133,.T.);
#131 = VERTEX_POINT('',#132);
#132 = CARTESIAN_POINT('',(0.965327031897,-1.410701291705,0.5500001));
#133 = B_SPLINE_CURVE_WITH_KNOTS('',3,(#134,#135,#136,#137),
  .UNSPECIFIED.,.F.,.F.,(4,4),(5.,6.),.PIECEWISE_BEZIER_KNOTS.);
#134 = CARTESIAN_POINT('',(0.965327031897,-1.410701291705,0.5500001));
#135 = CARTESIAN_POINT('',(0.959837110099,-1.408393029131,0.5500001));
#136 = CARTESIAN_POINT('',(0.957133739516,-1.404920237691,0.5500001));
#137 = CARTESIAN_POINT('',(0.957133739516,-1.400262122225,0.5500001));
#138 = ORIENTED_EDGE('',*,*,#139,.F.);
#139 = EDGE_CURVE('',#140,#131,#142,.T.);
#140 = VERTEX_POINT('',#141);
#141 = CARTESIAN_POINT('',(0.975890972327,-1.415172250745,0.5500001));
#142 = B_SPLINE_CURVE_WITH_KNOTS('',1,(#143,#144),.UNSPECIFIED.,.F.,.F.,
  (2,2),(-1.147110771232E-02,0.),.PIECEWISE_BEZIER_KNOTS.);
#143 = CARTESIAN_POINT('',(0.975890972327,-1.415172250745,0.5500001));
#144 = CARTESIAN_POINT('',(0.965327031897,-1.410701291705,0.5500001));
#145 = ORIENTED_EDGE('',*,*,#146,.F.);
#146 = EDGE_CURVE('',#147,#140,#149,.T.);
#147 = VERTEX_POINT('',#148);
#148 = CARTESIAN_POINT('',(1.033867873741,-1.39238075722,0.5500001));
#149 = B_SPLINE_CURVE_WITH_KNOTS('',1,(#150,#151),.UNSPECIFIED.,.F.,.F.,
  (2,2),(-6.229585278872E-02,-2.208816233218E-17),
  .PIECEWISE_BEZIER_KNOTS.);
#150 = CARTESIAN_POINT('',(1.033867873741,-1.39238075722,0.5500001));
#151 = CARTESIAN_POINT('',(0.975890972327,-1.415172250745,0.5500001));
#152 = ORIENTED_EDGE('',*,*,#153,.F.);
#153 = EDGE_CURVE('',#154,#147,#156,.T.);
#154 = VERTEX_POINT('',#155);
#155 = CARTESIAN_POINT('',(1.033867873741,-1.403776503983,0.5500001));
#156 = B_SPLINE_CURVE_WITH_KNOTS('',1,(#157,#158),.UNSPECIFIED.,.F.,.F.,
  (2,2),(-1.139574676288E-02,2.22044604925E-16),
  .PIECEWISE_BEZIER_KNOTS.);
#157 = CARTESIAN_POINT('',(1.033867873741,-1.403776503983,0.5500001));
#158 = CARTESIAN_POINT('',(1.033867873741,-1.39238075722,0.5500001));
#159 = ORIENTED_EDGE('',*,*,#160,.F.);
#160 = EDGE_CURVE('',#161,#154,#163,.T.);
#161 = VERTEX_POINT('',#162);
#162 = CARTESIAN_POINT('',(0.990198041255,-1.418956969561,0.5500001));
#163 = B_SPLINE_CURVE_WITH_KNOTS('',1,(#164,#165),.UNSPECIFIED.,.F.,.F.,
  (2,2),(-4.623311372248E-02,0.),.PIECEWISE_BEZIER_KNOTS.);
#164 = CARTESIAN_POINT('',(0.990198041255,-1.418956969561,0.5500001));
#165 = CARTESIAN_POINT('',(1.033867873741,-1.403776503983,0.5500001));
#166 = ORIENTED_EDGE('',*,*,#167,.F.);
#167 = EDGE_CURVE('',#168,#161,#170,.T.);
#168 = VERTEX_POINT('',#169);
#169 = CARTESIAN_POINT('',(0.98541515484,-1.420204679061,0.5500001));
#170 = B_SPLINE_CURVE_WITH_KNOTS('',1,(#171,#172),.UNSPECIFIED.,.F.,.F.,
  (2,2),(-4.942952706248E-03,0.),.PIECEWISE_BEZIER_KNOTS.);
#171 = CARTESIAN_POINT('',(0.98541515484,-1.420204679061,0.5500001));
#172 = CARTESIAN_POINT('',(0.990198041255,-1.418956969561,0.5500001));
#173 = ORIENTED_EDGE('',*,*,#174,.F.);
#174 = EDGE_CURVE('',#175,#168,#177,.T.);
#175 = VERTEX_POINT('',#176);
#176 = CARTESIAN_POINT('',(0.98541515484,-1.420475016118,0.5500001));
#177 = B_SPLINE_CURVE_WITH_KNOTS('',1,(#178,#179),.UNSPECIFIED.,.F.,.F.,
  (2,2),(-2.703370579338E-04,-2.22044604925E-16),
  .PIECEWISE_BEZIER_KNOTS.);
#178 = CARTESIAN_POINT('',(0.98541515484,-1.420475016118,0.5500001));
#179 = CARTESIAN_POINT('',(0.98541515484,-1.420204679061,0.5500001));
#180 = ORIENTED_EDGE('',*,*,#181,.F.);
#181 = EDGE_CURVE('',#182,#175,#184,.T.);
#182 = VERTEX_POINT('',#183);
#183 = CARTESIAN_POINT('',(0.990114860622,-1.421722725618,0.5500001));
#184 = B_SPLINE_CURVE_WITH_KNOTS('',3,(#185,#186,#187,#188),
  .UNSPECIFIED.,.F.,.F.,(4,4),(12.,13.),.PIECEWISE_BEZIER_KNOTS.);
#185 = CARTESIAN_POINT('',(0.990114860622,-1.421722725618,0.5500001));
#186 = CARTESIAN_POINT('',(0.988076935106,-1.421098870869,0.5500001));
#187 = CARTESIAN_POINT('',(0.986496503073,-1.420682967701,0.5500001));
#188 = CARTESIAN_POINT('',(0.98541515484,-1.420475016118,0.5500001));
#189 = ORIENTED_EDGE('',*,*,#190,.F.);
#190 = EDGE_CURVE('',#83,#182,#191,.T.);
#191 = B_SPLINE_CURVE_WITH_KNOTS('',1,(#192,#193),.UNSPECIFIED.,.F.,.F.,
  (2,2),(-4.654114856777E-02,0.),.PIECEWISE_BEZIER_KNOTS.);
#192 = CARTESIAN_POINT('',(1.033867873741,-1.437589431422,0.5500001));
#193 = CARTESIAN_POINT('',(0.990114860622,-1.421722725618,0.5500001));
#194 = FACE_BOUND('',#195,.T.);
#195 = EDGE_LOOP('',(#196,#207,#216,#223,#230,#237,#244,#253,#262,#271,
    #280,#287,#296,#305));
#196 = ORIENTED_EDGE('',*,*,#197,.F.);
#197 = EDGE_CURVE('',#198,#200,#202,.T.);
#198 = VERTEX_POINT('',#199);
#199 = CARTESIAN_POINT('',(1.035198763874,-1.313026433046,0.5500001));
#200 = VERTEX_POINT('',#201);
#201 = CARTESIAN_POINT('',(1.029792022709,-1.293021490736,0.5500001));
#202 = B_SPLINE_CURVE_WITH_KNOTS('',3,(#203,#204,#205,#206),
  .UNSPECIFIED.,.F.,.F.,(4,4),(0.,1.),.PIECEWISE_BEZIER_KNOTS.);
#203 = CARTESIAN_POINT('',(1.035198763874,-1.313026433046,0.5500001));
#204 = CARTESIAN_POINT('',(1.035198763874,-1.305456995416,0.5500001));
#205 = CARTESIAN_POINT('',(1.033410380257,-1.298781749593,0.5500001));
#206 = CARTESIAN_POINT('',(1.029792022709,-1.293021490736,0.5500001));
#207 = ORIENTED_EDGE('',*,*,#208,.F.);
#208 = EDGE_CURVE('',#209,#198,#211,.T.);
#209 = VERTEX_POINT('',#210);
#210 = CARTESIAN_POINT('',(1.013155896047,-1.334029542956,0.5500001));
#211 = B_SPLINE_CURVE_WITH_KNOTS('',3,(#212,#213,#214,#215),
  .UNSPECIFIED.,.F.,.F.,(4,4),(1.,2.),.PIECEWISE_BEZIER_KNOTS.);
#212 = CARTESIAN_POINT('',(1.013155896047,-1.334029542956,0.5500001));
#213 = CARTESIAN_POINT('',(1.027878868143,-1.334029542956,0.5500001));
#214 = CARTESIAN_POINT('',(1.035198763874,-1.3270215746,0.5500001));
#215 = CARTESIAN_POINT('',(1.035198763874,-1.313026433046,0.5500001));
#216 = ORIENTED_EDGE('',*,*,#217,.F.);
#217 = EDGE_CURVE('',#218,#209,#220,.T.);
#218 = VERTEX_POINT('',#219);
#219 = CARTESIAN_POINT('',(0.975766201377,-1.334029542956,0.5500001));
#220 = B_SPLINE_CURVE_WITH_KNOTS('',1,(#221,#222),.UNSPECIFIED.,.F.,.F.,
  (2,2),(-3.738969467029E-02,0.),.PIECEWISE_BEZIER_KNOTS.);
#221 = CARTESIAN_POINT('',(0.975766201377,-1.334029542956,0.5500001));
#222 = CARTESIAN_POINT('',(1.013155896047,-1.334029542956,0.5500001));
#223 = ORIENTED_EDGE('',*,*,#224,.F.);
#224 = EDGE_CURVE('',#225,#218,#227,.T.);
#225 = VERTEX_POINT('',#226);
#226 = CARTESIAN_POINT('',(0.975766201377,-1.323839915376,0.5500001));
#227 = B_SPLINE_CURVE_WITH_KNOTS('',1,(#228,#229),.UNSPECIFIED.,.F.,.F.,
  (2,2),(-1.018962757994E-02,0.),.PIECEWISE_BEZIER_KNOTS.);
#228 = CARTESIAN_POINT('',(0.975766201377,-1.323839915376,0.5500001));
#229 = CARTESIAN_POINT('',(0.975766201377,-1.334029542956,0.5500001));
#230 = ORIENTED_EDGE('',*,*,#231,.F.);
#231 = EDGE_CURVE('',#232,#225,#234,.T.);
#232 = VERTEX_POINT('',#233);
#233 = CARTESIAN_POINT('',(0.984749709774,-1.323839915376,0.5500001));
#234 = B_SPLINE_CURVE_WITH_KNOTS('',1,(#235,#236),.UNSPECIFIED.,.F.,.F.,
  (2,2),(-8.983508396722E-03,-0.),.PIECEWISE_BEZIER_KNOTS.);
#235 = CARTESIAN_POINT('',(0.984749709774,-1.323839915376,0.5500001));
#236 = CARTESIAN_POINT('',(0.975766201377,-1.323839915376,0.5500001));
#237 = ORIENTED_EDGE('',*,*,#238,.F.);
#238 = EDGE_CURVE('',#239,#232,#241,.T.);
#239 = VERTEX_POINT('',#240);
#240 = CARTESIAN_POINT('',(0.984749709774,-1.323569578318,0.5500001));
#241 = B_SPLINE_CURVE_WITH_KNOTS('',1,(#242,#243),.UNSPECIFIED.,.F.,.F.,
  (2,2),(-2.703370582109E-04,-0.),.PIECEWISE_BEZIER_KNOTS.);
#242 = CARTESIAN_POINT('',(0.984749709774,-1.323569578318,0.5500001));
#243 = CARTESIAN_POINT('',(0.984749709774,-1.323839915376,0.5500001));
#244 = ORIENTED_EDGE('',*,*,#245,.F.);
#245 = EDGE_CURVE('',#246,#239,#248,.T.);
#246 = VERTEX_POINT('',#247);
#247 = CARTESIAN_POINT('',(0.974393720927,-1.305768922791,0.5500001));
#248 = B_SPLINE_CURVE_WITH_KNOTS('',3,(#249,#250,#251,#252),
  .UNSPECIFIED.,.F.,.F.,(4,4),(6.,7.),.PIECEWISE_BEZIER_KNOTS.);
#249 = CARTESIAN_POINT('',(0.974393720927,-1.305768922791,0.5500001));
#250 = CARTESIAN_POINT('',(0.974393720927,-1.313608697479,0.5500001));
#251 = CARTESIAN_POINT('',(0.977845717209,-1.319556112761,0.5500001));
#252 = CARTESIAN_POINT('',(0.984749709774,-1.323569578318,0.5500001));
#253 = ORIENTED_EDGE('',*,*,#254,.F.);
#254 = EDGE_CURVE('',#255,#246,#257,.T.);
#255 = VERTEX_POINT('',#256);
#256 = CARTESIAN_POINT('',(0.978968655759,-1.292335250512,0.5500001));
#257 = B_SPLINE_CURVE_WITH_KNOTS('',3,(#258,#259,#260,#261),
  .UNSPECIFIED.,.F.,.F.,(4,4),(7.,8.),.PIECEWISE_BEZIER_KNOTS.);
#258 = CARTESIAN_POINT('',(0.978968655759,-1.292335250512,0.5500001));
#259 = CARTESIAN_POINT('',(0.975932562643,-1.295662475844,0.5500001));
#260 = CARTESIAN_POINT('',(0.974393720927,-1.300133434884,0.5500001));
#261 = CARTESIAN_POINT('',(0.974393720927,-1.305768922791,0.5500001));
#262 = ORIENTED_EDGE('',*,*,#263,.F.);
#263 = EDGE_CURVE('',#264,#255,#266,.T.);
#264 = VERTEX_POINT('',#265);
#265 = CARTESIAN_POINT('',(0.991320979805,-1.287344412513,0.5500001));
#266 = B_SPLINE_CURVE_WITH_KNOTS('',3,(#267,#268,#269,#270),
  .UNSPECIFIED.,.F.,.F.,(4,4),(8.,9.),.PIECEWISE_BEZIER_KNOTS.);
#267 = CARTESIAN_POINT('',(0.991320979805,-1.287344412513,0.5500001));
#268 = CARTESIAN_POINT('',(0.986122190223,-1.287344412513,0.5500001));
#269 = CARTESIAN_POINT('',(0.982004748874,-1.289008025179,0.5500001));
#270 = CARTESIAN_POINT('',(0.978968655759,-1.292335250512,0.5500001));
#271 = ORIENTED_EDGE('',*,*,#272,.F.);
#272 = EDGE_CURVE('',#273,#264,#275,.T.);
#273 = VERTEX_POINT('',#274);
#274 = CARTESIAN_POINT('',(1.010286164199,-1.306621524282,0.5500001));
#275 = B_SPLINE_CURVE_WITH_KNOTS('',3,(#276,#277,#278,#279),
  .UNSPECIFIED.,.F.,.F.,(4,4),(9.,10.),.PIECEWISE_BEZIER_KNOTS.);
#276 = CARTESIAN_POINT('',(1.010286164199,-1.306621524282,0.5500001));
#277 = CARTESIAN_POINT('',(1.008497780582,-1.293770116436,0.5500001));
#278 = CARTESIAN_POINT('',(1.002176052451,-1.287344412513,0.5500001));
#279 = CARTESIAN_POINT('',(0.991320979805,-1.287344412513,0.5500001));
#280 = ORIENTED_EDGE('',*,*,#281,.F.);
#281 = EDGE_CURVE('',#282,#273,#284,.T.);
#282 = VERTEX_POINT('',#283);
#283 = CARTESIAN_POINT('',(1.012698402565,-1.323839915376,0.5500001));
#284 = B_SPLINE_CURVE_WITH_KNOTS('',1,(#285,#286),.UNSPECIFIED.,.F.,.F.,
  (2,2),(-1.738654323922E-02,0.),.PIECEWISE_BEZIER_KNOTS.);
#285 = CARTESIAN_POINT('',(1.012698402565,-1.323839915376,0.5500001));
#286 = CARTESIAN_POINT('',(1.010286164199,-1.306621524282,0.5500001));
#287 = ORIENTED_EDGE('',*,*,#288,.F.);
#288 = EDGE_CURVE('',#289,#282,#291,.T.);
#289 = VERTEX_POINT('',#290);
#290 = CARTESIAN_POINT('',(1.02692229086,-1.312069855763,0.5500001));
#291 = B_SPLINE_CURVE_WITH_KNOTS('',3,(#292,#293,#294,#295),
  .UNSPECIFIED.,.F.,.F.,(4,4),(11.,12.),.PIECEWISE_BEZIER_KNOTS.);
#292 = CARTESIAN_POINT('',(1.02692229086,-1.312069855763,0.5500001));
#293 = CARTESIAN_POINT('',(1.02692229086,-1.319909630452,0.5500001));
#294 = CARTESIAN_POINT('',(1.022180994761,-1.323839915376,0.5500001));
#295 = CARTESIAN_POINT('',(1.012698402565,-1.323839915376,0.5500001));
#296 = ORIENTED_EDGE('',*,*,#297,.F.);
#297 = EDGE_CURVE('',#298,#289,#300,.T.);
#298 = VERTEX_POINT('',#299);
#299 = CARTESIAN_POINT('',(1.019893527345,-1.293021490736,0.5500001));
#300 = B_SPLINE_CURVE_WITH_KNOTS('',3,(#301,#302,#303,#304),
  .UNSPECIFIED.,.F.,.F.,(4,4),(12.,13.),.PIECEWISE_BEZIER_KNOTS.);
#301 = CARTESIAN_POINT('',(1.019893527345,-1.293021490736,0.5500001));
#302 = CARTESIAN_POINT('',(1.02455164281,-1.298760954434,0.5500001));
#303 = CARTESIAN_POINT('',(1.02692229086,-1.305103477724,0.5500001));
#304 = CARTESIAN_POINT('',(1.02692229086,-1.312069855763,0.5500001));
#305 = ORIENTED_EDGE('',*,*,#306,.F.);
#306 = EDGE_CURVE('',#200,#298,#307,.T.);
#307 = B_SPLINE_CURVE_WITH_KNOTS('',1,(#308,#309),.UNSPECIFIED.,.F.,.F.,
  (2,2),(-9.898495363703E-03,4.864198733298E-30),
  .PIECEWISE_BEZIER_KNOTS.);
#308 = CARTESIAN_POINT('',(1.029792022709,-1.293021490736,0.5500001));
#309 = CARTESIAN_POINT('',(1.019893527345,-1.293021490736,0.5500001));
#310 = FACE_BOUND('',#311,.T.);
#311 = EDGE_LOOP('',(#312,#321,#328,#335,#342,#349,#356,#363,#370,#377,
    #384,#391));
#312 = ORIENTED_EDGE('',*,*,#313,.F.);
#313 = EDGE_CURVE('',#314,#316,#318,.T.);
#314 = VERTEX_POINT('',#315);
#315 = CARTESIAN_POINT('',(0.975766201377,-1.277591483258,0.5500001));
#316 = VERTEX_POINT('',#317);
#317 = CARTESIAN_POINT('',(0.98504084199,-1.277591483258,0.5500001));
#318 = B_SPLINE_CURVE_WITH_KNOTS('',1,(#319,#320),.UNSPECIFIED.,.F.,.F.,
  (2,2),(-9.274640613515E-03,0.),.PIECEWISE_BEZIER_KNOTS.);
#319 = CARTESIAN_POINT('',(0.975766201377,-1.277591483258,0.5500001));
#320 = CARTESIAN_POINT('',(0.98504084199,-1.277591483258,0.5500001));
#321 = ORIENTED_EDGE('',*,*,#322,.F.);
#322 = EDGE_CURVE('',#323,#314,#325,.T.);
#323 = VERTEX_POINT('',#324);
#324 = CARTESIAN_POINT('',(0.975766201377,-1.23383847014,0.5500001));
#325 = B_SPLINE_CURVE_WITH_KNOTS('',1,(#326,#327),.UNSPECIFIED.,.F.,.F.,
  (2,2),(-4.375301311866E-02,0.),.PIECEWISE_BEZIER_KNOTS.);
#326 = CARTESIAN_POINT('',(0.975766201377,-1.23383847014,0.5500001));
#327 = CARTESIAN_POINT('',(0.975766201377,-1.277591483258,0.5500001));
#328 = ORIENTED_EDGE('',*,*,#329,.F.);
#329 = EDGE_CURVE('',#330,#323,#332,.T.);
#330 = VERTEX_POINT('',#331);
#331 = CARTESIAN_POINT('',(1.05711686075,-1.23383847014,0.5500001));
#332 = B_SPLINE_CURVE_WITH_KNOTS('',1,(#333,#334),.UNSPECIFIED.,.F.,.F.,
  (2,2),(-8.135065937253E-02,-0.),.PIECEWISE_BEZIER_KNOTS.);
#333 = CARTESIAN_POINT('',(1.05711686075,-1.23383847014,0.5500001));
#334 = CARTESIAN_POINT('',(0.975766201377,-1.23383847014,0.5500001));
#335 = ORIENTED_EDGE('',*,*,#336,.F.);
#336 = EDGE_CURVE('',#337,#330,#339,.T.);
#337 = VERTEX_POINT('',#338);
#338 = CARTESIAN_POINT('',(1.05711686075,-1.275740714167,0.5500001));
#339 = B_SPLINE_CURVE_WITH_KNOTS('',1,(#340,#341),.UNSPECIFIED.,.F.,.F.,
  (2,2),(-4.190224402751E-02,0.),.PIECEWISE_BEZIER_KNOTS.);
#340 = CARTESIAN_POINT('',(1.05711686075,-1.275740714167,0.5500001));
#341 = CARTESIAN_POINT('',(1.05711686075,-1.23383847014,0.5500001));
#342 = ORIENTED_EDGE('',*,*,#343,.F.);
#343 = EDGE_CURVE('',#344,#337,#346,.T.);
#344 = VERTEX_POINT('',#345);
#345 = CARTESIAN_POINT('',(1.047759039503,-1.275740714167,0.5500001));
#346 = B_SPLINE_CURVE_WITH_KNOTS('',1,(#347,#348),.UNSPECIFIED.,.F.,.F.,
  (2,2),(-9.357821246724E-03,0.),.PIECEWISE_BEZIER_KNOTS.);
#347 = CARTESIAN_POINT('',(1.047759039503,-1.275740714167,0.5500001));
#348 = CARTESIAN_POINT('',(1.05711686075,-1.275740714167,0.5500001));
#349 = ORIENTED_EDGE('',*,*,#350,.F.);
#350 = EDGE_CURVE('',#351,#344,#353,.T.);
#351 = VERTEX_POINT('',#352);
#352 = CARTESIAN_POINT('',(1.047759039503,-1.244340025094,0.5500001));
#353 = B_SPLINE_CURVE_WITH_KNOTS('',1,(#354,#355),.UNSPECIFIED.,.F.,.F.,
  (2,2),(-3.140068907275E-02,0.),.PIECEWISE_BEZIER_KNOTS.);
#354 = CARTESIAN_POINT('',(1.047759039503,-1.244340025094,0.5500001));
#355 = CARTESIAN_POINT('',(1.047759039503,-1.275740714167,0.5500001));
#356 = ORIENTED_EDGE('',*,*,#357,.F.);
#357 = EDGE_CURVE('',#358,#351,#360,.T.);
#358 = VERTEX_POINT('',#359);
#359 = CARTESIAN_POINT('',(1.021723501278,-1.244340025094,0.5500001));
#360 = B_SPLINE_CURVE_WITH_KNOTS('',1,(#361,#362),.UNSPECIFIED.,.F.,.F.,
  (2,2),(-2.603553822485E-02,0.),.PIECEWISE_BEZIER_KNOTS.);
#361 = CARTESIAN_POINT('',(1.021723501278,-1.244340025094,0.5500001));
#362 = CARTESIAN_POINT('',(1.047759039503,-1.244340025094,0.5500001));
#363 = ORIENTED_EDGE('',*,*,#364,.F.);
#364 = EDGE_CURVE('',#365,#358,#367,.T.);
#365 = VERTEX_POINT('',#366);
#366 = CARTESIAN_POINT('',(1.021723501278,-1.273432451593,0.5500001));
#367 = B_SPLINE_CURVE_WITH_KNOTS('',1,(#368,#369),.UNSPECIFIED.,.F.,.F.,
  (2,2),(-2.909242649866E-02,0.),.PIECEWISE_BEZIER_KNOTS.);
#368 = CARTESIAN_POINT('',(1.021723501278,-1.273432451593,0.5500001));
#369 = CARTESIAN_POINT('',(1.021723501278,-1.244340025094,0.5500001));
#370 = ORIENTED_EDGE('',*,*,#371,.F.);
#371 = EDGE_CURVE('',#372,#365,#374,.T.);
#372 = VERTEX_POINT('',#373);
#373 = CARTESIAN_POINT('',(1.012407270348,-1.273432451593,0.5500001));
#374 = B_SPLINE_CURVE_WITH_KNOTS('',1,(#375,#376),.UNSPECIFIED.,.F.,.F.,
  (2,2),(-9.316230930119E-03,0.),.PIECEWISE_BEZIER_KNOTS.);
#375 = CARTESIAN_POINT('',(1.012407270348,-1.273432451593,0.5500001));
#376 = CARTESIAN_POINT('',(1.021723501278,-1.273432451593,0.5500001));
#377 = ORIENTED_EDGE('',*,*,#378,.F.);
#378 = EDGE_CURVE('',#379,#372,#381,.T.);
#379 = VERTEX_POINT('',#380);
#380 = CARTESIAN_POINT('',(1.012407270348,-1.244340025094,0.5500001));
#381 = B_SPLINE_CURVE_WITH_KNOTS('',1,(#382,#383),.UNSPECIFIED.,.F.,.F.,
  (2,2),(-2.909242649866E-02,0.),.PIECEWISE_BEZIER_KNOTS.);
#382 = CARTESIAN_POINT('',(1.012407270348,-1.244340025094,0.5500001));
#383 = CARTESIAN_POINT('',(1.012407270348,-1.273432451593,0.5500001));
#384 = ORIENTED_EDGE('',*,*,#385,.F.);
#385 = EDGE_CURVE('',#386,#379,#388,.T.);
#386 = VERTEX_POINT('',#387);
#387 = CARTESIAN_POINT('',(0.98504084199,-1.244340025094,0.5500001));
#388 = B_SPLINE_CURVE_WITH_KNOTS('',1,(#389,#390),.UNSPECIFIED.,.F.,.F.,
  (2,2),(-2.736642835733E-02,0.),.PIECEWISE_BEZIER_KNOTS.);
#389 = CARTESIAN_POINT('',(0.98504084199,-1.244340025094,0.5500001));
#390 = CARTESIAN_POINT('',(1.012407270348,-1.244340025094,0.5500001));
#391 = ORIENTED_EDGE('',*,*,#392,.F.);
#392 = EDGE_CURVE('',#316,#386,#393,.T.);
#393 = B_SPLINE_CURVE_WITH_KNOTS('',1,(#394,#395),.UNSPECIFIED.,.F.,.F.,
  (2,2),(-3.325145816391E-02,0.),.PIECEWISE_BEZIER_KNOTS.);
#394 = CARTESIAN_POINT('',(0.98504084199,-1.277591483258,0.5500001));
#395 = CARTESIAN_POINT('',(0.98504084199,-1.244340025094,0.5500001));
#396 = FACE_BOUND('',#397,.T.);
#397 = EDGE_LOOP('',(#398,#409,#418,#427,#436,#445,#454,#461,#470,#479,
    #488,#497,#506,#515));
#398 = ORIENTED_EDGE('',*,*,#399,.F.);
#399 = EDGE_CURVE('',#400,#402,#404,.T.);
#400 = VERTEX_POINT('',#401);
#401 = CARTESIAN_POINT('',(1.1034484735,-1.31845396937,0.5500001));
#402 = VERTEX_POINT('',#403);
#403 = CARTESIAN_POINT('',(1.108189769599,-1.340975125837,0.5500001));
#404 = B_SPLINE_CURVE_WITH_KNOTS('',3,(#405,#406,#407,#408),
  .UNSPECIFIED.,.F.,.F.,(4,4),(0.,1.),.PIECEWISE_BEZIER_KNOTS.);
#405 = CARTESIAN_POINT('',(1.1034484735,-1.31845396937,0.5500001));
#406 = CARTESIAN_POINT('',(1.1034484735,-1.327479068083,0.5500001));
#407 = CARTESIAN_POINT('',(1.105028905533,-1.334986120239,0.5500001));
#408 = CARTESIAN_POINT('',(1.108189769599,-1.340975125837,0.5500001));
#409 = ORIENTED_EDGE('',*,*,#410,.F.);
#410 = EDGE_CURVE('',#411,#400,#413,.T.);
#411 = VERTEX_POINT('',#412);
#412 = CARTESIAN_POINT('',(1.114553088047,-1.290505276579,0.5500001));
#413 = B_SPLINE_CURVE_WITH_KNOTS('',3,(#414,#415,#416,#417),
  .UNSPECIFIED.,.F.,.F.,(4,4),(1.,2.),.PIECEWISE_BEZIER_KNOTS.);
#414 = CARTESIAN_POINT('',(1.114553088047,-1.290505276579,0.5500001));
#415 = CARTESIAN_POINT('',(1.107150011683,-1.297471654618,0.5500001));
#416 = CARTESIAN_POINT('',(1.1034484735,-1.306787885548,0.5500001));
#417 = CARTESIAN_POINT('',(1.1034484735,-1.31845396937,0.5500001));
#418 = ORIENTED_EDGE('',*,*,#419,.F.);
#419 = EDGE_CURVE('',#420,#411,#422,.T.);
#420 = VERTEX_POINT('',#421);
#421 = CARTESIAN_POINT('',(1.14395744192,-1.280066107099,0.5500001));
#422 = B_SPLINE_CURVE_WITH_KNOTS('',3,(#423,#424,#425,#426),
  .UNSPECIFIED.,.F.,.F.,(4,4),(2.,3.),.PIECEWISE_BEZIER_KNOTS.);
#423 = CARTESIAN_POINT('',(1.14395744192,-1.280066107099,0.5500001));
#424 = CARTESIAN_POINT('',(1.131771479141,-1.280066107099,0.5500001));
#425 = CARTESIAN_POINT('',(1.121956164411,-1.283538898539,0.5500001));
#426 = CARTESIAN_POINT('',(1.114553088047,-1.290505276579,0.5500001));
#427 = ORIENTED_EDGE('',*,*,#428,.F.);
#428 = EDGE_CURVE('',#429,#420,#431,.T.);
#429 = VERTEX_POINT('',#430);
#430 = CARTESIAN_POINT('',(1.175566082576,-1.291815371553,0.5500001));
#431 = B_SPLINE_CURVE_WITH_KNOTS('',3,(#432,#433,#434,#435),
  .UNSPECIFIED.,.F.,.F.,(4,4),(3.,4.),.PIECEWISE_BEZIER_KNOTS.);
#432 = CARTESIAN_POINT('',(1.175566082576,-1.291815371553,0.5500001));
#433 = CARTESIAN_POINT('',(1.167580741779,-1.283975596864,0.5500001));
#434 = CARTESIAN_POINT('',(1.157058391666,-1.280066107099,0.5500001));
#435 = CARTESIAN_POINT('',(1.14395744192,-1.280066107099,0.5500001));
#436 = ORIENTED_EDGE('',*,*,#437,.F.);
#437 = EDGE_CURVE('',#438,#429,#440,.T.);
#438 = VERTEX_POINT('',#439);
#439 = CARTESIAN_POINT('',(1.187544093772,-1.321698014068,0.5500001));
#440 = B_SPLINE_CURVE_WITH_KNOTS('',3,(#441,#442,#443,#444),
  .UNSPECIFIED.,.F.,.F.,(4,4),(4.,5.),.PIECEWISE_BEZIER_KNOTS.);
#441 = CARTESIAN_POINT('',(1.187544093772,-1.321698014068,0.5500001));
#442 = CARTESIAN_POINT('',(1.187544093772,-1.309616027081,0.5500001));
#443 = CARTESIAN_POINT('',(1.183551423374,-1.299655146243,0.5500001));
#444 = CARTESIAN_POINT('',(1.175566082576,-1.291815371553,0.5500001));
#445 = ORIENTED_EDGE('',*,*,#446,.F.);
#446 = EDGE_CURVE('',#447,#438,#449,.T.);
#447 = VERTEX_POINT('',#448);
#448 = CARTESIAN_POINT('',(1.18421686844,-1.340975125837,0.5500001));
#449 = B_SPLINE_CURVE_WITH_KNOTS('',3,(#450,#451,#452,#453),
  .UNSPECIFIED.,.F.,.F.,(4,4),(5.,6.),.PIECEWISE_BEZIER_KNOTS.);
#450 = CARTESIAN_POINT('',(1.18421686844,-1.340975125837,0.5500001));
#451 = CARTESIAN_POINT('',(1.186421155223,-1.335901107205,0.5500001));
#452 = CARTESIAN_POINT('',(1.187544093772,-1.329475403282,0.5500001));
#453 = CARTESIAN_POINT('',(1.187544093772,-1.321698014068,0.5500001));
#454 = ORIENTED_EDGE('',*,*,#455,.F.);
#455 = EDGE_CURVE('',#456,#447,#458,.T.);
#456 = VERTEX_POINT('',#457);
#457 = CARTESIAN_POINT('',(1.173237024844,-1.340975125837,0.5500001));
#458 = B_SPLINE_CURVE_WITH_KNOTS('',1,(#459,#460),.UNSPECIFIED.,.F.,.F.,
  (2,2),(-1.097984359599E-02,0.),.PIECEWISE_BEZIER_KNOTS.);
#459 = CARTESIAN_POINT('',(1.173237024844,-1.340975125837,0.5500001));
#460 = CARTESIAN_POINT('',(1.18421686844,-1.340975125837,0.5500001));
#461 = ORIENTED_EDGE('',*,*,#462,.F.);
#462 = EDGE_CURVE('',#463,#456,#465,.T.);
#463 = VERTEX_POINT('',#464);
#464 = CARTESIAN_POINT('',(1.178061501575,-1.32180198986,0.5500001));
#465 = B_SPLINE_CURVE_WITH_KNOTS('',3,(#466,#467,#468,#469),
  .UNSPECIFIED.,.F.,.F.,(4,4),(7.,8.),.PIECEWISE_BEZIER_KNOTS.);
#466 = CARTESIAN_POINT('',(1.178061501575,-1.32180198986,0.5500001));
#467 = CARTESIAN_POINT('',(1.178061501575,-1.328768367899,0.5500001));
#468 = CARTESIAN_POINT('',(1.176481069543,-1.335152481506,0.5500001));
#469 = CARTESIAN_POINT('',(1.173237024844,-1.340975125837,0.5500001));
#470 = ORIENTED_EDGE('',*,*,#471,.F.);
#471 = EDGE_CURVE('',#472,#463,#474,.T.);
#472 = VERTEX_POINT('',#473);
#473 = CARTESIAN_POINT('',(1.169036402862,-1.299634351084,0.5500001));
#474 = B_SPLINE_CURVE_WITH_KNOTS('',3,(#475,#476,#477,#478),
  .UNSPECIFIED.,.F.,.F.,(4,4),(8.,9.),.PIECEWISE_BEZIER_KNOTS.);
#475 = CARTESIAN_POINT('',(1.169036402862,-1.299634351084,0.5500001));
#476 = CARTESIAN_POINT('',(1.175066998776,-1.305353019624,0.5500001));
#477 = CARTESIAN_POINT('',(1.178061501575,-1.31273530083,0.5500001));
#478 = CARTESIAN_POINT('',(1.178061501575,-1.32180198986,0.5500001));
#479 = ORIENTED_EDGE('',*,*,#480,.F.);
#480 = EDGE_CURVE('',#481,#472,#483,.T.);
#481 = VERTEX_POINT('',#482);
#482 = CARTESIAN_POINT('',(1.14458129667,-1.291087541012,0.5500001));
#483 = B_SPLINE_CURVE_WITH_KNOTS('',3,(#484,#485,#486,#487),
  .UNSPECIFIED.,.F.,.F.,(4,4),(9.,10.),.PIECEWISE_BEZIER_KNOTS.);
#484 = CARTESIAN_POINT('',(1.14458129667,-1.291087541012,0.5500001));
#485 = CARTESIAN_POINT('',(1.154812514567,-1.291087541012,0.5500001));
#486 = CARTESIAN_POINT('',(1.16296421663,-1.293936477703,0.5500001));
#487 = CARTESIAN_POINT('',(1.169036402862,-1.299634351084,0.5500001));
#488 = ORIENTED_EDGE('',*,*,#489,.F.);
#489 = EDGE_CURVE('',#490,#481,#492,.T.);
#490 = VERTEX_POINT('',#491);
#491 = CARTESIAN_POINT('',(1.121373899978,-1.299072881809,0.5500001));
#492 = B_SPLINE_CURVE_WITH_KNOTS('',3,(#493,#494,#495,#496),
  .UNSPECIFIED.,.F.,.F.,(4,4),(10.,11.),.PIECEWISE_BEZIER_KNOTS.);
#493 = CARTESIAN_POINT('',(1.121373899978,-1.299072881809,0.5500001));
#494 = CARTESIAN_POINT('',(1.127113363676,-1.293749321278,0.5500001));
#495 = CARTESIAN_POINT('',(1.134849162574,-1.291087541012,0.5500001));
#496 = CARTESIAN_POINT('',(1.14458129667,-1.291087541012,0.5500001));
#497 = ORIENTED_EDGE('',*,*,#498,.F.);
#498 = EDGE_CURVE('',#499,#490,#501,.T.);
#499 = VERTEX_POINT('',#500);
#500 = CARTESIAN_POINT('',(1.112806294747,-1.319972015927,0.5500001));
#501 = B_SPLINE_CURVE_WITH_KNOTS('',3,(#502,#503,#504,#505),
  .UNSPECIFIED.,.F.,.F.,(4,4),(11.,12.),.PIECEWISE_BEZIER_KNOTS.);
#502 = CARTESIAN_POINT('',(1.112806294747,-1.319972015927,0.5500001));
#503 = CARTESIAN_POINT('',(1.112806294747,-1.31136282038,0.5500001));
#504 = CARTESIAN_POINT('',(1.115676026596,-1.304396442341,0.5500001));
#505 = CARTESIAN_POINT('',(1.121373899978,-1.299072881809,0.5500001));
#506 = ORIENTED_EDGE('',*,*,#507,.F.);
#507 = EDGE_CURVE('',#508,#499,#510,.T.);
#508 = VERTEX_POINT('',#509);
#509 = CARTESIAN_POINT('',(1.118254626229,-1.340975125837,0.5500001));
#510 = B_SPLINE_CURVE_WITH_KNOTS('',3,(#511,#512,#513,#514),
  .UNSPECIFIED.,.F.,.F.,(4,4),(12.,13.),.PIECEWISE_BEZIER_KNOTS.);
#511 = CARTESIAN_POINT('',(1.118254626229,-1.340975125837,0.5500001));
#512 = CARTESIAN_POINT('',(1.11463626868,-1.335027710556,0.5500001));
#513 = CARTESIAN_POINT('',(1.112806294747,-1.3280197422,0.5500001));
#514 = CARTESIAN_POINT('',(1.112806294747,-1.319972015927,0.5500001));
#515 = ORIENTED_EDGE('',*,*,#516,.F.);
#516 = EDGE_CURVE('',#402,#508,#517,.T.);
#517 = B_SPLINE_CURVE_WITH_KNOTS('',1,(#518,#519),.UNSPECIFIED.,.F.,.F.,
  (2,2),(-1.006485663012E-02,2.22044604925E-16),
  .PIECEWISE_BEZIER_KNOTS.);
#518 = CARTESIAN_POINT('',(1.108189769599,-1.340975125837,0.5500001));
#519 = CARTESIAN_POINT('',(1.118254626229,-1.340975125837,0.5500001));
#520 = FACE_BOUND('',#521,.T.);
#521 = EDGE_LOOP('',(#522,#531,#538,#545));
#522 = ORIENTED_EDGE('',*,*,#523,.T.);
#523 = EDGE_CURVE('',#524,#526,#528,.T.);
#524 = VERTEX_POINT('',#525);
#525 = CARTESIAN_POINT('',(-1.5,2.,0.5500001));
#526 = VERTEX_POINT('',#527);
#527 = CARTESIAN_POINT('',(-1.5,-2.,0.5500001));
#528 = B_SPLINE_CURVE_WITH_KNOTS('',1,(#529,#530),.UNSPECIFIED.,.F.,.F.,
  (2,2),(-2.,2.),.PIECEWISE_BEZIER_KNOTS.);
#529 = CARTESIAN_POINT('',(-1.5,2.,0.5500001));
#530 = CARTESIAN_POINT('',(-1.5,-2.,0.5500001));
#531 = ORIENTED_EDGE('',*,*,#532,.F.);
#532 = EDGE_CURVE('',#533,#526,#535,.T.);
#533 = VERTEX_POINT('',#534);
#534 = CARTESIAN_POINT('',(1.5,-2.,0.5500001));
#535 = B_SPLINE_CURVE_WITH_KNOTS('',1,(#536,#537),.UNSPECIFIED.,.F.,.F.,
  (2,2),(-1.5,1.5),.PIECEWISE_BEZIER_KNOTS.);
#536 = CARTESIAN_POINT('',(1.5,-2.,0.5500001));
#537 = CARTESIAN_POINT('',(-1.5,-2.,0.5500001));
#538 = ORIENTED_EDGE('',*,*,#539,.F.);
#539 = EDGE_CURVE('',#540,#533,#542,.T.);
#540 = VERTEX_POINT('',#541);
#541 = CARTESIAN_POINT('',(1.5,2.,0.5500001));
#542 = B_SPLINE_CURVE_WITH_KNOTS('',1,(#543,#544),.UNSPECIFIED.,.F.,.F.,
  (2,2),(-2.,2.),.PIECEWISE_BEZIER_KNOTS.);
#543 = CARTESIAN_POINT('',(1.5,2.,0.5500001));
#544 = CARTESIAN_POINT('',(1.5,-2.,0.5500001));
#545 = ORIENTED_EDGE('',*,*,#546,.T.);
#546 = EDGE_CURVE('',#540,#524,#547,.T.);
#547 = B_SPLINE_CURVE_WITH_KNOTS('',1,(#548,#549),.UNSPECIFIED.,.F.,.F.,
  (2,2),(-1.5,1.5),.PIECEWISE_BEZIER_KNOTS.);
#548 = CARTESIAN_POINT('',(1.5,2.,0.5500001));
#549 = CARTESIAN_POINT('',(-1.5,2.,0.5500001));
#550 = FACE_BOUND('',#551,.T.);
#551 = EDGE_LOOP('',(#552,#561,#568,#575,#582,#589));
#552 = ORIENTED_EDGE('',*,*,#553,.F.);
#553 = EDGE_CURVE('',#554,#556,#558,.T.);
#554 = VERTEX_POINT('',#555);
#555 = CARTESIAN_POINT('',(1.10482095395,-1.276738881767,0.5500001));
#556 = VERTEX_POINT('',#557);
#557 = CARTESIAN_POINT('',(1.114095594564,-1.276738881767,0.5500001));
#558 = B_SPLINE_CURVE_WITH_KNOTS('',1,(#559,#560),.UNSPECIFIED.,.F.,.F.,
  (2,2),(-9.274640613513E-03,0.),.PIECEWISE_BEZIER_KNOTS.);
#559 = CARTESIAN_POINT('',(1.10482095395,-1.276738881767,0.5500001));
#560 = CARTESIAN_POINT('',(1.114095594564,-1.276738881767,0.5500001));
#561 = ORIENTED_EDGE('',*,*,#562,.F.);
#562 = EDGE_CURVE('',#563,#554,#565,.T.);
#563 = VERTEX_POINT('',#564);
#564 = CARTESIAN_POINT('',(1.10482095395,-1.23383847014,0.5500001));
#565 = B_SPLINE_CURVE_WITH_KNOTS('',1,(#566,#567),.UNSPECIFIED.,.F.,.F.,
  (2,2),(-4.290041162742E-02,0.),.PIECEWISE_BEZIER_KNOTS.);
#566 = CARTESIAN_POINT('',(1.10482095395,-1.23383847014,0.5500001));
#567 = CARTESIAN_POINT('',(1.10482095395,-1.276738881767,0.5500001));
#568 = ORIENTED_EDGE('',*,*,#569,.F.);
#569 = EDGE_CURVE('',#570,#563,#572,.T.);
#570 = VERTEX_POINT('',#571);
#571 = CARTESIAN_POINT('',(1.186171613323,-1.23383847014,0.5500001));
#572 = B_SPLINE_CURVE_WITH_KNOTS('',1,(#573,#574),.UNSPECIFIED.,.F.,.F.,
  (2,2),(-8.135065937253E-02,-0.),.PIECEWISE_BEZIER_KNOTS.);
#573 = CARTESIAN_POINT('',(1.186171613323,-1.23383847014,0.5500001));
#574 = CARTESIAN_POINT('',(1.10482095395,-1.23383847014,0.5500001));
#575 = ORIENTED_EDGE('',*,*,#576,.F.);
#576 = EDGE_CURVE('',#577,#570,#579,.T.);
#577 = VERTEX_POINT('',#578);
#578 = CARTESIAN_POINT('',(1.186171613323,-1.244340025094,0.5500001));
#579 = B_SPLINE_CURVE_WITH_KNOTS('',1,(#580,#581),.UNSPECIFIED.,.F.,.F.,
  (2,2),(-1.050155495476E-02,0.),.PIECEWISE_BEZIER_KNOTS.);
#580 = CARTESIAN_POINT('',(1.186171613323,-1.244340025094,0.5500001));
#581 = CARTESIAN_POINT('',(1.186171613323,-1.23383847014,0.5500001));
#582 = ORIENTED_EDGE('',*,*,#583,.F.);
#583 = EDGE_CURVE('',#584,#577,#586,.T.);
#584 = VERTEX_POINT('',#585);
#585 = CARTESIAN_POINT('',(1.114095594564,-1.244340025094,0.5500001));
#586 = B_SPLINE_CURVE_WITH_KNOTS('',1,(#587,#588),.UNSPECIFIED.,.F.,.F.,
  (2,2),(-7.207601875902E-02,0.),.PIECEWISE_BEZIER_KNOTS.);
#587 = CARTESIAN_POINT('',(1.114095594564,-1.244340025094,0.5500001));
#588 = CARTESIAN_POINT('',(1.186171613323,-1.244340025094,0.5500001));
#589 = ORIENTED_EDGE('',*,*,#590,.F.);
#590 = EDGE_CURVE('',#556,#584,#591,.T.);
#591 = B_SPLINE_CURVE_WITH_KNOTS('',1,(#592,#593),.UNSPECIFIED.,.F.,.F.,
  (2,2),(-3.239885667266E-02,0.),.PIECEWISE_BEZIER_KNOTS.);
#592 = CARTESIAN_POINT('',(1.114095594564,-1.276738881767,0.5500001));
#593 = CARTESIAN_POINT('',(1.114095594564,-1.244340025094,0.5500001));
#594 = FACE_BOUND('',#595,.T.);
#595 = EDGE_LOOP('',(#596,#605,#612,#619,#626,#633,#640,#647,#654,#661,
    #668,#675));
#596 = ORIENTED_EDGE('',*,*,#597,.F.);
#597 = EDGE_CURVE('',#598,#600,#602,.T.);
#598 = VERTEX_POINT('',#599);
#599 = CARTESIAN_POINT('',(1.10482095395,-1.401010747925,0.5500001));
#600 = VERTEX_POINT('',#601);
#601 = CARTESIAN_POINT('',(1.114095594564,-1.401010747925,0.5500001));
#602 = B_SPLINE_CURVE_WITH_KNOTS('',1,(#603,#604),.UNSPECIFIED.,.F.,.F.,
  (2,2),(-9.274640613513E-03,0.),.PIECEWISE_BEZIER_KNOTS.);
#603 = CARTESIAN_POINT('',(1.10482095395,-1.401010747925,0.5500001));
#604 = CARTESIAN_POINT('',(1.114095594564,-1.401010747925,0.5500001));
#605 = ORIENTED_EDGE('',*,*,#606,.F.);
#606 = EDGE_CURVE('',#607,#598,#609,.T.);
#607 = VERTEX_POINT('',#608);
#608 = CARTESIAN_POINT('',(1.10482095395,-1.357257734807,0.5500001));
#609 = B_SPLINE_CURVE_WITH_KNOTS('',1,(#610,#611),.UNSPECIFIED.,.F.,.F.,
  (2,2),(-4.375301311838E-02,0.),.PIECEWISE_BEZIER_KNOTS.);
#610 = CARTESIAN_POINT('',(1.10482095395,-1.357257734807,0.5500001));
#611 = CARTESIAN_POINT('',(1.10482095395,-1.401010747925,0.5500001));
#612 = ORIENTED_EDGE('',*,*,#613,.F.);
#613 = EDGE_CURVE('',#614,#607,#616,.T.);
#614 = VERTEX_POINT('',#615);
#615 = CARTESIAN_POINT('',(1.186171613323,-1.357257734807,0.5500001));
#616 = B_SPLINE_CURVE_WITH_KNOTS('',1,(#617,#618),.UNSPECIFIED.,.F.,.F.,
  (2,2),(-8.135065937253E-02,-0.),.PIECEWISE_BEZIER_KNOTS.);
#617 = CARTESIAN_POINT('',(1.186171613323,-1.357257734807,0.5500001));
#618 = CARTESIAN_POINT('',(1.10482095395,-1.357257734807,0.5500001));
#619 = ORIENTED_EDGE('',*,*,#620,.F.);
#620 = EDGE_CURVE('',#621,#614,#623,.T.);
#621 = VERTEX_POINT('',#622);
#622 = CARTESIAN_POINT('',(1.186171613323,-1.399159978834,0.5500001));
#623 = B_SPLINE_CURVE_WITH_KNOTS('',1,(#624,#625),.UNSPECIFIED.,.F.,.F.,
  (2,2),(-4.190224402751E-02,0.),.PIECEWISE_BEZIER_KNOTS.);
#624 = CARTESIAN_POINT('',(1.186171613323,-1.399159978834,0.5500001));
#625 = CARTESIAN_POINT('',(1.186171613323,-1.357257734807,0.5500001));
#626 = ORIENTED_EDGE('',*,*,#627,.F.);
#627 = EDGE_CURVE('',#628,#621,#630,.T.);
#628 = VERTEX_POINT('',#629);
#629 = CARTESIAN_POINT('',(1.176813792076,-1.399159978834,0.5500001));
#630 = B_SPLINE_CURVE_WITH_KNOTS('',1,(#631,#632),.UNSPECIFIED.,.F.,.F.,
  (2,2),(-9.357821246724E-03,0.),.PIECEWISE_BEZIER_KNOTS.);
#631 = CARTESIAN_POINT('',(1.176813792076,-1.399159978834,0.5500001));
#632 = CARTESIAN_POINT('',(1.186171613323,-1.399159978834,0.5500001));
#633 = ORIENTED_EDGE('',*,*,#634,.F.);
#634 = EDGE_CURVE('',#635,#628,#637,.T.);
#635 = VERTEX_POINT('',#636);
#636 = CARTESIAN_POINT('',(1.176813792076,-1.367759289761,0.5500001));
#637 = B_SPLINE_CURVE_WITH_KNOTS('',1,(#638,#639),.UNSPECIFIED.,.F.,.F.,
  (2,2),(-3.140068907276E-02,0.),.PIECEWISE_BEZIER_KNOTS.);
#638 = CARTESIAN_POINT('',(1.176813792076,-1.367759289761,0.5500001));
#639 = CARTESIAN_POINT('',(1.176813792076,-1.399159978834,0.5500001));
#640 = ORIENTED_EDGE('',*,*,#641,.F.);
#641 = EDGE_CURVE('',#642,#635,#644,.T.);
#642 = VERTEX_POINT('',#643);
#643 = CARTESIAN_POINT('',(1.150778253851,-1.367759289761,0.5500001));
#644 = B_SPLINE_CURVE_WITH_KNOTS('',1,(#645,#646),.UNSPECIFIED.,.F.,.F.,
  (2,2),(-2.603553822485E-02,0.),.PIECEWISE_BEZIER_KNOTS.);
#645 = CARTESIAN_POINT('',(1.150778253851,-1.367759289761,0.5500001));
#646 = CARTESIAN_POINT('',(1.176813792076,-1.367759289761,0.5500001));
#647 = ORIENTED_EDGE('',*,*,#648,.F.);
#648 = EDGE_CURVE('',#649,#642,#651,.T.);
#649 = VERTEX_POINT('',#650);
#650 = CARTESIAN_POINT('',(1.150778253851,-1.39685171626,0.5500001));
#651 = B_SPLINE_CURVE_WITH_KNOTS('',1,(#652,#653),.UNSPECIFIED.,.F.,.F.,
  (2,2),(-2.909242649839E-02,0.),.PIECEWISE_BEZIER_KNOTS.);
#652 = CARTESIAN_POINT('',(1.150778253851,-1.39685171626,0.5500001));
#653 = CARTESIAN_POINT('',(1.150778253851,-1.367759289761,0.5500001));
#654 = ORIENTED_EDGE('',*,*,#655,.F.);
#655 = EDGE_CURVE('',#656,#649,#658,.T.);
#656 = VERTEX_POINT('',#657);
#657 = CARTESIAN_POINT('',(1.141462022921,-1.39685171626,0.5500001));
#658 = B_SPLINE_CURVE_WITH_KNOTS('',1,(#659,#660),.UNSPECIFIED.,.F.,.F.,
  (2,2),(-9.316230930119E-03,0.),.PIECEWISE_BEZIER_KNOTS.);
#659 = CARTESIAN_POINT('',(1.141462022921,-1.39685171626,0.5500001));
#660 = CARTESIAN_POINT('',(1.150778253851,-1.39685171626,0.5500001));
#661 = ORIENTED_EDGE('',*,*,#662,.F.);
#662 = EDGE_CURVE('',#663,#656,#665,.T.);
#663 = VERTEX_POINT('',#664);
#664 = CARTESIAN_POINT('',(1.141462022921,-1.367759289761,0.5500001));
#665 = B_SPLINE_CURVE_WITH_KNOTS('',1,(#666,#667),.UNSPECIFIED.,.F.,.F.,
  (2,2),(-2.909242649839E-02,0.),.PIECEWISE_BEZIER_KNOTS.);
#666 = CARTESIAN_POINT('',(1.141462022921,-1.367759289761,0.5500001));
#667 = CARTESIAN_POINT('',(1.141462022921,-1.39685171626,0.5500001));
#668 = ORIENTED_EDGE('',*,*,#669,.F.);
#669 = EDGE_CURVE('',#670,#663,#672,.T.);
#670 = VERTEX_POINT('',#671);
#671 = CARTESIAN_POINT('',(1.114095594564,-1.367759289761,0.5500001));
#672 = B_SPLINE_CURVE_WITH_KNOTS('',1,(#673,#674),.UNSPECIFIED.,.F.,.F.,
  (2,2),(-2.736642835733E-02,0.),.PIECEWISE_BEZIER_KNOTS.);
#673 = CARTESIAN_POINT('',(1.114095594564,-1.367759289761,0.5500001));
#674 = CARTESIAN_POINT('',(1.141462022921,-1.367759289761,0.5500001));
#675 = ORIENTED_EDGE('',*,*,#676,.F.);
#676 = EDGE_CURVE('',#600,#670,#677,.T.);
#677 = B_SPLINE_CURVE_WITH_KNOTS('',1,(#678,#679),.UNSPECIFIED.,.F.,.F.,
  (2,2),(-3.325145816363E-02,0.),.PIECEWISE_BEZIER_KNOTS.);
#678 = CARTESIAN_POINT('',(1.114095594564,-1.401010747925,0.5500001));
#679 = CARTESIAN_POINT('',(1.114095594564,-1.367759289761,0.5500001));
#680 = FACE_BOUND('',#681,.T.);
#681 = EDGE_LOOP('',(#682,#691,#698,#705,#714,#723,#732));
#682 = ORIENTED_EDGE('',*,*,#683,.F.);
#683 = EDGE_CURVE('',#684,#686,#688,.T.);
#684 = VERTEX_POINT('',#685);
#685 = CARTESIAN_POINT('',(1.10482095395,-1.416378369928,0.5500001));
#686 = VERTEX_POINT('',#687);
#687 = CARTESIAN_POINT('',(1.10482095395,-1.438753960288,0.5500001));
#688 = B_SPLINE_CURVE_WITH_KNOTS('',1,(#689,#690),.UNSPECIFIED.,.F.,.F.,
  (2,2),(-2.237559035915E-02,0.),.PIECEWISE_BEZIER_KNOTS.);
#689 = CARTESIAN_POINT('',(1.10482095395,-1.416378369928,0.5500001));
#690 = CARTESIAN_POINT('',(1.10482095395,-1.438753960288,0.5500001));
#691 = ORIENTED_EDGE('',*,*,#692,.F.);
#692 = EDGE_CURVE('',#693,#684,#695,.T.);
#693 = VERTEX_POINT('',#694);
#694 = CARTESIAN_POINT('',(1.186171613323,-1.416378369928,0.5500001));
#695 = B_SPLINE_CURVE_WITH_KNOTS('',1,(#696,#697),.UNSPECIFIED.,.F.,.F.,
  (2,2),(-8.135065937253E-02,-0.),.PIECEWISE_BEZIER_KNOTS.);
#696 = CARTESIAN_POINT('',(1.186171613323,-1.416378369928,0.5500001));
#697 = CARTESIAN_POINT('',(1.10482095395,-1.416378369928,0.5500001));
#698 = ORIENTED_EDGE('',*,*,#699,.F.);
#699 = EDGE_CURVE('',#700,#693,#702,.T.);
#700 = VERTEX_POINT('',#701);
#701 = CARTESIAN_POINT('',(1.186171613323,-1.439585766621,0.5500001));
#702 = B_SPLINE_CURVE_WITH_KNOTS('',1,(#703,#704),.UNSPECIFIED.,.F.,.F.,
  (2,2),(-2.320739669236E-02,0.),.PIECEWISE_BEZIER_KNOTS.);
#703 = CARTESIAN_POINT('',(1.186171613323,-1.439585766621,0.5500001));
#704 = CARTESIAN_POINT('',(1.186171613323,-1.416378369928,0.5500001));
#705 = ORIENTED_EDGE('',*,*,#706,.F.);
#706 = EDGE_CURVE('',#707,#700,#709,.T.);
#707 = VERTEX_POINT('',#708);
#708 = CARTESIAN_POINT('',(1.17539972131,-1.470341805785,0.5500001));
#709 = B_SPLINE_CURVE_WITH_KNOTS('',3,(#710,#711,#712,#713),
  .UNSPECIFIED.,.F.,.F.,(4,4),(2.,3.),.PIECEWISE_BEZIER_KNOTS.);
#710 = CARTESIAN_POINT('',(1.17539972131,-1.470341805785,0.5500001));
#711 = CARTESIAN_POINT('',(1.182594846091,-1.462169308563,0.5500001));
#712 = CARTESIAN_POINT('',(1.186171613323,-1.451917295508,0.5500001));
#713 = CARTESIAN_POINT('',(1.186171613323,-1.439585766621,0.5500001));
#714 = ORIENTED_EDGE('',*,*,#715,.F.);
#715 = EDGE_CURVE('',#716,#707,#718,.T.);
#716 = VERTEX_POINT('',#717);
#717 = CARTESIAN_POINT('',(1.146536041553,-1.482610949198,0.5500001));
#718 = B_SPLINE_CURVE_WITH_KNOTS('',3,(#719,#720,#721,#722),
  .UNSPECIFIED.,.F.,.F.,(4,4),(3.,4.),.PIECEWISE_BEZIER_KNOTS.);
#719 = CARTESIAN_POINT('',(1.146536041553,-1.482610949198,0.5500001));
#720 = CARTESIAN_POINT('',(1.158597233382,-1.482610949198,0.5500001));
#721 = CARTESIAN_POINT('',(1.168204596529,-1.478514303008,0.5500001));
#722 = CARTESIAN_POINT('',(1.17539972131,-1.470341805785,0.5500001));
#723 = ORIENTED_EDGE('',*,*,#724,.F.);
#724 = EDGE_CURVE('',#725,#716,#727,.T.);
#725 = VERTEX_POINT('',#726);
#726 = CARTESIAN_POINT('',(1.116216700713,-1.470341805785,0.5500001));
#727 = B_SPLINE_CURVE_WITH_KNOTS('',3,(#728,#729,#730,#731),
  .UNSPECIFIED.,.F.,.F.,(4,4),(4.,5.),.PIECEWISE_BEZIER_KNOTS.);
#728 = CARTESIAN_POINT('',(1.116216700713,-1.470341805785,0.5500001));
#729 = CARTESIAN_POINT('',(1.12382772866,-1.478514303008,0.5500001));
#730 = CARTESIAN_POINT('',(1.133934175607,-1.482610949198,0.5500001));
#731 = CARTESIAN_POINT('',(1.146536041553,-1.482610949198,0.5500001));
#732 = ORIENTED_EDGE('',*,*,#733,.F.);
#733 = EDGE_CURVE('',#686,#725,#734,.T.);
#734 = B_SPLINE_CURVE_WITH_KNOTS('',3,(#735,#736,#737,#738),
  .UNSPECIFIED.,.F.,.F.,(4,4),(5.,6.),.PIECEWISE_BEZIER_KNOTS.);
#735 = CARTESIAN_POINT('',(1.10482095395,-1.438753960288,0.5500001));
#736 = CARTESIAN_POINT('',(1.10482095395,-1.451626163291,0.5500001));
#737 = CARTESIAN_POINT('',(1.108605672766,-1.462169308563,0.5500001));
#738 = CARTESIAN_POINT('',(1.116216700713,-1.470341805785,0.5500001));
#739 = FACE_BOUND('',#740,.T.);
#740 = EDGE_LOOP('',(#741,#750,#757,#764,#771,#778,#785,#792));
#741 = ORIENTED_EDGE('',*,*,#742,.F.);
#742 = EDGE_CURVE('',#743,#745,#747,.T.);
#743 = VERTEX_POINT('',#744);
#744 = CARTESIAN_POINT('',(1.10482095395,-1.560322455863,0.5500001));
#745 = VERTEX_POINT('',#746);
#746 = CARTESIAN_POINT('',(1.186171613323,-1.529337669957,0.5500001));
#747 = B_SPLINE_CURVE_WITH_KNOTS('',1,(#748,#749),.UNSPECIFIED.,.F.,.F.,
  (2,2),(-8.705163259821E-02,0.),.PIECEWISE_BEZIER_KNOTS.);
#748 = CARTESIAN_POINT('',(1.10482095395,-1.560322455863,0.5500001));
#749 = CARTESIAN_POINT('',(1.186171613323,-1.529337669957,0.5500001));
#750 = ORIENTED_EDGE('',*,*,#751,.F.);
#751 = EDGE_CURVE('',#752,#743,#754,.T.);
#752 = VERTEX_POINT('',#753);
#753 = CARTESIAN_POINT('',(1.10482095395,-1.548718757517,0.5500001));
#754 = B_SPLINE_CURVE_WITH_KNOTS('',1,(#755,#756),.UNSPECIFIED.,.F.,.F.,
  (2,2),(-1.160369834618E-02,0.),.PIECEWISE_BEZIER_KNOTS.);
#755 = CARTESIAN_POINT('',(1.10482095395,-1.548718757517,0.5500001));
#756 = CARTESIAN_POINT('',(1.10482095395,-1.560322455863,0.5500001));
#757 = ORIENTED_EDGE('',*,*,#758,.F.);
#758 = EDGE_CURVE('',#759,#752,#761,.T.);
#759 = VERTEX_POINT('',#760);
#760 = CARTESIAN_POINT('',(1.127071773359,-1.540421489345,0.5500001));
#761 = B_SPLINE_CURVE_WITH_KNOTS('',1,(#762,#763),.UNSPECIFIED.,.F.,.F.,
  (2,2),(-2.374749720513E-02,-0.),.PIECEWISE_BEZIER_KNOTS.);
#762 = CARTESIAN_POINT('',(1.127071773359,-1.540421489345,0.5500001));
#763 = CARTESIAN_POINT('',(1.10482095395,-1.548718757517,0.5500001));
#764 = ORIENTED_EDGE('',*,*,#765,.F.);
#765 = EDGE_CURVE('',#766,#759,#768,.T.);
#766 = VERTEX_POINT('',#767);
#767 = CARTESIAN_POINT('',(1.127071773359,-1.506546176431,0.5500001));
#768 = B_SPLINE_CURVE_WITH_KNOTS('',1,(#769,#770),.UNSPECIFIED.,.F.,.F.,
  (2,2),(-3.387531291382E-02,2.22044604925E-16),
  .PIECEWISE_BEZIER_KNOTS.);
#769 = CARTESIAN_POINT('',(1.127071773359,-1.506546176431,0.5500001));
#770 = CARTESIAN_POINT('',(1.127071773359,-1.540421489345,0.5500001));
#771 = ORIENTED_EDGE('',*,*,#772,.F.);
#772 = EDGE_CURVE('',#773,#766,#775,.T.);
#773 = VERTEX_POINT('',#774);
#774 = CARTESIAN_POINT('',(1.10482095395,-1.498727196901,0.5500001));
#775 = B_SPLINE_CURVE_WITH_KNOTS('',1,(#776,#777),.UNSPECIFIED.,.F.,.F.,
  (2,2),(-2.358464342083E-02,0.),.PIECEWISE_BEZIER_KNOTS.);
#776 = CARTESIAN_POINT('',(1.10482095395,-1.498727196901,0.5500001));
#777 = CARTESIAN_POINT('',(1.127071773359,-1.506546176431,0.5500001));
#778 = ORIENTED_EDGE('',*,*,#779,.F.);
#779 = EDGE_CURVE('',#780,#773,#782,.T.);
#780 = VERTEX_POINT('',#781);
#781 = CARTESIAN_POINT('',(1.10482095395,-1.487123498555,0.5500001));
#782 = B_SPLINE_CURVE_WITH_KNOTS('',1,(#783,#784),.UNSPECIFIED.,.F.,.F.,
  (2,2),(-1.160369834563E-02,4.149388167078E-30),
  .PIECEWISE_BEZIER_KNOTS.);
#783 = CARTESIAN_POINT('',(1.10482095395,-1.487123498555,0.5500001));
#784 = CARTESIAN_POINT('',(1.10482095395,-1.498727196901,0.5500001));
#785 = ORIENTED_EDGE('',*,*,#786,.F.);
#786 = EDGE_CURVE('',#787,#780,#789,.T.);
#787 = VERTEX_POINT('',#788);
#788 = CARTESIAN_POINT('',(1.186171613323,-1.518108284461,0.5500001));
#789 = B_SPLINE_CURVE_WITH_KNOTS('',1,(#790,#791),.UNSPECIFIED.,.F.,.F.,
  (2,2),(-8.705163259801E-02,0.),.PIECEWISE_BEZIER_KNOTS.);
#790 = CARTESIAN_POINT('',(1.186171613323,-1.518108284461,0.5500001));
#791 = CARTESIAN_POINT('',(1.10482095395,-1.487123498555,0.5500001));
#792 = ORIENTED_EDGE('',*,*,#793,.F.);
#793 = EDGE_CURVE('',#745,#787,#794,.T.);
#794 = B_SPLINE_CURVE_WITH_KNOTS('',1,(#795,#796),.UNSPECIFIED.,.F.,.F.,
  (2,2),(-1.122938549618E-02,4.287701105823E-30),
  .PIECEWISE_BEZIER_KNOTS.);
#795 = CARTESIAN_POINT('',(1.186171613323,-1.529337669957,0.5500001));
#796 = CARTESIAN_POINT('',(1.186171613323,-1.518108284461,0.5500001));
#797 = FACE_BOUND('',#798,.T.);
#798 = EDGE_LOOP('',(#799,#810,#819,#828,#837,#846,#855,#864,#873,#882,
    #889,#898,#907,#916,#925,#934,#943,#952,#961,#970,#979));
#799 = ORIENTED_EDGE('',*,*,#800,.F.);
#800 = EDGE_CURVE('',#801,#803,#805,.T.);
#801 = VERTEX_POINT('',#802);
#802 = CARTESIAN_POINT('',(0.982711784258,-1.364598425696,0.5500001));
#803 = VERTEX_POINT('',#804);
#804 = CARTESIAN_POINT('',(0.988326477006,-1.347837528085,0.5500001));
#805 = B_SPLINE_CURVE_WITH_KNOTS('',3,(#806,#807,#808,#809),
  .UNSPECIFIED.,.F.,.F.,(4,4),(0.,1.),.PIECEWISE_BEZIER_KNOTS.);
#806 = CARTESIAN_POINT('',(0.982711784258,-1.364598425696,0.5500001));
#807 = CARTESIAN_POINT('',(0.982711784258,-1.358609420098,0.5500001));
#808 = CARTESIAN_POINT('',(0.984583348507,-1.353036317666,0.5500001));
#809 = CARTESIAN_POINT('',(0.988326477006,-1.347837528085,0.5500001));
#810 = ORIENTED_EDGE('',*,*,#811,.F.);
#811 = EDGE_CURVE('',#812,#801,#814,.T.);
#812 = VERTEX_POINT('',#813);
#813 = CARTESIAN_POINT('',(0.990572354105,-1.376618027208,0.5500001));
#814 = B_SPLINE_CURVE_WITH_KNOTS('',3,(#815,#816,#817,#818),
  .UNSPECIFIED.,.F.,.F.,(4,4),(1.,2.),.PIECEWISE_BEZIER_KNOTS.);
#815 = CARTESIAN_POINT('',(0.990572354105,-1.376618027208,0.5500001));
#816 = CARTESIAN_POINT('',(0.985331974207,-1.376618027208,0.5500001));
#817 = CARTESIAN_POINT('',(0.982711784258,-1.372604561651,0.5500001));
#818 = CARTESIAN_POINT('',(0.982711784258,-1.364598425696,0.5500001));
#819 = ORIENTED_EDGE('',*,*,#820,.F.);
#820 = EDGE_CURVE('',#821,#812,#823,.T.);
#821 = VERTEX_POINT('',#822);
#822 = CARTESIAN_POINT('',(0.99610386622,-1.373997837259,0.5500001));
#823 = B_SPLINE_CURVE_WITH_KNOTS('',3,(#824,#825,#826,#827),
  .UNSPECIFIED.,.F.,.F.,(4,4),(2.,3.),.PIECEWISE_BEZIER_KNOTS.);
#824 = CARTESIAN_POINT('',(0.99610386622,-1.373997837259,0.5500001));
#825 = CARTESIAN_POINT('',(0.994648205137,-1.375744630559,0.5500001));
#826 = CARTESIAN_POINT('',(0.992818231205,-1.376618027208,0.5500001));
#827 = CARTESIAN_POINT('',(0.990572354105,-1.376618027208,0.5500001));
#828 = ORIENTED_EDGE('',*,*,#829,.F.);
#829 = EDGE_CURVE('',#830,#821,#832,.T.);
#830 = VERTEX_POINT('',#831);
#831 = CARTESIAN_POINT('',(1.001302655801,-1.363329921038,0.5500001));
#832 = B_SPLINE_CURVE_WITH_KNOTS('',3,(#833,#834,#835,#836),
  .UNSPECIFIED.,.F.,.F.,(4,4),(3.,4.),.PIECEWISE_BEZIER_KNOTS.);
#833 = CARTESIAN_POINT('',(1.001302655801,-1.363329921038,0.5500001));
#834 = CARTESIAN_POINT('',(0.999306320602,-1.368695071886,0.5500001));
#835 = CARTESIAN_POINT('',(0.997559527303,-1.37225104396,0.5500001));
#836 = CARTESIAN_POINT('',(0.99610386622,-1.373997837259,0.5500001));
#837 = ORIENTED_EDGE('',*,*,#838,.F.);
#838 = EDGE_CURVE('',#839,#830,#841,.T.);
#839 = VERTEX_POINT('',#840);
#840 = CARTESIAN_POINT('',(1.008996864382,-1.350790440567,0.5500001));
#841 = B_SPLINE_CURVE_WITH_KNOTS('',3,(#842,#843,#844,#845),
  .UNSPECIFIED.,.F.,.F.,(4,4),(4.,5.),.PIECEWISE_BEZIER_KNOTS.);
#842 = CARTESIAN_POINT('',(1.008996864382,-1.350790440567,0.5500001));
#843 = CARTESIAN_POINT('',(1.006459855067,-1.352703595133,0.5500001));
#844 = CARTESIAN_POINT('',(1.003881255434,-1.356904217115,0.5500001));
#845 = CARTESIAN_POINT('',(1.001302655801,-1.363329921038,0.5500001));
#846 = ORIENTED_EDGE('',*,*,#847,.F.);
#847 = EDGE_CURVE('',#848,#839,#850,.T.);
#848 = VERTEX_POINT('',#849);
#849 = CARTESIAN_POINT('',(1.018188324363,-1.34789991356,0.5500001));
#850 = B_SPLINE_CURVE_WITH_KNOTS('',3,(#851,#852,#853,#854),
  .UNSPECIFIED.,.F.,.F.,(4,4),(5.,6.),.PIECEWISE_BEZIER_KNOTS.);
#851 = CARTESIAN_POINT('',(1.018188324363,-1.34789991356,0.5500001));
#852 = CARTESIAN_POINT('',(1.01461155713,-1.34789991356,0.5500001));
#853 = CARTESIAN_POINT('',(1.011533873698,-1.348856490843,0.5500001));
#854 = CARTESIAN_POINT('',(1.008996864382,-1.350790440567,0.5500001));
#855 = ORIENTED_EDGE('',*,*,#856,.F.);
#856 = EDGE_CURVE('',#857,#848,#859,.T.);
#857 = VERTEX_POINT('',#858);
#858 = CARTESIAN_POINT('',(1.030582238725,-1.354429593274,0.5500001));
#859 = B_SPLINE_CURVE_WITH_KNOTS('',3,(#860,#861,#862,#863),
  .UNSPECIFIED.,.F.,.F.,(4,4),(6.,7.),.PIECEWISE_BEZIER_KNOTS.);
#860 = CARTESIAN_POINT('',(1.030582238725,-1.354429593274,0.5500001));
#861 = CARTESIAN_POINT('',(1.027462964976,-1.350083405184,0.5500001));
#862 = CARTESIAN_POINT('',(1.023345523627,-1.34789991356,0.5500001));
#863 = CARTESIAN_POINT('',(1.018188324363,-1.34789991356,0.5500001));
#864 = ORIENTED_EDGE('',*,*,#865,.F.);
#865 = EDGE_CURVE('',#866,#857,#868,.T.);
#866 = VERTEX_POINT('',#867);
#867 = CARTESIAN_POINT('',(1.035198763874,-1.370525045819,0.5500001));
#868 = B_SPLINE_CURVE_WITH_KNOTS('',3,(#869,#870,#871,#872),
  .UNSPECIFIED.,.F.,.F.,(4,4),(7.,8.),.PIECEWISE_BEZIER_KNOTS.);
#869 = CARTESIAN_POINT('',(1.035198763874,-1.370525045819,0.5500001));
#870 = CARTESIAN_POINT('',(1.035198763874,-1.364161727371,0.5500001));
#871 = CARTESIAN_POINT('',(1.033659922158,-1.358796576523,0.5500001));
#872 = CARTESIAN_POINT('',(1.030582238725,-1.354429593274,0.5500001));
#873 = ORIENTED_EDGE('',*,*,#874,.F.);
#874 = EDGE_CURVE('',#875,#866,#877,.T.);
#875 = VERTEX_POINT('',#876);
#876 = CARTESIAN_POINT('',(1.032620164241,-1.384291440631,0.5500001));
#877 = B_SPLINE_CURVE_WITH_KNOTS('',3,(#878,#879,#880,#881),
  .UNSPECIFIED.,.F.,.F.,(4,4),(8.,9.),.PIECEWISE_BEZIER_KNOTS.);
#878 = CARTESIAN_POINT('',(1.032620164241,-1.384291440631,0.5500001));
#879 = CARTESIAN_POINT('',(1.03436695754,-1.380049228332,0.5500001));
#880 = CARTESIAN_POINT('',(1.035198763874,-1.3754742935,0.5500001));
#881 = CARTESIAN_POINT('',(1.035198763874,-1.370525045819,0.5500001));
#882 = ORIENTED_EDGE('',*,*,#883,.F.);
#883 = EDGE_CURVE('',#884,#875,#886,.T.);
#884 = VERTEX_POINT('',#885);
#885 = CARTESIAN_POINT('',(1.022721668878,-1.384291440631,0.5500001));
#886 = B_SPLINE_CURVE_WITH_KNOTS('',1,(#887,#888),.UNSPECIFIED.,.F.,.F.,
  (2,2),(-9.898495363145E-03,0.),.PIECEWISE_BEZIER_KNOTS.);
#887 = CARTESIAN_POINT('',(1.022721668878,-1.384291440631,0.5500001));
#888 = CARTESIAN_POINT('',(1.032620164241,-1.384291440631,0.5500001));
#889 = ORIENTED_EDGE('',*,*,#890,.F.);
#890 = EDGE_CURVE('',#891,#884,#893,.T.);
#891 = VERTEX_POINT('',#892);
#892 = CARTESIAN_POINT('',(1.02692229086,-1.369526878219,0.5500001));
#893 = B_SPLINE_CURVE_WITH_KNOTS('',3,(#894,#895,#896,#897),
  .UNSPECIFIED.,.F.,.F.,(4,4),(10.,11.),.PIECEWISE_BEZIER_KNOTS.);
#894 = CARTESIAN_POINT('',(1.02692229086,-1.369526878219,0.5500001));
#895 = CARTESIAN_POINT('',(1.02692229086,-1.375037595176,0.5500001));
#896 = CARTESIAN_POINT('',(1.025508220093,-1.379945252541,0.5500001));
#897 = CARTESIAN_POINT('',(1.022721668878,-1.384291440631,0.5500001));
#898 = ORIENTED_EDGE('',*,*,#899,.F.);
#899 = EDGE_CURVE('',#900,#891,#902,.T.);
#900 = VERTEX_POINT('',#901);
#901 = CARTESIAN_POINT('',(1.024759594393,-1.361499947105,0.5500001));
#902 = B_SPLINE_CURVE_WITH_KNOTS('',3,(#903,#904,#905,#906),
  .UNSPECIFIED.,.F.,.F.,(4,4),(11.,12.),.PIECEWISE_BEZIER_KNOTS.);
#903 = CARTESIAN_POINT('',(1.024759594393,-1.361499947105,0.5500001));
#904 = CARTESIAN_POINT('',(1.026215255476,-1.363558667779,0.5500001));
#905 = CARTESIAN_POINT('',(1.02692229086,-1.366241243204,0.5500001));
#906 = CARTESIAN_POINT('',(1.02692229086,-1.369526878219,0.5500001));
#907 = ORIENTED_EDGE('',*,*,#908,.F.);
#908 = EDGE_CURVE('',#909,#900,#911,.T.);
#909 = VERTEX_POINT('',#910);
#910 = CARTESIAN_POINT('',(1.019103311329,-1.358401468514,0.5500001));
#911 = B_SPLINE_CURVE_WITH_KNOTS('',3,(#912,#913,#914,#915),
  .UNSPECIFIED.,.F.,.F.,(4,4),(12.,13.),.PIECEWISE_BEZIER_KNOTS.);
#912 = CARTESIAN_POINT('',(1.019103311329,-1.358401468514,0.5500001));
#913 = CARTESIAN_POINT('',(1.021432369061,-1.358401468514,0.5500001));
#914 = CARTESIAN_POINT('',(1.023345523627,-1.359441226431,0.5500001));
#915 = CARTESIAN_POINT('',(1.024759594393,-1.361499947105,0.5500001));
#916 = ORIENTED_EDGE('',*,*,#917,.F.);
#917 = EDGE_CURVE('',#918,#909,#920,.T.);
#918 = VERTEX_POINT('',#919);
#919 = CARTESIAN_POINT('',(1.013696570164,-1.360626550455,0.5500001));
#920 = B_SPLINE_CURVE_WITH_KNOTS('',3,(#921,#922,#923,#924),
  .UNSPECIFIED.,.F.,.F.,(4,4),(13.,14.),.PIECEWISE_BEZIER_KNOTS.);
#921 = CARTESIAN_POINT('',(1.013696570164,-1.360626550455,0.5500001));
#922 = CARTESIAN_POINT('',(1.01498586998,-1.359150094214,0.5500001));
#923 = CARTESIAN_POINT('',(1.016774253596,-1.358401468514,0.5500001));
#924 = CARTESIAN_POINT('',(1.019103311329,-1.358401468514,0.5500001));
#925 = ORIENTED_EDGE('',*,*,#926,.F.);
#926 = EDGE_CURVE('',#927,#918,#929,.T.);
#927 = VERTEX_POINT('',#928);
#928 = CARTESIAN_POINT('',(1.008705732166,-1.370525045819,0.5500001));
#929 = B_SPLINE_CURVE_WITH_KNOTS('',3,(#930,#931,#932,#933),
  .UNSPECIFIED.,.F.,.F.,(4,4),(14.,15.),.PIECEWISE_BEZIER_KNOTS.);
#930 = CARTESIAN_POINT('',(1.008705732166,-1.370525045819,0.5500001));
#931 = CARTESIAN_POINT('',(1.010702067365,-1.36540943687,0.5500001));
#932 = CARTESIAN_POINT('',(1.012365680031,-1.362123801855,0.5500001));
#933 = CARTESIAN_POINT('',(1.013696570164,-1.360626550455,0.5500001));
#934 = ORIENTED_EDGE('',*,*,#935,.F.);
#935 = EDGE_CURVE('',#936,#927,#938,.T.);
#936 = VERTEX_POINT('',#937);
#937 = CARTESIAN_POINT('',(1.001177884852,-1.383667585881,0.5500001));
#938 = B_SPLINE_CURVE_WITH_KNOTS('',3,(#939,#940,#941,#942),
  .UNSPECIFIED.,.F.,.F.,(4,4),(15.,16.),.PIECEWISE_BEZIER_KNOTS.);
#939 = CARTESIAN_POINT('',(1.001177884852,-1.383667585881,0.5500001));
#940 = CARTESIAN_POINT('',(1.003756484484,-1.381380118465,0.5500001));
#941 = CARTESIAN_POINT('',(1.0062934938,-1.377013135217,0.5500001));
#942 = CARTESIAN_POINT('',(1.008705732166,-1.370525045819,0.5500001));
#943 = ORIENTED_EDGE('',*,*,#944,.F.);
#944 = EDGE_CURVE('',#945,#936,#947,.T.);
#945 = VERTEX_POINT('',#946);
#946 = CARTESIAN_POINT('',(0.991570521705,-1.387077991846,0.5500001));
#947 = B_SPLINE_CURVE_WITH_KNOTS('',3,(#948,#949,#950,#951),
  .UNSPECIFIED.,.F.,.F.,(4,4),(16.,17.),.PIECEWISE_BEZIER_KNOTS.);
#948 = CARTESIAN_POINT('',(0.991570521705,-1.387077991846,0.5500001));
#949 = CARTESIAN_POINT('',(0.995396830837,-1.387077991846,0.5500001));
#950 = CARTESIAN_POINT('',(0.998599285219,-1.385934258138,0.5500001));
#951 = CARTESIAN_POINT('',(1.001177884852,-1.383667585881,0.5500001));
#952 = ORIENTED_EDGE('',*,*,#953,.F.);
#953 = EDGE_CURVE('',#954,#945,#956,.T.);
#954 = VERTEX_POINT('',#955);
#955 = CARTESIAN_POINT('',(0.979010246076,-1.380527516974,0.5500001));
#956 = B_SPLINE_CURVE_WITH_KNOTS('',3,(#957,#958,#959,#960),
  .UNSPECIFIED.,.F.,.F.,(4,4),(17.,18.),.PIECEWISE_BEZIER_KNOTS.);
#957 = CARTESIAN_POINT('',(0.979010246076,-1.380527516974,0.5500001));
#958 = CARTESIAN_POINT('',(0.982046339192,-1.384894500222,0.5500001));
#959 = CARTESIAN_POINT('',(0.986246961173,-1.387077991846,0.5500001));
#960 = CARTESIAN_POINT('',(0.991570521705,-1.387077991846,0.5500001));
#961 = ORIENTED_EDGE('',*,*,#962,.F.);
#962 = EDGE_CURVE('',#963,#954,#965,.T.);
#963 = VERTEX_POINT('',#964);
#964 = CARTESIAN_POINT('',(0.974393720927,-1.363600258096,0.5500001));
#965 = B_SPLINE_CURVE_WITH_KNOTS('',3,(#966,#967,#968,#969),
  .UNSPECIFIED.,.F.,.F.,(4,4),(18.,19.),.PIECEWISE_BEZIER_KNOTS.);
#966 = CARTESIAN_POINT('',(0.974393720927,-1.363600258096,0.5500001));
#967 = CARTESIAN_POINT('',(0.974393720927,-1.370525045819,0.5500001));
#968 = CARTESIAN_POINT('',(0.975932562643,-1.376181328883,0.5500001));
#969 = CARTESIAN_POINT('',(0.979010246076,-1.380527516974,0.5500001));
#970 = ORIENTED_EDGE('',*,*,#971,.F.);
#971 = EDGE_CURVE('',#972,#963,#974,.T.);
#972 = VERTEX_POINT('',#973);
#973 = CARTESIAN_POINT('',(0.977804126893,-1.347837528085,0.5500001));
#974 = B_SPLINE_CURVE_WITH_KNOTS('',3,(#975,#976,#977,#978),
  .UNSPECIFIED.,.F.,.F.,(4,4),(19.,20.),.PIECEWISE_BEZIER_KNOTS.);
#975 = CARTESIAN_POINT('',(0.977804126893,-1.347837528085,0.5500001));
#976 = CARTESIAN_POINT('',(0.975558249793,-1.352329282283,0.5500001));
#977 = CARTESIAN_POINT('',(0.974393720927,-1.357569662181,0.5500001));
#978 = CARTESIAN_POINT('',(0.974393720927,-1.363600258096,0.5500001));
#979 = ORIENTED_EDGE('',*,*,#980,.F.);
#980 = EDGE_CURVE('',#803,#972,#981,.T.);
#981 = B_SPLINE_CURVE_WITH_KNOTS('',1,(#982,#983),.UNSPECIFIED.,.F.,.F.,
  (2,2),(-1.052235011278E-02,0.),.PIECEWISE_BEZIER_KNOTS.);
#982 = CARTESIAN_POINT('',(0.988326477006,-1.347837528085,0.5500001));
#983 = CARTESIAN_POINT('',(0.977804126893,-1.347837528085,0.5500001));
#984 = FACE_BOUND('',#985,.T.);
#985 = EDGE_LOOP('',(#986,#995,#1002,#1009,#1016,#1023,#1030,#1037,#1044
    ,#1051,#1058,#1065));
#986 = ORIENTED_EDGE('',*,*,#987,.F.);
#987 = EDGE_CURVE('',#988,#990,#992,.T.);
#988 = VERTEX_POINT('',#989);
#989 = CARTESIAN_POINT('',(0.975766201377,-1.502886228566,0.5500001));
#990 = VERTEX_POINT('',#991);
#991 = CARTESIAN_POINT('',(0.98504084199,-1.502886228566,0.5500001));
#992 = B_SPLINE_CURVE_WITH_KNOTS('',1,(#993,#994),.UNSPECIFIED.,.F.,.F.,
  (2,2),(-9.274640613515E-03,0.),.PIECEWISE_BEZIER_KNOTS.);
#993 = CARTESIAN_POINT('',(0.975766201377,-1.502886228566,0.5500001));
#994 = CARTESIAN_POINT('',(0.98504084199,-1.502886228566,0.5500001));
#995 = ORIENTED_EDGE('',*,*,#996,.F.);
#996 = EDGE_CURVE('',#997,#988,#999,.T.);
#997 = VERTEX_POINT('',#998);
#998 = CARTESIAN_POINT('',(0.975766201377,-1.459133215447,0.5500001));
#999 = B_SPLINE_CURVE_WITH_KNOTS('',1,(#1000,#1001),.UNSPECIFIED.,.F.,
  .F.,(2,2),(-4.375301311866E-02,0.),.PIECEWISE_BEZIER_KNOTS.);
#1000 = CARTESIAN_POINT('',(0.975766201377,-1.459133215447,0.5500001));
#1001 = CARTESIAN_POINT('',(0.975766201377,-1.502886228566,0.5500001));
#1002 = ORIENTED_EDGE('',*,*,#1003,.F.);
#1003 = EDGE_CURVE('',#1004,#997,#1006,.T.);
#1004 = VERTEX_POINT('',#1005);
#1005 = CARTESIAN_POINT('',(1.05711686075,-1.459133215447,0.5500001));
#1006 = B_SPLINE_CURVE_WITH_KNOTS('',1,(#1007,#1008),.UNSPECIFIED.,.F.,
  .F.,(2,2),(-8.135065937253E-02,-0.),.PIECEWISE_BEZIER_KNOTS.);
#1007 = CARTESIAN_POINT('',(1.05711686075,-1.459133215447,0.5500001));
#1008 = CARTESIAN_POINT('',(0.975766201377,-1.459133215447,0.5500001));
#1009 = ORIENTED_EDGE('',*,*,#1010,.F.);
#1010 = EDGE_CURVE('',#1011,#1004,#1013,.T.);
#1011 = VERTEX_POINT('',#1012);
#1012 = CARTESIAN_POINT('',(1.05711686075,-1.501035459475,0.5500001));
#1013 = B_SPLINE_CURVE_WITH_KNOTS('',1,(#1014,#1015),.UNSPECIFIED.,.F.,
  .F.,(2,2),(-4.190224402751E-02,0.),.PIECEWISE_BEZIER_KNOTS.);
#1014 = CARTESIAN_POINT('',(1.05711686075,-1.501035459475,0.5500001));
#1015 = CARTESIAN_POINT('',(1.05711686075,-1.459133215447,0.5500001));
#1016 = ORIENTED_EDGE('',*,*,#1017,.F.);
#1017 = EDGE_CURVE('',#1018,#1011,#1020,.T.);
#1018 = VERTEX_POINT('',#1019);
#1019 = CARTESIAN_POINT('',(1.047759039503,-1.501035459475,0.5500001));
#1020 = B_SPLINE_CURVE_WITH_KNOTS('',1,(#1021,#1022),.UNSPECIFIED.,.F.,
  .F.,(2,2),(-9.357821246723E-03,0.),.PIECEWISE_BEZIER_KNOTS.);
#1021 = CARTESIAN_POINT('',(1.047759039503,-1.501035459475,0.5500001));
#1022 = CARTESIAN_POINT('',(1.05711686075,-1.501035459475,0.5500001));
#1023 = ORIENTED_EDGE('',*,*,#1024,.F.);
#1024 = EDGE_CURVE('',#1025,#1018,#1027,.T.);
#1025 = VERTEX_POINT('',#1026);
#1026 = CARTESIAN_POINT('',(1.047759039503,-1.469634770402,0.5500001));
#1027 = B_SPLINE_CURVE_WITH_KNOTS('',1,(#1028,#1029),.UNSPECIFIED.,.F.,
  .F.,(2,2),(-3.140068907248E-02,0.),.PIECEWISE_BEZIER_KNOTS.);
#1028 = CARTESIAN_POINT('',(1.047759039503,-1.469634770402,0.5500001));
#1029 = CARTESIAN_POINT('',(1.047759039503,-1.501035459475,0.5500001));
#1030 = ORIENTED_EDGE('',*,*,#1031,.F.);
#1031 = EDGE_CURVE('',#1032,#1025,#1034,.T.);
#1032 = VERTEX_POINT('',#1033);
#1033 = CARTESIAN_POINT('',(1.021723501278,-1.469634770402,0.5500001));
#1034 = B_SPLINE_CURVE_WITH_KNOTS('',1,(#1035,#1036),.UNSPECIFIED.,.F.,
  .F.,(2,2),(-2.603553822485E-02,0.),.PIECEWISE_BEZIER_KNOTS.);
#1035 = CARTESIAN_POINT('',(1.021723501278,-1.469634770402,0.5500001));
#1036 = CARTESIAN_POINT('',(1.047759039503,-1.469634770402,0.5500001));
#1037 = ORIENTED_EDGE('',*,*,#1038,.F.);
#1038 = EDGE_CURVE('',#1039,#1032,#1041,.T.);
#1039 = VERTEX_POINT('',#1040);
#1040 = CARTESIAN_POINT('',(1.021723501278,-1.498727196901,0.5500001));
#1041 = B_SPLINE_CURVE_WITH_KNOTS('',1,(#1042,#1043),.UNSPECIFIED.,.F.,
  .F.,(2,2),(-2.909242649811E-02,0.),.PIECEWISE_BEZIER_KNOTS.);
#1042 = CARTESIAN_POINT('',(1.021723501278,-1.498727196901,0.5500001));
#1043 = CARTESIAN_POINT('',(1.021723501278,-1.469634770402,0.5500001));
#1044 = ORIENTED_EDGE('',*,*,#1045,.F.);
#1045 = EDGE_CURVE('',#1046,#1039,#1048,.T.);
#1046 = VERTEX_POINT('',#1047);
#1047 = CARTESIAN_POINT('',(1.012407270348,-1.498727196901,0.5500001));
#1048 = B_SPLINE_CURVE_WITH_KNOTS('',1,(#1049,#1050),.UNSPECIFIED.,.F.,
  .F.,(2,2),(-9.316230930119E-03,0.),.PIECEWISE_BEZIER_KNOTS.);
#1049 = CARTESIAN_POINT('',(1.012407270348,-1.498727196901,0.5500001));
#1050 = CARTESIAN_POINT('',(1.021723501278,-1.498727196901,0.5500001));
#1051 = ORIENTED_EDGE('',*,*,#1052,.F.);
#1052 = EDGE_CURVE('',#1053,#1046,#1055,.T.);
#1053 = VERTEX_POINT('',#1054);
#1054 = CARTESIAN_POINT('',(1.012407270348,-1.469634770402,0.5500001));
#1055 = B_SPLINE_CURVE_WITH_KNOTS('',1,(#1056,#1057),.UNSPECIFIED.,.F.,
  .F.,(2,2),(-2.909242649811E-02,0.),.PIECEWISE_BEZIER_KNOTS.);
#1056 = CARTESIAN_POINT('',(1.012407270348,-1.469634770402,0.5500001));
#1057 = CARTESIAN_POINT('',(1.012407270348,-1.498727196901,0.5500001));
#1058 = ORIENTED_EDGE('',*,*,#1059,.F.);
#1059 = EDGE_CURVE('',#1060,#1053,#1062,.T.);
#1060 = VERTEX_POINT('',#1061);
#1061 = CARTESIAN_POINT('',(0.98504084199,-1.469634770402,0.5500001));
#1062 = B_SPLINE_CURVE_WITH_KNOTS('',1,(#1063,#1064),.UNSPECIFIED.,.F.,
  .F.,(2,2),(-2.736642835733E-02,0.),.PIECEWISE_BEZIER_KNOTS.);
#1063 = CARTESIAN_POINT('',(0.98504084199,-1.469634770402,0.5500001));
#1064 = CARTESIAN_POINT('',(1.012407270348,-1.469634770402,0.5500001));
#1065 = ORIENTED_EDGE('',*,*,#1066,.F.);
#1066 = EDGE_CURVE('',#990,#1060,#1067,.T.);
#1067 = B_SPLINE_CURVE_WITH_KNOTS('',1,(#1068,#1069),.UNSPECIFIED.,.F.,
  .F.,(2,2),(-3.325145816363E-02,0.),.PIECEWISE_BEZIER_KNOTS.);
#1068 = CARTESIAN_POINT('',(0.98504084199,-1.502886228566,0.5500001));
#1069 = CARTESIAN_POINT('',(0.98504084199,-1.469634770402,0.5500001));
#1070 = FACE_BOUND('',#1071,.T.);
#1071 = EDGE_LOOP('',(#1072,#1081,#1088,#1095,#1104,#1113,#1122));
#1072 = ORIENTED_EDGE('',*,*,#1073,.F.);
#1073 = EDGE_CURVE('',#1074,#1076,#1078,.T.);
#1074 = VERTEX_POINT('',#1075);
#1075 = CARTESIAN_POINT('',(0.975766201377,-1.518253850569,0.5500001));
#1076 = VERTEX_POINT('',#1077);
#1077 = CARTESIAN_POINT('',(0.975766201377,-1.540629440929,0.5500001));
#1078 = B_SPLINE_CURVE_WITH_KNOTS('',1,(#1079,#1080),.UNSPECIFIED.,.F.,
  .F.,(2,2),(-2.237559035915E-02,1.07591012878E-30),
  .PIECEWISE_BEZIER_KNOTS.);
#1079 = CARTESIAN_POINT('',(0.975766201377,-1.518253850569,0.5500001));
#1080 = CARTESIAN_POINT('',(0.975766201377,-1.540629440929,0.5500001));
#1081 = ORIENTED_EDGE('',*,*,#1082,.F.);
#1082 = EDGE_CURVE('',#1083,#1074,#1085,.T.);
#1083 = VERTEX_POINT('',#1084);
#1084 = CARTESIAN_POINT('',(1.05711686075,-1.518253850569,0.5500001));
#1085 = B_SPLINE_CURVE_WITH_KNOTS('',1,(#1086,#1087),.UNSPECIFIED.,.F.,
  .F.,(2,2),(-8.135065937253E-02,-0.),.PIECEWISE_BEZIER_KNOTS.);
#1086 = CARTESIAN_POINT('',(1.05711686075,-1.518253850569,0.5500001));
#1087 = CARTESIAN_POINT('',(0.975766201377,-1.518253850569,0.5500001));
#1088 = ORIENTED_EDGE('',*,*,#1089,.F.);
#1089 = EDGE_CURVE('',#1090,#1083,#1092,.T.);
#1090 = VERTEX_POINT('',#1091);
#1091 = CARTESIAN_POINT('',(1.05711686075,-1.541461247261,0.5500001));
#1092 = B_SPLINE_CURVE_WITH_KNOTS('',1,(#1093,#1094),.UNSPECIFIED.,.F.,
  .F.,(2,2),(-2.320739669181E-02,0.),.PIECEWISE_BEZIER_KNOTS.);
#1093 = CARTESIAN_POINT('',(1.05711686075,-1.541461247261,0.5500001));
#1094 = CARTESIAN_POINT('',(1.05711686075,-1.518253850569,0.5500001));
#1095 = ORIENTED_EDGE('',*,*,#1096,.F.);
#1096 = EDGE_CURVE('',#1097,#1090,#1099,.T.);
#1097 = VERTEX_POINT('',#1098);
#1098 = CARTESIAN_POINT('',(1.046344968737,-1.572217286426,0.5500001));
#1099 = B_SPLINE_CURVE_WITH_KNOTS('',3,(#1100,#1101,#1102,#1103),
  .UNSPECIFIED.,.F.,.F.,(4,4),(2.,3.),.PIECEWISE_BEZIER_KNOTS.);
#1100 = CARTESIAN_POINT('',(1.046344968737,-1.572217286426,0.5500001));
#1101 = CARTESIAN_POINT('',(1.053540093517,-1.564044789204,0.5500001));
#1102 = CARTESIAN_POINT('',(1.05711686075,-1.553792776149,0.5500001));
#1103 = CARTESIAN_POINT('',(1.05711686075,-1.541461247261,0.5500001));
#1104 = ORIENTED_EDGE('',*,*,#1105,.F.);
#1105 = EDGE_CURVE('',#1106,#1097,#1108,.T.);
#1106 = VERTEX_POINT('',#1107);
#1107 = CARTESIAN_POINT('',(1.017481288979,-1.584486429839,0.5500001));
#1108 = B_SPLINE_CURVE_WITH_KNOTS('',3,(#1109,#1110,#1111,#1112),
  .UNSPECIFIED.,.F.,.F.,(4,4),(3.,4.),.PIECEWISE_BEZIER_KNOTS.);
#1109 = CARTESIAN_POINT('',(1.017481288979,-1.584486429839,0.5500001));
#1110 = CARTESIAN_POINT('',(1.029542480809,-1.584486429839,0.5500001));
#1111 = CARTESIAN_POINT('',(1.039149843956,-1.580389783648,0.5500001));
#1112 = CARTESIAN_POINT('',(1.046344968737,-1.572217286426,0.5500001));
#1113 = ORIENTED_EDGE('',*,*,#1114,.F.);
#1114 = EDGE_CURVE('',#1115,#1106,#1117,.T.);
#1115 = VERTEX_POINT('',#1116);
#1116 = CARTESIAN_POINT('',(0.98716194814,-1.572217286426,0.5500001));
#1117 = B_SPLINE_CURVE_WITH_KNOTS('',3,(#1118,#1119,#1120,#1121),
  .UNSPECIFIED.,.F.,.F.,(4,4),(4.,5.),.PIECEWISE_BEZIER_KNOTS.);
#1118 = CARTESIAN_POINT('',(0.98716194814,-1.572217286426,0.5500001));
#1119 = CARTESIAN_POINT('',(0.994772976087,-1.580389783648,0.5500001));
#1120 = CARTESIAN_POINT('',(1.004879423033,-1.584486429839,0.5500001));
#1121 = CARTESIAN_POINT('',(1.017481288979,-1.584486429839,0.5500001));
#1122 = ORIENTED_EDGE('',*,*,#1123,.F.);
#1123 = EDGE_CURVE('',#1076,#1115,#1124,.T.);
#1124 = B_SPLINE_CURVE_WITH_KNOTS('',3,(#1125,#1126,#1127,#1128),
  .UNSPECIFIED.,.F.,.F.,(4,4),(5.,6.),.PIECEWISE_BEZIER_KNOTS.);
#1125 = CARTESIAN_POINT('',(0.975766201377,-1.540629440929,0.5500001));
#1126 = CARTESIAN_POINT('',(0.975766201377,-1.553501643932,0.5500001));
#1127 = CARTESIAN_POINT('',(0.979550920192,-1.564044789204,0.5500001));
#1128 = CARTESIAN_POINT('',(0.98716194814,-1.572217286426,0.5500001));
#1129 = FACE_BOUND('',#1130,.T.);
#1130 = EDGE_LOOP('',(#1131,#1140,#1147,#1154,#1161,#1168,#1175,#1182));
#1131 = ORIENTED_EDGE('',*,*,#1132,.F.);
#1132 = EDGE_CURVE('',#1133,#1135,#1137,.T.);
#1133 = VERTEX_POINT('',#1134);
#1134 = CARTESIAN_POINT('',(0.975766201377,-1.662197936504,0.5500001));
#1135 = VERTEX_POINT('',#1136);
#1136 = CARTESIAN_POINT('',(1.05711686075,-1.631213150598,0.5500001));
#1137 = B_SPLINE_CURVE_WITH_KNOTS('',1,(#1138,#1139),.UNSPECIFIED.,.F.,
  .F.,(2,2),(-8.705163259801E-02,0.),.PIECEWISE_BEZIER_KNOTS.);
#1138 = CARTESIAN_POINT('',(0.975766201377,-1.662197936504,0.5500001));
#1139 = CARTESIAN_POINT('',(1.05711686075,-1.631213150598,0.5500001));
#1140 = ORIENTED_EDGE('',*,*,#1141,.F.);
#1141 = EDGE_CURVE('',#1142,#1133,#1144,.T.);
#1142 = VERTEX_POINT('',#1143);
#1143 = CARTESIAN_POINT('',(0.975766201377,-1.650594238158,0.5500001));
#1144 = B_SPLINE_CURVE_WITH_KNOTS('',1,(#1145,#1146),.UNSPECIFIED.,.F.,
  .F.,(2,2),(-1.160369834563E-02,0.),.PIECEWISE_BEZIER_KNOTS.);
#1145 = CARTESIAN_POINT('',(0.975766201377,-1.650594238158,0.5500001));
#1146 = CARTESIAN_POINT('',(0.975766201377,-1.662197936504,0.5500001));
#1147 = ORIENTED_EDGE('',*,*,#1148,.F.);
#1148 = EDGE_CURVE('',#1149,#1142,#1151,.T.);
#1149 = VERTEX_POINT('',#1150);
#1150 = CARTESIAN_POINT('',(0.998017020786,-1.642296969986,0.5500001));
#1151 = B_SPLINE_CURVE_WITH_KNOTS('',1,(#1152,#1153),.UNSPECIFIED.,.F.,
  .F.,(2,2),(-2.374749720481E-02,-0.),.PIECEWISE_BEZIER_KNOTS.);
#1152 = CARTESIAN_POINT('',(0.998017020786,-1.642296969986,0.5500001));
#1153 = CARTESIAN_POINT('',(0.975766201377,-1.650594238158,0.5500001));
#1154 = ORIENTED_EDGE('',*,*,#1155,.F.);
#1155 = EDGE_CURVE('',#1156,#1149,#1158,.T.);
#1156 = VERTEX_POINT('',#1157);
#1157 = CARTESIAN_POINT('',(0.998017020786,-1.608421657072,0.5500001));
#1158 = B_SPLINE_CURVE_WITH_KNOTS('',1,(#1159,#1160),.UNSPECIFIED.,.F.,
  .F.,(2,2),(-3.387531291382E-02,-2.22044604925E-16),
  .PIECEWISE_BEZIER_KNOTS.);
#1159 = CARTESIAN_POINT('',(0.998017020786,-1.608421657072,0.5500001));
#1160 = CARTESIAN_POINT('',(0.998017020786,-1.642296969986,0.5500001));
#1161 = ORIENTED_EDGE('',*,*,#1162,.F.);
#1162 = EDGE_CURVE('',#1163,#1156,#1165,.T.);
#1163 = VERTEX_POINT('',#1164);
#1164 = CARTESIAN_POINT('',(0.975766201377,-1.600602677541,0.5500001));
#1165 = B_SPLINE_CURVE_WITH_KNOTS('',1,(#1166,#1167),.UNSPECIFIED.,.F.,
  .F.,(2,2),(-2.358464342031E-02,0.),.PIECEWISE_BEZIER_KNOTS.);
#1166 = CARTESIAN_POINT('',(0.975766201377,-1.600602677541,0.5500001));
#1167 = CARTESIAN_POINT('',(0.998017020786,-1.608421657072,0.5500001));
#1168 = ORIENTED_EDGE('',*,*,#1169,.F.);
#1169 = EDGE_CURVE('',#1170,#1163,#1172,.T.);
#1170 = VERTEX_POINT('',#1171);
#1171 = CARTESIAN_POINT('',(0.975766201377,-1.588998979195,0.5500001));
#1172 = B_SPLINE_CURVE_WITH_KNOTS('',1,(#1173,#1174),.UNSPECIFIED.,.F.,
  .F.,(2,2),(-1.160369834618E-02,2.22044604925E-16),
  .PIECEWISE_BEZIER_KNOTS.);
#1173 = CARTESIAN_POINT('',(0.975766201377,-1.588998979195,0.5500001));
#1174 = CARTESIAN_POINT('',(0.975766201377,-1.600602677541,0.5500001));
#1175 = ORIENTED_EDGE('',*,*,#1176,.F.);
#1176 = EDGE_CURVE('',#1177,#1170,#1179,.T.);
#1177 = VERTEX_POINT('',#1178);
#1178 = CARTESIAN_POINT('',(1.05711686075,-1.619983765101,0.5500001));
#1179 = B_SPLINE_CURVE_WITH_KNOTS('',1,(#1180,#1181),.UNSPECIFIED.,.F.,
  .F.,(2,2),(-8.70516325982E-02,0.),.PIECEWISE_BEZIER_KNOTS.);
#1180 = CARTESIAN_POINT('',(1.05711686075,-1.619983765101,0.5500001));
#1181 = CARTESIAN_POINT('',(0.975766201377,-1.588998979195,0.5500001));
#1182 = ORIENTED_EDGE('',*,*,#1183,.F.);
#1183 = EDGE_CURVE('',#1135,#1177,#1184,.T.);
#1184 = B_SPLINE_CURVE_WITH_KNOTS('',1,(#1185,#1186),.UNSPECIFIED.,.F.,
  .F.,(2,2),(-1.122938549674E-02,2.22044604925E-16),
  .PIECEWISE_BEZIER_KNOTS.);
#1185 = CARTESIAN_POINT('',(1.05711686075,-1.631213150598,0.5500001));
#1186 = CARTESIAN_POINT('',(1.05711686075,-1.619983765101,0.5500001));
#1187 = FACE_BOUND('',#1188,.T.);
#1188 = EDGE_LOOP('',(#1189,#1200,#1209,#1218,#1225,#1234,#1243,#1252,
    #1259,#1268,#1277,#1286,#1295,#1304,#1313,#1322,#1331,#1340,#1349,
    #1356,#1363,#1370,#1379,#1388,#1397,#1406,#1415,#1424,#1433,#1442,
    #1451,#1460,#1469));
#1189 = ORIENTED_EDGE('',*,*,#1190,.F.);
#1190 = EDGE_CURVE('',#1191,#1193,#1195,.T.);
#1191 = VERTEX_POINT('',#1192);
#1192 = CARTESIAN_POINT('',(1.056459345552,-1.167213858022,0.5500001));
#1193 = VERTEX_POINT('',#1194);
#1194 = CARTESIAN_POINT('',(1.132229053433,-1.109952779305,0.5500001));
#1195 = B_SPLINE_CURVE_WITH_KNOTS('',3,(#1196,#1197,#1198,#1199),
  .UNSPECIFIED.,.F.,.F.,(4,4),(35.,36.),.PIECEWISE_BEZIER_KNOTS.);
#1196 = CARTESIAN_POINT('',(1.056459345552,-1.167213858022,0.5500001));
#1197 = CARTESIAN_POINT('',(1.091163015582,-1.166635471979,0.5500001));
#1198 = CARTESIAN_POINT('',(1.121817950217,-1.142921269143,0.5500001));
#1199 = CARTESIAN_POINT('',(1.132229053433,-1.109952779305,0.5500001));
#1200 = ORIENTED_EDGE('',*,*,#1201,.F.);
#1201 = EDGE_CURVE('',#1202,#1191,#1204,.T.);
#1202 = VERTEX_POINT('',#1203);
#1203 = CARTESIAN_POINT('',(1.001511833071,-1.145813243484,0.5500001));
#1204 = B_SPLINE_CURVE_WITH_KNOTS('',3,(#1205,#1206,#1207,#1208),
  .UNSPECIFIED.,.F.,.F.,(4,4),(34.,35.),.PIECEWISE_BEZIER_KNOTS.);
#1205 = CARTESIAN_POINT('',(1.001511833071,-1.145813243484,0.5500001));
#1206 = CARTESIAN_POINT('',(1.016550090819,-1.159694729148,0.5500001));
#1207 = CARTESIAN_POINT('',(1.036215525164,-1.167213858022,0.5500001));
#1208 = CARTESIAN_POINT('',(1.056459345552,-1.167213858022,0.5500001));
#1209 = ORIENTED_EDGE('',*,*,#1210,.F.);
#1210 = EDGE_CURVE('',#1211,#1202,#1213,.T.);
#1211 = VERTEX_POINT('',#1212);
#1212 = CARTESIAN_POINT('',(0.975484064,-1.093179319301,0.5500001));
#1213 = B_SPLINE_CURVE_WITH_KNOTS('',3,(#1214,#1215,#1216,#1217),
  .UNSPECIFIED.,.F.,.F.,(4,4),(33.,34.),.PIECEWISE_BEZIER_KNOTS.);
#1214 = CARTESIAN_POINT('',(0.975484064,-1.093179319301,0.5500001));
#1215 = CARTESIAN_POINT('',(0.977219244192,-1.113423139689,0.5500001));
#1216 = CARTESIAN_POINT('',(0.986473575322,-1.131931779885,0.5500001));
#1217 = CARTESIAN_POINT('',(1.001511833071,-1.145813243484,0.5500001));
#1218 = ORIENTED_EDGE('',*,*,#1219,.F.);
#1219 = EDGE_CURVE('',#1220,#1211,#1222,.T.);
#1220 = VERTEX_POINT('',#1221);
#1221 = CARTESIAN_POINT('',(0.975484064,-1.059054035314,0.5500001));
#1222 = B_SPLINE_CURVE_WITH_KNOTS('',1,(#1223,#1224),.UNSPECIFIED.,.F.,
  .F.,(2,2),(-3.239010379522E-02,1.735180192052E-03),
  .PIECEWISE_BEZIER_KNOTS.);
#1223 = CARTESIAN_POINT('',(0.975484064,-1.059054035314,0.5500001));
#1224 = CARTESIAN_POINT('',(0.975484064,-1.093179319301,0.5500001));
#1225 = ORIENTED_EDGE('',*,*,#1226,.F.);
#1226 = EDGE_CURVE('',#1227,#1220,#1229,.T.);
#1227 = VERTEX_POINT('',#1228);
#1228 = CARTESIAN_POINT('',(0.99341429609,-1.04228057531,0.5500001));
#1229 = B_SPLINE_CURVE_WITH_KNOTS('',3,(#1230,#1231,#1232,#1233),
  .UNSPECIFIED.,.F.,.F.,(4,4),(28.,29.),.PIECEWISE_BEZIER_KNOTS.);
#1230 = CARTESIAN_POINT('',(0.99341429609,-1.04228057531,0.5500001));
#1231 = CARTESIAN_POINT('',(0.984159987024,-1.04228057531,0.5500001));
#1232 = CARTESIAN_POINT('',(0.976062450042,-1.049799704184,0.5500001));
#1233 = CARTESIAN_POINT('',(0.975484064,-1.059054035314,0.5500001));
#1234 = ORIENTED_EDGE('',*,*,#1235,.F.);
#1235 = EDGE_CURVE('',#1236,#1227,#1238,.T.);
#1236 = VERTEX_POINT('',#1237);
#1237 = CARTESIAN_POINT('',(1.011344528179,-1.060210807399,0.5500001));
#1238 = B_SPLINE_CURVE_WITH_KNOTS('',3,(#1239,#1240,#1241,#1242),
  .UNSPECIFIED.,.F.,.F.,(4,4),(27.,28.),.PIECEWISE_BEZIER_KNOTS.);
#1239 = CARTESIAN_POINT('',(1.011344528179,-1.060210807399,0.5500001));
#1240 = CARTESIAN_POINT('',(1.011344528179,-1.050378090227,0.5500001));
#1241 = CARTESIAN_POINT('',(1.003246991199,-1.04228057531,0.5500001));
#1242 = CARTESIAN_POINT('',(0.99341429609,-1.04228057531,0.5500001));
#1243 = ORIENTED_EDGE('',*,*,#1244,.F.);
#1244 = EDGE_CURVE('',#1245,#1236,#1247,.T.);
#1245 = VERTEX_POINT('',#1246);
#1246 = CARTESIAN_POINT('',(1.010766142137,-1.063681167783,0.5500001));
#1247 = B_SPLINE_CURVE_WITH_KNOTS('',3,(#1248,#1249,#1250,#1251),
  .UNSPECIFIED.,.F.,.F.,(4,4),(26.,27.),.PIECEWISE_BEZIER_KNOTS.);
#1248 = CARTESIAN_POINT('',(1.010766142137,-1.063681167783,0.5500001));
#1249 = CARTESIAN_POINT('',(1.010766142137,-1.062524373634,0.5500001));
#1250 = CARTESIAN_POINT('',(1.011344528179,-1.061367579485,0.5500001));
#1251 = CARTESIAN_POINT('',(1.011344528179,-1.060210807399,0.5500001));
#1252 = ORIENTED_EDGE('',*,*,#1253,.F.);
#1253 = EDGE_CURVE('',#1254,#1245,#1256,.T.);
#1254 = VERTEX_POINT('',#1255);
#1255 = CARTESIAN_POINT('',(1.010766142137,-1.089708936853,0.5500001));
#1256 = B_SPLINE_CURVE_WITH_KNOTS('',1,(#1257,#1258),.UNSPECIFIED.,.F.,
  .F.,(2,2),(0.,2.602776907033E-02),.PIECEWISE_BEZIER_KNOTS.);
#1257 = CARTESIAN_POINT('',(1.010766142137,-1.089708936853,0.5500001));
#1258 = CARTESIAN_POINT('',(1.010766142137,-1.063681167783,0.5500001));
#1259 = ORIENTED_EDGE('',*,*,#1260,.F.);
#1260 = EDGE_CURVE('',#1261,#1254,#1263,.T.);
#1261 = VERTEX_POINT('',#1262);
#1262 = CARTESIAN_POINT('',(1.055880937446,-1.131353371779,0.5500001));
#1263 = B_SPLINE_CURVE_WITH_KNOTS('',3,(#1264,#1265,#1266,#1267),
  .UNSPECIFIED.,.F.,.F.,(4,4),(24.,25.),.PIECEWISE_BEZIER_KNOTS.);
#1264 = CARTESIAN_POINT('',(1.055880937446,-1.131353371779,0.5500001));
#1265 = CARTESIAN_POINT('',(1.032166745642,-1.131353371779,0.5500001));
#1266 = CARTESIAN_POINT('',(1.012501322329,-1.113423139689,0.5500001));
#1267 = CARTESIAN_POINT('',(1.010766142137,-1.089708936853,0.5500001));
#1268 = ORIENTED_EDGE('',*,*,#1269,.F.);
#1269 = EDGE_CURVE('',#1270,#1261,#1272,.T.);
#1270 = VERTEX_POINT('',#1271);
#1271 = CARTESIAN_POINT('',(1.100995732755,-1.08623857647,0.5500001));
#1272 = B_SPLINE_CURVE_WITH_KNOTS('',3,(#1273,#1274,#1275,#1276),
  .UNSPECIFIED.,.F.,.F.,(4,4),(23.,24.),.PIECEWISE_BEZIER_KNOTS.);
#1273 = CARTESIAN_POINT('',(1.100995732755,-1.08623857647,0.5500001));
#1274 = CARTESIAN_POINT('',(1.100995732755,-1.111109551391,0.5500001));
#1275 = CARTESIAN_POINT('',(1.080751912367,-1.131353371779,0.5500001));
#1276 = CARTESIAN_POINT('',(1.055880937446,-1.131353371779,0.5500001));
#1277 = ORIENTED_EDGE('',*,*,#1278,.F.);
#1278 = EDGE_CURVE('',#1279,#1270,#1281,.T.);
#1279 = VERTEX_POINT('',#1280);
#1280 = CARTESIAN_POINT('',(1.100995732755,-1.081611421937,0.5500001));
#1281 = B_SPLINE_CURVE_WITH_KNOTS('',3,(#1282,#1283,#1284,#1285),
  .UNSPECIFIED.,.F.,.F.,(4,4),(22.,23.),.PIECEWISE_BEZIER_KNOTS.);
#1282 = CARTESIAN_POINT('',(1.100995732755,-1.081611421937,0.5500001));
#1283 = CARTESIAN_POINT('',(1.100995732755,-1.083346602128,0.5500001));
#1284 = CARTESIAN_POINT('',(1.100995732755,-1.084503396278,0.5500001));
#1285 = CARTESIAN_POINT('',(1.100995732755,-1.08623857647,0.5500001));
#1286 = ORIENTED_EDGE('',*,*,#1287,.F.);
#1287 = EDGE_CURVE('',#1288,#1279,#1290,.T.);
#1288 = VERTEX_POINT('',#1289);
#1289 = CARTESIAN_POINT('',(1.173295091283,-1.000636140384,0.5500001));
#1290 = B_SPLINE_CURVE_WITH_KNOTS('',3,(#1291,#1292,#1293,#1294),
  .UNSPECIFIED.,.F.,.F.,(4,4),(21.,22.),.PIECEWISE_BEZIER_KNOTS.);
#1291 = CARTESIAN_POINT('',(1.173295091283,-1.000636140384,0.5500001));
#1292 = CARTESIAN_POINT('',(1.173295091283,-1.04228057531,0.5500001));
#1293 = CARTESIAN_POINT('',(1.141483373531,-1.076984267403,0.5500001));
#1294 = CARTESIAN_POINT('',(1.100995732755,-1.081611421937,0.5500001));
#1295 = ORIENTED_EDGE('',*,*,#1296,.F.);
#1296 = EDGE_CURVE('',#1297,#1288,#1299,.T.);
#1297 = VERTEX_POINT('',#1298);
#1298 = CARTESIAN_POINT('',(1.117769214823,-0.92313124128,0.5500001));
#1299 = B_SPLINE_CURVE_WITH_KNOTS('',3,(#1300,#1301,#1302,#1303),
  .UNSPECIFIED.,.F.,.F.,(4,4),(20.,21.),.PIECEWISE_BEZIER_KNOTS.);
#1300 = CARTESIAN_POINT('',(1.117769214823,-0.92313124128,0.5500001));
#1301 = CARTESIAN_POINT('',(1.150159296554,-0.934120730538,0.5500001));
#1302 = CARTESIAN_POINT('',(1.173295091283,-0.964197268099,0.5500001));
#1303 = CARTESIAN_POINT('',(1.173295091283,-1.000636140384,0.5500001));
#1304 = ORIENTED_EDGE('',*,*,#1305,.F.);
#1305 = EDGE_CURVE('',#1306,#1297,#1308,.T.);
#1306 = VERTEX_POINT('',#1307);
#1307 = CARTESIAN_POINT('',(1.126445137846,-0.892476317677,0.5500001));
#1308 = B_SPLINE_CURVE_WITH_KNOTS('',3,(#1309,#1310,#1311,#1312),
  .UNSPECIFIED.,.F.,.F.,(4,4),(19.,20.),.PIECEWISE_BEZIER_KNOTS.);
#1309 = CARTESIAN_POINT('',(1.126445137846,-0.892476317677,0.5500001));
#1310 = CARTESIAN_POINT('',(1.126445137846,-0.903465817967,0.5500001));
#1311 = CARTESIAN_POINT('',(1.122974766431,-0.914455318257,0.5500001));
#1312 = CARTESIAN_POINT('',(1.117769214823,-0.92313124128,0.5500001));
#1313 = ORIENTED_EDGE('',*,*,#1314,.F.);
#1314 = EDGE_CURVE('',#1315,#1306,#1317,.T.);
#1315 = VERTEX_POINT('',#1316);
#1316 = CARTESIAN_POINT('',(1.068605651024,-0.834636830854,0.5500001));
#1317 = B_SPLINE_CURVE_WITH_KNOTS('',3,(#1318,#1319,#1320,#1321),
  .UNSPECIFIED.,.F.,.F.,(4,4),(18.,19.),.PIECEWISE_BEZIER_KNOTS.);
#1318 = CARTESIAN_POINT('',(1.068605651024,-0.834636830854,0.5500001));
#1319 = CARTESIAN_POINT('',(1.100417368776,-0.834636830854,0.5500001));
#1320 = CARTESIAN_POINT('',(1.126445137846,-0.860664599924,0.5500001));
#1321 = CARTESIAN_POINT('',(1.126445137846,-0.892476317677,0.5500001));
#1322 = ORIENTED_EDGE('',*,*,#1323,.F.);
#1323 = EDGE_CURVE('',#1324,#1315,#1326,.T.);
#1324 = VERTEX_POINT('',#1325);
#1325 = CARTESIAN_POINT('',(1.015393318734,-0.869340522948,0.5500001));
#1326 = B_SPLINE_CURVE_WITH_KNOTS('',3,(#1327,#1328,#1329,#1330),
  .UNSPECIFIED.,.F.,.F.,(4,4),(17.,18.),.PIECEWISE_BEZIER_KNOTS.);
#1327 = CARTESIAN_POINT('',(1.015393318734,-0.869340522948,0.5500001));
#1328 = CARTESIAN_POINT('',(1.024647638832,-0.84909670256,0.5500001));
#1329 = CARTESIAN_POINT('',(1.04489145922,-0.834636830854,0.5500001));
#1330 = CARTESIAN_POINT('',(1.068605651024,-0.834636830854,0.5500001));
#1331 = ORIENTED_EDGE('',*,*,#1332,.F.);
#1332 = EDGE_CURVE('',#1333,#1324,#1335,.T.);
#1333 = VERTEX_POINT('',#1334);
#1334 = CARTESIAN_POINT('',(1.053567382243,-0.923709638355,0.5500001));
#1335 = B_SPLINE_CURVE_WITH_KNOTS('',3,(#1336,#1337,#1338,#1339),
  .UNSPECIFIED.,.F.,.F.,(4,4),(16.,17.),.PIECEWISE_BEZIER_KNOTS.);
#1336 = CARTESIAN_POINT('',(1.053567382243,-0.923709638355,0.5500001));
#1337 = CARTESIAN_POINT('',(1.053567382243,-0.898838652402,0.5500001));
#1338 = CARTESIAN_POINT('',(1.037372330346,-0.877438048896,0.5500001));
#1339 = CARTESIAN_POINT('',(1.015393318734,-0.869340522948,0.5500001));
#1340 = ORIENTED_EDGE('',*,*,#1341,.F.);
#1341 = EDGE_CURVE('',#1342,#1333,#1344,.T.);
#1342 = VERTEX_POINT('',#1343);
#1343 = CARTESIAN_POINT('',(1.03390195893,-0.967089253472,0.5500001));
#1344 = B_SPLINE_CURVE_WITH_KNOTS('',3,(#1345,#1346,#1347,#1348),
  .UNSPECIFIED.,.F.,.F.,(4,4),(15.,16.),.PIECEWISE_BEZIER_KNOTS.);
#1345 = CARTESIAN_POINT('',(1.03390195893,-0.967089253472,0.5500001));
#1346 = CARTESIAN_POINT('',(1.046048253369,-0.956678150256,0.5500001));
#1347 = CARTESIAN_POINT('',(1.053567382243,-0.941061484402,0.5500001));
#1348 = CARTESIAN_POINT('',(1.053567382243,-0.923709638355,0.5500001));
#1349 = ORIENTED_EDGE('',*,*,#1350,.F.);
#1350 = EDGE_CURVE('',#1351,#1342,#1353,.T.);
#1351 = VERTEX_POINT('',#1352);
#1352 = CARTESIAN_POINT('',(1.074389599706,-1.044594163608,0.5500001));
#1353 = B_SPLINE_CURVE_WITH_KNOTS('',1,(#1354,#1355),.UNSPECIFIED.,.F.,
  .F.,(2,2),(0.,8.744289651436E-02),.PIECEWISE_BEZIER_KNOTS.);
#1354 = CARTESIAN_POINT('',(1.074389599706,-1.044594163608,0.5500001));
#1355 = CARTESIAN_POINT('',(1.03390195893,-0.967089253472,0.5500001));
#1356 = ORIENTED_EDGE('',*,*,#1357,.F.);
#1357 = EDGE_CURVE('',#1358,#1351,#1360,.T.);
#1358 = VERTEX_POINT('',#1359);
#1359 = CARTESIAN_POINT('',(1.043734665071,-1.062524395698,0.5500001));
#1360 = B_SPLINE_CURVE_WITH_KNOTS('',1,(#1361,#1362),.UNSPECIFIED.,.F.,
  .F.,(2,2),(0.,3.551363456865E-02),.PIECEWISE_BEZIER_KNOTS.);
#1361 = CARTESIAN_POINT('',(1.043734665071,-1.062524395698,0.5500001));
#1362 = CARTESIAN_POINT('',(1.074389599706,-1.044594163608,0.5500001));
#1363 = ORIENTED_EDGE('',*,*,#1364,.F.);
#1364 = EDGE_CURVE('',#1365,#1358,#1367,.T.);
#1365 = VERTEX_POINT('',#1366);
#1366 = CARTESIAN_POINT('',(1.000933447028,-0.981549114146,0.5500001));
#1367 = B_SPLINE_CURVE_WITH_KNOTS('',1,(#1368,#1369),.UNSPECIFIED.,.F.,
  .F.,(2,2),(1.96308513944E-16,9.159115944431E-02),
  .PIECEWISE_BEZIER_KNOTS.);
#1368 = CARTESIAN_POINT('',(1.000933447028,-0.981549114146,0.5500001));
#1369 = CARTESIAN_POINT('',(1.043734665071,-1.062524395698,0.5500001));
#1370 = ORIENTED_EDGE('',*,*,#1371,.F.);
#1371 = EDGE_CURVE('',#1372,#1365,#1374,.T.);
#1372 = VERTEX_POINT('',#1373);
#1373 = CARTESIAN_POINT('',(0.995149498345,-0.981549114146,0.5500001));
#1374 = B_SPLINE_CURVE_WITH_KNOTS('',3,(#1375,#1376,#1377,#1378),
  .UNSPECIFIED.,.F.,.F.,(4,4),(11.,12.),.PIECEWISE_BEZIER_KNOTS.);
#1375 = CARTESIAN_POINT('',(0.995149498345,-0.981549114146,0.5500001));
#1376 = CARTESIAN_POINT('',(0.996884678537,-0.981549114146,0.5500001));
#1377 = CARTESIAN_POINT('',(0.99861985873,-0.981549114146,0.5500001));
#1378 = CARTESIAN_POINT('',(1.000933447028,-0.981549114146,0.5500001));
#1379 = ORIENTED_EDGE('',*,*,#1380,.F.);
#1380 = EDGE_CURVE('',#1381,#1372,#1383,.T.);
#1381 = VERTEX_POINT('',#1382);
#1382 = CARTESIAN_POINT('',(0.937310011523,-0.923709627323,0.5500001));
#1383 = B_SPLINE_CURVE_WITH_KNOTS('',3,(#1384,#1385,#1386,#1387),
  .UNSPECIFIED.,.F.,.F.,(4,4),(10.,11.),.PIECEWISE_BEZIER_KNOTS.);
#1384 = CARTESIAN_POINT('',(0.937310011523,-0.923709627323,0.5500001));
#1385 = CARTESIAN_POINT('',(0.937310011523,-0.955521345075,0.5500001));
#1386 = CARTESIAN_POINT('',(0.963337780593,-0.981549114146,0.5500001));
#1387 = CARTESIAN_POINT('',(0.995149498345,-0.981549114146,0.5500001));
#1388 = ORIENTED_EDGE('',*,*,#1389,.F.);
#1389 = EDGE_CURVE('',#1390,#1381,#1392,.T.);
#1390 = VERTEX_POINT('',#1391);
#1391 = CARTESIAN_POINT('',(0.97664085815,-0.868762109325,0.5500001));
#1392 = B_SPLINE_CURVE_WITH_KNOTS('',3,(#1393,#1394,#1395,#1396),
  .UNSPECIFIED.,.F.,.F.,(4,4),(9.,10.),.PIECEWISE_BEZIER_KNOTS.);
#1393 = CARTESIAN_POINT('',(0.97664085815,-0.868762109325,0.5500001));
#1394 = CARTESIAN_POINT('',(0.95350506342,-0.876281243715,0.5500001));
#1395 = CARTESIAN_POINT('',(0.937310011523,-0.898260244295,0.5500001));
#1396 = CARTESIAN_POINT('',(0.937310011523,-0.923709627323,0.5500001));
#1397 = ORIENTED_EDGE('',*,*,#1398,.F.);
#1398 = EDGE_CURVE('',#1399,#1390,#1401,.T.);
#1399 = VERTEX_POINT('',#1400);
#1400 = CARTESIAN_POINT('',(1.004403807412,-0.822490519867,0.5500001));
#1401 = B_SPLINE_CURVE_WITH_KNOTS('',3,(#1402,#1403,#1404,#1405),
  .UNSPECIFIED.,.F.,.F.,(4,4),(8.,9.),.PIECEWISE_BEZIER_KNOTS.);
#1402 = CARTESIAN_POINT('',(1.004403807412,-0.822490519867,0.5500001));
#1403 = CARTESIAN_POINT('',(0.990522321748,-0.835215205864,0.5500001));
#1404 = CARTESIAN_POINT('',(0.981268012683,-0.850831871719,0.5500001));
#1405 = CARTESIAN_POINT('',(0.97664085815,-0.868762109325,0.5500001));
#1406 = ORIENTED_EDGE('',*,*,#1407,.F.);
#1407 = EDGE_CURVE('',#1408,#1399,#1410,.T.);
#1408 = VERTEX_POINT('',#1409);
#1409 = CARTESIAN_POINT('',(1.067448834811,-0.798197936504,0.5500001));
#1410 = B_SPLINE_CURVE_WITH_KNOTS('',3,(#1411,#1412,#1413,#1414),
  .UNSPECIFIED.,.F.,.F.,(4,4),(7.,8.),.PIECEWISE_BEZIER_KNOTS.);
#1411 = CARTESIAN_POINT('',(1.067448834811,-0.798197936504,0.5500001));
#1412 = CARTESIAN_POINT('',(1.044313040081,-0.798197936504,0.5500001));
#1413 = CARTESIAN_POINT('',(1.021755631395,-0.806873859527,0.5500001));
#1414 = CARTESIAN_POINT('',(1.004403807412,-0.822490519867,0.5500001));
#1415 = ORIENTED_EDGE('',*,*,#1416,.F.);
#1416 = EDGE_CURVE('',#1417,#1408,#1419,.T.);
#1417 = VERTEX_POINT('',#1418);
#1418 = CARTESIAN_POINT('',(1.133385842066,-0.825382510756,0.5500001));
#1419 = B_SPLINE_CURVE_WITH_KNOTS('',3,(#1420,#1421,#1422,#1423),
  .UNSPECIFIED.,.F.,.F.,(4,4),(6.,7.),.PIECEWISE_BEZIER_KNOTS.);
#1420 = CARTESIAN_POINT('',(1.133385842066,-0.825382510756,0.5500001));
#1421 = CARTESIAN_POINT('',(1.116034001535,-0.80803064954,0.5500001));
#1422 = CARTESIAN_POINT('',(1.092319809731,-0.798197936504,0.5500001));
#1423 = CARTESIAN_POINT('',(1.067448834811,-0.798197936504,0.5500001));
#1424 = ORIENTED_EDGE('',*,*,#1425,.F.);
#1425 = EDGE_CURVE('',#1426,#1417,#1428,.T.);
#1426 = VERTEX_POINT('',#1427);
#1427 = CARTESIAN_POINT('',(1.161148796844,-0.891897920602,0.5500001));
#1428 = B_SPLINE_CURVE_WITH_KNOTS('',3,(#1429,#1430,#1431,#1432),
  .UNSPECIFIED.,.F.,.F.,(4,4),(5.,6.),.PIECEWISE_BEZIER_KNOTS.);
#1429 = CARTESIAN_POINT('',(1.161148796844,-0.891897920602,0.5500001));
#1430 = CARTESIAN_POINT('',(1.161148796844,-0.867026940165,0.5500001));
#1431 = CARTESIAN_POINT('',(1.151316085188,-0.843312753877,0.5500001));
#1432 = CARTESIAN_POINT('',(1.133385842066,-0.825382510756,0.5500001));
#1433 = ORIENTED_EDGE('',*,*,#1434,.F.);
#1434 = EDGE_CURVE('',#1435,#1426,#1437,.T.);
#1435 = VERTEX_POINT('',#1436);
#1436 = CARTESIAN_POINT('',(1.159992008211,-0.905200998159,0.5500001));
#1437 = B_SPLINE_CURVE_WITH_KNOTS('',3,(#1438,#1439,#1440,#1441),
  .UNSPECIFIED.,.F.,.F.,(4,4),(4.,5.),.PIECEWISE_BEZIER_KNOTS.);
#1438 = CARTESIAN_POINT('',(1.159992008211,-0.905200998159,0.5500001));
#1439 = CARTESIAN_POINT('',(1.160570405286,-0.900573843625,0.5500001));
#1440 = CARTESIAN_POINT('',(1.161148796844,-0.896525075135,0.5500001));
#1441 = CARTESIAN_POINT('',(1.161148796844,-0.891897920602,0.5500001));
#1442 = ORIENTED_EDGE('',*,*,#1443,.F.);
#1443 = EDGE_CURVE('',#1444,#1435,#1446,.T.);
#1444 = VERTEX_POINT('',#1445);
#1445 = CARTESIAN_POINT('',(1.185441382964,-0.930650370154,0.5500001));
#1446 = B_SPLINE_CURVE_WITH_KNOTS('',3,(#1447,#1448,#1449,#1450),
  .UNSPECIFIED.,.F.,.F.,(4,4),(3.,4.),.PIECEWISE_BEZIER_KNOTS.);
#1447 = CARTESIAN_POINT('',(1.185441382964,-0.930650370154,0.5500001));
#1448 = CARTESIAN_POINT('',(1.178500642891,-0.920817652981,0.5500001));
#1449 = CARTESIAN_POINT('',(1.169824719868,-0.912720127033,0.5500001));
#1450 = CARTESIAN_POINT('',(1.159992008211,-0.905200998159,0.5500001));
#1451 = ORIENTED_EDGE('',*,*,#1452,.F.);
#1452 = EDGE_CURVE('',#1453,#1444,#1455,.T.);
#1453 = VERTEX_POINT('',#1454);
#1454 = CARTESIAN_POINT('',(1.207998783377,-1.000057754342,0.5500001));
#1455 = B_SPLINE_CURVE_WITH_KNOTS('',3,(#1456,#1457,#1458,#1459),
  .UNSPECIFIED.,.F.,.F.,(4,4),(2.,3.),.PIECEWISE_BEZIER_KNOTS.);
#1456 = CARTESIAN_POINT('',(1.207998783377,-1.000057754342,0.5500001));
#1457 = CARTESIAN_POINT('',(1.207998783377,-0.974608382346,0.5500001));
#1458 = CARTESIAN_POINT('',(1.19990125536,-0.950894190542,0.5500001));
#1459 = CARTESIAN_POINT('',(1.185441382964,-0.930650370154,0.5500001));
#1460 = ORIENTED_EDGE('',*,*,#1461,.F.);
#1461 = EDGE_CURVE('',#1462,#1453,#1464,.T.);
#1462 = VERTEX_POINT('',#1463);
#1463 = CARTESIAN_POINT('',(1.177922248574,-1.078719447595,0.5500001));
#1464 = B_SPLINE_CURVE_WITH_KNOTS('',3,(#1465,#1466,#1467,#1468),
  .UNSPECIFIED.,.F.,.F.,(4,4),(1.,2.),.PIECEWISE_BEZIER_KNOTS.);
#1465 = CARTESIAN_POINT('',(1.177922248574,-1.078719447595,0.5500001));
#1466 = CARTESIAN_POINT('',(1.197009281019,-1.056740447015,0.5500001));
#1467 = CARTESIAN_POINT('',(1.207998783377,-1.028977497753,0.5500001));
#1468 = CARTESIAN_POINT('',(1.207998783377,-1.000057754342,0.5500001));
#1469 = ORIENTED_EDGE('',*,*,#1470,.F.);
#1470 = EDGE_CURVE('',#1193,#1462,#1471,.T.);
#1471 = B_SPLINE_CURVE_WITH_KNOTS('',3,(#1472,#1473,#1474,#1475),
  .UNSPECIFIED.,.F.,.F.,(4,4),(0.,1.),.PIECEWISE_BEZIER_KNOTS.);
#1472 = CARTESIAN_POINT('',(1.132229053433,-1.109952779305,0.5500001));
#1473 = CARTESIAN_POINT('',(1.149580899479,-1.103590444581,0.5500001));
#1474 = CARTESIAN_POINT('',(1.165197559819,-1.092600933259,0.5500001));
#1475 = CARTESIAN_POINT('',(1.177922248574,-1.078719447595,0.5500001));
#1476 = B_SPLINE_SURFACE_WITH_KNOTS('',1,1,(
    (#1477,#1478)
    ,(#1479,#1480
    )),.UNSPECIFIED.,.F.,.F.,.F.,(2,2),(2,2),(-1.5,1.5),(-2.,2.),
  .PIECEWISE_BEZIER_KNOTS.);
#1477 = CARTESIAN_POINT('',(1.5,-2.,0.5500001));
#1478 = CARTESIAN_POINT('',(1.5,2.,0.5500001));
#1479 = CARTESIAN_POINT('',(-1.5,-2.,0.5500001));
#1480 = CARTESIAN_POINT('',(-1.5,2.,0.5500001));
#1481 = ADVANCED_FACE('',(#1482,#1504,#1534),#1564,.F.);
#1482 = FACE_BOUND('',#1483,.T.);
#1483 = EDGE_LOOP('',(#1484,#1491,#1498,#1503));
#1484 = ORIENTED_EDGE('',*,*,#1485,.T.);
#1485 = EDGE_CURVE('',#526,#1486,#1488,.T.);
#1486 = VERTEX_POINT('',#1487);
#1487 = CARTESIAN_POINT('',(-1.5,-2.,5.00001E-02));
#1488 = B_SPLINE_CURVE_WITH_KNOTS('',1,(#1489,#1490),.UNSPECIFIED.,.F.,
  .F.,(2,2),(5.,5.5),.PIECEWISE_BEZIER_KNOTS.);
#1489 = CARTESIAN_POINT('',(-1.5,-2.,0.5500001));
#1490 = CARTESIAN_POINT('',(-1.5,-2.,5.00001E-02));
#1491 = ORIENTED_EDGE('',*,*,#1492,.T.);
#1492 = EDGE_CURVE('',#1486,#1493,#1495,.T.);
#1493 = VERTEX_POINT('',#1494);
#1494 = CARTESIAN_POINT('',(1.5,-2.,5.00001E-02));
#1495 = B_SPLINE_CURVE_WITH_KNOTS('',1,(#1496,#1497),.UNSPECIFIED.,.F.,
  .F.,(2,2),(0.,3.),.PIECEWISE_BEZIER_KNOTS.);
#1496 = CARTESIAN_POINT('',(-1.5,-2.,5.00001E-02));
#1497 = CARTESIAN_POINT('',(1.5,-2.,5.00001E-02));
#1498 = ORIENTED_EDGE('',*,*,#1499,.F.);
#1499 = EDGE_CURVE('',#533,#1493,#1500,.T.);
#1500 = B_SPLINE_CURVE_WITH_KNOTS('',1,(#1501,#1502),.UNSPECIFIED.,.F.,
  .F.,(2,2),(5.,5.5),.PIECEWISE_BEZIER_KNOTS.);
#1501 = CARTESIAN_POINT('',(1.5,-2.,0.5500001));
#1502 = CARTESIAN_POINT('',(1.5,-2.,5.00001E-02));
#1503 = ORIENTED_EDGE('',*,*,#532,.T.);
#1504 = FACE_BOUND('',#1505,.T.);
#1505 = EDGE_LOOP('',(#1506,#1515,#1522,#1529));
#1506 = ORIENTED_EDGE('',*,*,#1507,.F.);
#1507 = EDGE_CURVE('',#1508,#1510,#1512,.T.);
#1508 = VERTEX_POINT('',#1509);
#1509 = CARTESIAN_POINT('',(-0.5,-2.,0.2000001));
#1510 = VERTEX_POINT('',#1511);
#1511 = CARTESIAN_POINT('',(-0.9,-2.,0.2000001));
#1512 = B_SPLINE_CURVE_WITH_KNOTS('',1,(#1513,#1514),.UNSPECIFIED.,.F.,
  .F.,(2,2),(-1.,-0.6),.PIECEWISE_BEZIER_KNOTS.);
#1513 = CARTESIAN_POINT('',(-0.5,-2.,0.2000001));
#1514 = CARTESIAN_POINT('',(-0.9,-2.,0.2000001));
#1515 = ORIENTED_EDGE('',*,*,#1516,.F.);
#1516 = EDGE_CURVE('',#1517,#1508,#1519,.T.);
#1517 = VERTEX_POINT('',#1518);
#1518 = CARTESIAN_POINT('',(-0.5,-2.,0.1000001));
#1519 = B_SPLINE_CURVE_WITH_KNOTS('',1,(#1520,#1521),.UNSPECIFIED.,.F.,
  .F.,(2,2),(-0.45,-0.35),.PIECEWISE_BEZIER_KNOTS.);
#1520 = CARTESIAN_POINT('',(-0.5,-2.,0.1000001));
#1521 = CARTESIAN_POINT('',(-0.5,-2.,0.2000001));
#1522 = ORIENTED_EDGE('',*,*,#1523,.T.);
#1523 = EDGE_CURVE('',#1517,#1524,#1526,.T.);
#1524 = VERTEX_POINT('',#1525);
#1525 = CARTESIAN_POINT('',(-0.9,-2.,0.1000001));
#1526 = B_SPLINE_CURVE_WITH_KNOTS('',1,(#1527,#1528),.UNSPECIFIED.,.F.,
  .F.,(2,2),(-1.,-0.6),.PIECEWISE_BEZIER_KNOTS.);
#1527 = CARTESIAN_POINT('',(-0.5,-2.,0.1000001));
#1528 = CARTESIAN_POINT('',(-0.9,-2.,0.1000001));
#1529 = ORIENTED_EDGE('',*,*,#1530,.F.);
#1530 = EDGE_CURVE('',#1510,#1524,#1531,.T.);
#1531 = B_SPLINE_CURVE_WITH_KNOTS('',1,(#1532,#1533),.UNSPECIFIED.,.F.,
  .F.,(2,2),(0.35,0.45),.PIECEWISE_BEZIER_KNOTS.);
#1532 = CARTESIAN_POINT('',(-0.9,-2.,0.2000001));
#1533 = CARTESIAN_POINT('',(-0.9,-2.,0.1000001));
#1534 = FACE_BOUND('',#1535,.T.);
#1535 = EDGE_LOOP('',(#1536,#1545,#1552,#1559));
#1536 = ORIENTED_EDGE('',*,*,#1537,.F.);
#1537 = EDGE_CURVE('',#1538,#1540,#1542,.T.);
#1538 = VERTEX_POINT('',#1539);
#1539 = CARTESIAN_POINT('',(0.9,-2.,0.2000001));
#1540 = VERTEX_POINT('',#1541);
#1541 = CARTESIAN_POINT('',(0.5,-2.,0.2000001));
#1542 = B_SPLINE_CURVE_WITH_KNOTS('',1,(#1543,#1544),.UNSPECIFIED.,.F.,
  .F.,(2,2),(-2.4,-2.),.PIECEWISE_BEZIER_KNOTS.);
#1543 = CARTESIAN_POINT('',(0.9,-2.,0.2000001));
#1544 = CARTESIAN_POINT('',(0.5,-2.,0.2000001));
#1545 = ORIENTED_EDGE('',*,*,#1546,.F.);
#1546 = EDGE_CURVE('',#1547,#1538,#1549,.T.);
#1547 = VERTEX_POINT('',#1548);
#1548 = CARTESIAN_POINT('',(0.9,-2.,0.1000001));
#1549 = B_SPLINE_CURVE_WITH_KNOTS('',1,(#1550,#1551),.UNSPECIFIED.,.F.,
  .F.,(2,2),(-0.45,-0.35),.PIECEWISE_BEZIER_KNOTS.);
#1550 = CARTESIAN_POINT('',(0.9,-2.,0.1000001));
#1551 = CARTESIAN_POINT('',(0.9,-2.,0.2000001));
#1552 = ORIENTED_EDGE('',*,*,#1553,.T.);
#1553 = EDGE_CURVE('',#1547,#1554,#1556,.T.);
#1554 = VERTEX_POINT('',#1555);
#1555 = CARTESIAN_POINT('',(0.5,-2.,0.1000001));
#1556 = B_SPLINE_CURVE_WITH_KNOTS('',1,(#1557,#1558),.UNSPECIFIED.,.F.,
  .F.,(2,2),(-2.4,-2.),.PIECEWISE_BEZIER_KNOTS.);
#1557 = CARTESIAN_POINT('',(0.9,-2.,0.1000001));
#1558 = CARTESIAN_POINT('',(0.5,-2.,0.1000001));
#1559 = ORIENTED_EDGE('',*,*,#1560,.F.);
#1560 = EDGE_CURVE('',#1540,#1554,#1561,.T.);
#1561 = B_SPLINE_CURVE_WITH_KNOTS('',1,(#1562,#1563),.UNSPECIFIED.,.F.,
  .F.,(2,2),(0.35,0.45),.PIECEWISE_BEZIER_KNOTS.);
#1562 = CARTESIAN_POINT('',(0.5,-2.,0.2000001));
#1563 = CARTESIAN_POINT('',(0.5,-2.,0.1000001));
#1564 = B_SPLINE_SURFACE_WITH_KNOTS('',1,1,(
    (#1565,#1566)
    ,(#1567,#1568
    )),.UNSPECIFIED.,.F.,.F.,.F.,(2,2),(2,2),(-0.5,1.110223024625E-16),(
    0.,3.),.PIECEWISE_BEZIER_KNOTS.);
#1565 = CARTESIAN_POINT('',(-1.5,-2.,5.00001E-02));
#1566 = CARTESIAN_POINT('',(1.5,-2.,5.00001E-02));
#1567 = CARTESIAN_POINT('',(-1.5,-2.,0.5500001));
#1568 = CARTESIAN_POINT('',(1.5,-2.,0.5500001));
#1569 = ADVANCED_FACE('',(#1570,#1600,#1622),#1652,.F.);
#1570 = FACE_BOUND('',#1571,.T.);
#1571 = EDGE_LOOP('',(#1572,#1581,#1588,#1595));
#1572 = ORIENTED_EDGE('',*,*,#1573,.F.);
#1573 = EDGE_CURVE('',#1574,#1576,#1578,.T.);
#1574 = VERTEX_POINT('',#1575);
#1575 = CARTESIAN_POINT('',(0.5,2.,0.2000001));
#1576 = VERTEX_POINT('',#1577);
#1577 = CARTESIAN_POINT('',(0.9,2.,0.2000001));
#1578 = B_SPLINE_CURVE_WITH_KNOTS('',1,(#1579,#1580),.UNSPECIFIED.,.F.,
  .F.,(2,2),(2.,2.4),.PIECEWISE_BEZIER_KNOTS.);
#1579 = CARTESIAN_POINT('',(0.5,2.,0.2000001));
#1580 = CARTESIAN_POINT('',(0.9,2.,0.2000001));
#1581 = ORIENTED_EDGE('',*,*,#1582,.F.);
#1582 = EDGE_CURVE('',#1583,#1574,#1585,.T.);
#1583 = VERTEX_POINT('',#1584);
#1584 = CARTESIAN_POINT('',(0.5,2.,0.1000001));
#1585 = B_SPLINE_CURVE_WITH_KNOTS('',1,(#1586,#1587),.UNSPECIFIED.,.F.,
  .F.,(2,2),(-0.45,-0.35),.PIECEWISE_BEZIER_KNOTS.);
#1586 = CARTESIAN_POINT('',(0.5,2.,0.1000001));
#1587 = CARTESIAN_POINT('',(0.5,2.,0.2000001));
#1588 = ORIENTED_EDGE('',*,*,#1589,.T.);
#1589 = EDGE_CURVE('',#1583,#1590,#1592,.T.);
#1590 = VERTEX_POINT('',#1591);
#1591 = CARTESIAN_POINT('',(0.9,2.,0.1000001));
#1592 = B_SPLINE_CURVE_WITH_KNOTS('',1,(#1593,#1594),.UNSPECIFIED.,.F.,
  .F.,(2,2),(2.,2.4),.PIECEWISE_BEZIER_KNOTS.);
#1593 = CARTESIAN_POINT('',(0.5,2.,0.1000001));
#1594 = CARTESIAN_POINT('',(0.9,2.,0.1000001));
#1595 = ORIENTED_EDGE('',*,*,#1596,.F.);
#1596 = EDGE_CURVE('',#1576,#1590,#1597,.T.);
#1597 = B_SPLINE_CURVE_WITH_KNOTS('',1,(#1598,#1599),.UNSPECIFIED.,.F.,
  .F.,(2,2),(0.35,0.45),.PIECEWISE_BEZIER_KNOTS.);
#1598 = CARTESIAN_POINT('',(0.9,2.,0.2000001));
#1599 = CARTESIAN_POINT('',(0.9,2.,0.1000001));
#1600 = FACE_BOUND('',#1601,.T.);
#1601 = EDGE_LOOP('',(#1602,#1611,#1616,#1617));
#1602 = ORIENTED_EDGE('',*,*,#1603,.T.);
#1603 = EDGE_CURVE('',#1604,#1606,#1608,.T.);
#1604 = VERTEX_POINT('',#1605);
#1605 = CARTESIAN_POINT('',(1.5,2.,5.00001E-02));
#1606 = VERTEX_POINT('',#1607);
#1607 = CARTESIAN_POINT('',(-1.5,2.,5.00001E-02));
#1608 = B_SPLINE_CURVE_WITH_KNOTS('',1,(#1609,#1610),.UNSPECIFIED.,.F.,
  .F.,(2,2),(-3.,-0.),.PIECEWISE_BEZIER_KNOTS.);
#1609 = CARTESIAN_POINT('',(1.5,2.,5.00001E-02));
#1610 = CARTESIAN_POINT('',(-1.5,2.,5.00001E-02));
#1611 = ORIENTED_EDGE('',*,*,#1612,.F.);
#1612 = EDGE_CURVE('',#524,#1606,#1613,.T.);
#1613 = B_SPLINE_CURVE_WITH_KNOTS('',1,(#1614,#1615),.UNSPECIFIED.,.F.,
  .F.,(2,2),(5.,5.5),.PIECEWISE_BEZIER_KNOTS.);
#1614 = CARTESIAN_POINT('',(-1.5,2.,0.5500001));
#1615 = CARTESIAN_POINT('',(-1.5,2.,5.00001E-02));
#1616 = ORIENTED_EDGE('',*,*,#546,.F.);
#1617 = ORIENTED_EDGE('',*,*,#1618,.T.);
#1618 = EDGE_CURVE('',#540,#1604,#1619,.T.);
#1619 = B_SPLINE_CURVE_WITH_KNOTS('',1,(#1620,#1621),.UNSPECIFIED.,.F.,
  .F.,(2,2),(5.,5.5),.PIECEWISE_BEZIER_KNOTS.);
#1620 = CARTESIAN_POINT('',(1.5,2.,0.5500001));
#1621 = CARTESIAN_POINT('',(1.5,2.,5.00001E-02));
#1622 = FACE_BOUND('',#1623,.T.);
#1623 = EDGE_LOOP('',(#1624,#1633,#1640,#1647));
#1624 = ORIENTED_EDGE('',*,*,#1625,.F.);
#1625 = EDGE_CURVE('',#1626,#1628,#1630,.T.);
#1626 = VERTEX_POINT('',#1627);
#1627 = CARTESIAN_POINT('',(-0.9,2.,0.2000001));
#1628 = VERTEX_POINT('',#1629);
#1629 = CARTESIAN_POINT('',(-0.5,2.,0.2000001));
#1630 = B_SPLINE_CURVE_WITH_KNOTS('',1,(#1631,#1632),.UNSPECIFIED.,.F.,
  .F.,(2,2),(0.6,1.),.PIECEWISE_BEZIER_KNOTS.);
#1631 = CARTESIAN_POINT('',(-0.9,2.,0.2000001));
#1632 = CARTESIAN_POINT('',(-0.5,2.,0.2000001));
#1633 = ORIENTED_EDGE('',*,*,#1634,.F.);
#1634 = EDGE_CURVE('',#1635,#1626,#1637,.T.);
#1635 = VERTEX_POINT('',#1636);
#1636 = CARTESIAN_POINT('',(-0.9,2.,0.1000001));
#1637 = B_SPLINE_CURVE_WITH_KNOTS('',1,(#1638,#1639),.UNSPECIFIED.,.F.,
  .F.,(2,2),(-0.45,-0.35),.PIECEWISE_BEZIER_KNOTS.);
#1638 = CARTESIAN_POINT('',(-0.9,2.,0.1000001));
#1639 = CARTESIAN_POINT('',(-0.9,2.,0.2000001));
#1640 = ORIENTED_EDGE('',*,*,#1641,.T.);
#1641 = EDGE_CURVE('',#1635,#1642,#1644,.T.);
#1642 = VERTEX_POINT('',#1643);
#1643 = CARTESIAN_POINT('',(-0.5,2.,0.1000001));
#1644 = B_SPLINE_CURVE_WITH_KNOTS('',1,(#1645,#1646),.UNSPECIFIED.,.F.,
  .F.,(2,2),(0.6,1.),.PIECEWISE_BEZIER_KNOTS.);
#1645 = CARTESIAN_POINT('',(-0.9,2.,0.1000001));
#1646 = CARTESIAN_POINT('',(-0.5,2.,0.1000001));
#1647 = ORIENTED_EDGE('',*,*,#1648,.F.);
#1648 = EDGE_CURVE('',#1628,#1642,#1649,.T.);
#1649 = B_SPLINE_CURVE_WITH_KNOTS('',1,(#1650,#1651),.UNSPECIFIED.,.F.,
  .F.,(2,2),(0.35,0.45),.PIECEWISE_BEZIER_KNOTS.);
#1650 = CARTESIAN_POINT('',(-0.5,2.,0.2000001));
#1651 = CARTESIAN_POINT('',(-0.5,2.,0.1000001));
#1652 = B_SPLINE_SURFACE_WITH_KNOTS('',1,1,(
    (#1653,#1654)
    ,(#1655,#1656
    )),.UNSPECIFIED.,.F.,.F.,.F.,(2,2),(2,2),(-1.110223024625E-16,0.5),(
    0.,3.),.PIECEWISE_BEZIER_KNOTS.);
#1653 = CARTESIAN_POINT('',(-1.5,2.,0.5500001));
#1654 = CARTESIAN_POINT('',(1.5,2.,0.5500001));
#1655 = CARTESIAN_POINT('',(-1.5,2.,5.00001E-02));
#1656 = CARTESIAN_POINT('',(1.5,2.,5.00001E-02));
#1657 = ADVANCED_FACE('',(#1658,#2008,#2038),#2075,.T.);
#1658 = FACE_BOUND('',#1659,.T.);
#1659 = EDGE_LOOP('',(#1660,#1667,#1668,#1675,#1682,#1690,#1697,#1705,
    #1712,#1719,#1726,#1734,#1741,#1749,#1756,#1763,#1770,#1778,#1785,
    #1793,#1800,#1807,#1814,#1822,#1829,#1837,#1844,#1849,#1850,#1857,
    #1864,#1872,#1879,#1887,#1894,#1901,#1908,#1916,#1923,#1931,#1938,
    #1945,#1952,#1960,#1967,#1975,#1982,#1989,#1996,#2003));
#1660 = ORIENTED_EDGE('',*,*,#1661,.F.);
#1661 = EDGE_CURVE('',#1606,#1662,#1664,.T.);
#1662 = VERTEX_POINT('',#1663);
#1663 = CARTESIAN_POINT('',(-1.5,1.35,5.00001E-02));
#1664 = B_SPLINE_CURVE_WITH_KNOTS('',1,(#1665,#1666),.UNSPECIFIED.,.F.,
  .F.,(2,2),(-4.,-3.35),.PIECEWISE_BEZIER_KNOTS.);
#1665 = CARTESIAN_POINT('',(-1.5,2.,5.00001E-02));
#1666 = CARTESIAN_POINT('',(-1.5,1.35,5.00001E-02));
#1667 = ORIENTED_EDGE('',*,*,#1603,.F.);
#1668 = ORIENTED_EDGE('',*,*,#1669,.F.);
#1669 = EDGE_CURVE('',#1670,#1604,#1672,.T.);
#1670 = VERTEX_POINT('',#1671);
#1671 = CARTESIAN_POINT('',(1.5,1.35,5.00001E-02));
#1672 = B_SPLINE_CURVE_WITH_KNOTS('',1,(#1673,#1674),.UNSPECIFIED.,.F.,
  .F.,(2,2),(3.35,4.),.PIECEWISE_BEZIER_KNOTS.);
#1673 = CARTESIAN_POINT('',(1.5,1.35,5.00001E-02));
#1674 = CARTESIAN_POINT('',(1.5,2.,5.00001E-02));
#1675 = ORIENTED_EDGE('',*,*,#1676,.T.);
#1676 = EDGE_CURVE('',#1670,#1677,#1679,.T.);
#1677 = VERTEX_POINT('',#1678);
#1678 = CARTESIAN_POINT('',(1.04,1.35,5.00001E-02));
#1679 = B_SPLINE_CURVE_WITH_KNOTS('',1,(#1680,#1681),.UNSPECIFIED.,.F.,
  .F.,(2,2),(-1.5,-1.04),.PIECEWISE_BEZIER_KNOTS.);
#1680 = CARTESIAN_POINT('',(1.5,1.35,5.00001E-02));
#1681 = CARTESIAN_POINT('',(1.04,1.35,5.00001E-02));
#1682 = ORIENTED_EDGE('',*,*,#1683,.T.);
#1683 = EDGE_CURVE('',#1677,#1684,#1686,.T.);
#1684 = VERTEX_POINT('',#1685);
#1685 = CARTESIAN_POINT('',(0.91,1.22,5.00001E-02));
#1686 = ( BOUNDED_CURVE() B_SPLINE_CURVE(2,(#1687,#1688,#1689),
.UNSPECIFIED.,.F.,.F.) B_SPLINE_CURVE_WITH_KNOTS((3,3),(4.712388980386,
6.28318530718),.PIECEWISE_BEZIER_KNOTS.) CURVE() 
GEOMETRIC_REPRESENTATION_ITEM() RATIONAL_B_SPLINE_CURVE((1.,
0.707106781187,1.)) REPRESENTATION_ITEM('') );
#1687 = CARTESIAN_POINT('',(1.04,1.35,5.00001E-02));
#1688 = CARTESIAN_POINT('',(0.91,1.35,5.00001E-02));
#1689 = CARTESIAN_POINT('',(0.91,1.22,5.00001E-02));
#1690 = ORIENTED_EDGE('',*,*,#1691,.T.);
#1691 = EDGE_CURVE('',#1684,#1692,#1694,.T.);
#1692 = VERTEX_POINT('',#1693);
#1693 = CARTESIAN_POINT('',(0.91,1.18,5.00001E-02));
#1694 = B_SPLINE_CURVE_WITH_KNOTS('',1,(#1695,#1696),.UNSPECIFIED.,.F.,
  .F.,(2,2),(-1.22,-1.18),.PIECEWISE_BEZIER_KNOTS.);
#1695 = CARTESIAN_POINT('',(0.91,1.22,5.00001E-02));
#1696 = CARTESIAN_POINT('',(0.91,1.18,5.00001E-02));
#1697 = ORIENTED_EDGE('',*,*,#1698,.F.);
#1698 = EDGE_CURVE('',#1699,#1692,#1701,.T.);
#1699 = VERTEX_POINT('',#1700);
#1700 = CARTESIAN_POINT('',(1.04,1.05,5.00001E-02));
#1701 = ( BOUNDED_CURVE() B_SPLINE_CURVE(2,(#1702,#1703,#1704),
.UNSPECIFIED.,.F.,.F.) B_SPLINE_CURVE_WITH_KNOTS((3,3),(4.712388980385,
6.28318530718),.PIECEWISE_BEZIER_KNOTS.) CURVE() 
GEOMETRIC_REPRESENTATION_ITEM() RATIONAL_B_SPLINE_CURVE((1.,
0.707106781187,1.)) REPRESENTATION_ITEM('') );
#1702 = CARTESIAN_POINT('',(1.04,1.05,5.00001E-02));
#1703 = CARTESIAN_POINT('',(0.91,1.05,5.00001E-02));
#1704 = CARTESIAN_POINT('',(0.91,1.18,5.00001E-02));
#1705 = ORIENTED_EDGE('',*,*,#1706,.F.);
#1706 = EDGE_CURVE('',#1707,#1699,#1709,.T.);
#1707 = VERTEX_POINT('',#1708);
#1708 = CARTESIAN_POINT('',(1.5,1.05,5.00001E-02));
#1709 = B_SPLINE_CURVE_WITH_KNOTS('',1,(#1710,#1711),.UNSPECIFIED.,.F.,
  .F.,(2,2),(-1.5,-1.04),.PIECEWISE_BEZIER_KNOTS.);
#1710 = CARTESIAN_POINT('',(1.5,1.05,5.00001E-02));
#1711 = CARTESIAN_POINT('',(1.04,1.05,5.00001E-02));
#1712 = ORIENTED_EDGE('',*,*,#1713,.F.);
#1713 = EDGE_CURVE('',#1714,#1707,#1716,.T.);
#1714 = VERTEX_POINT('',#1715);
#1715 = CARTESIAN_POINT('',(1.5,0.55,5.00001E-02));
#1716 = B_SPLINE_CURVE_WITH_KNOTS('',1,(#1717,#1718),.UNSPECIFIED.,.F.,
  .F.,(2,2),(2.55,3.05),.PIECEWISE_BEZIER_KNOTS.);
#1717 = CARTESIAN_POINT('',(1.5,0.55,5.00001E-02));
#1718 = CARTESIAN_POINT('',(1.5,1.05,5.00001E-02));
#1719 = ORIENTED_EDGE('',*,*,#1720,.T.);
#1720 = EDGE_CURVE('',#1714,#1721,#1723,.T.);
#1721 = VERTEX_POINT('',#1722);
#1722 = CARTESIAN_POINT('',(1.04,0.55,5.00001E-02));
#1723 = B_SPLINE_CURVE_WITH_KNOTS('',1,(#1724,#1725),.UNSPECIFIED.,.F.,
  .F.,(2,2),(-1.5,-1.04),.PIECEWISE_BEZIER_KNOTS.);
#1724 = CARTESIAN_POINT('',(1.5,0.55,5.00001E-02));
#1725 = CARTESIAN_POINT('',(1.04,0.55,5.00001E-02));
#1726 = ORIENTED_EDGE('',*,*,#1727,.T.);
#1727 = EDGE_CURVE('',#1721,#1728,#1730,.T.);
#1728 = VERTEX_POINT('',#1729);
#1729 = CARTESIAN_POINT('',(0.91,0.42,5.00001E-02));
#1730 = ( BOUNDED_CURVE() B_SPLINE_CURVE(2,(#1731,#1732,#1733),
.UNSPECIFIED.,.F.,.F.) B_SPLINE_CURVE_WITH_KNOTS((3,3),(4.712388980385,
6.28318530718),.PIECEWISE_BEZIER_KNOTS.) CURVE() 
GEOMETRIC_REPRESENTATION_ITEM() RATIONAL_B_SPLINE_CURVE((1.,
0.707106781187,1.)) REPRESENTATION_ITEM('') );
#1731 = CARTESIAN_POINT('',(1.04,0.55,5.00001E-02));
#1732 = CARTESIAN_POINT('',(0.91,0.55,5.00001E-02));
#1733 = CARTESIAN_POINT('',(0.91,0.42,5.00001E-02));
#1734 = ORIENTED_EDGE('',*,*,#1735,.T.);
#1735 = EDGE_CURVE('',#1728,#1736,#1738,.T.);
#1736 = VERTEX_POINT('',#1737);
#1737 = CARTESIAN_POINT('',(0.91,0.38,5.00001E-02));
#1738 = B_SPLINE_CURVE_WITH_KNOTS('',1,(#1739,#1740),.UNSPECIFIED.,.F.,
  .F.,(2,2),(-0.42,-0.38),.PIECEWISE_BEZIER_KNOTS.);
#1739 = CARTESIAN_POINT('',(0.91,0.42,5.00001E-02));
#1740 = CARTESIAN_POINT('',(0.91,0.38,5.00001E-02));
#1741 = ORIENTED_EDGE('',*,*,#1742,.F.);
#1742 = EDGE_CURVE('',#1743,#1736,#1745,.T.);
#1743 = VERTEX_POINT('',#1744);
#1744 = CARTESIAN_POINT('',(1.04,0.25,5.00001E-02));
#1745 = ( BOUNDED_CURVE() B_SPLINE_CURVE(2,(#1746,#1747,#1748),
.UNSPECIFIED.,.F.,.F.) B_SPLINE_CURVE_WITH_KNOTS((3,3),(4.712388980385,
6.28318530718),.PIECEWISE_BEZIER_KNOTS.) CURVE() 
GEOMETRIC_REPRESENTATION_ITEM() RATIONAL_B_SPLINE_CURVE((1.,
0.707106781187,1.)) REPRESENTATION_ITEM('') );
#1746 = CARTESIAN_POINT('',(1.04,0.25,5.00001E-02));
#1747 = CARTESIAN_POINT('',(0.91,0.25,5.00001E-02));
#1748 = CARTESIAN_POINT('',(0.91,0.38,5.00001E-02));
#1749 = ORIENTED_EDGE('',*,*,#1750,.F.);
#1750 = EDGE_CURVE('',#1751,#1743,#1753,.T.);
#1751 = VERTEX_POINT('',#1752);
#1752 = CARTESIAN_POINT('',(1.5,0.25,5.00001E-02));
#1753 = B_SPLINE_CURVE_WITH_KNOTS('',1,(#1754,#1755),.UNSPECIFIED.,.F.,
  .F.,(2,2),(-1.5,-1.04),.PIECEWISE_BEZIER_KNOTS.);
#1754 = CARTESIAN_POINT('',(1.5,0.25,5.00001E-02));
#1755 = CARTESIAN_POINT('',(1.04,0.25,5.00001E-02));
#1756 = ORIENTED_EDGE('',*,*,#1757,.F.);
#1757 = EDGE_CURVE('',#1758,#1751,#1760,.T.);
#1758 = VERTEX_POINT('',#1759);
#1759 = CARTESIAN_POINT('',(1.5,-0.25,5.00001E-02));
#1760 = B_SPLINE_CURVE_WITH_KNOTS('',1,(#1761,#1762),.UNSPECIFIED.,.F.,
  .F.,(2,2),(1.75,2.25),.PIECEWISE_BEZIER_KNOTS.);
#1761 = CARTESIAN_POINT('',(1.5,-0.25,5.00001E-02));
#1762 = CARTESIAN_POINT('',(1.5,0.25,5.00001E-02));
#1763 = ORIENTED_EDGE('',*,*,#1764,.T.);
#1764 = EDGE_CURVE('',#1758,#1765,#1767,.T.);
#1765 = VERTEX_POINT('',#1766);
#1766 = CARTESIAN_POINT('',(1.04,-0.25,5.00001E-02));
#1767 = B_SPLINE_CURVE_WITH_KNOTS('',1,(#1768,#1769),.UNSPECIFIED.,.F.,
  .F.,(2,2),(-1.5,-1.04),.PIECEWISE_BEZIER_KNOTS.);
#1768 = CARTESIAN_POINT('',(1.5,-0.25,5.00001E-02));
#1769 = CARTESIAN_POINT('',(1.04,-0.25,5.00001E-02));
#1770 = ORIENTED_EDGE('',*,*,#1771,.T.);
#1771 = EDGE_CURVE('',#1765,#1772,#1774,.T.);
#1772 = VERTEX_POINT('',#1773);
#1773 = CARTESIAN_POINT('',(0.91,-0.38,5.00001E-02));
#1774 = ( BOUNDED_CURVE() B_SPLINE_CURVE(2,(#1775,#1776,#1777),
.UNSPECIFIED.,.F.,.F.) B_SPLINE_CURVE_WITH_KNOTS((3,3),(4.712388980385,
6.28318530718),.PIECEWISE_BEZIER_KNOTS.) CURVE() 
GEOMETRIC_REPRESENTATION_ITEM() RATIONAL_B_SPLINE_CURVE((1.,
0.707106781187,1.)) REPRESENTATION_ITEM('') );
#1775 = CARTESIAN_POINT('',(1.04,-0.25,5.00001E-02));
#1776 = CARTESIAN_POINT('',(0.91,-0.25,5.00001E-02));
#1777 = CARTESIAN_POINT('',(0.91,-0.38,5.00001E-02));
#1778 = ORIENTED_EDGE('',*,*,#1779,.T.);
#1779 = EDGE_CURVE('',#1772,#1780,#1782,.T.);
#1780 = VERTEX_POINT('',#1781);
#1781 = CARTESIAN_POINT('',(0.91,-0.42,5.00001E-02));
#1782 = B_SPLINE_CURVE_WITH_KNOTS('',1,(#1783,#1784),.UNSPECIFIED.,.F.,
  .F.,(2,2),(0.38,0.42),.PIECEWISE_BEZIER_KNOTS.);
#1783 = CARTESIAN_POINT('',(0.91,-0.38,5.00001E-02));
#1784 = CARTESIAN_POINT('',(0.91,-0.42,5.00001E-02));
#1785 = ORIENTED_EDGE('',*,*,#1786,.F.);
#1786 = EDGE_CURVE('',#1787,#1780,#1789,.T.);
#1787 = VERTEX_POINT('',#1788);
#1788 = CARTESIAN_POINT('',(1.04,-0.55,5.00001E-02));
#1789 = ( BOUNDED_CURVE() B_SPLINE_CURVE(2,(#1790,#1791,#1792),
.UNSPECIFIED.,.F.,.F.) B_SPLINE_CURVE_WITH_KNOTS((3,3),(4.712388980385,
6.28318530718),.PIECEWISE_BEZIER_KNOTS.) CURVE() 
GEOMETRIC_REPRESENTATION_ITEM() RATIONAL_B_SPLINE_CURVE((1.,
0.707106781187,1.)) REPRESENTATION_ITEM('') );
#1790 = CARTESIAN_POINT('',(1.04,-0.55,5.00001E-02));
#1791 = CARTESIAN_POINT('',(0.91,-0.55,5.00001E-02));
#1792 = CARTESIAN_POINT('',(0.91,-0.42,5.00001E-02));
#1793 = ORIENTED_EDGE('',*,*,#1794,.F.);
#1794 = EDGE_CURVE('',#1795,#1787,#1797,.T.);
#1795 = VERTEX_POINT('',#1796);
#1796 = CARTESIAN_POINT('',(1.5,-0.55,5.00001E-02));
#1797 = B_SPLINE_CURVE_WITH_KNOTS('',1,(#1798,#1799),.UNSPECIFIED.,.F.,
  .F.,(2,2),(-1.5,-1.04),.PIECEWISE_BEZIER_KNOTS.);
#1798 = CARTESIAN_POINT('',(1.5,-0.55,5.00001E-02));
#1799 = CARTESIAN_POINT('',(1.04,-0.55,5.00001E-02));
#1800 = ORIENTED_EDGE('',*,*,#1801,.F.);
#1801 = EDGE_CURVE('',#1802,#1795,#1804,.T.);
#1802 = VERTEX_POINT('',#1803);
#1803 = CARTESIAN_POINT('',(1.5,-1.05,5.00001E-02));
#1804 = B_SPLINE_CURVE_WITH_KNOTS('',1,(#1805,#1806),.UNSPECIFIED.,.F.,
  .F.,(2,2),(0.95,1.45),.PIECEWISE_BEZIER_KNOTS.);
#1805 = CARTESIAN_POINT('',(1.5,-1.05,5.00001E-02));
#1806 = CARTESIAN_POINT('',(1.5,-0.55,5.00001E-02));
#1807 = ORIENTED_EDGE('',*,*,#1808,.T.);
#1808 = EDGE_CURVE('',#1802,#1809,#1811,.T.);
#1809 = VERTEX_POINT('',#1810);
#1810 = CARTESIAN_POINT('',(1.04,-1.05,5.00001E-02));
#1811 = B_SPLINE_CURVE_WITH_KNOTS('',1,(#1812,#1813),.UNSPECIFIED.,.F.,
  .F.,(2,2),(-1.5,-1.04),.PIECEWISE_BEZIER_KNOTS.);
#1812 = CARTESIAN_POINT('',(1.5,-1.05,5.00001E-02));
#1813 = CARTESIAN_POINT('',(1.04,-1.05,5.00001E-02));
#1814 = ORIENTED_EDGE('',*,*,#1815,.T.);
#1815 = EDGE_CURVE('',#1809,#1816,#1818,.T.);
#1816 = VERTEX_POINT('',#1817);
#1817 = CARTESIAN_POINT('',(0.91,-1.18,5.00001E-02));
#1818 = ( BOUNDED_CURVE() B_SPLINE_CURVE(2,(#1819,#1820,#1821),
.UNSPECIFIED.,.F.,.F.) B_SPLINE_CURVE_WITH_KNOTS((3,3),(4.712388980385,
6.28318530718),.PIECEWISE_BEZIER_KNOTS.) CURVE() 
GEOMETRIC_REPRESENTATION_ITEM() RATIONAL_B_SPLINE_CURVE((1.,
0.707106781187,1.)) REPRESENTATION_ITEM('') );
#1819 = CARTESIAN_POINT('',(1.04,-1.05,5.00001E-02));
#1820 = CARTESIAN_POINT('',(0.91,-1.05,5.00001E-02));
#1821 = CARTESIAN_POINT('',(0.91,-1.18,5.00001E-02));
#1822 = ORIENTED_EDGE('',*,*,#1823,.T.);
#1823 = EDGE_CURVE('',#1816,#1824,#1826,.T.);
#1824 = VERTEX_POINT('',#1825);
#1825 = CARTESIAN_POINT('',(0.91,-1.22,5.00001E-02));
#1826 = B_SPLINE_CURVE_WITH_KNOTS('',1,(#1827,#1828),.UNSPECIFIED.,.F.,
  .F.,(2,2),(1.18,1.22),.PIECEWISE_BEZIER_KNOTS.);
#1827 = CARTESIAN_POINT('',(0.91,-1.18,5.00001E-02));
#1828 = CARTESIAN_POINT('',(0.91,-1.22,5.00001E-02));
#1829 = ORIENTED_EDGE('',*,*,#1830,.F.);
#1830 = EDGE_CURVE('',#1831,#1824,#1833,.T.);
#1831 = VERTEX_POINT('',#1832);
#1832 = CARTESIAN_POINT('',(1.04,-1.35,5.00001E-02));
#1833 = ( BOUNDED_CURVE() B_SPLINE_CURVE(2,(#1834,#1835,#1836),
.UNSPECIFIED.,.F.,.F.) B_SPLINE_CURVE_WITH_KNOTS((3,3),(4.712388980385,
6.28318530718),.PIECEWISE_BEZIER_KNOTS.) CURVE() 
GEOMETRIC_REPRESENTATION_ITEM() RATIONAL_B_SPLINE_CURVE((1.,
0.707106781187,1.)) REPRESENTATION_ITEM('') );
#1834 = CARTESIAN_POINT('',(1.04,-1.35,5.00001E-02));
#1835 = CARTESIAN_POINT('',(0.91,-1.35,5.00001E-02));
#1836 = CARTESIAN_POINT('',(0.91,-1.22,5.00001E-02));
#1837 = ORIENTED_EDGE('',*,*,#1838,.F.);
#1838 = EDGE_CURVE('',#1839,#1831,#1841,.T.);
#1839 = VERTEX_POINT('',#1840);
#1840 = CARTESIAN_POINT('',(1.5,-1.35,5.00001E-02));
#1841 = B_SPLINE_CURVE_WITH_KNOTS('',1,(#1842,#1843),.UNSPECIFIED.,.F.,
  .F.,(2,2),(-1.5,-1.04),.PIECEWISE_BEZIER_KNOTS.);
#1842 = CARTESIAN_POINT('',(1.5,-1.35,5.00001E-02));
#1843 = CARTESIAN_POINT('',(1.04,-1.35,5.00001E-02));
#1844 = ORIENTED_EDGE('',*,*,#1845,.F.);
#1845 = EDGE_CURVE('',#1493,#1839,#1846,.T.);
#1846 = B_SPLINE_CURVE_WITH_KNOTS('',1,(#1847,#1848),.UNSPECIFIED.,.F.,
  .F.,(2,2),(0.,0.65),.PIECEWISE_BEZIER_KNOTS.);
#1847 = CARTESIAN_POINT('',(1.5,-2.,5.00001E-02));
#1848 = CARTESIAN_POINT('',(1.5,-1.35,5.00001E-02));
#1849 = ORIENTED_EDGE('',*,*,#1492,.F.);
#1850 = ORIENTED_EDGE('',*,*,#1851,.F.);
#1851 = EDGE_CURVE('',#1852,#1486,#1854,.T.);
#1852 = VERTEX_POINT('',#1853);
#1853 = CARTESIAN_POINT('',(-1.5,-1.35,5.00001E-02));
#1854 = B_SPLINE_CURVE_WITH_KNOTS('',1,(#1855,#1856),.UNSPECIFIED.,.F.,
  .F.,(2,2),(-0.65,-0.),.PIECEWISE_BEZIER_KNOTS.);
#1855 = CARTESIAN_POINT('',(-1.5,-1.35,5.00001E-02));
#1856 = CARTESIAN_POINT('',(-1.5,-2.,5.00001E-02));
#1857 = ORIENTED_EDGE('',*,*,#1858,.T.);
#1858 = EDGE_CURVE('',#1852,#1859,#1861,.T.);
#1859 = VERTEX_POINT('',#1860);
#1860 = CARTESIAN_POINT('',(-1.04,-1.35,5.00001E-02));
#1861 = B_SPLINE_CURVE_WITH_KNOTS('',1,(#1862,#1863),.UNSPECIFIED.,.F.,
  .F.,(2,2),(-1.5,-1.04),.PIECEWISE_BEZIER_KNOTS.);
#1862 = CARTESIAN_POINT('',(-1.5,-1.35,5.00001E-02));
#1863 = CARTESIAN_POINT('',(-1.04,-1.35,5.00001E-02));
#1864 = ORIENTED_EDGE('',*,*,#1865,.T.);
#1865 = EDGE_CURVE('',#1859,#1866,#1868,.T.);
#1866 = VERTEX_POINT('',#1867);
#1867 = CARTESIAN_POINT('',(-0.91,-1.22,5.00001E-02));
#1868 = ( BOUNDED_CURVE() B_SPLINE_CURVE(2,(#1869,#1870,#1871),
.UNSPECIFIED.,.F.,.F.) B_SPLINE_CURVE_WITH_KNOTS((3,3),(1.570796326795,
3.14159265359),.PIECEWISE_BEZIER_KNOTS.) CURVE() 
GEOMETRIC_REPRESENTATION_ITEM() RATIONAL_B_SPLINE_CURVE((1.,
0.707106781187,1.)) REPRESENTATION_ITEM('') );
#1869 = CARTESIAN_POINT('',(-1.04,-1.35,5.00001E-02));
#1870 = CARTESIAN_POINT('',(-0.91,-1.35,5.00001E-02));
#1871 = CARTESIAN_POINT('',(-0.91,-1.22,5.00001E-02));
#1872 = ORIENTED_EDGE('',*,*,#1873,.F.);
#1873 = EDGE_CURVE('',#1874,#1866,#1876,.T.);
#1874 = VERTEX_POINT('',#1875);
#1875 = CARTESIAN_POINT('',(-0.91,-1.18,5.00001E-02));
#1876 = B_SPLINE_CURVE_WITH_KNOTS('',1,(#1877,#1878),.UNSPECIFIED.,.F.,
  .F.,(2,2),(1.18,1.22),.PIECEWISE_BEZIER_KNOTS.);
#1877 = CARTESIAN_POINT('',(-0.91,-1.18,5.00001E-02));
#1878 = CARTESIAN_POINT('',(-0.91,-1.22,5.00001E-02));
#1879 = ORIENTED_EDGE('',*,*,#1880,.F.);
#1880 = EDGE_CURVE('',#1881,#1874,#1883,.T.);
#1881 = VERTEX_POINT('',#1882);
#1882 = CARTESIAN_POINT('',(-1.04,-1.05,5.00001E-02));
#1883 = ( BOUNDED_CURVE() B_SPLINE_CURVE(2,(#1884,#1885,#1886),
.UNSPECIFIED.,.F.,.F.) B_SPLINE_CURVE_WITH_KNOTS((3,3),(1.570796326795,
3.14159265359),.PIECEWISE_BEZIER_KNOTS.) CURVE() 
GEOMETRIC_REPRESENTATION_ITEM() RATIONAL_B_SPLINE_CURVE((1.,
0.707106781187,1.)) REPRESENTATION_ITEM('') );
#1884 = CARTESIAN_POINT('',(-1.04,-1.05,5.00001E-02));
#1885 = CARTESIAN_POINT('',(-0.91,-1.05,5.00001E-02));
#1886 = CARTESIAN_POINT('',(-0.91,-1.18,5.00001E-02));
#1887 = ORIENTED_EDGE('',*,*,#1888,.F.);
#1888 = EDGE_CURVE('',#1889,#1881,#1891,.T.);
#1889 = VERTEX_POINT('',#1890);
#1890 = CARTESIAN_POINT('',(-1.5,-1.05,5.00001E-02));
#1891 = B_SPLINE_CURVE_WITH_KNOTS('',1,(#1892,#1893),.UNSPECIFIED.,.F.,
  .F.,(2,2),(-1.5,-1.04),.PIECEWISE_BEZIER_KNOTS.);
#1892 = CARTESIAN_POINT('',(-1.5,-1.05,5.00001E-02));
#1893 = CARTESIAN_POINT('',(-1.04,-1.05,5.00001E-02));
#1894 = ORIENTED_EDGE('',*,*,#1895,.F.);
#1895 = EDGE_CURVE('',#1896,#1889,#1898,.T.);
#1896 = VERTEX_POINT('',#1897);
#1897 = CARTESIAN_POINT('',(-1.5,-0.55,5.00001E-02));
#1898 = B_SPLINE_CURVE_WITH_KNOTS('',1,(#1899,#1900),.UNSPECIFIED.,.F.,
  .F.,(2,2),(-1.45,-0.95),.PIECEWISE_BEZIER_KNOTS.);
#1899 = CARTESIAN_POINT('',(-1.5,-0.55,5.00001E-02));
#1900 = CARTESIAN_POINT('',(-1.5,-1.05,5.00001E-02));
#1901 = ORIENTED_EDGE('',*,*,#1902,.T.);
#1902 = EDGE_CURVE('',#1896,#1903,#1905,.T.);
#1903 = VERTEX_POINT('',#1904);
#1904 = CARTESIAN_POINT('',(-1.04,-0.55,5.00001E-02));
#1905 = B_SPLINE_CURVE_WITH_KNOTS('',1,(#1906,#1907),.UNSPECIFIED.,.F.,
  .F.,(2,2),(-1.5,-1.04),.PIECEWISE_BEZIER_KNOTS.);
#1906 = CARTESIAN_POINT('',(-1.5,-0.55,5.00001E-02));
#1907 = CARTESIAN_POINT('',(-1.04,-0.55,5.00001E-02));
#1908 = ORIENTED_EDGE('',*,*,#1909,.T.);
#1909 = EDGE_CURVE('',#1903,#1910,#1912,.T.);
#1910 = VERTEX_POINT('',#1911);
#1911 = CARTESIAN_POINT('',(-0.91,-0.42,5.00001E-02));
#1912 = ( BOUNDED_CURVE() B_SPLINE_CURVE(2,(#1913,#1914,#1915),
.UNSPECIFIED.,.F.,.F.) B_SPLINE_CURVE_WITH_KNOTS((3,3),(1.570796326795,
3.14159265359),.PIECEWISE_BEZIER_KNOTS.) CURVE() 
GEOMETRIC_REPRESENTATION_ITEM() RATIONAL_B_SPLINE_CURVE((1.,
0.707106781187,1.)) REPRESENTATION_ITEM('') );
#1913 = CARTESIAN_POINT('',(-1.04,-0.55,5.00001E-02));
#1914 = CARTESIAN_POINT('',(-0.91,-0.55,5.00001E-02));
#1915 = CARTESIAN_POINT('',(-0.91,-0.42,5.00001E-02));
#1916 = ORIENTED_EDGE('',*,*,#1917,.F.);
#1917 = EDGE_CURVE('',#1918,#1910,#1920,.T.);
#1918 = VERTEX_POINT('',#1919);
#1919 = CARTESIAN_POINT('',(-0.91,-0.38,5.00001E-02));
#1920 = B_SPLINE_CURVE_WITH_KNOTS('',1,(#1921,#1922),.UNSPECIFIED.,.F.,
  .F.,(2,2),(0.379999999999,0.419999999999),.PIECEWISE_BEZIER_KNOTS.);
#1921 = CARTESIAN_POINT('',(-0.91,-0.38,5.00001E-02));
#1922 = CARTESIAN_POINT('',(-0.91,-0.42,5.00001E-02));
#1923 = ORIENTED_EDGE('',*,*,#1924,.F.);
#1924 = EDGE_CURVE('',#1925,#1918,#1927,.T.);
#1925 = VERTEX_POINT('',#1926);
#1926 = CARTESIAN_POINT('',(-1.04,-0.25,5.00001E-02));
#1927 = ( BOUNDED_CURVE() B_SPLINE_CURVE(2,(#1928,#1929,#1930),
.UNSPECIFIED.,.F.,.F.) B_SPLINE_CURVE_WITH_KNOTS((3,3),(1.570796326795,
3.14159265359),.PIECEWISE_BEZIER_KNOTS.) CURVE() 
GEOMETRIC_REPRESENTATION_ITEM() RATIONAL_B_SPLINE_CURVE((1.,
0.707106781187,1.)) REPRESENTATION_ITEM('') );
#1928 = CARTESIAN_POINT('',(-1.04,-0.25,5.00001E-02));
#1929 = CARTESIAN_POINT('',(-0.91,-0.25,5.00001E-02));
#1930 = CARTESIAN_POINT('',(-0.91,-0.38,5.00001E-02));
#1931 = ORIENTED_EDGE('',*,*,#1932,.F.);
#1932 = EDGE_CURVE('',#1933,#1925,#1935,.T.);
#1933 = VERTEX_POINT('',#1934);
#1934 = CARTESIAN_POINT('',(-1.5,-0.25,5.00001E-02));
#1935 = B_SPLINE_CURVE_WITH_KNOTS('',1,(#1936,#1937),.UNSPECIFIED.,.F.,
  .F.,(2,2),(-1.5,-1.04),.PIECEWISE_BEZIER_KNOTS.);
#1936 = CARTESIAN_POINT('',(-1.5,-0.25,5.00001E-02));
#1937 = CARTESIAN_POINT('',(-1.04,-0.25,5.00001E-02));
#1938 = ORIENTED_EDGE('',*,*,#1939,.F.);
#1939 = EDGE_CURVE('',#1940,#1933,#1942,.T.);
#1940 = VERTEX_POINT('',#1941);
#1941 = CARTESIAN_POINT('',(-1.5,0.25,5.00001E-02));
#1942 = B_SPLINE_CURVE_WITH_KNOTS('',1,(#1943,#1944),.UNSPECIFIED.,.F.,
  .F.,(2,2),(-2.25,-1.75),.PIECEWISE_BEZIER_KNOTS.);
#1943 = CARTESIAN_POINT('',(-1.5,0.25,5.00001E-02));
#1944 = CARTESIAN_POINT('',(-1.5,-0.25,5.00001E-02));
#1945 = ORIENTED_EDGE('',*,*,#1946,.T.);
#1946 = EDGE_CURVE('',#1940,#1947,#1949,.T.);
#1947 = VERTEX_POINT('',#1948);
#1948 = CARTESIAN_POINT('',(-1.04,0.25,5.00001E-02));
#1949 = B_SPLINE_CURVE_WITH_KNOTS('',1,(#1950,#1951),.UNSPECIFIED.,.F.,
  .F.,(2,2),(-1.5,-1.04),.PIECEWISE_BEZIER_KNOTS.);
#1950 = CARTESIAN_POINT('',(-1.5,0.25,5.00001E-02));
#1951 = CARTESIAN_POINT('',(-1.04,0.25,5.00001E-02));
#1952 = ORIENTED_EDGE('',*,*,#1953,.T.);
#1953 = EDGE_CURVE('',#1947,#1954,#1956,.T.);
#1954 = VERTEX_POINT('',#1955);
#1955 = CARTESIAN_POINT('',(-0.91,0.38,5.00001E-02));
#1956 = ( BOUNDED_CURVE() B_SPLINE_CURVE(2,(#1957,#1958,#1959),
.UNSPECIFIED.,.F.,.F.) B_SPLINE_CURVE_WITH_KNOTS((3,3),(1.570796326795,
3.14159265359),.PIECEWISE_BEZIER_KNOTS.) CURVE() 
GEOMETRIC_REPRESENTATION_ITEM() RATIONAL_B_SPLINE_CURVE((1.,
0.707106781187,1.)) REPRESENTATION_ITEM('') );
#1957 = CARTESIAN_POINT('',(-1.04,0.25,5.00001E-02));
#1958 = CARTESIAN_POINT('',(-0.91,0.25,5.00001E-02));
#1959 = CARTESIAN_POINT('',(-0.91,0.38,5.00001E-02));
#1960 = ORIENTED_EDGE('',*,*,#1961,.F.);
#1961 = EDGE_CURVE('',#1962,#1954,#1964,.T.);
#1962 = VERTEX_POINT('',#1963);
#1963 = CARTESIAN_POINT('',(-0.91,0.42,5.00001E-02));
#1964 = B_SPLINE_CURVE_WITH_KNOTS('',1,(#1965,#1966),.UNSPECIFIED.,.F.,
  .F.,(2,2),(-0.42,-0.38),.PIECEWISE_BEZIER_KNOTS.);
#1965 = CARTESIAN_POINT('',(-0.91,0.42,5.00001E-02));
#1966 = CARTESIAN_POINT('',(-0.91,0.38,5.00001E-02));
#1967 = ORIENTED_EDGE('',*,*,#1968,.F.);
#1968 = EDGE_CURVE('',#1969,#1962,#1971,.T.);
#1969 = VERTEX_POINT('',#1970);
#1970 = CARTESIAN_POINT('',(-1.04,0.55,5.00001E-02));
#1971 = ( BOUNDED_CURVE() B_SPLINE_CURVE(2,(#1972,#1973,#1974),
.UNSPECIFIED.,.F.,.F.) B_SPLINE_CURVE_WITH_KNOTS((3,3),(1.570796326795,
3.14159265359),.PIECEWISE_BEZIER_KNOTS.) CURVE() 
GEOMETRIC_REPRESENTATION_ITEM() RATIONAL_B_SPLINE_CURVE((1.,
0.707106781186,1.)) REPRESENTATION_ITEM('') );
#1972 = CARTESIAN_POINT('',(-1.04,0.55,5.00001E-02));
#1973 = CARTESIAN_POINT('',(-0.91,0.55,5.00001E-02));
#1974 = CARTESIAN_POINT('',(-0.91,0.42,5.00001E-02));
#1975 = ORIENTED_EDGE('',*,*,#1976,.F.);
#1976 = EDGE_CURVE('',#1977,#1969,#1979,.T.);
#1977 = VERTEX_POINT('',#1978);
#1978 = CARTESIAN_POINT('',(-1.5,0.55,5.00001E-02));
#1979 = B_SPLINE_CURVE_WITH_KNOTS('',1,(#1980,#1981),.UNSPECIFIED.,.F.,
  .F.,(2,2),(-1.5,-1.04),.PIECEWISE_BEZIER_KNOTS.);
#1980 = CARTESIAN_POINT('',(-1.5,0.55,5.00001E-02));
#1981 = CARTESIAN_POINT('',(-1.04,0.55,5.00001E-02));
#1982 = ORIENTED_EDGE('',*,*,#1983,.F.);
#1983 = EDGE_CURVE('',#1984,#1977,#1986,.T.);
#1984 = VERTEX_POINT('',#1985);
#1985 = CARTESIAN_POINT('',(-1.5,1.05,5.00001E-02));
#1986 = B_SPLINE_CURVE_WITH_KNOTS('',1,(#1987,#1988),.UNSPECIFIED.,.F.,
  .F.,(2,2),(-3.05,-2.55),.PIECEWISE_BEZIER_KNOTS.);
#1987 = CARTESIAN_POINT('',(-1.5,1.05,5.00001E-02));
#1988 = CARTESIAN_POINT('',(-1.5,0.55,5.00001E-02));
#1989 = ORIENTED_EDGE('',*,*,#1990,.T.);
#1990 = EDGE_CURVE('',#1984,#1991,#1993,.T.);
#1991 = VERTEX_POINT('',#1992);
#1992 = CARTESIAN_POINT('',(-0.91,1.05,5.00001E-02));
#1993 = B_SPLINE_CURVE_WITH_KNOTS('',1,(#1994,#1995),.UNSPECIFIED.,.F.,
  .F.,(2,2),(-1.5,-0.91),.PIECEWISE_BEZIER_KNOTS.);
#1994 = CARTESIAN_POINT('',(-1.5,1.05,5.00001E-02));
#1995 = CARTESIAN_POINT('',(-0.91,1.05,5.00001E-02));
#1996 = ORIENTED_EDGE('',*,*,#1997,.F.);
#1997 = EDGE_CURVE('',#1998,#1991,#2000,.T.);
#1998 = VERTEX_POINT('',#1999);
#1999 = CARTESIAN_POINT('',(-0.91,1.35,5.00001E-02));
#2000 = B_SPLINE_CURVE_WITH_KNOTS('',1,(#2001,#2002),.UNSPECIFIED.,.F.,
  .F.,(2,2),(-1.35,-1.05),.PIECEWISE_BEZIER_KNOTS.);
#2001 = CARTESIAN_POINT('',(-0.91,1.35,5.00001E-02));
#2002 = CARTESIAN_POINT('',(-0.91,1.05,5.00001E-02));
#2003 = ORIENTED_EDGE('',*,*,#2004,.F.);
#2004 = EDGE_CURVE('',#1662,#1998,#2005,.T.);
#2005 = B_SPLINE_CURVE_WITH_KNOTS('',1,(#2006,#2007),.UNSPECIFIED.,.F.,
  .F.,(2,2),(-1.5,-0.91),.PIECEWISE_BEZIER_KNOTS.);
#2006 = CARTESIAN_POINT('',(-1.5,1.35,5.00001E-02));
#2007 = CARTESIAN_POINT('',(-0.91,1.35,5.00001E-02));
#2008 = FACE_BOUND('',#2009,.T.);
#2009 = EDGE_LOOP('',(#2010,#2019,#2026,#2033));
#2010 = ORIENTED_EDGE('',*,*,#2011,.F.);
#2011 = EDGE_CURVE('',#2012,#2014,#2016,.T.);
#2012 = VERTEX_POINT('',#2013);
#2013 = CARTESIAN_POINT('',(0.1,-0.5,5.00001E-02));
#2014 = VERTEX_POINT('',#2015);
#2015 = CARTESIAN_POINT('',(9.999999999998E-02,-1.3,5.00001E-02));
#2016 = B_SPLINE_CURVE_WITH_KNOTS('',1,(#2017,#2018),.UNSPECIFIED.,.F.,
  .F.,(2,2),(0.5,1.3),.PIECEWISE_BEZIER_KNOTS.);
#2017 = CARTESIAN_POINT('',(0.1,-0.5,5.00001E-02));
#2018 = CARTESIAN_POINT('',(9.999999999998E-02,-1.3,5.00001E-02));
#2019 = ORIENTED_EDGE('',*,*,#2020,.T.);
#2020 = EDGE_CURVE('',#2012,#2021,#2023,.T.);
#2021 = VERTEX_POINT('',#2022);
#2022 = CARTESIAN_POINT('',(-9.999999999999E-02,-0.5,5.00001E-02));
#2023 = B_SPLINE_CURVE_WITH_KNOTS('',1,(#2024,#2025),.UNSPECIFIED.,.F.,
  .F.,(2,2),(-0.1,0.1),.PIECEWISE_BEZIER_KNOTS.);
#2024 = CARTESIAN_POINT('',(0.1,-0.5,5.00001E-02));
#2025 = CARTESIAN_POINT('',(-9.999999999999E-02,-0.5,5.00001E-02));
#2026 = ORIENTED_EDGE('',*,*,#2027,.T.);
#2027 = EDGE_CURVE('',#2021,#2028,#2030,.T.);
#2028 = VERTEX_POINT('',#2029);
#2029 = CARTESIAN_POINT('',(-9.999999999994E-02,-1.3,5.00001E-02));
#2030 = B_SPLINE_CURVE_WITH_KNOTS('',1,(#2031,#2032),.UNSPECIFIED.,.F.,
  .F.,(2,2),(0.5,1.3),.PIECEWISE_BEZIER_KNOTS.);
#2031 = CARTESIAN_POINT('',(-9.999999999999E-02,-0.5,5.00001E-02));
#2032 = CARTESIAN_POINT('',(-9.999999999994E-02,-1.3,5.00001E-02));
#2033 = ORIENTED_EDGE('',*,*,#2034,.F.);
#2034 = EDGE_CURVE('',#2014,#2028,#2035,.T.);
#2035 = B_SPLINE_CURVE_WITH_KNOTS('',1,(#2036,#2037),.UNSPECIFIED.,.F.,
  .F.,(2,2),(-9.999999999996E-02,9.999999999996E-02),
  .PIECEWISE_BEZIER_KNOTS.);
#2036 = CARTESIAN_POINT('',(9.999999999998E-02,-1.3,5.00001E-02));
#2037 = CARTESIAN_POINT('',(-9.999999999994E-02,-1.3,5.00001E-02));
#2038 = FACE_BOUND('',#2039,.T.);
#2039 = EDGE_LOOP('',(#2040,#2049,#2056,#2063,#2070));
#2040 = ORIENTED_EDGE('',*,*,#2041,.T.);
#2041 = EDGE_CURVE('',#2042,#2044,#2046,.T.);
#2042 = VERTEX_POINT('',#2043);
#2043 = CARTESIAN_POINT('',(0.1,0.5,5.00001E-02));
#2044 = VERTEX_POINT('',#2045);
#2045 = CARTESIAN_POINT('',(9.999999999998E-02,1.3,5.00001E-02));
#2046 = B_SPLINE_CURVE_WITH_KNOTS('',1,(#2047,#2048),.UNSPECIFIED.,.F.,
  .F.,(2,2),(0.5,1.3),.PIECEWISE_BEZIER_KNOTS.);
#2047 = CARTESIAN_POINT('',(0.1,0.5,5.00001E-02));
#2048 = CARTESIAN_POINT('',(9.999999999998E-02,1.3,5.00001E-02));
#2049 = ORIENTED_EDGE('',*,*,#2050,.T.);
#2050 = EDGE_CURVE('',#2044,#2051,#2053,.T.);
#2051 = VERTEX_POINT('',#2052);
#2052 = CARTESIAN_POINT('',(-3.769554113299E-15,1.3,5.00001E-02));
#2053 = B_SPLINE_CURVE_WITH_KNOTS('',1,(#2054,#2055),.UNSPECIFIED.,.F.,
  .F.,(2,2),(-9.999999999999E-02,-2.818925648463E-15),
  .PIECEWISE_BEZIER_KNOTS.);
#2054 = CARTESIAN_POINT('',(9.999999999998E-02,1.3,5.00001E-02));
#2055 = CARTESIAN_POINT('',(-3.769554113299E-15,1.3,5.00001E-02));
#2056 = ORIENTED_EDGE('',*,*,#2057,.T.);
#2057 = EDGE_CURVE('',#2051,#2058,#2060,.T.);
#2058 = VERTEX_POINT('',#2059);
#2059 = CARTESIAN_POINT('',(-9.999999999999E-02,1.2,5.00001E-02));
#2060 = B_SPLINE_CURVE_WITH_KNOTS('',1,(#2061,#2062),.UNSPECIFIED.,.F.,
  .F.,(2,2),(-0.919238815543,-0.777817459305),.PIECEWISE_BEZIER_KNOTS.);
#2061 = CARTESIAN_POINT('',(-3.885780586188E-15,1.3,5.00001E-02));
#2062 = CARTESIAN_POINT('',(-9.999999999999E-02,1.2,5.00001E-02));
#2063 = ORIENTED_EDGE('',*,*,#2064,.F.);
#2064 = EDGE_CURVE('',#2065,#2058,#2067,.T.);
#2065 = VERTEX_POINT('',#2066);
#2066 = CARTESIAN_POINT('',(-9.999999999999E-02,0.5,5.00001E-02));
#2067 = B_SPLINE_CURVE_WITH_KNOTS('',1,(#2068,#2069),.UNSPECIFIED.,.F.,
  .F.,(2,2),(0.5,1.2),.PIECEWISE_BEZIER_KNOTS.);
#2068 = CARTESIAN_POINT('',(-9.999999999999E-02,0.5,5.00001E-02));
#2069 = CARTESIAN_POINT('',(-9.999999999999E-02,1.2,5.00001E-02));
#2070 = ORIENTED_EDGE('',*,*,#2071,.F.);
#2071 = EDGE_CURVE('',#2042,#2065,#2072,.T.);
#2072 = B_SPLINE_CURVE_WITH_KNOTS('',1,(#2073,#2074),.UNSPECIFIED.,.F.,
  .F.,(2,2),(-0.1,1.E-01),.PIECEWISE_BEZIER_KNOTS.);
#2073 = CARTESIAN_POINT('',(0.1,0.5,5.00001E-02));
#2074 = CARTESIAN_POINT('',(-9.999999999999E-02,0.5,5.00001E-02));
#2075 = B_SPLINE_SURFACE_WITH_KNOTS('',1,1,(
    (#2076,#2077)
    ,(#2078,#2079
    )),.UNSPECIFIED.,.F.,.F.,.F.,(2,2),(2,2),(-1.5,1.5),(-2.,2.),
  .PIECEWISE_BEZIER_KNOTS.);
#2076 = CARTESIAN_POINT('',(1.5,-2.,5.00001E-02));
#2077 = CARTESIAN_POINT('',(1.5,2.,5.00001E-02));
#2078 = CARTESIAN_POINT('',(-1.5,-2.,5.00001E-02));
#2079 = CARTESIAN_POINT('',(-1.5,2.,5.00001E-02));
#2080 = ADVANCED_FACE('',(#2081),#2167,.F.);
#2081 = FACE_BOUND('',#2082,.T.);
#2082 = EDGE_LOOP('',(#2083,#2084,#2085,#2086,#2087,#2088,#2095,#2102,
    #2107,#2108,#2115,#2122,#2127,#2128,#2135,#2142,#2147,#2148,#2155,
    #2162));
#2083 = ORIENTED_EDGE('',*,*,#1669,.T.);
#2084 = ORIENTED_EDGE('',*,*,#1618,.F.);
#2085 = ORIENTED_EDGE('',*,*,#539,.T.);
#2086 = ORIENTED_EDGE('',*,*,#1499,.T.);
#2087 = ORIENTED_EDGE('',*,*,#1845,.T.);
#2088 = ORIENTED_EDGE('',*,*,#2089,.T.);
#2089 = EDGE_CURVE('',#1839,#2090,#2092,.T.);
#2090 = VERTEX_POINT('',#2091);
#2091 = CARTESIAN_POINT('',(1.5,-1.35,0.1270001));
#2092 = B_SPLINE_CURVE_WITH_KNOTS('',1,(#2093,#2094),.UNSPECIFIED.,.F.,
  .F.,(2,2),(-0.5,-0.423),.PIECEWISE_BEZIER_KNOTS.);
#2093 = CARTESIAN_POINT('',(1.5,-1.35,5.00001E-02));
#2094 = CARTESIAN_POINT('',(1.5,-1.35,0.1270001));
#2095 = ORIENTED_EDGE('',*,*,#2096,.T.);
#2096 = EDGE_CURVE('',#2090,#2097,#2099,.T.);
#2097 = VERTEX_POINT('',#2098);
#2098 = CARTESIAN_POINT('',(1.5,-1.05,0.1270001));
#2099 = B_SPLINE_CURVE_WITH_KNOTS('',1,(#2100,#2101),.UNSPECIFIED.,.F.,
  .F.,(2,2),(0.65,0.95),.PIECEWISE_BEZIER_KNOTS.);
#2100 = CARTESIAN_POINT('',(1.5,-1.35,0.1270001));
#2101 = CARTESIAN_POINT('',(1.5,-1.05,0.1270001));
#2102 = ORIENTED_EDGE('',*,*,#2103,.F.);
#2103 = EDGE_CURVE('',#1802,#2097,#2104,.T.);
#2104 = B_SPLINE_CURVE_WITH_KNOTS('',1,(#2105,#2106),.UNSPECIFIED.,.F.,
  .F.,(2,2),(-0.5,-0.423),.PIECEWISE_BEZIER_KNOTS.);
#2105 = CARTESIAN_POINT('',(1.5,-1.05,5.00001E-02));
#2106 = CARTESIAN_POINT('',(1.5,-1.05,0.1270001));
#2107 = ORIENTED_EDGE('',*,*,#1801,.T.);
#2108 = ORIENTED_EDGE('',*,*,#2109,.T.);
#2109 = EDGE_CURVE('',#1795,#2110,#2112,.T.);
#2110 = VERTEX_POINT('',#2111);
#2111 = CARTESIAN_POINT('',(1.5,-0.55,0.1270001));
#2112 = B_SPLINE_CURVE_WITH_KNOTS('',1,(#2113,#2114),.UNSPECIFIED.,.F.,
  .F.,(2,2),(-0.5,-0.423),.PIECEWISE_BEZIER_KNOTS.);
#2113 = CARTESIAN_POINT('',(1.5,-0.55,5.00001E-02));
#2114 = CARTESIAN_POINT('',(1.5,-0.55,0.1270001));
#2115 = ORIENTED_EDGE('',*,*,#2116,.T.);
#2116 = EDGE_CURVE('',#2110,#2117,#2119,.T.);
#2117 = VERTEX_POINT('',#2118);
#2118 = CARTESIAN_POINT('',(1.5,-0.25,0.1270001));
#2119 = B_SPLINE_CURVE_WITH_KNOTS('',1,(#2120,#2121),.UNSPECIFIED.,.F.,
  .F.,(2,2),(1.45,1.75),.PIECEWISE_BEZIER_KNOTS.);
#2120 = CARTESIAN_POINT('',(1.5,-0.55,0.1270001));
#2121 = CARTESIAN_POINT('',(1.5,-0.25,0.1270001));
#2122 = ORIENTED_EDGE('',*,*,#2123,.F.);
#2123 = EDGE_CURVE('',#1758,#2117,#2124,.T.);
#2124 = B_SPLINE_CURVE_WITH_KNOTS('',1,(#2125,#2126),.UNSPECIFIED.,.F.,
  .F.,(2,2),(-0.5,-0.423),.PIECEWISE_BEZIER_KNOTS.);
#2125 = CARTESIAN_POINT('',(1.5,-0.25,5.00001E-02));
#2126 = CARTESIAN_POINT('',(1.5,-0.25,0.1270001));
#2127 = ORIENTED_EDGE('',*,*,#1757,.T.);
#2128 = ORIENTED_EDGE('',*,*,#2129,.T.);
#2129 = EDGE_CURVE('',#1751,#2130,#2132,.T.);
#2130 = VERTEX_POINT('',#2131);
#2131 = CARTESIAN_POINT('',(1.5,0.25,0.1270001));
#2132 = B_SPLINE_CURVE_WITH_KNOTS('',1,(#2133,#2134),.UNSPECIFIED.,.F.,
  .F.,(2,2),(-0.5,-0.423),.PIECEWISE_BEZIER_KNOTS.);
#2133 = CARTESIAN_POINT('',(1.5,0.25,5.00001E-02));
#2134 = CARTESIAN_POINT('',(1.5,0.25,0.1270001));
#2135 = ORIENTED_EDGE('',*,*,#2136,.T.);
#2136 = EDGE_CURVE('',#2130,#2137,#2139,.T.);
#2137 = VERTEX_POINT('',#2138);
#2138 = CARTESIAN_POINT('',(1.5,0.55,0.1270001));
#2139 = B_SPLINE_CURVE_WITH_KNOTS('',1,(#2140,#2141),.UNSPECIFIED.,.F.,
  .F.,(2,2),(2.25,2.55),.PIECEWISE_BEZIER_KNOTS.);
#2140 = CARTESIAN_POINT('',(1.5,0.25,0.1270001));
#2141 = CARTESIAN_POINT('',(1.5,0.55,0.1270001));
#2142 = ORIENTED_EDGE('',*,*,#2143,.F.);
#2143 = EDGE_CURVE('',#1714,#2137,#2144,.T.);
#2144 = B_SPLINE_CURVE_WITH_KNOTS('',1,(#2145,#2146),.UNSPECIFIED.,.F.,
  .F.,(2,2),(-0.5,-0.423),.PIECEWISE_BEZIER_KNOTS.);
#2145 = CARTESIAN_POINT('',(1.5,0.55,5.00001E-02));
#2146 = CARTESIAN_POINT('',(1.5,0.55,0.1270001));
#2147 = ORIENTED_EDGE('',*,*,#1713,.T.);
#2148 = ORIENTED_EDGE('',*,*,#2149,.T.);
#2149 = EDGE_CURVE('',#1707,#2150,#2152,.T.);
#2150 = VERTEX_POINT('',#2151);
#2151 = CARTESIAN_POINT('',(1.5,1.05,0.1270001));
#2152 = B_SPLINE_CURVE_WITH_KNOTS('',1,(#2153,#2154),.UNSPECIFIED.,.F.,
  .F.,(2,2),(-0.5,-0.423),.PIECEWISE_BEZIER_KNOTS.);
#2153 = CARTESIAN_POINT('',(1.5,1.05,5.00001E-02));
#2154 = CARTESIAN_POINT('',(1.5,1.05,0.1270001));
#2155 = ORIENTED_EDGE('',*,*,#2156,.T.);
#2156 = EDGE_CURVE('',#2150,#2157,#2159,.T.);
#2157 = VERTEX_POINT('',#2158);
#2158 = CARTESIAN_POINT('',(1.5,1.35,0.1270001));
#2159 = B_SPLINE_CURVE_WITH_KNOTS('',1,(#2160,#2161),.UNSPECIFIED.,.F.,
  .F.,(2,2),(3.05,3.35),.PIECEWISE_BEZIER_KNOTS.);
#2160 = CARTESIAN_POINT('',(1.5,1.05,0.1270001));
#2161 = CARTESIAN_POINT('',(1.5,1.35,0.1270001));
#2162 = ORIENTED_EDGE('',*,*,#2163,.F.);
#2163 = EDGE_CURVE('',#1670,#2157,#2164,.T.);
#2164 = B_SPLINE_CURVE_WITH_KNOTS('',1,(#2165,#2166),.UNSPECIFIED.,.F.,
  .F.,(2,2),(-0.5,-0.423),.PIECEWISE_BEZIER_KNOTS.);
#2165 = CARTESIAN_POINT('',(1.5,1.35,5.00001E-02));
#2166 = CARTESIAN_POINT('',(1.5,1.35,0.1270001));
#2167 = B_SPLINE_SURFACE_WITH_KNOTS('',1,1,(
    (#2168,#2169)
    ,(#2170,#2171
    )),.UNSPECIFIED.,.F.,.F.,.F.,(2,2),(2,2),(-0.5,1.110223024625E-16),(
    0.,4.),.PIECEWISE_BEZIER_KNOTS.);
#2168 = CARTESIAN_POINT('',(1.5,-2.,5.00001E-02));
#2169 = CARTESIAN_POINT('',(1.5,2.,5.00001E-02));
#2170 = CARTESIAN_POINT('',(1.5,-2.,0.5500001));
#2171 = CARTESIAN_POINT('',(1.5,2.,0.5500001));
#2172 = ADVANCED_FACE('',(#2173),#2259,.F.);
#2173 = FACE_BOUND('',#2174,.T.);
#2174 = EDGE_LOOP('',(#2175,#2176,#2177,#2184,#2191,#2196,#2197,#2204,
    #2211,#2216,#2217,#2224,#2231,#2236,#2237,#2244,#2251,#2256,#2257,
    #2258));
#2175 = ORIENTED_EDGE('',*,*,#1612,.T.);
#2176 = ORIENTED_EDGE('',*,*,#1661,.T.);
#2177 = ORIENTED_EDGE('',*,*,#2178,.T.);
#2178 = EDGE_CURVE('',#1662,#2179,#2181,.T.);
#2179 = VERTEX_POINT('',#2180);
#2180 = CARTESIAN_POINT('',(-1.5,1.35,0.1270001));
#2181 = B_SPLINE_CURVE_WITH_KNOTS('',1,(#2182,#2183),.UNSPECIFIED.,.F.,
  .F.,(2,2),(-0.5,-0.423),.PIECEWISE_BEZIER_KNOTS.);
#2182 = CARTESIAN_POINT('',(-1.5,1.35,5.00001E-02));
#2183 = CARTESIAN_POINT('',(-1.5,1.35,0.1270001));
#2184 = ORIENTED_EDGE('',*,*,#2185,.T.);
#2185 = EDGE_CURVE('',#2179,#2186,#2188,.T.);
#2186 = VERTEX_POINT('',#2187);
#2187 = CARTESIAN_POINT('',(-1.5,1.05,0.1270001));
#2188 = B_SPLINE_CURVE_WITH_KNOTS('',1,(#2189,#2190),.UNSPECIFIED.,.F.,
  .F.,(2,2),(-3.35,-3.05),.PIECEWISE_BEZIER_KNOTS.);
#2189 = CARTESIAN_POINT('',(-1.5,1.35,0.1270001));
#2190 = CARTESIAN_POINT('',(-1.5,1.05,0.1270001));
#2191 = ORIENTED_EDGE('',*,*,#2192,.F.);
#2192 = EDGE_CURVE('',#1984,#2186,#2193,.T.);
#2193 = B_SPLINE_CURVE_WITH_KNOTS('',1,(#2194,#2195),.UNSPECIFIED.,.F.,
  .F.,(2,2),(-0.5,-0.423),.PIECEWISE_BEZIER_KNOTS.);
#2194 = CARTESIAN_POINT('',(-1.5,1.05,5.00001E-02));
#2195 = CARTESIAN_POINT('',(-1.5,1.05,0.1270001));
#2196 = ORIENTED_EDGE('',*,*,#1983,.T.);
#2197 = ORIENTED_EDGE('',*,*,#2198,.T.);
#2198 = EDGE_CURVE('',#1977,#2199,#2201,.T.);
#2199 = VERTEX_POINT('',#2200);
#2200 = CARTESIAN_POINT('',(-1.5,0.55,0.1270001));
#2201 = B_SPLINE_CURVE_WITH_KNOTS('',1,(#2202,#2203),.UNSPECIFIED.,.F.,
  .F.,(2,2),(-0.5,-0.423),.PIECEWISE_BEZIER_KNOTS.);
#2202 = CARTESIAN_POINT('',(-1.5,0.55,5.00001E-02));
#2203 = CARTESIAN_POINT('',(-1.5,0.55,0.1270001));
#2204 = ORIENTED_EDGE('',*,*,#2205,.T.);
#2205 = EDGE_CURVE('',#2199,#2206,#2208,.T.);
#2206 = VERTEX_POINT('',#2207);
#2207 = CARTESIAN_POINT('',(-1.5,0.25,0.1270001));
#2208 = B_SPLINE_CURVE_WITH_KNOTS('',1,(#2209,#2210),.UNSPECIFIED.,.F.,
  .F.,(2,2),(-2.55,-2.25),.PIECEWISE_BEZIER_KNOTS.);
#2209 = CARTESIAN_POINT('',(-1.5,0.55,0.1270001));
#2210 = CARTESIAN_POINT('',(-1.5,0.25,0.1270001));
#2211 = ORIENTED_EDGE('',*,*,#2212,.F.);
#2212 = EDGE_CURVE('',#1940,#2206,#2213,.T.);
#2213 = B_SPLINE_CURVE_WITH_KNOTS('',1,(#2214,#2215),.UNSPECIFIED.,.F.,
  .F.,(2,2),(-0.5,-0.423),.PIECEWISE_BEZIER_KNOTS.);
#2214 = CARTESIAN_POINT('',(-1.5,0.25,5.00001E-02));
#2215 = CARTESIAN_POINT('',(-1.5,0.25,0.1270001));
#2216 = ORIENTED_EDGE('',*,*,#1939,.T.);
#2217 = ORIENTED_EDGE('',*,*,#2218,.T.);
#2218 = EDGE_CURVE('',#1933,#2219,#2221,.T.);
#2219 = VERTEX_POINT('',#2220);
#2220 = CARTESIAN_POINT('',(-1.5,-0.25,0.1270001));
#2221 = B_SPLINE_CURVE_WITH_KNOTS('',1,(#2222,#2223),.UNSPECIFIED.,.F.,
  .F.,(2,2),(-0.5,-0.423),.PIECEWISE_BEZIER_KNOTS.);
#2222 = CARTESIAN_POINT('',(-1.5,-0.25,5.00001E-02));
#2223 = CARTESIAN_POINT('',(-1.5,-0.25,0.1270001));
#2224 = ORIENTED_EDGE('',*,*,#2225,.T.);
#2225 = EDGE_CURVE('',#2219,#2226,#2228,.T.);
#2226 = VERTEX_POINT('',#2227);
#2227 = CARTESIAN_POINT('',(-1.5,-0.55,0.1270001));
#2228 = B_SPLINE_CURVE_WITH_KNOTS('',1,(#2229,#2230),.UNSPECIFIED.,.F.,
  .F.,(2,2),(-1.75,-1.45),.PIECEWISE_BEZIER_KNOTS.);
#2229 = CARTESIAN_POINT('',(-1.5,-0.25,0.1270001));
#2230 = CARTESIAN_POINT('',(-1.5,-0.55,0.1270001));
#2231 = ORIENTED_EDGE('',*,*,#2232,.F.);
#2232 = EDGE_CURVE('',#1896,#2226,#2233,.T.);
#2233 = B_SPLINE_CURVE_WITH_KNOTS('',1,(#2234,#2235),.UNSPECIFIED.,.F.,
  .F.,(2,2),(-0.5,-0.423),.PIECEWISE_BEZIER_KNOTS.);
#2234 = CARTESIAN_POINT('',(-1.5,-0.55,5.00001E-02));
#2235 = CARTESIAN_POINT('',(-1.5,-0.55,0.1270001));
#2236 = ORIENTED_EDGE('',*,*,#1895,.T.);
#2237 = ORIENTED_EDGE('',*,*,#2238,.T.);
#2238 = EDGE_CURVE('',#1889,#2239,#2241,.T.);
#2239 = VERTEX_POINT('',#2240);
#2240 = CARTESIAN_POINT('',(-1.5,-1.05,0.1270001));
#2241 = B_SPLINE_CURVE_WITH_KNOTS('',1,(#2242,#2243),.UNSPECIFIED.,.F.,
  .F.,(2,2),(-0.5,-0.423),.PIECEWISE_BEZIER_KNOTS.);
#2242 = CARTESIAN_POINT('',(-1.5,-1.05,5.00001E-02));
#2243 = CARTESIAN_POINT('',(-1.5,-1.05,0.1270001));
#2244 = ORIENTED_EDGE('',*,*,#2245,.T.);
#2245 = EDGE_CURVE('',#2239,#2246,#2248,.T.);
#2246 = VERTEX_POINT('',#2247);
#2247 = CARTESIAN_POINT('',(-1.5,-1.35,0.1270001));
#2248 = B_SPLINE_CURVE_WITH_KNOTS('',1,(#2249,#2250),.UNSPECIFIED.,.F.,
  .F.,(2,2),(-0.95,-0.65),.PIECEWISE_BEZIER_KNOTS.);
#2249 = CARTESIAN_POINT('',(-1.5,-1.05,0.1270001));
#2250 = CARTESIAN_POINT('',(-1.5,-1.35,0.1270001));
#2251 = ORIENTED_EDGE('',*,*,#2252,.F.);
#2252 = EDGE_CURVE('',#1852,#2246,#2253,.T.);
#2253 = B_SPLINE_CURVE_WITH_KNOTS('',1,(#2254,#2255),.UNSPECIFIED.,.F.,
  .F.,(2,2),(-0.5,-0.423),.PIECEWISE_BEZIER_KNOTS.);
#2254 = CARTESIAN_POINT('',(-1.5,-1.35,5.00001E-02));
#2255 = CARTESIAN_POINT('',(-1.5,-1.35,0.1270001));
#2256 = ORIENTED_EDGE('',*,*,#1851,.T.);
#2257 = ORIENTED_EDGE('',*,*,#1485,.F.);
#2258 = ORIENTED_EDGE('',*,*,#523,.F.);
#2259 = B_SPLINE_SURFACE_WITH_KNOTS('',1,1,(
    (#2260,#2261)
    ,(#2262,#2263
    )),.UNSPECIFIED.,.F.,.F.,.F.,(2,2),(2,2),(-1.110223024625E-16,0.5),(
    0.,4.),.PIECEWISE_BEZIER_KNOTS.);
#2260 = CARTESIAN_POINT('',(-1.5,-2.,0.5500001));
#2261 = CARTESIAN_POINT('',(-1.5,2.,0.5500001));
#2262 = CARTESIAN_POINT('',(-1.5,-2.,5.00001E-02));
#2263 = CARTESIAN_POINT('',(-1.5,2.,5.00001E-02));
#2264 = ADVANCED_FACE('',(#2265),#2287,.T.);
#2265 = FACE_BOUND('',#2266,.T.);
#2266 = EDGE_LOOP('',(#2267,#2268,#2275,#2282));
#2267 = ORIENTED_EDGE('',*,*,#2156,.F.);
#2268 = ORIENTED_EDGE('',*,*,#2269,.F.);
#2269 = EDGE_CURVE('',#2270,#2150,#2272,.T.);
#2270 = VERTEX_POINT('',#2271);
#2271 = CARTESIAN_POINT('',(1.51,1.05,0.1270001));
#2272 = B_SPLINE_CURVE_WITH_KNOTS('',1,(#2273,#2274),.UNSPECIFIED.,.F.,
  .F.,(2,2),(-1.51,-1.5),.PIECEWISE_BEZIER_KNOTS.);
#2273 = CARTESIAN_POINT('',(1.51,1.05,0.1270001));
#2274 = CARTESIAN_POINT('',(1.5,1.05,0.1270001));
#2275 = ORIENTED_EDGE('',*,*,#2276,.F.);
#2276 = EDGE_CURVE('',#2277,#2270,#2279,.T.);
#2277 = VERTEX_POINT('',#2278);
#2278 = CARTESIAN_POINT('',(1.51,1.35,0.1270001));
#2279 = B_SPLINE_CURVE_WITH_KNOTS('',1,(#2280,#2281),.UNSPECIFIED.,.F.,
  .F.,(2,2),(-1.35,-1.05),.PIECEWISE_BEZIER_KNOTS.);
#2280 = CARTESIAN_POINT('',(1.51,1.35,0.1270001));
#2281 = CARTESIAN_POINT('',(1.51,1.05,0.1270001));
#2282 = ORIENTED_EDGE('',*,*,#2283,.T.);
#2283 = EDGE_CURVE('',#2277,#2157,#2284,.T.);
#2284 = B_SPLINE_CURVE_WITH_KNOTS('',1,(#2285,#2286),.UNSPECIFIED.,.F.,
  .F.,(2,2),(-1.51,-1.5),.PIECEWISE_BEZIER_KNOTS.);
#2285 = CARTESIAN_POINT('',(1.51,1.35,0.1270001));
#2286 = CARTESIAN_POINT('',(1.5,1.35,0.1270001));
#2287 = B_SPLINE_SURFACE_WITH_KNOTS('',1,1,(
    (#2288,#2289)
    ,(#2290,#2291
    )),.UNSPECIFIED.,.F.,.F.,.F.,(2,2),(2,2),(1.5,1.51),(1.05,1.35),
  .PIECEWISE_BEZIER_KNOTS.);
#2288 = CARTESIAN_POINT('',(1.5,1.05,0.1270001));
#2289 = CARTESIAN_POINT('',(1.5,1.35,0.1270001));
#2290 = CARTESIAN_POINT('',(1.51,1.05,0.1270001));
#2291 = CARTESIAN_POINT('',(1.51,1.35,0.1270001));
#2292 = ADVANCED_FACE('',(#2293),#2317,.T.);
#2293 = FACE_BOUND('',#2294,.T.);
#2294 = EDGE_LOOP('',(#2295,#2296,#2297,#2304,#2311,#2316));
#2295 = ORIENTED_EDGE('',*,*,#2149,.F.);
#2296 = ORIENTED_EDGE('',*,*,#1706,.T.);
#2297 = ORIENTED_EDGE('',*,*,#2298,.T.);
#2298 = EDGE_CURVE('',#1699,#2299,#2301,.T.);
#2299 = VERTEX_POINT('',#2300);
#2300 = CARTESIAN_POINT('',(1.04,1.05,1.E-07));
#2301 = B_SPLINE_CURVE_WITH_KNOTS('',1,(#2302,#2303),.UNSPECIFIED.,.F.,
  .F.,(2,2),(7.7E-02,0.127),.PIECEWISE_BEZIER_KNOTS.);
#2302 = CARTESIAN_POINT('',(1.04,1.05,5.00001E-02));
#2303 = CARTESIAN_POINT('',(1.04,1.05,1.E-07));
#2304 = ORIENTED_EDGE('',*,*,#2305,.F.);
#2305 = EDGE_CURVE('',#2306,#2299,#2308,.T.);
#2306 = VERTEX_POINT('',#2307);
#2307 = CARTESIAN_POINT('',(1.51,1.05,1.E-07));
#2308 = B_SPLINE_CURVE_WITH_KNOTS('',1,(#2309,#2310),.UNSPECIFIED.,.F.,
  .F.,(2,2),(-1.51,-1.04),.PIECEWISE_BEZIER_KNOTS.);
#2309 = CARTESIAN_POINT('',(1.51,1.05,1.E-07));
#2310 = CARTESIAN_POINT('',(1.04,1.05,1.E-07));
#2311 = ORIENTED_EDGE('',*,*,#2312,.F.);
#2312 = EDGE_CURVE('',#2270,#2306,#2313,.T.);
#2313 = B_SPLINE_CURVE_WITH_KNOTS('',1,(#2314,#2315),.UNSPECIFIED.,.F.,
  .F.,(2,2),(-0.,0.127),.PIECEWISE_BEZIER_KNOTS.);
#2314 = CARTESIAN_POINT('',(1.51,1.05,0.1270001));
#2315 = CARTESIAN_POINT('',(1.51,1.05,1.E-07));
#2316 = ORIENTED_EDGE('',*,*,#2269,.T.);
#2317 = B_SPLINE_SURFACE_WITH_KNOTS('',1,1,(
    (#2318,#2319)
    ,(#2320,#2321
    )),.UNSPECIFIED.,.F.,.F.,.F.,(2,2),(2,2),(1.04,1.51),(-0.127,0.),
  .PIECEWISE_BEZIER_KNOTS.);
#2318 = CARTESIAN_POINT('',(1.04,1.05,1.E-07));
#2319 = CARTESIAN_POINT('',(1.04,1.05,0.1270001));
#2320 = CARTESIAN_POINT('',(1.51,1.05,1.E-07));
#2321 = CARTESIAN_POINT('',(1.51,1.05,0.1270001));
#2322 = ADVANCED_FACE('',(#2323),#2347,.F.);
#2323 = FACE_BOUND('',#2324,.T.);
#2324 = EDGE_LOOP('',(#2325,#2326,#2327,#2328,#2335,#2342));
#2325 = ORIENTED_EDGE('',*,*,#1676,.F.);
#2326 = ORIENTED_EDGE('',*,*,#2163,.T.);
#2327 = ORIENTED_EDGE('',*,*,#2283,.F.);
#2328 = ORIENTED_EDGE('',*,*,#2329,.T.);
#2329 = EDGE_CURVE('',#2277,#2330,#2332,.T.);
#2330 = VERTEX_POINT('',#2331);
#2331 = CARTESIAN_POINT('',(1.51,1.35,1.E-07));
#2332 = B_SPLINE_CURVE_WITH_KNOTS('',1,(#2333,#2334),.UNSPECIFIED.,.F.,
  .F.,(2,2),(-0.,0.127),.PIECEWISE_BEZIER_KNOTS.);
#2333 = CARTESIAN_POINT('',(1.51,1.35,0.1270001));
#2334 = CARTESIAN_POINT('',(1.51,1.35,1.E-07));
#2335 = ORIENTED_EDGE('',*,*,#2336,.T.);
#2336 = EDGE_CURVE('',#2330,#2337,#2339,.T.);
#2337 = VERTEX_POINT('',#2338);
#2338 = CARTESIAN_POINT('',(1.04,1.35,1.E-07));
#2339 = B_SPLINE_CURVE_WITH_KNOTS('',1,(#2340,#2341),.UNSPECIFIED.,.F.,
  .F.,(2,2),(-1.51,-1.04),.PIECEWISE_BEZIER_KNOTS.);
#2340 = CARTESIAN_POINT('',(1.51,1.35,1.E-07));
#2341 = CARTESIAN_POINT('',(1.04,1.35,1.E-07));
#2342 = ORIENTED_EDGE('',*,*,#2343,.F.);
#2343 = EDGE_CURVE('',#1677,#2337,#2344,.T.);
#2344 = B_SPLINE_CURVE_WITH_KNOTS('',1,(#2345,#2346),.UNSPECIFIED.,.F.,
  .F.,(2,2),(7.7E-02,0.127),.PIECEWISE_BEZIER_KNOTS.);
#2345 = CARTESIAN_POINT('',(1.04,1.35,5.00001E-02));
#2346 = CARTESIAN_POINT('',(1.04,1.35,1.E-07));
#2347 = B_SPLINE_SURFACE_WITH_KNOTS('',1,1,(
    (#2348,#2349)
    ,(#2350,#2351
    )),.UNSPECIFIED.,.F.,.F.,.F.,(2,2),(2,2),(1.04,1.51),(-0.127,0.),
  .PIECEWISE_BEZIER_KNOTS.);
#2348 = CARTESIAN_POINT('',(1.04,1.35,1.E-07));
#2349 = CARTESIAN_POINT('',(1.04,1.35,0.1270001));
#2350 = CARTESIAN_POINT('',(1.51,1.35,1.E-07));
#2351 = CARTESIAN_POINT('',(1.51,1.35,0.1270001));
#2352 = ADVANCED_FACE('',(#2353),#2370,.T.);
#2353 = FACE_BOUND('',#2354,.T.);
#2354 = EDGE_LOOP('',(#2355,#2356,#2357,#2364));
#2355 = ORIENTED_EDGE('',*,*,#2298,.F.);
#2356 = ORIENTED_EDGE('',*,*,#1698,.T.);
#2357 = ORIENTED_EDGE('',*,*,#2358,.T.);
#2358 = EDGE_CURVE('',#1692,#2359,#2361,.T.);
#2359 = VERTEX_POINT('',#2360);
#2360 = CARTESIAN_POINT('',(0.91,1.18,1.E-07));
#2361 = B_SPLINE_CURVE_WITH_KNOTS('',1,(#2362,#2363),.UNSPECIFIED.,.F.,
  .F.,(2,2),(7.7E-02,0.127),.PIECEWISE_BEZIER_KNOTS.);
#2362 = CARTESIAN_POINT('',(0.91,1.18,5.00001E-02));
#2363 = CARTESIAN_POINT('',(0.91,1.18,1.E-07));
#2364 = ORIENTED_EDGE('',*,*,#2365,.F.);
#2365 = EDGE_CURVE('',#2299,#2359,#2366,.T.);
#2366 = ( BOUNDED_CURVE() B_SPLINE_CURVE(2,(#2367,#2368,#2369),
.UNSPECIFIED.,.F.,.F.) B_SPLINE_CURVE_WITH_KNOTS((3,3),(1.570796326795,
3.14159265359),.PIECEWISE_BEZIER_KNOTS.) CURVE() 
GEOMETRIC_REPRESENTATION_ITEM() RATIONAL_B_SPLINE_CURVE((1.,
0.707106781187,1.)) REPRESENTATION_ITEM('') );
#2367 = CARTESIAN_POINT('',(1.04,1.05,1.E-07));
#2368 = CARTESIAN_POINT('',(0.91,1.05,1.E-07));
#2369 = CARTESIAN_POINT('',(0.91,1.18,1.E-07));
#2370 = ( BOUNDED_SURFACE() B_SPLINE_SURFACE(2,1,(
    (#2371,#2372)
    ,(#2373,#2374)
    ,(#2375,#2376
)),.UNSPECIFIED.,.F.,.F.,.F.) B_SPLINE_SURFACE_WITH_KNOTS((3,3),(2,2),(
    4.712388980385,6.28318530718),(7.7E-02,0.127),
.PIECEWISE_BEZIER_KNOTS.) GEOMETRIC_REPRESENTATION_ITEM() 
RATIONAL_B_SPLINE_SURFACE((
    (1.,1.)
    ,(0.707106781187,0.707106781187)
,(1.,1.))) REPRESENTATION_ITEM('') SURFACE() );
#2371 = CARTESIAN_POINT('',(1.04,1.05,5.00001E-02));
#2372 = CARTESIAN_POINT('',(1.04,1.05,1.E-07));
#2373 = CARTESIAN_POINT('',(0.91,1.05,5.00001E-02));
#2374 = CARTESIAN_POINT('',(0.91,1.05,1.E-07));
#2375 = CARTESIAN_POINT('',(0.91,1.18,5.00001E-02));
#2376 = CARTESIAN_POINT('',(0.91,1.18,1.E-07));
#2377 = ADVANCED_FACE('',(#2378),#2388,.T.);
#2378 = FACE_BOUND('',#2379,.T.);
#2379 = EDGE_LOOP('',(#2380,#2385,#2386,#2387));
#2380 = ORIENTED_EDGE('',*,*,#2381,.F.);
#2381 = EDGE_CURVE('',#2330,#2306,#2382,.T.);
#2382 = B_SPLINE_CURVE_WITH_KNOTS('',1,(#2383,#2384),.UNSPECIFIED.,.F.,
  .F.,(2,2),(-1.35,-1.05),.PIECEWISE_BEZIER_KNOTS.);
#2383 = CARTESIAN_POINT('',(1.51,1.35,1.E-07));
#2384 = CARTESIAN_POINT('',(1.51,1.05,1.E-07));
#2385 = ORIENTED_EDGE('',*,*,#2329,.F.);
#2386 = ORIENTED_EDGE('',*,*,#2276,.T.);
#2387 = ORIENTED_EDGE('',*,*,#2312,.T.);
#2388 = B_SPLINE_SURFACE_WITH_KNOTS('',1,1,(
    (#2389,#2390)
    ,(#2391,#2392
    )),.UNSPECIFIED.,.F.,.F.,.F.,(2,2),(2,2),(1.05,1.35),(-0.127,0.),
  .PIECEWISE_BEZIER_KNOTS.);
#2389 = CARTESIAN_POINT('',(1.51,1.05,1.E-07));
#2390 = CARTESIAN_POINT('',(1.51,1.05,0.1270001));
#2391 = CARTESIAN_POINT('',(1.51,1.35,1.E-07));
#2392 = CARTESIAN_POINT('',(1.51,1.35,0.1270001));
#2393 = ADVANCED_FACE('',(#2394),#2411,.T.);
#2394 = FACE_BOUND('',#2395,.T.);
#2395 = EDGE_LOOP('',(#2396,#2397,#2398,#2406));
#2396 = ORIENTED_EDGE('',*,*,#1683,.F.);
#2397 = ORIENTED_EDGE('',*,*,#2343,.T.);
#2398 = ORIENTED_EDGE('',*,*,#2399,.T.);
#2399 = EDGE_CURVE('',#2337,#2400,#2402,.T.);
#2400 = VERTEX_POINT('',#2401);
#2401 = CARTESIAN_POINT('',(0.91,1.22,1.E-07));
#2402 = ( BOUNDED_CURVE() B_SPLINE_CURVE(2,(#2403,#2404,#2405),
.UNSPECIFIED.,.F.,.F.) B_SPLINE_CURVE_WITH_KNOTS((3,3),(1.570796326795,
3.14159265359),.PIECEWISE_BEZIER_KNOTS.) CURVE() 
GEOMETRIC_REPRESENTATION_ITEM() RATIONAL_B_SPLINE_CURVE((1.,
0.707106781187,1.)) REPRESENTATION_ITEM('') );
#2403 = CARTESIAN_POINT('',(1.04,1.35,1.E-07));
#2404 = CARTESIAN_POINT('',(0.91,1.35,1.E-07));
#2405 = CARTESIAN_POINT('',(0.91,1.22,1.E-07));
#2406 = ORIENTED_EDGE('',*,*,#2407,.F.);
#2407 = EDGE_CURVE('',#1684,#2400,#2408,.T.);
#2408 = B_SPLINE_CURVE_WITH_KNOTS('',1,(#2409,#2410),.UNSPECIFIED.,.F.,
  .F.,(2,2),(7.7E-02,0.127),.PIECEWISE_BEZIER_KNOTS.);
#2409 = CARTESIAN_POINT('',(0.91,1.22,5.00001E-02));
#2410 = CARTESIAN_POINT('',(0.91,1.22,1.E-07));
#2411 = ( BOUNDED_SURFACE() B_SPLINE_SURFACE(2,1,(
    (#2412,#2413)
    ,(#2414,#2415)
    ,(#2416,#2417
)),.UNSPECIFIED.,.F.,.F.,.F.) B_SPLINE_SURFACE_WITH_KNOTS((3,3),(2,2),(
    0.,1.570796326795),(7.7E-02,0.127),.PIECEWISE_BEZIER_KNOTS.) 
GEOMETRIC_REPRESENTATION_ITEM() RATIONAL_B_SPLINE_SURFACE((
    (1.,1.)
    ,(0.707106781187,0.707106781187)
,(1.,1.))) REPRESENTATION_ITEM('') SURFACE() );
#2412 = CARTESIAN_POINT('',(0.91,1.22,5.00001E-02));
#2413 = CARTESIAN_POINT('',(0.91,1.22,1.E-07));
#2414 = CARTESIAN_POINT('',(0.91,1.35,5.00001E-02));
#2415 = CARTESIAN_POINT('',(0.91,1.35,1.E-07));
#2416 = CARTESIAN_POINT('',(1.04,1.35,5.00001E-02));
#2417 = CARTESIAN_POINT('',(1.04,1.35,1.E-07));
#2418 = ADVANCED_FACE('',(#2419),#2429,.F.);
#2419 = FACE_BOUND('',#2420,.T.);
#2420 = EDGE_LOOP('',(#2421,#2422,#2423,#2428));
#2421 = ORIENTED_EDGE('',*,*,#1691,.F.);
#2422 = ORIENTED_EDGE('',*,*,#2407,.T.);
#2423 = ORIENTED_EDGE('',*,*,#2424,.T.);
#2424 = EDGE_CURVE('',#2400,#2359,#2425,.T.);
#2425 = B_SPLINE_CURVE_WITH_KNOTS('',1,(#2426,#2427),.UNSPECIFIED.,.F.,
  .F.,(2,2),(-1.22,-1.18),.PIECEWISE_BEZIER_KNOTS.);
#2426 = CARTESIAN_POINT('',(0.91,1.22,1.E-07));
#2427 = CARTESIAN_POINT('',(0.91,1.18,1.E-07));
#2428 = ORIENTED_EDGE('',*,*,#2358,.F.);
#2429 = B_SPLINE_SURFACE_WITH_KNOTS('',1,1,(
    (#2430,#2431)
    ,(#2432,#2433
    )),.UNSPECIFIED.,.F.,.F.,.F.,(2,2),(2,2),(1.18,1.22),(-0.127,
    -7.7E-02),.PIECEWISE_BEZIER_KNOTS.);
#2430 = CARTESIAN_POINT('',(0.91,1.18,1.E-07));
#2431 = CARTESIAN_POINT('',(0.91,1.18,5.00001E-02));
#2432 = CARTESIAN_POINT('',(0.91,1.22,1.E-07));
#2433 = CARTESIAN_POINT('',(0.91,1.22,5.00001E-02));
#2434 = ADVANCED_FACE('',(#2435),#2443,.F.);
#2435 = FACE_BOUND('',#2436,.T.);
#2436 = EDGE_LOOP('',(#2437,#2438,#2439,#2440,#2441,#2442));
#2437 = ORIENTED_EDGE('',*,*,#2365,.T.);
#2438 = ORIENTED_EDGE('',*,*,#2424,.F.);
#2439 = ORIENTED_EDGE('',*,*,#2399,.F.);
#2440 = ORIENTED_EDGE('',*,*,#2336,.F.);
#2441 = ORIENTED_EDGE('',*,*,#2381,.T.);
#2442 = ORIENTED_EDGE('',*,*,#2305,.T.);
#2443 = B_SPLINE_SURFACE_WITH_KNOTS('',1,1,(
    (#2444,#2445)
    ,(#2446,#2447
    )),.UNSPECIFIED.,.F.,.F.,.F.,(2,2),(2,2),(0.91,1.51),(1.05,1.35),
  .PIECEWISE_BEZIER_KNOTS.);
#2444 = CARTESIAN_POINT('',(0.91,1.05,1.E-07));
#2445 = CARTESIAN_POINT('',(0.91,1.35,1.E-07));
#2446 = CARTESIAN_POINT('',(1.51,1.05,1.E-07));
#2447 = CARTESIAN_POINT('',(1.51,1.35,1.E-07));
#2448 = ADVANCED_FACE('',(#2449),#2471,.T.);
#2449 = FACE_BOUND('',#2450,.T.);
#2450 = EDGE_LOOP('',(#2451,#2452,#2459,#2466));
#2451 = ORIENTED_EDGE('',*,*,#2136,.F.);
#2452 = ORIENTED_EDGE('',*,*,#2453,.F.);
#2453 = EDGE_CURVE('',#2454,#2130,#2456,.T.);
#2454 = VERTEX_POINT('',#2455);
#2455 = CARTESIAN_POINT('',(1.51,0.25,0.1270001));
#2456 = B_SPLINE_CURVE_WITH_KNOTS('',1,(#2457,#2458),.UNSPECIFIED.,.F.,
  .F.,(2,2),(-1.51,-1.5),.PIECEWISE_BEZIER_KNOTS.);
#2457 = CARTESIAN_POINT('',(1.51,0.25,0.1270001));
#2458 = CARTESIAN_POINT('',(1.5,0.25,0.1270001));
#2459 = ORIENTED_EDGE('',*,*,#2460,.F.);
#2460 = EDGE_CURVE('',#2461,#2454,#2463,.T.);
#2461 = VERTEX_POINT('',#2462);
#2462 = CARTESIAN_POINT('',(1.51,0.55,0.1270001));
#2463 = B_SPLINE_CURVE_WITH_KNOTS('',1,(#2464,#2465),.UNSPECIFIED.,.F.,
  .F.,(2,2),(-0.55,-0.25),.PIECEWISE_BEZIER_KNOTS.);
#2464 = CARTESIAN_POINT('',(1.51,0.55,0.1270001));
#2465 = CARTESIAN_POINT('',(1.51,0.25,0.1270001));
#2466 = ORIENTED_EDGE('',*,*,#2467,.T.);
#2467 = EDGE_CURVE('',#2461,#2137,#2468,.T.);
#2468 = B_SPLINE_CURVE_WITH_KNOTS('',1,(#2469,#2470),.UNSPECIFIED.,.F.,
  .F.,(2,2),(-1.51,-1.5),.PIECEWISE_BEZIER_KNOTS.);
#2469 = CARTESIAN_POINT('',(1.51,0.55,0.1270001));
#2470 = CARTESIAN_POINT('',(1.5,0.55,0.1270001));
#2471 = B_SPLINE_SURFACE_WITH_KNOTS('',1,1,(
    (#2472,#2473)
    ,(#2474,#2475
    )),.UNSPECIFIED.,.F.,.F.,.F.,(2,2),(2,2),(1.5,1.51),(0.25,0.55),
  .PIECEWISE_BEZIER_KNOTS.);
#2472 = CARTESIAN_POINT('',(1.5,0.25,0.1270001));
#2473 = CARTESIAN_POINT('',(1.5,0.55,0.1270001));
#2474 = CARTESIAN_POINT('',(1.51,0.25,0.1270001));
#2475 = CARTESIAN_POINT('',(1.51,0.55,0.1270001));
#2476 = ADVANCED_FACE('',(#2477),#2501,.T.);
#2477 = FACE_BOUND('',#2478,.T.);
#2478 = EDGE_LOOP('',(#2479,#2480,#2481,#2488,#2495,#2500));
#2479 = ORIENTED_EDGE('',*,*,#2129,.F.);
#2480 = ORIENTED_EDGE('',*,*,#1750,.T.);
#2481 = ORIENTED_EDGE('',*,*,#2482,.T.);
#2482 = EDGE_CURVE('',#1743,#2483,#2485,.T.);
#2483 = VERTEX_POINT('',#2484);
#2484 = CARTESIAN_POINT('',(1.04,0.25,1.E-07));
#2485 = B_SPLINE_CURVE_WITH_KNOTS('',1,(#2486,#2487),.UNSPECIFIED.,.F.,
  .F.,(2,2),(7.7E-02,0.127),.PIECEWISE_BEZIER_KNOTS.);
#2486 = CARTESIAN_POINT('',(1.04,0.25,5.00001E-02));
#2487 = CARTESIAN_POINT('',(1.04,0.25,1.E-07));
#2488 = ORIENTED_EDGE('',*,*,#2489,.F.);
#2489 = EDGE_CURVE('',#2490,#2483,#2492,.T.);
#2490 = VERTEX_POINT('',#2491);
#2491 = CARTESIAN_POINT('',(1.51,0.25,1.E-07));
#2492 = B_SPLINE_CURVE_WITH_KNOTS('',1,(#2493,#2494),.UNSPECIFIED.,.F.,
  .F.,(2,2),(-1.51,-1.04),.PIECEWISE_BEZIER_KNOTS.);
#2493 = CARTESIAN_POINT('',(1.51,0.25,1.E-07));
#2494 = CARTESIAN_POINT('',(1.04,0.25,1.E-07));
#2495 = ORIENTED_EDGE('',*,*,#2496,.F.);
#2496 = EDGE_CURVE('',#2454,#2490,#2497,.T.);
#2497 = B_SPLINE_CURVE_WITH_KNOTS('',1,(#2498,#2499),.UNSPECIFIED.,.F.,
  .F.,(2,2),(-0.,0.127),.PIECEWISE_BEZIER_KNOTS.);
#2498 = CARTESIAN_POINT('',(1.51,0.25,0.1270001));
#2499 = CARTESIAN_POINT('',(1.51,0.25,1.E-07));
#2500 = ORIENTED_EDGE('',*,*,#2453,.T.);
#2501 = B_SPLINE_SURFACE_WITH_KNOTS('',1,1,(
    (#2502,#2503)
    ,(#2504,#2505
    )),.UNSPECIFIED.,.F.,.F.,.F.,(2,2),(2,2),(1.04,1.51),(-0.127,0.),
  .PIECEWISE_BEZIER_KNOTS.);
#2502 = CARTESIAN_POINT('',(1.04,0.25,1.E-07));
#2503 = CARTESIAN_POINT('',(1.04,0.25,0.1270001));
#2504 = CARTESIAN_POINT('',(1.51,0.25,1.E-07));
#2505 = CARTESIAN_POINT('',(1.51,0.25,0.1270001));
#2506 = ADVANCED_FACE('',(#2507),#2531,.F.);
#2507 = FACE_BOUND('',#2508,.T.);
#2508 = EDGE_LOOP('',(#2509,#2510,#2511,#2512,#2519,#2526));
#2509 = ORIENTED_EDGE('',*,*,#1720,.F.);
#2510 = ORIENTED_EDGE('',*,*,#2143,.T.);
#2511 = ORIENTED_EDGE('',*,*,#2467,.F.);
#2512 = ORIENTED_EDGE('',*,*,#2513,.T.);
#2513 = EDGE_CURVE('',#2461,#2514,#2516,.T.);
#2514 = VERTEX_POINT('',#2515);
#2515 = CARTESIAN_POINT('',(1.51,0.55,1.E-07));
#2516 = B_SPLINE_CURVE_WITH_KNOTS('',1,(#2517,#2518),.UNSPECIFIED.,.F.,
  .F.,(2,2),(-0.,0.127),.PIECEWISE_BEZIER_KNOTS.);
#2517 = CARTESIAN_POINT('',(1.51,0.55,0.1270001));
#2518 = CARTESIAN_POINT('',(1.51,0.55,1.E-07));
#2519 = ORIENTED_EDGE('',*,*,#2520,.T.);
#2520 = EDGE_CURVE('',#2514,#2521,#2523,.T.);
#2521 = VERTEX_POINT('',#2522);
#2522 = CARTESIAN_POINT('',(1.04,0.55,1.E-07));
#2523 = B_SPLINE_CURVE_WITH_KNOTS('',1,(#2524,#2525),.UNSPECIFIED.,.F.,
  .F.,(2,2),(-1.51,-1.04),.PIECEWISE_BEZIER_KNOTS.);
#2524 = CARTESIAN_POINT('',(1.51,0.55,1.E-07));
#2525 = CARTESIAN_POINT('',(1.04,0.55,1.E-07));
#2526 = ORIENTED_EDGE('',*,*,#2527,.F.);
#2527 = EDGE_CURVE('',#1721,#2521,#2528,.T.);
#2528 = B_SPLINE_CURVE_WITH_KNOTS('',1,(#2529,#2530),.UNSPECIFIED.,.F.,
  .F.,(2,2),(7.7E-02,0.127),.PIECEWISE_BEZIER_KNOTS.);
#2529 = CARTESIAN_POINT('',(1.04,0.55,5.00001E-02));
#2530 = CARTESIAN_POINT('',(1.04,0.55,1.E-07));
#2531 = B_SPLINE_SURFACE_WITH_KNOTS('',1,1,(
    (#2532,#2533)
    ,(#2534,#2535
    )),.UNSPECIFIED.,.F.,.F.,.F.,(2,2),(2,2),(1.04,1.51),(-0.127,0.),
  .PIECEWISE_BEZIER_KNOTS.);
#2532 = CARTESIAN_POINT('',(1.04,0.55,1.E-07));
#2533 = CARTESIAN_POINT('',(1.04,0.55,0.1270001));
#2534 = CARTESIAN_POINT('',(1.51,0.55,1.E-07));
#2535 = CARTESIAN_POINT('',(1.51,0.55,0.1270001));
#2536 = ADVANCED_FACE('',(#2537),#2554,.T.);
#2537 = FACE_BOUND('',#2538,.T.);
#2538 = EDGE_LOOP('',(#2539,#2540,#2541,#2548));
#2539 = ORIENTED_EDGE('',*,*,#2482,.F.);
#2540 = ORIENTED_EDGE('',*,*,#1742,.T.);
#2541 = ORIENTED_EDGE('',*,*,#2542,.T.);
#2542 = EDGE_CURVE('',#1736,#2543,#2545,.T.);
#2543 = VERTEX_POINT('',#2544);
#2544 = CARTESIAN_POINT('',(0.91,0.38,1.E-07));
#2545 = B_SPLINE_CURVE_WITH_KNOTS('',1,(#2546,#2547),.UNSPECIFIED.,.F.,
  .F.,(2,2),(7.7E-02,0.127),.PIECEWISE_BEZIER_KNOTS.);
#2546 = CARTESIAN_POINT('',(0.91,0.38,5.00001E-02));
#2547 = CARTESIAN_POINT('',(0.91,0.38,1.E-07));
#2548 = ORIENTED_EDGE('',*,*,#2549,.F.);
#2549 = EDGE_CURVE('',#2483,#2543,#2550,.T.);
#2550 = ( BOUNDED_CURVE() B_SPLINE_CURVE(2,(#2551,#2552,#2553),
.UNSPECIFIED.,.F.,.F.) B_SPLINE_CURVE_WITH_KNOTS((3,3),(1.570796326795,
3.14159265359),.PIECEWISE_BEZIER_KNOTS.) CURVE() 
GEOMETRIC_REPRESENTATION_ITEM() RATIONAL_B_SPLINE_CURVE((1.,
0.707106781187,1.)) REPRESENTATION_ITEM('') );
#2551 = CARTESIAN_POINT('',(1.04,0.25,1.E-07));
#2552 = CARTESIAN_POINT('',(0.91,0.25,1.E-07));
#2553 = CARTESIAN_POINT('',(0.91,0.38,1.E-07));
#2554 = ( BOUNDED_SURFACE() B_SPLINE_SURFACE(2,1,(
    (#2555,#2556)
    ,(#2557,#2558)
    ,(#2559,#2560
)),.UNSPECIFIED.,.F.,.F.,.F.) B_SPLINE_SURFACE_WITH_KNOTS((3,3),(2,2),(
    4.712388980385,6.28318530718),(7.7E-02,0.127),
.PIECEWISE_BEZIER_KNOTS.) GEOMETRIC_REPRESENTATION_ITEM() 
RATIONAL_B_SPLINE_SURFACE((
    (1.,1.)
    ,(0.707106781187,0.707106781187)
,(1.,1.))) REPRESENTATION_ITEM('') SURFACE() );
#2555 = CARTESIAN_POINT('',(1.04,0.25,5.00001E-02));
#2556 = CARTESIAN_POINT('',(1.04,0.25,1.E-07));
#2557 = CARTESIAN_POINT('',(0.91,0.25,5.00001E-02));
#2558 = CARTESIAN_POINT('',(0.91,0.25,1.E-07));
#2559 = CARTESIAN_POINT('',(0.91,0.38,5.00001E-02));
#2560 = CARTESIAN_POINT('',(0.91,0.38,1.E-07));
#2561 = ADVANCED_FACE('',(#2562),#2572,.T.);
#2562 = FACE_BOUND('',#2563,.T.);
#2563 = EDGE_LOOP('',(#2564,#2569,#2570,#2571));
#2564 = ORIENTED_EDGE('',*,*,#2565,.F.);
#2565 = EDGE_CURVE('',#2514,#2490,#2566,.T.);
#2566 = B_SPLINE_CURVE_WITH_KNOTS('',1,(#2567,#2568),.UNSPECIFIED.,.F.,
  .F.,(2,2),(-0.55,-0.25),.PIECEWISE_BEZIER_KNOTS.);
#2567 = CARTESIAN_POINT('',(1.51,0.55,1.E-07));
#2568 = CARTESIAN_POINT('',(1.51,0.25,1.E-07));
#2569 = ORIENTED_EDGE('',*,*,#2513,.F.);
#2570 = ORIENTED_EDGE('',*,*,#2460,.T.);
#2571 = ORIENTED_EDGE('',*,*,#2496,.T.);
#2572 = B_SPLINE_SURFACE_WITH_KNOTS('',1,1,(
    (#2573,#2574)
    ,(#2575,#2576
    )),.UNSPECIFIED.,.F.,.F.,.F.,(2,2),(2,2),(0.25,0.55),(-0.127,0.),
  .PIECEWISE_BEZIER_KNOTS.);
#2573 = CARTESIAN_POINT('',(1.51,0.25,1.E-07));
#2574 = CARTESIAN_POINT('',(1.51,0.25,0.1270001));
#2575 = CARTESIAN_POINT('',(1.51,0.55,1.E-07));
#2576 = CARTESIAN_POINT('',(1.51,0.55,0.1270001));
#2577 = ADVANCED_FACE('',(#2578),#2595,.T.);
#2578 = FACE_BOUND('',#2579,.T.);
#2579 = EDGE_LOOP('',(#2580,#2581,#2582,#2590));
#2580 = ORIENTED_EDGE('',*,*,#1727,.F.);
#2581 = ORIENTED_EDGE('',*,*,#2527,.T.);
#2582 = ORIENTED_EDGE('',*,*,#2583,.T.);
#2583 = EDGE_CURVE('',#2521,#2584,#2586,.T.);
#2584 = VERTEX_POINT('',#2585);
#2585 = CARTESIAN_POINT('',(0.91,0.42,1.E-07));
#2586 = ( BOUNDED_CURVE() B_SPLINE_CURVE(2,(#2587,#2588,#2589),
.UNSPECIFIED.,.F.,.F.) B_SPLINE_CURVE_WITH_KNOTS((3,3),(1.570796326795,
3.14159265359),.PIECEWISE_BEZIER_KNOTS.) CURVE() 
GEOMETRIC_REPRESENTATION_ITEM() RATIONAL_B_SPLINE_CURVE((1.,
0.707106781187,1.)) REPRESENTATION_ITEM('') );
#2587 = CARTESIAN_POINT('',(1.04,0.55,1.E-07));
#2588 = CARTESIAN_POINT('',(0.91,0.55,1.E-07));
#2589 = CARTESIAN_POINT('',(0.91,0.42,1.E-07));
#2590 = ORIENTED_EDGE('',*,*,#2591,.F.);
#2591 = EDGE_CURVE('',#1728,#2584,#2592,.T.);
#2592 = B_SPLINE_CURVE_WITH_KNOTS('',1,(#2593,#2594),.UNSPECIFIED.,.F.,
  .F.,(2,2),(7.7E-02,0.127),.PIECEWISE_BEZIER_KNOTS.);
#2593 = CARTESIAN_POINT('',(0.91,0.42,5.00001E-02));
#2594 = CARTESIAN_POINT('',(0.91,0.42,1.E-07));
#2595 = ( BOUNDED_SURFACE() B_SPLINE_SURFACE(2,1,(
    (#2596,#2597)
    ,(#2598,#2599)
    ,(#2600,#2601
)),.UNSPECIFIED.,.F.,.F.,.F.) B_SPLINE_SURFACE_WITH_KNOTS((3,3),(2,2),(
    0.,1.570796326795),(7.7E-02,0.127),.PIECEWISE_BEZIER_KNOTS.) 
GEOMETRIC_REPRESENTATION_ITEM() RATIONAL_B_SPLINE_SURFACE((
    (1.,1.)
    ,(0.707106781187,0.707106781187)
,(1.,1.))) REPRESENTATION_ITEM('') SURFACE() );
#2596 = CARTESIAN_POINT('',(0.91,0.42,5.00001E-02));
#2597 = CARTESIAN_POINT('',(0.91,0.42,1.E-07));
#2598 = CARTESIAN_POINT('',(0.91,0.55,5.00001E-02));
#2599 = CARTESIAN_POINT('',(0.91,0.55,1.E-07));
#2600 = CARTESIAN_POINT('',(1.04,0.55,5.00001E-02));
#2601 = CARTESIAN_POINT('',(1.04,0.55,1.E-07));
#2602 = ADVANCED_FACE('',(#2603),#2613,.F.);
#2603 = FACE_BOUND('',#2604,.T.);
#2604 = EDGE_LOOP('',(#2605,#2606,#2607,#2612));
#2605 = ORIENTED_EDGE('',*,*,#1735,.F.);
#2606 = ORIENTED_EDGE('',*,*,#2591,.T.);
#2607 = ORIENTED_EDGE('',*,*,#2608,.T.);
#2608 = EDGE_CURVE('',#2584,#2543,#2609,.T.);
#2609 = B_SPLINE_CURVE_WITH_KNOTS('',1,(#2610,#2611),.UNSPECIFIED.,.F.,
  .F.,(2,2),(-0.42,-0.38),.PIECEWISE_BEZIER_KNOTS.);
#2610 = CARTESIAN_POINT('',(0.91,0.42,1.E-07));
#2611 = CARTESIAN_POINT('',(0.91,0.38,1.E-07));
#2612 = ORIENTED_EDGE('',*,*,#2542,.F.);
#2613 = B_SPLINE_SURFACE_WITH_KNOTS('',1,1,(
    (#2614,#2615)
    ,(#2616,#2617
    )),.UNSPECIFIED.,.F.,.F.,.F.,(2,2),(2,2),(0.38,0.42),(-0.127,
    -7.7E-02),.PIECEWISE_BEZIER_KNOTS.);
#2614 = CARTESIAN_POINT('',(0.91,0.38,1.E-07));
#2615 = CARTESIAN_POINT('',(0.91,0.38,5.00001E-02));
#2616 = CARTESIAN_POINT('',(0.91,0.42,1.E-07));
#2617 = CARTESIAN_POINT('',(0.91,0.42,5.00001E-02));
#2618 = ADVANCED_FACE('',(#2619),#2627,.F.);
#2619 = FACE_BOUND('',#2620,.T.);
#2620 = EDGE_LOOP('',(#2621,#2622,#2623,#2624,#2625,#2626));
#2621 = ORIENTED_EDGE('',*,*,#2549,.T.);
#2622 = ORIENTED_EDGE('',*,*,#2608,.F.);
#2623 = ORIENTED_EDGE('',*,*,#2583,.F.);
#2624 = ORIENTED_EDGE('',*,*,#2520,.F.);
#2625 = ORIENTED_EDGE('',*,*,#2565,.T.);
#2626 = ORIENTED_EDGE('',*,*,#2489,.T.);
#2627 = B_SPLINE_SURFACE_WITH_KNOTS('',1,1,(
    (#2628,#2629)
    ,(#2630,#2631
    )),.UNSPECIFIED.,.F.,.F.,.F.,(2,2),(2,2),(0.91,1.51),(0.25,0.55),
  .PIECEWISE_BEZIER_KNOTS.);
#2628 = CARTESIAN_POINT('',(0.91,0.25,1.E-07));
#2629 = CARTESIAN_POINT('',(0.91,0.55,1.E-07));
#2630 = CARTESIAN_POINT('',(1.51,0.25,1.E-07));
#2631 = CARTESIAN_POINT('',(1.51,0.55,1.E-07));
#2632 = ADVANCED_FACE('',(#2633),#2655,.T.);
#2633 = FACE_BOUND('',#2634,.T.);
#2634 = EDGE_LOOP('',(#2635,#2636,#2643,#2650));
#2635 = ORIENTED_EDGE('',*,*,#2116,.F.);
#2636 = ORIENTED_EDGE('',*,*,#2637,.F.);
#2637 = EDGE_CURVE('',#2638,#2110,#2640,.T.);
#2638 = VERTEX_POINT('',#2639);
#2639 = CARTESIAN_POINT('',(1.51,-0.55,0.1270001));
#2640 = B_SPLINE_CURVE_WITH_KNOTS('',1,(#2641,#2642),.UNSPECIFIED.,.F.,
  .F.,(2,2),(-1.51,-1.5),.PIECEWISE_BEZIER_KNOTS.);
#2641 = CARTESIAN_POINT('',(1.51,-0.55,0.1270001));
#2642 = CARTESIAN_POINT('',(1.5,-0.55,0.1270001));
#2643 = ORIENTED_EDGE('',*,*,#2644,.F.);
#2644 = EDGE_CURVE('',#2645,#2638,#2647,.T.);
#2645 = VERTEX_POINT('',#2646);
#2646 = CARTESIAN_POINT('',(1.51,-0.25,0.1270001));
#2647 = B_SPLINE_CURVE_WITH_KNOTS('',1,(#2648,#2649),.UNSPECIFIED.,.F.,
  .F.,(2,2),(0.25,0.55),.PIECEWISE_BEZIER_KNOTS.);
#2648 = CARTESIAN_POINT('',(1.51,-0.25,0.1270001));
#2649 = CARTESIAN_POINT('',(1.51,-0.55,0.1270001));
#2650 = ORIENTED_EDGE('',*,*,#2651,.T.);
#2651 = EDGE_CURVE('',#2645,#2117,#2652,.T.);
#2652 = B_SPLINE_CURVE_WITH_KNOTS('',1,(#2653,#2654),.UNSPECIFIED.,.F.,
  .F.,(2,2),(-1.51,-1.5),.PIECEWISE_BEZIER_KNOTS.);
#2653 = CARTESIAN_POINT('',(1.51,-0.25,0.1270001));
#2654 = CARTESIAN_POINT('',(1.5,-0.25,0.1270001));
#2655 = B_SPLINE_SURFACE_WITH_KNOTS('',1,1,(
    (#2656,#2657)
    ,(#2658,#2659
    )),.UNSPECIFIED.,.F.,.F.,.F.,(2,2),(2,2),(1.5,1.51),(-0.55,-0.25),
  .PIECEWISE_BEZIER_KNOTS.);
#2656 = CARTESIAN_POINT('',(1.5,-0.55,0.1270001));
#2657 = CARTESIAN_POINT('',(1.5,-0.25,0.1270001));
#2658 = CARTESIAN_POINT('',(1.51,-0.55,0.1270001));
#2659 = CARTESIAN_POINT('',(1.51,-0.25,0.1270001));
#2660 = ADVANCED_FACE('',(#2661),#2685,.T.);
#2661 = FACE_BOUND('',#2662,.T.);
#2662 = EDGE_LOOP('',(#2663,#2664,#2665,#2672,#2679,#2684));
#2663 = ORIENTED_EDGE('',*,*,#2109,.F.);
#2664 = ORIENTED_EDGE('',*,*,#1794,.T.);
#2665 = ORIENTED_EDGE('',*,*,#2666,.T.);
#2666 = EDGE_CURVE('',#1787,#2667,#2669,.T.);
#2667 = VERTEX_POINT('',#2668);
#2668 = CARTESIAN_POINT('',(1.04,-0.55,1.E-07));
#2669 = B_SPLINE_CURVE_WITH_KNOTS('',1,(#2670,#2671),.UNSPECIFIED.,.F.,
  .F.,(2,2),(7.7E-02,0.127),.PIECEWISE_BEZIER_KNOTS.);
#2670 = CARTESIAN_POINT('',(1.04,-0.55,5.00001E-02));
#2671 = CARTESIAN_POINT('',(1.04,-0.55,1.E-07));
#2672 = ORIENTED_EDGE('',*,*,#2673,.F.);
#2673 = EDGE_CURVE('',#2674,#2667,#2676,.T.);
#2674 = VERTEX_POINT('',#2675);
#2675 = CARTESIAN_POINT('',(1.51,-0.55,1.E-07));
#2676 = B_SPLINE_CURVE_WITH_KNOTS('',1,(#2677,#2678),.UNSPECIFIED.,.F.,
  .F.,(2,2),(-1.51,-1.04),.PIECEWISE_BEZIER_KNOTS.);
#2677 = CARTESIAN_POINT('',(1.51,-0.55,1.E-07));
#2678 = CARTESIAN_POINT('',(1.04,-0.55,1.E-07));
#2679 = ORIENTED_EDGE('',*,*,#2680,.F.);
#2680 = EDGE_CURVE('',#2638,#2674,#2681,.T.);
#2681 = B_SPLINE_CURVE_WITH_KNOTS('',1,(#2682,#2683),.UNSPECIFIED.,.F.,
  .F.,(2,2),(-0.,0.127),.PIECEWISE_BEZIER_KNOTS.);
#2682 = CARTESIAN_POINT('',(1.51,-0.55,0.1270001));
#2683 = CARTESIAN_POINT('',(1.51,-0.55,1.E-07));
#2684 = ORIENTED_EDGE('',*,*,#2637,.T.);
#2685 = B_SPLINE_SURFACE_WITH_KNOTS('',1,1,(
    (#2686,#2687)
    ,(#2688,#2689
    )),.UNSPECIFIED.,.F.,.F.,.F.,(2,2),(2,2),(1.04,1.51),(-0.127,0.),
  .PIECEWISE_BEZIER_KNOTS.);
#2686 = CARTESIAN_POINT('',(1.04,-0.55,1.E-07));
#2687 = CARTESIAN_POINT('',(1.04,-0.55,0.1270001));
#2688 = CARTESIAN_POINT('',(1.51,-0.55,1.E-07));
#2689 = CARTESIAN_POINT('',(1.51,-0.55,0.1270001));
#2690 = ADVANCED_FACE('',(#2691),#2715,.F.);
#2691 = FACE_BOUND('',#2692,.T.);
#2692 = EDGE_LOOP('',(#2693,#2694,#2695,#2696,#2703,#2710));
#2693 = ORIENTED_EDGE('',*,*,#1764,.F.);
#2694 = ORIENTED_EDGE('',*,*,#2123,.T.);
#2695 = ORIENTED_EDGE('',*,*,#2651,.F.);
#2696 = ORIENTED_EDGE('',*,*,#2697,.T.);
#2697 = EDGE_CURVE('',#2645,#2698,#2700,.T.);
#2698 = VERTEX_POINT('',#2699);
#2699 = CARTESIAN_POINT('',(1.51,-0.25,1.E-07));
#2700 = B_SPLINE_CURVE_WITH_KNOTS('',1,(#2701,#2702),.UNSPECIFIED.,.F.,
  .F.,(2,2),(-0.,0.127),.PIECEWISE_BEZIER_KNOTS.);
#2701 = CARTESIAN_POINT('',(1.51,-0.25,0.1270001));
#2702 = CARTESIAN_POINT('',(1.51,-0.25,1.E-07));
#2703 = ORIENTED_EDGE('',*,*,#2704,.T.);
#2704 = EDGE_CURVE('',#2698,#2705,#2707,.T.);
#2705 = VERTEX_POINT('',#2706);
#2706 = CARTESIAN_POINT('',(1.04,-0.25,1.E-07));
#2707 = B_SPLINE_CURVE_WITH_KNOTS('',1,(#2708,#2709),.UNSPECIFIED.,.F.,
  .F.,(2,2),(-1.51,-1.04),.PIECEWISE_BEZIER_KNOTS.);
#2708 = CARTESIAN_POINT('',(1.51,-0.25,1.E-07));
#2709 = CARTESIAN_POINT('',(1.04,-0.25,1.E-07));
#2710 = ORIENTED_EDGE('',*,*,#2711,.F.);
#2711 = EDGE_CURVE('',#1765,#2705,#2712,.T.);
#2712 = B_SPLINE_CURVE_WITH_KNOTS('',1,(#2713,#2714),.UNSPECIFIED.,.F.,
  .F.,(2,2),(7.7E-02,0.127),.PIECEWISE_BEZIER_KNOTS.);
#2713 = CARTESIAN_POINT('',(1.04,-0.25,5.00001E-02));
#2714 = CARTESIAN_POINT('',(1.04,-0.25,1.E-07));
#2715 = B_SPLINE_SURFACE_WITH_KNOTS('',1,1,(
    (#2716,#2717)
    ,(#2718,#2719
    )),.UNSPECIFIED.,.F.,.F.,.F.,(2,2),(2,2),(1.04,1.51),(-0.127,0.),
  .PIECEWISE_BEZIER_KNOTS.);
#2716 = CARTESIAN_POINT('',(1.04,-0.25,1.E-07));
#2717 = CARTESIAN_POINT('',(1.04,-0.25,0.1270001));
#2718 = CARTESIAN_POINT('',(1.51,-0.25,1.E-07));
#2719 = CARTESIAN_POINT('',(1.51,-0.25,0.1270001));
#2720 = ADVANCED_FACE('',(#2721),#2738,.T.);
#2721 = FACE_BOUND('',#2722,.T.);
#2722 = EDGE_LOOP('',(#2723,#2724,#2725,#2732));
#2723 = ORIENTED_EDGE('',*,*,#2666,.F.);
#2724 = ORIENTED_EDGE('',*,*,#1786,.T.);
#2725 = ORIENTED_EDGE('',*,*,#2726,.T.);
#2726 = EDGE_CURVE('',#1780,#2727,#2729,.T.);
#2727 = VERTEX_POINT('',#2728);
#2728 = CARTESIAN_POINT('',(0.91,-0.42,1.E-07));
#2729 = B_SPLINE_CURVE_WITH_KNOTS('',1,(#2730,#2731),.UNSPECIFIED.,.F.,
  .F.,(2,2),(7.7E-02,0.127),.PIECEWISE_BEZIER_KNOTS.);
#2730 = CARTESIAN_POINT('',(0.91,-0.42,5.00001E-02));
#2731 = CARTESIAN_POINT('',(0.91,-0.42,1.E-07));
#2732 = ORIENTED_EDGE('',*,*,#2733,.F.);
#2733 = EDGE_CURVE('',#2667,#2727,#2734,.T.);
#2734 = ( BOUNDED_CURVE() B_SPLINE_CURVE(2,(#2735,#2736,#2737),
.UNSPECIFIED.,.F.,.F.) B_SPLINE_CURVE_WITH_KNOTS((3,3),(1.570796326795,
3.14159265359),.PIECEWISE_BEZIER_KNOTS.) CURVE() 
GEOMETRIC_REPRESENTATION_ITEM() RATIONAL_B_SPLINE_CURVE((1.,
0.707106781187,1.)) REPRESENTATION_ITEM('') );
#2735 = CARTESIAN_POINT('',(1.04,-0.55,1.E-07));
#2736 = CARTESIAN_POINT('',(0.91,-0.55,1.E-07));
#2737 = CARTESIAN_POINT('',(0.91,-0.42,1.E-07));
#2738 = ( BOUNDED_SURFACE() B_SPLINE_SURFACE(2,1,(
    (#2739,#2740)
    ,(#2741,#2742)
    ,(#2743,#2744
)),.UNSPECIFIED.,.F.,.F.,.F.) B_SPLINE_SURFACE_WITH_KNOTS((3,3),(2,2),(
    4.712388980385,6.28318530718),(7.7E-02,0.127),
.PIECEWISE_BEZIER_KNOTS.) GEOMETRIC_REPRESENTATION_ITEM() 
RATIONAL_B_SPLINE_SURFACE((
    (1.,1.)
    ,(0.707106781187,0.707106781187)
,(1.,1.))) REPRESENTATION_ITEM('') SURFACE() );
#2739 = CARTESIAN_POINT('',(1.04,-0.55,5.00001E-02));
#2740 = CARTESIAN_POINT('',(1.04,-0.55,1.E-07));
#2741 = CARTESIAN_POINT('',(0.91,-0.55,5.00001E-02));
#2742 = CARTESIAN_POINT('',(0.91,-0.55,1.E-07));
#2743 = CARTESIAN_POINT('',(0.91,-0.42,5.00001E-02));
#2744 = CARTESIAN_POINT('',(0.91,-0.42,1.E-07));
#2745 = ADVANCED_FACE('',(#2746),#2756,.T.);
#2746 = FACE_BOUND('',#2747,.T.);
#2747 = EDGE_LOOP('',(#2748,#2753,#2754,#2755));
#2748 = ORIENTED_EDGE('',*,*,#2749,.F.);
#2749 = EDGE_CURVE('',#2698,#2674,#2750,.T.);
#2750 = B_SPLINE_CURVE_WITH_KNOTS('',1,(#2751,#2752),.UNSPECIFIED.,.F.,
  .F.,(2,2),(0.25,0.55),.PIECEWISE_BEZIER_KNOTS.);
#2751 = CARTESIAN_POINT('',(1.51,-0.25,1.E-07));
#2752 = CARTESIAN_POINT('',(1.51,-0.55,1.E-07));
#2753 = ORIENTED_EDGE('',*,*,#2697,.F.);
#2754 = ORIENTED_EDGE('',*,*,#2644,.T.);
#2755 = ORIENTED_EDGE('',*,*,#2680,.T.);
#2756 = B_SPLINE_SURFACE_WITH_KNOTS('',1,1,(
    (#2757,#2758)
    ,(#2759,#2760
  )),.UNSPECIFIED.,.F.,.F.,.F.,(2,2),(2,2),(-0.55,-0.25),(-0.127,0.),
  .PIECEWISE_BEZIER_KNOTS.);
#2757 = CARTESIAN_POINT('',(1.51,-0.55,1.E-07));
#2758 = CARTESIAN_POINT('',(1.51,-0.55,0.1270001));
#2759 = CARTESIAN_POINT('',(1.51,-0.25,1.E-07));
#2760 = CARTESIAN_POINT('',(1.51,-0.25,0.1270001));
#2761 = ADVANCED_FACE('',(#2762),#2779,.T.);
#2762 = FACE_BOUND('',#2763,.T.);
#2763 = EDGE_LOOP('',(#2764,#2765,#2766,#2774));
#2764 = ORIENTED_EDGE('',*,*,#1771,.F.);
#2765 = ORIENTED_EDGE('',*,*,#2711,.T.);
#2766 = ORIENTED_EDGE('',*,*,#2767,.T.);
#2767 = EDGE_CURVE('',#2705,#2768,#2770,.T.);
#2768 = VERTEX_POINT('',#2769);
#2769 = CARTESIAN_POINT('',(0.91,-0.38,1.E-07));
#2770 = ( BOUNDED_CURVE() B_SPLINE_CURVE(2,(#2771,#2772,#2773),
.UNSPECIFIED.,.F.,.F.) B_SPLINE_CURVE_WITH_KNOTS((3,3),(1.570796326795,
3.14159265359),.PIECEWISE_BEZIER_KNOTS.) CURVE() 
GEOMETRIC_REPRESENTATION_ITEM() RATIONAL_B_SPLINE_CURVE((1.,
0.707106781187,1.)) REPRESENTATION_ITEM('') );
#2771 = CARTESIAN_POINT('',(1.04,-0.25,1.E-07));
#2772 = CARTESIAN_POINT('',(0.91,-0.25,1.E-07));
#2773 = CARTESIAN_POINT('',(0.91,-0.38,1.E-07));
#2774 = ORIENTED_EDGE('',*,*,#2775,.F.);
#2775 = EDGE_CURVE('',#1772,#2768,#2776,.T.);
#2776 = B_SPLINE_CURVE_WITH_KNOTS('',1,(#2777,#2778),.UNSPECIFIED.,.F.,
  .F.,(2,2),(7.7E-02,0.127),.PIECEWISE_BEZIER_KNOTS.);
#2777 = CARTESIAN_POINT('',(0.91,-0.38,5.00001E-02));
#2778 = CARTESIAN_POINT('',(0.91,-0.38,1.E-07));
#2779 = ( BOUNDED_SURFACE() B_SPLINE_SURFACE(2,1,(
    (#2780,#2781)
    ,(#2782,#2783)
    ,(#2784,#2785
)),.UNSPECIFIED.,.F.,.F.,.F.) B_SPLINE_SURFACE_WITH_KNOTS((3,3),(2,2),(
    0.,1.570796326795),(7.7E-02,0.127),.PIECEWISE_BEZIER_KNOTS.) 
GEOMETRIC_REPRESENTATION_ITEM() RATIONAL_B_SPLINE_SURFACE((
    (1.,1.)
    ,(0.707106781187,0.707106781187)
,(1.,1.))) REPRESENTATION_ITEM('') SURFACE() );
#2780 = CARTESIAN_POINT('',(0.91,-0.38,5.00001E-02));
#2781 = CARTESIAN_POINT('',(0.91,-0.38,1.E-07));
#2782 = CARTESIAN_POINT('',(0.91,-0.25,5.00001E-02));
#2783 = CARTESIAN_POINT('',(0.91,-0.25,1.E-07));
#2784 = CARTESIAN_POINT('',(1.04,-0.25,5.00001E-02));
#2785 = CARTESIAN_POINT('',(1.04,-0.25,1.E-07));
#2786 = ADVANCED_FACE('',(#2787),#2797,.F.);
#2787 = FACE_BOUND('',#2788,.T.);
#2788 = EDGE_LOOP('',(#2789,#2790,#2791,#2796));
#2789 = ORIENTED_EDGE('',*,*,#1779,.F.);
#2790 = ORIENTED_EDGE('',*,*,#2775,.T.);
#2791 = ORIENTED_EDGE('',*,*,#2792,.T.);
#2792 = EDGE_CURVE('',#2768,#2727,#2793,.T.);
#2793 = B_SPLINE_CURVE_WITH_KNOTS('',1,(#2794,#2795),.UNSPECIFIED.,.F.,
  .F.,(2,2),(0.38,0.42),.PIECEWISE_BEZIER_KNOTS.);
#2794 = CARTESIAN_POINT('',(0.91,-0.38,1.E-07));
#2795 = CARTESIAN_POINT('',(0.91,-0.42,1.E-07));
#2796 = ORIENTED_EDGE('',*,*,#2726,.F.);
#2797 = B_SPLINE_SURFACE_WITH_KNOTS('',1,1,(
    (#2798,#2799)
    ,(#2800,#2801
  )),.UNSPECIFIED.,.F.,.F.,.F.,(2,2),(2,2),(-0.42,-0.38),(-0.127,
    -7.7E-02),.PIECEWISE_BEZIER_KNOTS.);
#2798 = CARTESIAN_POINT('',(0.91,-0.42,1.E-07));
#2799 = CARTESIAN_POINT('',(0.91,-0.42,5.00001E-02));
#2800 = CARTESIAN_POINT('',(0.91,-0.38,1.E-07));
#2801 = CARTESIAN_POINT('',(0.91,-0.38,5.00001E-02));
#2802 = ADVANCED_FACE('',(#2803),#2811,.F.);
#2803 = FACE_BOUND('',#2804,.T.);
#2804 = EDGE_LOOP('',(#2805,#2806,#2807,#2808,#2809,#2810));
#2805 = ORIENTED_EDGE('',*,*,#2733,.T.);
#2806 = ORIENTED_EDGE('',*,*,#2792,.F.);
#2807 = ORIENTED_EDGE('',*,*,#2767,.F.);
#2808 = ORIENTED_EDGE('',*,*,#2704,.F.);
#2809 = ORIENTED_EDGE('',*,*,#2749,.T.);
#2810 = ORIENTED_EDGE('',*,*,#2673,.T.);
#2811 = B_SPLINE_SURFACE_WITH_KNOTS('',1,1,(
    (#2812,#2813)
    ,(#2814,#2815
    )),.UNSPECIFIED.,.F.,.F.,.F.,(2,2),(2,2),(0.91,1.51),(-0.55,-0.25),
  .PIECEWISE_BEZIER_KNOTS.);
#2812 = CARTESIAN_POINT('',(0.91,-0.55,1.E-07));
#2813 = CARTESIAN_POINT('',(0.91,-0.25,1.E-07));
#2814 = CARTESIAN_POINT('',(1.51,-0.55,1.E-07));
#2815 = CARTESIAN_POINT('',(1.51,-0.25,1.E-07));
#2816 = ADVANCED_FACE('',(#2817),#2839,.T.);
#2817 = FACE_BOUND('',#2818,.T.);
#2818 = EDGE_LOOP('',(#2819,#2820,#2827,#2834));
#2819 = ORIENTED_EDGE('',*,*,#2096,.F.);
#2820 = ORIENTED_EDGE('',*,*,#2821,.F.);
#2821 = EDGE_CURVE('',#2822,#2090,#2824,.T.);
#2822 = VERTEX_POINT('',#2823);
#2823 = CARTESIAN_POINT('',(1.51,-1.35,0.1270001));
#2824 = B_SPLINE_CURVE_WITH_KNOTS('',1,(#2825,#2826),.UNSPECIFIED.,.F.,
  .F.,(2,2),(-1.51,-1.5),.PIECEWISE_BEZIER_KNOTS.);
#2825 = CARTESIAN_POINT('',(1.51,-1.35,0.1270001));
#2826 = CARTESIAN_POINT('',(1.5,-1.35,0.1270001));
#2827 = ORIENTED_EDGE('',*,*,#2828,.F.);
#2828 = EDGE_CURVE('',#2829,#2822,#2831,.T.);
#2829 = VERTEX_POINT('',#2830);
#2830 = CARTESIAN_POINT('',(1.51,-1.05,0.1270001));
#2831 = B_SPLINE_CURVE_WITH_KNOTS('',1,(#2832,#2833),.UNSPECIFIED.,.F.,
  .F.,(2,2),(1.05,1.35),.PIECEWISE_BEZIER_KNOTS.);
#2832 = CARTESIAN_POINT('',(1.51,-1.05,0.1270001));
#2833 = CARTESIAN_POINT('',(1.51,-1.35,0.1270001));
#2834 = ORIENTED_EDGE('',*,*,#2835,.T.);
#2835 = EDGE_CURVE('',#2829,#2097,#2836,.T.);
#2836 = B_SPLINE_CURVE_WITH_KNOTS('',1,(#2837,#2838),.UNSPECIFIED.,.F.,
  .F.,(2,2),(-1.51,-1.5),.PIECEWISE_BEZIER_KNOTS.);
#2837 = CARTESIAN_POINT('',(1.51,-1.05,0.1270001));
#2838 = CARTESIAN_POINT('',(1.5,-1.05,0.1270001));
#2839 = B_SPLINE_SURFACE_WITH_KNOTS('',1,1,(
    (#2840,#2841)
    ,(#2842,#2843
    )),.UNSPECIFIED.,.F.,.F.,.F.,(2,2),(2,2),(1.5,1.51),(-1.35,-1.05),
  .PIECEWISE_BEZIER_KNOTS.);
#2840 = CARTESIAN_POINT('',(1.5,-1.35,0.1270001));
#2841 = CARTESIAN_POINT('',(1.5,-1.05,0.1270001));
#2842 = CARTESIAN_POINT('',(1.51,-1.35,0.1270001));
#2843 = CARTESIAN_POINT('',(1.51,-1.05,0.1270001));
#2844 = ADVANCED_FACE('',(#2845),#2869,.T.);
#2845 = FACE_BOUND('',#2846,.T.);
#2846 = EDGE_LOOP('',(#2847,#2848,#2849,#2856,#2863,#2868));
#2847 = ORIENTED_EDGE('',*,*,#2089,.F.);
#2848 = ORIENTED_EDGE('',*,*,#1838,.T.);
#2849 = ORIENTED_EDGE('',*,*,#2850,.T.);
#2850 = EDGE_CURVE('',#1831,#2851,#2853,.T.);
#2851 = VERTEX_POINT('',#2852);
#2852 = CARTESIAN_POINT('',(1.04,-1.35,1.E-07));
#2853 = B_SPLINE_CURVE_WITH_KNOTS('',1,(#2854,#2855),.UNSPECIFIED.,.F.,
  .F.,(2,2),(7.7E-02,0.127),.PIECEWISE_BEZIER_KNOTS.);
#2854 = CARTESIAN_POINT('',(1.04,-1.35,5.00001E-02));
#2855 = CARTESIAN_POINT('',(1.04,-1.35,1.E-07));
#2856 = ORIENTED_EDGE('',*,*,#2857,.F.);
#2857 = EDGE_CURVE('',#2858,#2851,#2860,.T.);
#2858 = VERTEX_POINT('',#2859);
#2859 = CARTESIAN_POINT('',(1.51,-1.35,1.E-07));
#2860 = B_SPLINE_CURVE_WITH_KNOTS('',1,(#2861,#2862),.UNSPECIFIED.,.F.,
  .F.,(2,2),(-1.51,-1.04),.PIECEWISE_BEZIER_KNOTS.);
#2861 = CARTESIAN_POINT('',(1.51,-1.35,1.E-07));
#2862 = CARTESIAN_POINT('',(1.04,-1.35,1.E-07));
#2863 = ORIENTED_EDGE('',*,*,#2864,.F.);
#2864 = EDGE_CURVE('',#2822,#2858,#2865,.T.);
#2865 = B_SPLINE_CURVE_WITH_KNOTS('',1,(#2866,#2867),.UNSPECIFIED.,.F.,
  .F.,(2,2),(-0.,0.127),.PIECEWISE_BEZIER_KNOTS.);
#2866 = CARTESIAN_POINT('',(1.51,-1.35,0.1270001));
#2867 = CARTESIAN_POINT('',(1.51,-1.35,1.E-07));
#2868 = ORIENTED_EDGE('',*,*,#2821,.T.);
#2869 = B_SPLINE_SURFACE_WITH_KNOTS('',1,1,(
    (#2870,#2871)
    ,(#2872,#2873
    )),.UNSPECIFIED.,.F.,.F.,.F.,(2,2),(2,2),(1.04,1.51),(-0.127,0.),
  .PIECEWISE_BEZIER_KNOTS.);
#2870 = CARTESIAN_POINT('',(1.04,-1.35,1.E-07));
#2871 = CARTESIAN_POINT('',(1.04,-1.35,0.1270001));
#2872 = CARTESIAN_POINT('',(1.51,-1.35,1.E-07));
#2873 = CARTESIAN_POINT('',(1.51,-1.35,0.1270001));
#2874 = ADVANCED_FACE('',(#2875),#2899,.F.);
#2875 = FACE_BOUND('',#2876,.T.);
#2876 = EDGE_LOOP('',(#2877,#2878,#2879,#2880,#2887,#2894));
#2877 = ORIENTED_EDGE('',*,*,#1808,.F.);
#2878 = ORIENTED_EDGE('',*,*,#2103,.T.);
#2879 = ORIENTED_EDGE('',*,*,#2835,.F.);
#2880 = ORIENTED_EDGE('',*,*,#2881,.T.);
#2881 = EDGE_CURVE('',#2829,#2882,#2884,.T.);
#2882 = VERTEX_POINT('',#2883);
#2883 = CARTESIAN_POINT('',(1.51,-1.05,1.E-07));
#2884 = B_SPLINE_CURVE_WITH_KNOTS('',1,(#2885,#2886),.UNSPECIFIED.,.F.,
  .F.,(2,2),(-0.,0.127),.PIECEWISE_BEZIER_KNOTS.);
#2885 = CARTESIAN_POINT('',(1.51,-1.05,0.1270001));
#2886 = CARTESIAN_POINT('',(1.51,-1.05,1.E-07));
#2887 = ORIENTED_EDGE('',*,*,#2888,.T.);
#2888 = EDGE_CURVE('',#2882,#2889,#2891,.T.);
#2889 = VERTEX_POINT('',#2890);
#2890 = CARTESIAN_POINT('',(1.04,-1.05,1.E-07));
#2891 = B_SPLINE_CURVE_WITH_KNOTS('',1,(#2892,#2893),.UNSPECIFIED.,.F.,
  .F.,(2,2),(-1.51,-1.04),.PIECEWISE_BEZIER_KNOTS.);
#2892 = CARTESIAN_POINT('',(1.51,-1.05,1.E-07));
#2893 = CARTESIAN_POINT('',(1.04,-1.05,1.E-07));
#2894 = ORIENTED_EDGE('',*,*,#2895,.F.);
#2895 = EDGE_CURVE('',#1809,#2889,#2896,.T.);
#2896 = B_SPLINE_CURVE_WITH_KNOTS('',1,(#2897,#2898),.UNSPECIFIED.,.F.,
  .F.,(2,2),(7.7E-02,0.127),.PIECEWISE_BEZIER_KNOTS.);
#2897 = CARTESIAN_POINT('',(1.04,-1.05,5.00001E-02));
#2898 = CARTESIAN_POINT('',(1.04,-1.05,1.E-07));
#2899 = B_SPLINE_SURFACE_WITH_KNOTS('',1,1,(
    (#2900,#2901)
    ,(#2902,#2903
    )),.UNSPECIFIED.,.F.,.F.,.F.,(2,2),(2,2),(1.04,1.51),(-0.127,0.),
  .PIECEWISE_BEZIER_KNOTS.);
#2900 = CARTESIAN_POINT('',(1.04,-1.05,1.E-07));
#2901 = CARTESIAN_POINT('',(1.04,-1.05,0.1270001));
#2902 = CARTESIAN_POINT('',(1.51,-1.05,1.E-07));
#2903 = CARTESIAN_POINT('',(1.51,-1.05,0.1270001));
#2904 = ADVANCED_FACE('',(#2905),#2922,.T.);
#2905 = FACE_BOUND('',#2906,.T.);
#2906 = EDGE_LOOP('',(#2907,#2908,#2909,#2916));
#2907 = ORIENTED_EDGE('',*,*,#2850,.F.);
#2908 = ORIENTED_EDGE('',*,*,#1830,.T.);
#2909 = ORIENTED_EDGE('',*,*,#2910,.T.);
#2910 = EDGE_CURVE('',#1824,#2911,#2913,.T.);
#2911 = VERTEX_POINT('',#2912);
#2912 = CARTESIAN_POINT('',(0.91,-1.22,1.E-07));
#2913 = B_SPLINE_CURVE_WITH_KNOTS('',1,(#2914,#2915),.UNSPECIFIED.,.F.,
  .F.,(2,2),(7.7E-02,0.127),.PIECEWISE_BEZIER_KNOTS.);
#2914 = CARTESIAN_POINT('',(0.91,-1.22,5.00001E-02));
#2915 = CARTESIAN_POINT('',(0.91,-1.22,1.E-07));
#2916 = ORIENTED_EDGE('',*,*,#2917,.F.);
#2917 = EDGE_CURVE('',#2851,#2911,#2918,.T.);
#2918 = ( BOUNDED_CURVE() B_SPLINE_CURVE(2,(#2919,#2920,#2921),
.UNSPECIFIED.,.F.,.F.) B_SPLINE_CURVE_WITH_KNOTS((3,3),(1.570796326795,
3.14159265359),.PIECEWISE_BEZIER_KNOTS.) CURVE() 
GEOMETRIC_REPRESENTATION_ITEM() RATIONAL_B_SPLINE_CURVE((1.,
0.707106781187,1.)) REPRESENTATION_ITEM('') );
#2919 = CARTESIAN_POINT('',(1.04,-1.35,1.E-07));
#2920 = CARTESIAN_POINT('',(0.91,-1.35,1.E-07));
#2921 = CARTESIAN_POINT('',(0.91,-1.22,1.E-07));
#2922 = ( BOUNDED_SURFACE() B_SPLINE_SURFACE(2,1,(
    (#2923,#2924)
    ,(#2925,#2926)
    ,(#2927,#2928
)),.UNSPECIFIED.,.F.,.F.,.F.) B_SPLINE_SURFACE_WITH_KNOTS((3,3),(2,2),(
    4.712388980385,6.28318530718),(7.7E-02,0.127),
.PIECEWISE_BEZIER_KNOTS.) GEOMETRIC_REPRESENTATION_ITEM() 
RATIONAL_B_SPLINE_SURFACE((
    (1.,1.)
    ,(0.707106781187,0.707106781187)
,(1.,1.))) REPRESENTATION_ITEM('') SURFACE() );
#2923 = CARTESIAN_POINT('',(1.04,-1.35,5.00001E-02));
#2924 = CARTESIAN_POINT('',(1.04,-1.35,1.E-07));
#2925 = CARTESIAN_POINT('',(0.91,-1.35,5.00001E-02));
#2926 = CARTESIAN_POINT('',(0.91,-1.35,1.E-07));
#2927 = CARTESIAN_POINT('',(0.91,-1.22,5.00001E-02));
#2928 = CARTESIAN_POINT('',(0.91,-1.22,1.E-07));
#2929 = ADVANCED_FACE('',(#2930),#2940,.T.);
#2930 = FACE_BOUND('',#2931,.T.);
#2931 = EDGE_LOOP('',(#2932,#2937,#2938,#2939));
#2932 = ORIENTED_EDGE('',*,*,#2933,.F.);
#2933 = EDGE_CURVE('',#2882,#2858,#2934,.T.);
#2934 = B_SPLINE_CURVE_WITH_KNOTS('',1,(#2935,#2936),.UNSPECIFIED.,.F.,
  .F.,(2,2),(1.05,1.35),.PIECEWISE_BEZIER_KNOTS.);
#2935 = CARTESIAN_POINT('',(1.51,-1.05,1.E-07));
#2936 = CARTESIAN_POINT('',(1.51,-1.35,1.E-07));
#2937 = ORIENTED_EDGE('',*,*,#2881,.F.);
#2938 = ORIENTED_EDGE('',*,*,#2828,.T.);
#2939 = ORIENTED_EDGE('',*,*,#2864,.T.);
#2940 = B_SPLINE_SURFACE_WITH_KNOTS('',1,1,(
    (#2941,#2942)
    ,(#2943,#2944
  )),.UNSPECIFIED.,.F.,.F.,.F.,(2,2),(2,2),(-1.35,-1.05),(-0.127,0.),
  .PIECEWISE_BEZIER_KNOTS.);
#2941 = CARTESIAN_POINT('',(1.51,-1.35,1.E-07));
#2942 = CARTESIAN_POINT('',(1.51,-1.35,0.1270001));
#2943 = CARTESIAN_POINT('',(1.51,-1.05,1.E-07));
#2944 = CARTESIAN_POINT('',(1.51,-1.05,0.1270001));
#2945 = ADVANCED_FACE('',(#2946),#2963,.T.);
#2946 = FACE_BOUND('',#2947,.T.);
#2947 = EDGE_LOOP('',(#2948,#2949,#2950,#2958));
#2948 = ORIENTED_EDGE('',*,*,#1815,.F.);
#2949 = ORIENTED_EDGE('',*,*,#2895,.T.);
#2950 = ORIENTED_EDGE('',*,*,#2951,.T.);
#2951 = EDGE_CURVE('',#2889,#2952,#2954,.T.);
#2952 = VERTEX_POINT('',#2953);
#2953 = CARTESIAN_POINT('',(0.91,-1.18,1.E-07));
#2954 = ( BOUNDED_CURVE() B_SPLINE_CURVE(2,(#2955,#2956,#2957),
.UNSPECIFIED.,.F.,.F.) B_SPLINE_CURVE_WITH_KNOTS((3,3),(1.570796326795,
3.14159265359),.PIECEWISE_BEZIER_KNOTS.) CURVE() 
GEOMETRIC_REPRESENTATION_ITEM() RATIONAL_B_SPLINE_CURVE((1.,
0.707106781187,1.)) REPRESENTATION_ITEM('') );
#2955 = CARTESIAN_POINT('',(1.04,-1.05,1.E-07));
#2956 = CARTESIAN_POINT('',(0.91,-1.05,1.E-07));
#2957 = CARTESIAN_POINT('',(0.91,-1.18,1.E-07));
#2958 = ORIENTED_EDGE('',*,*,#2959,.F.);
#2959 = EDGE_CURVE('',#1816,#2952,#2960,.T.);
#2960 = B_SPLINE_CURVE_WITH_KNOTS('',1,(#2961,#2962),.UNSPECIFIED.,.F.,
  .F.,(2,2),(7.7E-02,0.127),.PIECEWISE_BEZIER_KNOTS.);
#2961 = CARTESIAN_POINT('',(0.91,-1.18,5.00001E-02));
#2962 = CARTESIAN_POINT('',(0.91,-1.18,1.E-07));
#2963 = ( BOUNDED_SURFACE() B_SPLINE_SURFACE(2,1,(
    (#2964,#2965)
    ,(#2966,#2967)
    ,(#2968,#2969
)),.UNSPECIFIED.,.F.,.F.,.F.) B_SPLINE_SURFACE_WITH_KNOTS((3,3),(2,2),(
    0.,1.570796326795),(7.7E-02,0.127),.PIECEWISE_BEZIER_KNOTS.) 
GEOMETRIC_REPRESENTATION_ITEM() RATIONAL_B_SPLINE_SURFACE((
    (1.,1.)
    ,(0.707106781187,0.707106781187)
,(1.,1.))) REPRESENTATION_ITEM('') SURFACE() );
#2964 = CARTESIAN_POINT('',(0.91,-1.18,5.00001E-02));
#2965 = CARTESIAN_POINT('',(0.91,-1.18,1.E-07));
#2966 = CARTESIAN_POINT('',(0.91,-1.05,5.00001E-02));
#2967 = CARTESIAN_POINT('',(0.91,-1.05,1.E-07));
#2968 = CARTESIAN_POINT('',(1.04,-1.05,5.00001E-02));
#2969 = CARTESIAN_POINT('',(1.04,-1.05,1.E-07));
#2970 = ADVANCED_FACE('',(#2971),#2981,.F.);
#2971 = FACE_BOUND('',#2972,.T.);
#2972 = EDGE_LOOP('',(#2973,#2974,#2975,#2980));
#2973 = ORIENTED_EDGE('',*,*,#1823,.F.);
#2974 = ORIENTED_EDGE('',*,*,#2959,.T.);
#2975 = ORIENTED_EDGE('',*,*,#2976,.T.);
#2976 = EDGE_CURVE('',#2952,#2911,#2977,.T.);
#2977 = B_SPLINE_CURVE_WITH_KNOTS('',1,(#2978,#2979),.UNSPECIFIED.,.F.,
  .F.,(2,2),(1.18,1.22),.PIECEWISE_BEZIER_KNOTS.);
#2978 = CARTESIAN_POINT('',(0.91,-1.18,1.E-07));
#2979 = CARTESIAN_POINT('',(0.91,-1.22,1.E-07));
#2980 = ORIENTED_EDGE('',*,*,#2910,.F.);
#2981 = B_SPLINE_SURFACE_WITH_KNOTS('',1,1,(
    (#2982,#2983)
    ,(#2984,#2985
  )),.UNSPECIFIED.,.F.,.F.,.F.,(2,2),(2,2),(-1.22,-1.18),(-0.127,
    -7.7E-02),.PIECEWISE_BEZIER_KNOTS.);
#2982 = CARTESIAN_POINT('',(0.91,-1.22,1.E-07));
#2983 = CARTESIAN_POINT('',(0.91,-1.22,5.00001E-02));
#2984 = CARTESIAN_POINT('',(0.91,-1.18,1.E-07));
#2985 = CARTESIAN_POINT('',(0.91,-1.18,5.00001E-02));
#2986 = ADVANCED_FACE('',(#2987),#2995,.F.);
#2987 = FACE_BOUND('',#2988,.T.);
#2988 = EDGE_LOOP('',(#2989,#2990,#2991,#2992,#2993,#2994));
#2989 = ORIENTED_EDGE('',*,*,#2917,.T.);
#2990 = ORIENTED_EDGE('',*,*,#2976,.F.);
#2991 = ORIENTED_EDGE('',*,*,#2951,.F.);
#2992 = ORIENTED_EDGE('',*,*,#2888,.F.);
#2993 = ORIENTED_EDGE('',*,*,#2933,.T.);
#2994 = ORIENTED_EDGE('',*,*,#2857,.T.);
#2995 = B_SPLINE_SURFACE_WITH_KNOTS('',1,1,(
    (#2996,#2997)
    ,(#2998,#2999
    )),.UNSPECIFIED.,.F.,.F.,.F.,(2,2),(2,2),(0.91,1.51),(-1.35,-1.05),
  .PIECEWISE_BEZIER_KNOTS.);
#2996 = CARTESIAN_POINT('',(0.91,-1.35,1.E-07));
#2997 = CARTESIAN_POINT('',(0.91,-1.05,1.E-07));
#2998 = CARTESIAN_POINT('',(1.51,-1.35,1.E-07));
#2999 = CARTESIAN_POINT('',(1.51,-1.05,1.E-07));
#3000 = ADVANCED_FACE('',(#3001),#3023,.T.);
#3001 = FACE_BOUND('',#3002,.T.);
#3002 = EDGE_LOOP('',(#3003,#3004,#3011,#3018));
#3003 = ORIENTED_EDGE('',*,*,#2245,.F.);
#3004 = ORIENTED_EDGE('',*,*,#3005,.F.);
#3005 = EDGE_CURVE('',#3006,#2239,#3008,.T.);
#3006 = VERTEX_POINT('',#3007);
#3007 = CARTESIAN_POINT('',(-1.51,-1.05,0.1270001));
#3008 = B_SPLINE_CURVE_WITH_KNOTS('',1,(#3009,#3010),.UNSPECIFIED.,.F.,
  .F.,(2,2),(-1.51,-1.5),.PIECEWISE_BEZIER_KNOTS.);
#3009 = CARTESIAN_POINT('',(-1.51,-1.05,0.1270001));
#3010 = CARTESIAN_POINT('',(-1.5,-1.05,0.1270001));
#3011 = ORIENTED_EDGE('',*,*,#3012,.T.);
#3012 = EDGE_CURVE('',#3006,#3013,#3015,.T.);
#3013 = VERTEX_POINT('',#3014);
#3014 = CARTESIAN_POINT('',(-1.51,-1.35,0.1270001));
#3015 = B_SPLINE_CURVE_WITH_KNOTS('',1,(#3016,#3017),.UNSPECIFIED.,.F.,
  .F.,(2,2),(1.05,1.35),.PIECEWISE_BEZIER_KNOTS.);
#3016 = CARTESIAN_POINT('',(-1.51,-1.05,0.1270001));
#3017 = CARTESIAN_POINT('',(-1.51,-1.35,0.1270001));
#3018 = ORIENTED_EDGE('',*,*,#3019,.T.);
#3019 = EDGE_CURVE('',#3013,#2246,#3020,.T.);
#3020 = B_SPLINE_CURVE_WITH_KNOTS('',1,(#3021,#3022),.UNSPECIFIED.,.F.,
  .F.,(2,2),(-1.51,-1.5),.PIECEWISE_BEZIER_KNOTS.);
#3021 = CARTESIAN_POINT('',(-1.51,-1.35,0.1270001));
#3022 = CARTESIAN_POINT('',(-1.5,-1.35,0.1270001));
#3023 = B_SPLINE_SURFACE_WITH_KNOTS('',1,1,(
    (#3024,#3025)
    ,(#3026,#3027
    )),.UNSPECIFIED.,.F.,.F.,.F.,(2,2),(2,2),(-1.51,-1.5),(-1.35,-1.05),
  .PIECEWISE_BEZIER_KNOTS.);
#3024 = CARTESIAN_POINT('',(-1.51,-1.35,0.1270001));
#3025 = CARTESIAN_POINT('',(-1.51,-1.05,0.1270001));
#3026 = CARTESIAN_POINT('',(-1.5,-1.35,0.1270001));
#3027 = CARTESIAN_POINT('',(-1.5,-1.05,0.1270001));
#3028 = ADVANCED_FACE('',(#3029),#3053,.T.);
#3029 = FACE_BOUND('',#3030,.T.);
#3030 = EDGE_LOOP('',(#3031,#3032,#3033,#3040,#3047,#3052));
#3031 = ORIENTED_EDGE('',*,*,#2238,.F.);
#3032 = ORIENTED_EDGE('',*,*,#1888,.T.);
#3033 = ORIENTED_EDGE('',*,*,#3034,.T.);
#3034 = EDGE_CURVE('',#1881,#3035,#3037,.T.);
#3035 = VERTEX_POINT('',#3036);
#3036 = CARTESIAN_POINT('',(-1.04,-1.05,1.E-07));
#3037 = B_SPLINE_CURVE_WITH_KNOTS('',1,(#3038,#3039),.UNSPECIFIED.,.F.,
  .F.,(2,2),(7.7E-02,0.127),.PIECEWISE_BEZIER_KNOTS.);
#3038 = CARTESIAN_POINT('',(-1.04,-1.05,5.00001E-02));
#3039 = CARTESIAN_POINT('',(-1.04,-1.05,1.E-07));
#3040 = ORIENTED_EDGE('',*,*,#3041,.F.);
#3041 = EDGE_CURVE('',#3042,#3035,#3044,.T.);
#3042 = VERTEX_POINT('',#3043);
#3043 = CARTESIAN_POINT('',(-1.51,-1.05,1.E-07));
#3044 = B_SPLINE_CURVE_WITH_KNOTS('',1,(#3045,#3046),.UNSPECIFIED.,.F.,
  .F.,(2,2),(-1.51,-1.04),.PIECEWISE_BEZIER_KNOTS.);
#3045 = CARTESIAN_POINT('',(-1.51,-1.05,1.E-07));
#3046 = CARTESIAN_POINT('',(-1.04,-1.05,1.E-07));
#3047 = ORIENTED_EDGE('',*,*,#3048,.F.);
#3048 = EDGE_CURVE('',#3006,#3042,#3049,.T.);
#3049 = B_SPLINE_CURVE_WITH_KNOTS('',1,(#3050,#3051),.UNSPECIFIED.,.F.,
  .F.,(2,2),(-0.,0.127),.PIECEWISE_BEZIER_KNOTS.);
#3050 = CARTESIAN_POINT('',(-1.51,-1.05,0.1270001));
#3051 = CARTESIAN_POINT('',(-1.51,-1.05,1.E-07));
#3052 = ORIENTED_EDGE('',*,*,#3005,.T.);
#3053 = B_SPLINE_SURFACE_WITH_KNOTS('',1,1,(
    (#3054,#3055)
    ,(#3056,#3057
    )),.UNSPECIFIED.,.F.,.F.,.F.,(2,2),(2,2),(1.04,1.51),(-0.127,0.),
  .PIECEWISE_BEZIER_KNOTS.);
#3054 = CARTESIAN_POINT('',(-1.04,-1.05,1.E-07));
#3055 = CARTESIAN_POINT('',(-1.04,-1.05,0.1270001));
#3056 = CARTESIAN_POINT('',(-1.51,-1.05,1.E-07));
#3057 = CARTESIAN_POINT('',(-1.51,-1.05,0.1270001));
#3058 = ADVANCED_FACE('',(#3059),#3083,.F.);
#3059 = FACE_BOUND('',#3060,.T.);
#3060 = EDGE_LOOP('',(#3061,#3062,#3063,#3064,#3071,#3078));
#3061 = ORIENTED_EDGE('',*,*,#1858,.F.);
#3062 = ORIENTED_EDGE('',*,*,#2252,.T.);
#3063 = ORIENTED_EDGE('',*,*,#3019,.F.);
#3064 = ORIENTED_EDGE('',*,*,#3065,.T.);
#3065 = EDGE_CURVE('',#3013,#3066,#3068,.T.);
#3066 = VERTEX_POINT('',#3067);
#3067 = CARTESIAN_POINT('',(-1.51,-1.35,1.E-07));
#3068 = B_SPLINE_CURVE_WITH_KNOTS('',1,(#3069,#3070),.UNSPECIFIED.,.F.,
  .F.,(2,2),(-0.,0.127),.PIECEWISE_BEZIER_KNOTS.);
#3069 = CARTESIAN_POINT('',(-1.51,-1.35,0.1270001));
#3070 = CARTESIAN_POINT('',(-1.51,-1.35,1.E-07));
#3071 = ORIENTED_EDGE('',*,*,#3072,.T.);
#3072 = EDGE_CURVE('',#3066,#3073,#3075,.T.);
#3073 = VERTEX_POINT('',#3074);
#3074 = CARTESIAN_POINT('',(-1.04,-1.35,1.E-07));
#3075 = B_SPLINE_CURVE_WITH_KNOTS('',1,(#3076,#3077),.UNSPECIFIED.,.F.,
  .F.,(2,2),(-1.51,-1.04),.PIECEWISE_BEZIER_KNOTS.);
#3076 = CARTESIAN_POINT('',(-1.51,-1.35,1.E-07));
#3077 = CARTESIAN_POINT('',(-1.04,-1.35,1.E-07));
#3078 = ORIENTED_EDGE('',*,*,#3079,.F.);
#3079 = EDGE_CURVE('',#1859,#3073,#3080,.T.);
#3080 = B_SPLINE_CURVE_WITH_KNOTS('',1,(#3081,#3082),.UNSPECIFIED.,.F.,
  .F.,(2,2),(7.7E-02,0.127),.PIECEWISE_BEZIER_KNOTS.);
#3081 = CARTESIAN_POINT('',(-1.04,-1.35,5.00001E-02));
#3082 = CARTESIAN_POINT('',(-1.04,-1.35,1.E-07));
#3083 = B_SPLINE_SURFACE_WITH_KNOTS('',1,1,(
    (#3084,#3085)
    ,(#3086,#3087
    )),.UNSPECIFIED.,.F.,.F.,.F.,(2,2),(2,2),(1.04,1.51),(-0.127,0.),
  .PIECEWISE_BEZIER_KNOTS.);
#3084 = CARTESIAN_POINT('',(-1.04,-1.35,1.E-07));
#3085 = CARTESIAN_POINT('',(-1.04,-1.35,0.1270001));
#3086 = CARTESIAN_POINT('',(-1.51,-1.35,1.E-07));
#3087 = CARTESIAN_POINT('',(-1.51,-1.35,0.1270001));
#3088 = ADVANCED_FACE('',(#3089),#3106,.T.);
#3089 = FACE_BOUND('',#3090,.T.);
#3090 = EDGE_LOOP('',(#3091,#3092,#3093,#3100));
#3091 = ORIENTED_EDGE('',*,*,#3034,.F.);
#3092 = ORIENTED_EDGE('',*,*,#1880,.T.);
#3093 = ORIENTED_EDGE('',*,*,#3094,.T.);
#3094 = EDGE_CURVE('',#1874,#3095,#3097,.T.);
#3095 = VERTEX_POINT('',#3096);
#3096 = CARTESIAN_POINT('',(-0.91,-1.18,1.E-07));
#3097 = B_SPLINE_CURVE_WITH_KNOTS('',1,(#3098,#3099),.UNSPECIFIED.,.F.,
  .F.,(2,2),(7.7E-02,0.127),.PIECEWISE_BEZIER_KNOTS.);
#3098 = CARTESIAN_POINT('',(-0.91,-1.18,5.00001E-02));
#3099 = CARTESIAN_POINT('',(-0.91,-1.18,1.E-07));
#3100 = ORIENTED_EDGE('',*,*,#3101,.F.);
#3101 = EDGE_CURVE('',#3035,#3095,#3102,.T.);
#3102 = ( BOUNDED_CURVE() B_SPLINE_CURVE(2,(#3103,#3104,#3105),
.UNSPECIFIED.,.F.,.F.) B_SPLINE_CURVE_WITH_KNOTS((3,3),(4.712388980385,
6.28318530718),.PIECEWISE_BEZIER_KNOTS.) CURVE() 
GEOMETRIC_REPRESENTATION_ITEM() RATIONAL_B_SPLINE_CURVE((1.,
0.707106781187,1.)) REPRESENTATION_ITEM('') );
#3103 = CARTESIAN_POINT('',(-1.04,-1.05,1.E-07));
#3104 = CARTESIAN_POINT('',(-0.91,-1.05,1.E-07));
#3105 = CARTESIAN_POINT('',(-0.91,-1.18,1.E-07));
#3106 = ( BOUNDED_SURFACE() B_SPLINE_SURFACE(2,1,(
    (#3107,#3108)
    ,(#3109,#3110)
    ,(#3111,#3112
)),.UNSPECIFIED.,.F.,.F.,.F.) B_SPLINE_SURFACE_WITH_KNOTS((3,3),(2,2),(
    1.570796326795,3.14159265359),(7.7E-02,0.127),
.PIECEWISE_BEZIER_KNOTS.) GEOMETRIC_REPRESENTATION_ITEM() 
RATIONAL_B_SPLINE_SURFACE((
    (1.,1.)
    ,(0.707106781187,0.707106781187)
,(1.,1.))) REPRESENTATION_ITEM('') SURFACE() );
#3107 = CARTESIAN_POINT('',(-1.04,-1.05,5.00001E-02));
#3108 = CARTESIAN_POINT('',(-1.04,-1.05,1.E-07));
#3109 = CARTESIAN_POINT('',(-0.91,-1.05,5.00001E-02));
#3110 = CARTESIAN_POINT('',(-0.91,-1.05,1.E-07));
#3111 = CARTESIAN_POINT('',(-0.91,-1.18,5.00001E-02));
#3112 = CARTESIAN_POINT('',(-0.91,-1.18,1.E-07));
#3113 = ADVANCED_FACE('',(#3114),#3124,.F.);
#3114 = FACE_BOUND('',#3115,.T.);
#3115 = EDGE_LOOP('',(#3116,#3121,#3122,#3123));
#3116 = ORIENTED_EDGE('',*,*,#3117,.T.);
#3117 = EDGE_CURVE('',#3042,#3066,#3118,.T.);
#3118 = B_SPLINE_CURVE_WITH_KNOTS('',1,(#3119,#3120),.UNSPECIFIED.,.F.,
  .F.,(2,2),(1.05,1.35),.PIECEWISE_BEZIER_KNOTS.);
#3119 = CARTESIAN_POINT('',(-1.51,-1.05,1.E-07));
#3120 = CARTESIAN_POINT('',(-1.51,-1.35,1.E-07));
#3121 = ORIENTED_EDGE('',*,*,#3065,.F.);
#3122 = ORIENTED_EDGE('',*,*,#3012,.F.);
#3123 = ORIENTED_EDGE('',*,*,#3048,.T.);
#3124 = B_SPLINE_SURFACE_WITH_KNOTS('',1,1,(
    (#3125,#3126)
    ,(#3127,#3128
  )),.UNSPECIFIED.,.F.,.F.,.F.,(2,2),(2,2),(-1.35,-1.05),(-0.127,0.),
  .PIECEWISE_BEZIER_KNOTS.);
#3125 = CARTESIAN_POINT('',(-1.51,-1.35,1.E-07));
#3126 = CARTESIAN_POINT('',(-1.51,-1.35,0.1270001));
#3127 = CARTESIAN_POINT('',(-1.51,-1.05,1.E-07));
#3128 = CARTESIAN_POINT('',(-1.51,-1.05,0.1270001));
#3129 = ADVANCED_FACE('',(#3130),#3147,.T.);
#3130 = FACE_BOUND('',#3131,.T.);
#3131 = EDGE_LOOP('',(#3132,#3133,#3134,#3142));
#3132 = ORIENTED_EDGE('',*,*,#1865,.F.);
#3133 = ORIENTED_EDGE('',*,*,#3079,.T.);
#3134 = ORIENTED_EDGE('',*,*,#3135,.T.);
#3135 = EDGE_CURVE('',#3073,#3136,#3138,.T.);
#3136 = VERTEX_POINT('',#3137);
#3137 = CARTESIAN_POINT('',(-0.91,-1.22,1.E-07));
#3138 = ( BOUNDED_CURVE() B_SPLINE_CURVE(2,(#3139,#3140,#3141),
.UNSPECIFIED.,.F.,.F.) B_SPLINE_CURVE_WITH_KNOTS((3,3),(4.712388980385,
6.28318530718),.PIECEWISE_BEZIER_KNOTS.) CURVE() 
GEOMETRIC_REPRESENTATION_ITEM() RATIONAL_B_SPLINE_CURVE((1.,
0.707106781187,1.)) REPRESENTATION_ITEM('') );
#3139 = CARTESIAN_POINT('',(-1.04,-1.35,1.E-07));
#3140 = CARTESIAN_POINT('',(-0.91,-1.35,1.E-07));
#3141 = CARTESIAN_POINT('',(-0.91,-1.22,1.E-07));
#3142 = ORIENTED_EDGE('',*,*,#3143,.F.);
#3143 = EDGE_CURVE('',#1866,#3136,#3144,.T.);
#3144 = B_SPLINE_CURVE_WITH_KNOTS('',1,(#3145,#3146),.UNSPECIFIED.,.F.,
  .F.,(2,2),(7.7E-02,0.127),.PIECEWISE_BEZIER_KNOTS.);
#3145 = CARTESIAN_POINT('',(-0.91,-1.22,5.00001E-02));
#3146 = CARTESIAN_POINT('',(-0.91,-1.22,1.E-07));
#3147 = ( BOUNDED_SURFACE() B_SPLINE_SURFACE(2,1,(
    (#3148,#3149)
    ,(#3150,#3151)
    ,(#3152,#3153
)),.UNSPECIFIED.,.F.,.F.,.F.) B_SPLINE_SURFACE_WITH_KNOTS((3,3),(2,2),(
    3.14159265359,4.712388980385),(7.7E-02,0.127),
.PIECEWISE_BEZIER_KNOTS.) GEOMETRIC_REPRESENTATION_ITEM() 
RATIONAL_B_SPLINE_SURFACE((
    (1.,1.)
    ,(0.707106781187,0.707106781187)
,(1.,1.))) REPRESENTATION_ITEM('') SURFACE() );
#3148 = CARTESIAN_POINT('',(-0.91,-1.22,5.00001E-02));
#3149 = CARTESIAN_POINT('',(-0.91,-1.22,1.E-07));
#3150 = CARTESIAN_POINT('',(-0.91,-1.35,5.00001E-02));
#3151 = CARTESIAN_POINT('',(-0.91,-1.35,1.E-07));
#3152 = CARTESIAN_POINT('',(-1.04,-1.35,5.00001E-02));
#3153 = CARTESIAN_POINT('',(-1.04,-1.35,1.E-07));
#3154 = ADVANCED_FACE('',(#3155),#3165,.T.);
#3155 = FACE_BOUND('',#3156,.T.);
#3156 = EDGE_LOOP('',(#3157,#3158,#3159,#3160));
#3157 = ORIENTED_EDGE('',*,*,#3094,.F.);
#3158 = ORIENTED_EDGE('',*,*,#1873,.T.);
#3159 = ORIENTED_EDGE('',*,*,#3143,.T.);
#3160 = ORIENTED_EDGE('',*,*,#3161,.F.);
#3161 = EDGE_CURVE('',#3095,#3136,#3162,.T.);
#3162 = B_SPLINE_CURVE_WITH_KNOTS('',1,(#3163,#3164),.UNSPECIFIED.,.F.,
  .F.,(2,2),(1.18,1.22),.PIECEWISE_BEZIER_KNOTS.);
#3163 = CARTESIAN_POINT('',(-0.91,-1.18,1.E-07));
#3164 = CARTESIAN_POINT('',(-0.91,-1.22,1.E-07));
#3165 = B_SPLINE_SURFACE_WITH_KNOTS('',1,1,(
    (#3166,#3167)
    ,(#3168,#3169
  )),.UNSPECIFIED.,.F.,.F.,.F.,(2,2),(2,2),(-1.22,-1.18),(-0.127,
    -7.7E-02),.PIECEWISE_BEZIER_KNOTS.);
#3166 = CARTESIAN_POINT('',(-0.91,-1.22,1.E-07));
#3167 = CARTESIAN_POINT('',(-0.91,-1.22,5.00001E-02));
#3168 = CARTESIAN_POINT('',(-0.91,-1.18,1.E-07));
#3169 = CARTESIAN_POINT('',(-0.91,-1.18,5.00001E-02));
#3170 = ADVANCED_FACE('',(#3171),#3179,.F.);
#3171 = FACE_BOUND('',#3172,.T.);
#3172 = EDGE_LOOP('',(#3173,#3174,#3175,#3176,#3177,#3178));
#3173 = ORIENTED_EDGE('',*,*,#3101,.T.);
#3174 = ORIENTED_EDGE('',*,*,#3161,.T.);
#3175 = ORIENTED_EDGE('',*,*,#3135,.F.);
#3176 = ORIENTED_EDGE('',*,*,#3072,.F.);
#3177 = ORIENTED_EDGE('',*,*,#3117,.F.);
#3178 = ORIENTED_EDGE('',*,*,#3041,.T.);
#3179 = B_SPLINE_SURFACE_WITH_KNOTS('',1,1,(
    (#3180,#3181)
    ,(#3182,#3183
  )),.UNSPECIFIED.,.F.,.F.,.F.,(2,2),(2,2),(-1.51,-0.91),(-1.35,-1.05),
  .PIECEWISE_BEZIER_KNOTS.);
#3180 = CARTESIAN_POINT('',(-1.51,-1.35,1.E-07));
#3181 = CARTESIAN_POINT('',(-1.51,-1.05,1.E-07));
#3182 = CARTESIAN_POINT('',(-0.91,-1.35,1.E-07));
#3183 = CARTESIAN_POINT('',(-0.91,-1.05,1.E-07));
#3184 = ADVANCED_FACE('',(#3185),#3207,.T.);
#3185 = FACE_BOUND('',#3186,.T.);
#3186 = EDGE_LOOP('',(#3187,#3188,#3195,#3202));
#3187 = ORIENTED_EDGE('',*,*,#2225,.F.);
#3188 = ORIENTED_EDGE('',*,*,#3189,.F.);
#3189 = EDGE_CURVE('',#3190,#2219,#3192,.T.);
#3190 = VERTEX_POINT('',#3191);
#3191 = CARTESIAN_POINT('',(-1.51,-0.25,0.1270001));
#3192 = B_SPLINE_CURVE_WITH_KNOTS('',1,(#3193,#3194),.UNSPECIFIED.,.F.,
  .F.,(2,2),(-1.51,-1.5),.PIECEWISE_BEZIER_KNOTS.);
#3193 = CARTESIAN_POINT('',(-1.51,-0.25,0.1270001));
#3194 = CARTESIAN_POINT('',(-1.5,-0.25,0.1270001));
#3195 = ORIENTED_EDGE('',*,*,#3196,.T.);
#3196 = EDGE_CURVE('',#3190,#3197,#3199,.T.);
#3197 = VERTEX_POINT('',#3198);
#3198 = CARTESIAN_POINT('',(-1.51,-0.55,0.1270001));
#3199 = B_SPLINE_CURVE_WITH_KNOTS('',1,(#3200,#3201),.UNSPECIFIED.,.F.,
  .F.,(2,2),(0.25,0.55),.PIECEWISE_BEZIER_KNOTS.);
#3200 = CARTESIAN_POINT('',(-1.51,-0.25,0.1270001));
#3201 = CARTESIAN_POINT('',(-1.51,-0.55,0.1270001));
#3202 = ORIENTED_EDGE('',*,*,#3203,.T.);
#3203 = EDGE_CURVE('',#3197,#2226,#3204,.T.);
#3204 = B_SPLINE_CURVE_WITH_KNOTS('',1,(#3205,#3206),.UNSPECIFIED.,.F.,
  .F.,(2,2),(-1.51,-1.5),.PIECEWISE_BEZIER_KNOTS.);
#3205 = CARTESIAN_POINT('',(-1.51,-0.55,0.1270001));
#3206 = CARTESIAN_POINT('',(-1.5,-0.55,0.1270001));
#3207 = B_SPLINE_SURFACE_WITH_KNOTS('',1,1,(
    (#3208,#3209)
    ,(#3210,#3211
    )),.UNSPECIFIED.,.F.,.F.,.F.,(2,2),(2,2),(-1.51,-1.5),(-0.55,-0.25),
  .PIECEWISE_BEZIER_KNOTS.);
#3208 = CARTESIAN_POINT('',(-1.51,-0.55,0.1270001));
#3209 = CARTESIAN_POINT('',(-1.51,-0.25,0.1270001));
#3210 = CARTESIAN_POINT('',(-1.5,-0.55,0.1270001));
#3211 = CARTESIAN_POINT('',(-1.5,-0.25,0.1270001));
#3212 = ADVANCED_FACE('',(#3213),#3237,.T.);
#3213 = FACE_BOUND('',#3214,.T.);
#3214 = EDGE_LOOP('',(#3215,#3216,#3217,#3224,#3231,#3236));
#3215 = ORIENTED_EDGE('',*,*,#2218,.F.);
#3216 = ORIENTED_EDGE('',*,*,#1932,.T.);
#3217 = ORIENTED_EDGE('',*,*,#3218,.T.);
#3218 = EDGE_CURVE('',#1925,#3219,#3221,.T.);
#3219 = VERTEX_POINT('',#3220);
#3220 = CARTESIAN_POINT('',(-1.04,-0.25,1.E-07));
#3221 = B_SPLINE_CURVE_WITH_KNOTS('',1,(#3222,#3223),.UNSPECIFIED.,.F.,
  .F.,(2,2),(7.7E-02,0.127),.PIECEWISE_BEZIER_KNOTS.);
#3222 = CARTESIAN_POINT('',(-1.04,-0.25,5.00001E-02));
#3223 = CARTESIAN_POINT('',(-1.04,-0.25,1.E-07));
#3224 = ORIENTED_EDGE('',*,*,#3225,.F.);
#3225 = EDGE_CURVE('',#3226,#3219,#3228,.T.);
#3226 = VERTEX_POINT('',#3227);
#3227 = CARTESIAN_POINT('',(-1.51,-0.25,1.E-07));
#3228 = B_SPLINE_CURVE_WITH_KNOTS('',1,(#3229,#3230),.UNSPECIFIED.,.F.,
  .F.,(2,2),(-1.51,-1.04),.PIECEWISE_BEZIER_KNOTS.);
#3229 = CARTESIAN_POINT('',(-1.51,-0.25,1.E-07));
#3230 = CARTESIAN_POINT('',(-1.04,-0.25,1.E-07));
#3231 = ORIENTED_EDGE('',*,*,#3232,.F.);
#3232 = EDGE_CURVE('',#3190,#3226,#3233,.T.);
#3233 = B_SPLINE_CURVE_WITH_KNOTS('',1,(#3234,#3235),.UNSPECIFIED.,.F.,
  .F.,(2,2),(-0.,0.127),.PIECEWISE_BEZIER_KNOTS.);
#3234 = CARTESIAN_POINT('',(-1.51,-0.25,0.1270001));
#3235 = CARTESIAN_POINT('',(-1.51,-0.25,1.E-07));
#3236 = ORIENTED_EDGE('',*,*,#3189,.T.);
#3237 = B_SPLINE_SURFACE_WITH_KNOTS('',1,1,(
    (#3238,#3239)
    ,(#3240,#3241
    )),.UNSPECIFIED.,.F.,.F.,.F.,(2,2),(2,2),(1.04,1.51),(-0.127,0.),
  .PIECEWISE_BEZIER_KNOTS.);
#3238 = CARTESIAN_POINT('',(-1.04,-0.25,1.E-07));
#3239 = CARTESIAN_POINT('',(-1.04,-0.25,0.1270001));
#3240 = CARTESIAN_POINT('',(-1.51,-0.25,1.E-07));
#3241 = CARTESIAN_POINT('',(-1.51,-0.25,0.1270001));
#3242 = ADVANCED_FACE('',(#3243),#3267,.F.);
#3243 = FACE_BOUND('',#3244,.T.);
#3244 = EDGE_LOOP('',(#3245,#3246,#3247,#3248,#3255,#3262));
#3245 = ORIENTED_EDGE('',*,*,#1902,.F.);
#3246 = ORIENTED_EDGE('',*,*,#2232,.T.);
#3247 = ORIENTED_EDGE('',*,*,#3203,.F.);
#3248 = ORIENTED_EDGE('',*,*,#3249,.T.);
#3249 = EDGE_CURVE('',#3197,#3250,#3252,.T.);
#3250 = VERTEX_POINT('',#3251);
#3251 = CARTESIAN_POINT('',(-1.51,-0.55,1.E-07));
#3252 = B_SPLINE_CURVE_WITH_KNOTS('',1,(#3253,#3254),.UNSPECIFIED.,.F.,
  .F.,(2,2),(-0.,0.127),.PIECEWISE_BEZIER_KNOTS.);
#3253 = CARTESIAN_POINT('',(-1.51,-0.55,0.1270001));
#3254 = CARTESIAN_POINT('',(-1.51,-0.55,1.E-07));
#3255 = ORIENTED_EDGE('',*,*,#3256,.T.);
#3256 = EDGE_CURVE('',#3250,#3257,#3259,.T.);
#3257 = VERTEX_POINT('',#3258);
#3258 = CARTESIAN_POINT('',(-1.04,-0.55,1.E-07));
#3259 = B_SPLINE_CURVE_WITH_KNOTS('',1,(#3260,#3261),.UNSPECIFIED.,.F.,
  .F.,(2,2),(-1.51,-1.04),.PIECEWISE_BEZIER_KNOTS.);
#3260 = CARTESIAN_POINT('',(-1.51,-0.55,1.E-07));
#3261 = CARTESIAN_POINT('',(-1.04,-0.55,1.E-07));
#3262 = ORIENTED_EDGE('',*,*,#3263,.F.);
#3263 = EDGE_CURVE('',#1903,#3257,#3264,.T.);
#3264 = B_SPLINE_CURVE_WITH_KNOTS('',1,(#3265,#3266),.UNSPECIFIED.,.F.,
  .F.,(2,2),(7.7E-02,0.127),.PIECEWISE_BEZIER_KNOTS.);
#3265 = CARTESIAN_POINT('',(-1.04,-0.55,5.00001E-02));
#3266 = CARTESIAN_POINT('',(-1.04,-0.55,1.E-07));
#3267 = B_SPLINE_SURFACE_WITH_KNOTS('',1,1,(
    (#3268,#3269)
    ,(#3270,#3271
    )),.UNSPECIFIED.,.F.,.F.,.F.,(2,2),(2,2),(1.04,1.51),(-0.127,0.),
  .PIECEWISE_BEZIER_KNOTS.);
#3268 = CARTESIAN_POINT('',(-1.04,-0.55,1.E-07));
#3269 = CARTESIAN_POINT('',(-1.04,-0.55,0.1270001));
#3270 = CARTESIAN_POINT('',(-1.51,-0.55,1.E-07));
#3271 = CARTESIAN_POINT('',(-1.51,-0.55,0.1270001));
#3272 = ADVANCED_FACE('',(#3273),#3290,.T.);
#3273 = FACE_BOUND('',#3274,.T.);
#3274 = EDGE_LOOP('',(#3275,#3276,#3277,#3284));
#3275 = ORIENTED_EDGE('',*,*,#3218,.F.);
#3276 = ORIENTED_EDGE('',*,*,#1924,.T.);
#3277 = ORIENTED_EDGE('',*,*,#3278,.T.);
#3278 = EDGE_CURVE('',#1918,#3279,#3281,.T.);
#3279 = VERTEX_POINT('',#3280);
#3280 = CARTESIAN_POINT('',(-0.91,-0.38,1.E-07));
#3281 = B_SPLINE_CURVE_WITH_KNOTS('',1,(#3282,#3283),.UNSPECIFIED.,.F.,
  .F.,(2,2),(7.7E-02,0.127),.PIECEWISE_BEZIER_KNOTS.);
#3282 = CARTESIAN_POINT('',(-0.91,-0.38,5.00001E-02));
#3283 = CARTESIAN_POINT('',(-0.91,-0.38,1.E-07));
#3284 = ORIENTED_EDGE('',*,*,#3285,.F.);
#3285 = EDGE_CURVE('',#3219,#3279,#3286,.T.);
#3286 = ( BOUNDED_CURVE() B_SPLINE_CURVE(2,(#3287,#3288,#3289),
.UNSPECIFIED.,.F.,.F.) B_SPLINE_CURVE_WITH_KNOTS((3,3),(4.712388980385,
6.28318530718),.PIECEWISE_BEZIER_KNOTS.) CURVE() 
GEOMETRIC_REPRESENTATION_ITEM() RATIONAL_B_SPLINE_CURVE((1.,
0.707106781187,1.)) REPRESENTATION_ITEM('') );
#3287 = CARTESIAN_POINT('',(-1.04,-0.25,1.E-07));
#3288 = CARTESIAN_POINT('',(-0.91,-0.25,1.E-07));
#3289 = CARTESIAN_POINT('',(-0.91,-0.38,1.E-07));
#3290 = ( BOUNDED_SURFACE() B_SPLINE_SURFACE(2,1,(
    (#3291,#3292)
    ,(#3293,#3294)
    ,(#3295,#3296
)),.UNSPECIFIED.,.F.,.F.,.F.) B_SPLINE_SURFACE_WITH_KNOTS((3,3),(2,2),(
    1.570796326795,3.14159265359),(7.7E-02,0.127),
.PIECEWISE_BEZIER_KNOTS.) GEOMETRIC_REPRESENTATION_ITEM() 
RATIONAL_B_SPLINE_SURFACE((
    (1.,1.)
    ,(0.707106781186,0.707106781186)
,(1.,1.))) REPRESENTATION_ITEM('') SURFACE() );
#3291 = CARTESIAN_POINT('',(-1.04,-0.25,5.00001E-02));
#3292 = CARTESIAN_POINT('',(-1.04,-0.25,1.E-07));
#3293 = CARTESIAN_POINT('',(-0.91,-0.25,5.00001E-02));
#3294 = CARTESIAN_POINT('',(-0.91,-0.25,1.E-07));
#3295 = CARTESIAN_POINT('',(-0.91,-0.38,5.00001E-02));
#3296 = CARTESIAN_POINT('',(-0.91,-0.38,1.E-07));
#3297 = ADVANCED_FACE('',(#3298),#3308,.F.);
#3298 = FACE_BOUND('',#3299,.T.);
#3299 = EDGE_LOOP('',(#3300,#3305,#3306,#3307));
#3300 = ORIENTED_EDGE('',*,*,#3301,.T.);
#3301 = EDGE_CURVE('',#3226,#3250,#3302,.T.);
#3302 = B_SPLINE_CURVE_WITH_KNOTS('',1,(#3303,#3304),.UNSPECIFIED.,.F.,
  .F.,(2,2),(0.25,0.55),.PIECEWISE_BEZIER_KNOTS.);
#3303 = CARTESIAN_POINT('',(-1.51,-0.25,1.E-07));
#3304 = CARTESIAN_POINT('',(-1.51,-0.55,1.E-07));
#3305 = ORIENTED_EDGE('',*,*,#3249,.F.);
#3306 = ORIENTED_EDGE('',*,*,#3196,.F.);
#3307 = ORIENTED_EDGE('',*,*,#3232,.T.);
#3308 = B_SPLINE_SURFACE_WITH_KNOTS('',1,1,(
    (#3309,#3310)
    ,(#3311,#3312
  )),.UNSPECIFIED.,.F.,.F.,.F.,(2,2),(2,2),(-0.55,-0.25),(-0.127,0.),
  .PIECEWISE_BEZIER_KNOTS.);
#3309 = CARTESIAN_POINT('',(-1.51,-0.55,1.E-07));
#3310 = CARTESIAN_POINT('',(-1.51,-0.55,0.1270001));
#3311 = CARTESIAN_POINT('',(-1.51,-0.25,1.E-07));
#3312 = CARTESIAN_POINT('',(-1.51,-0.25,0.1270001));
#3313 = ADVANCED_FACE('',(#3314),#3331,.T.);
#3314 = FACE_BOUND('',#3315,.T.);
#3315 = EDGE_LOOP('',(#3316,#3317,#3318,#3326));
#3316 = ORIENTED_EDGE('',*,*,#1909,.F.);
#3317 = ORIENTED_EDGE('',*,*,#3263,.T.);
#3318 = ORIENTED_EDGE('',*,*,#3319,.T.);
#3319 = EDGE_CURVE('',#3257,#3320,#3322,.T.);
#3320 = VERTEX_POINT('',#3321);
#3321 = CARTESIAN_POINT('',(-0.91,-0.42,1.E-07));
#3322 = ( BOUNDED_CURVE() B_SPLINE_CURVE(2,(#3323,#3324,#3325),
.UNSPECIFIED.,.F.,.F.) B_SPLINE_CURVE_WITH_KNOTS((3,3),(4.712388980385,
6.28318530718),.PIECEWISE_BEZIER_KNOTS.) CURVE() 
GEOMETRIC_REPRESENTATION_ITEM() RATIONAL_B_SPLINE_CURVE((1.,
0.707106781187,1.)) REPRESENTATION_ITEM('') );
#3323 = CARTESIAN_POINT('',(-1.04,-0.55,1.E-07));
#3324 = CARTESIAN_POINT('',(-0.91,-0.55,1.E-07));
#3325 = CARTESIAN_POINT('',(-0.91,-0.42,1.E-07));
#3326 = ORIENTED_EDGE('',*,*,#3327,.F.);
#3327 = EDGE_CURVE('',#1910,#3320,#3328,.T.);
#3328 = B_SPLINE_CURVE_WITH_KNOTS('',1,(#3329,#3330),.UNSPECIFIED.,.F.,
  .F.,(2,2),(7.7E-02,0.127),.PIECEWISE_BEZIER_KNOTS.);
#3329 = CARTESIAN_POINT('',(-0.91,-0.42,5.00001E-02));
#3330 = CARTESIAN_POINT('',(-0.91,-0.42,1.E-07));
#3331 = ( BOUNDED_SURFACE() B_SPLINE_SURFACE(2,1,(
    (#3332,#3333)
    ,(#3334,#3335)
    ,(#3336,#3337
)),.UNSPECIFIED.,.F.,.F.,.F.) B_SPLINE_SURFACE_WITH_KNOTS((3,3),(2,2),(
    3.14159265359,4.712388980385),(7.7E-02,0.127),
.PIECEWISE_BEZIER_KNOTS.) GEOMETRIC_REPRESENTATION_ITEM() 
RATIONAL_B_SPLINE_SURFACE((
    (1.,1.)
    ,(0.707106781187,0.707106781187)
,(1.,1.))) REPRESENTATION_ITEM('') SURFACE() );
#3332 = CARTESIAN_POINT('',(-0.91,-0.42,5.00001E-02));
#3333 = CARTESIAN_POINT('',(-0.91,-0.42,1.E-07));
#3334 = CARTESIAN_POINT('',(-0.91,-0.55,5.00001E-02));
#3335 = CARTESIAN_POINT('',(-0.91,-0.55,1.E-07));
#3336 = CARTESIAN_POINT('',(-1.04,-0.55,5.00001E-02));
#3337 = CARTESIAN_POINT('',(-1.04,-0.55,1.E-07));
#3338 = ADVANCED_FACE('',(#3339),#3349,.T.);
#3339 = FACE_BOUND('',#3340,.T.);
#3340 = EDGE_LOOP('',(#3341,#3342,#3343,#3344));
#3341 = ORIENTED_EDGE('',*,*,#3278,.F.);
#3342 = ORIENTED_EDGE('',*,*,#1917,.T.);
#3343 = ORIENTED_EDGE('',*,*,#3327,.T.);
#3344 = ORIENTED_EDGE('',*,*,#3345,.F.);
#3345 = EDGE_CURVE('',#3279,#3320,#3346,.T.);
#3346 = B_SPLINE_CURVE_WITH_KNOTS('',1,(#3347,#3348),.UNSPECIFIED.,.F.,
  .F.,(2,2),(0.379999999999,0.419999999999),.PIECEWISE_BEZIER_KNOTS.);
#3347 = CARTESIAN_POINT('',(-0.91,-0.38,1.E-07));
#3348 = CARTESIAN_POINT('',(-0.91,-0.42,1.E-07));
#3349 = B_SPLINE_SURFACE_WITH_KNOTS('',1,1,(
    (#3350,#3351)
    ,(#3352,#3353
    )),.UNSPECIFIED.,.F.,.F.,.F.,(2,2),(2,2),(-0.419999999999,
    -0.379999999999),(-0.127,-7.7E-02),.PIECEWISE_BEZIER_KNOTS.);
#3350 = CARTESIAN_POINT('',(-0.91,-0.42,1.E-07));
#3351 = CARTESIAN_POINT('',(-0.91,-0.42,5.00001E-02));
#3352 = CARTESIAN_POINT('',(-0.91,-0.38,1.E-07));
#3353 = CARTESIAN_POINT('',(-0.91,-0.38,5.00001E-02));
#3354 = ADVANCED_FACE('',(#3355),#3363,.F.);
#3355 = FACE_BOUND('',#3356,.T.);
#3356 = EDGE_LOOP('',(#3357,#3358,#3359,#3360,#3361,#3362));
#3357 = ORIENTED_EDGE('',*,*,#3285,.T.);
#3358 = ORIENTED_EDGE('',*,*,#3345,.T.);
#3359 = ORIENTED_EDGE('',*,*,#3319,.F.);
#3360 = ORIENTED_EDGE('',*,*,#3256,.F.);
#3361 = ORIENTED_EDGE('',*,*,#3301,.F.);
#3362 = ORIENTED_EDGE('',*,*,#3225,.T.);
#3363 = B_SPLINE_SURFACE_WITH_KNOTS('',1,1,(
    (#3364,#3365)
    ,(#3366,#3367
  )),.UNSPECIFIED.,.F.,.F.,.F.,(2,2),(2,2),(-1.51,-0.91),(-0.55,-0.25),
  .PIECEWISE_BEZIER_KNOTS.);
#3364 = CARTESIAN_POINT('',(-1.51,-0.55,1.E-07));
#3365 = CARTESIAN_POINT('',(-1.51,-0.25,1.E-07));
#3366 = CARTESIAN_POINT('',(-0.91,-0.55,1.E-07));
#3367 = CARTESIAN_POINT('',(-0.91,-0.25,1.E-07));
#3368 = ADVANCED_FACE('',(#3369),#3391,.T.);
#3369 = FACE_BOUND('',#3370,.T.);
#3370 = EDGE_LOOP('',(#3371,#3372,#3379,#3386));
#3371 = ORIENTED_EDGE('',*,*,#2205,.F.);
#3372 = ORIENTED_EDGE('',*,*,#3373,.F.);
#3373 = EDGE_CURVE('',#3374,#2199,#3376,.T.);
#3374 = VERTEX_POINT('',#3375);
#3375 = CARTESIAN_POINT('',(-1.51,0.55,0.1270001));
#3376 = B_SPLINE_CURVE_WITH_KNOTS('',1,(#3377,#3378),.UNSPECIFIED.,.F.,
  .F.,(2,2),(-1.51,-1.5),.PIECEWISE_BEZIER_KNOTS.);
#3377 = CARTESIAN_POINT('',(-1.51,0.55,0.1270001));
#3378 = CARTESIAN_POINT('',(-1.5,0.55,0.1270001));
#3379 = ORIENTED_EDGE('',*,*,#3380,.T.);
#3380 = EDGE_CURVE('',#3374,#3381,#3383,.T.);
#3381 = VERTEX_POINT('',#3382);
#3382 = CARTESIAN_POINT('',(-1.51,0.25,0.1270001));
#3383 = B_SPLINE_CURVE_WITH_KNOTS('',1,(#3384,#3385),.UNSPECIFIED.,.F.,
  .F.,(2,2),(-0.55,-0.25),.PIECEWISE_BEZIER_KNOTS.);
#3384 = CARTESIAN_POINT('',(-1.51,0.55,0.1270001));
#3385 = CARTESIAN_POINT('',(-1.51,0.25,0.1270001));
#3386 = ORIENTED_EDGE('',*,*,#3387,.T.);
#3387 = EDGE_CURVE('',#3381,#2206,#3388,.T.);
#3388 = B_SPLINE_CURVE_WITH_KNOTS('',1,(#3389,#3390),.UNSPECIFIED.,.F.,
  .F.,(2,2),(-1.51,-1.5),.PIECEWISE_BEZIER_KNOTS.);
#3389 = CARTESIAN_POINT('',(-1.51,0.25,0.1270001));
#3390 = CARTESIAN_POINT('',(-1.5,0.25,0.1270001));
#3391 = B_SPLINE_SURFACE_WITH_KNOTS('',1,1,(
    (#3392,#3393)
    ,(#3394,#3395
    )),.UNSPECIFIED.,.F.,.F.,.F.,(2,2),(2,2),(-1.51,-1.5),(0.25,0.55),
  .PIECEWISE_BEZIER_KNOTS.);
#3392 = CARTESIAN_POINT('',(-1.51,0.25,0.1270001));
#3393 = CARTESIAN_POINT('',(-1.51,0.55,0.1270001));
#3394 = CARTESIAN_POINT('',(-1.5,0.25,0.1270001));
#3395 = CARTESIAN_POINT('',(-1.5,0.55,0.1270001));
#3396 = ADVANCED_FACE('',(#3397),#3421,.T.);
#3397 = FACE_BOUND('',#3398,.T.);
#3398 = EDGE_LOOP('',(#3399,#3400,#3401,#3408,#3415,#3420));
#3399 = ORIENTED_EDGE('',*,*,#2198,.F.);
#3400 = ORIENTED_EDGE('',*,*,#1976,.T.);
#3401 = ORIENTED_EDGE('',*,*,#3402,.T.);
#3402 = EDGE_CURVE('',#1969,#3403,#3405,.T.);
#3403 = VERTEX_POINT('',#3404);
#3404 = CARTESIAN_POINT('',(-1.04,0.55,1.E-07));
#3405 = B_SPLINE_CURVE_WITH_KNOTS('',1,(#3406,#3407),.UNSPECIFIED.,.F.,
  .F.,(2,2),(7.7E-02,0.127),.PIECEWISE_BEZIER_KNOTS.);
#3406 = CARTESIAN_POINT('',(-1.04,0.55,5.00001E-02));
#3407 = CARTESIAN_POINT('',(-1.04,0.55,1.E-07));
#3408 = ORIENTED_EDGE('',*,*,#3409,.F.);
#3409 = EDGE_CURVE('',#3410,#3403,#3412,.T.);
#3410 = VERTEX_POINT('',#3411);
#3411 = CARTESIAN_POINT('',(-1.51,0.55,1.E-07));
#3412 = B_SPLINE_CURVE_WITH_KNOTS('',1,(#3413,#3414),.UNSPECIFIED.,.F.,
  .F.,(2,2),(-1.51,-1.04),.PIECEWISE_BEZIER_KNOTS.);
#3413 = CARTESIAN_POINT('',(-1.51,0.55,1.E-07));
#3414 = CARTESIAN_POINT('',(-1.04,0.55,1.E-07));
#3415 = ORIENTED_EDGE('',*,*,#3416,.F.);
#3416 = EDGE_CURVE('',#3374,#3410,#3417,.T.);
#3417 = B_SPLINE_CURVE_WITH_KNOTS('',1,(#3418,#3419),.UNSPECIFIED.,.F.,
  .F.,(2,2),(-0.,0.127),.PIECEWISE_BEZIER_KNOTS.);
#3418 = CARTESIAN_POINT('',(-1.51,0.55,0.1270001));
#3419 = CARTESIAN_POINT('',(-1.51,0.55,1.E-07));
#3420 = ORIENTED_EDGE('',*,*,#3373,.T.);
#3421 = B_SPLINE_SURFACE_WITH_KNOTS('',1,1,(
    (#3422,#3423)
    ,(#3424,#3425
    )),.UNSPECIFIED.,.F.,.F.,.F.,(2,2),(2,2),(1.04,1.51),(-0.127,0.),
  .PIECEWISE_BEZIER_KNOTS.);
#3422 = CARTESIAN_POINT('',(-1.04,0.55,1.E-07));
#3423 = CARTESIAN_POINT('',(-1.04,0.55,0.1270001));
#3424 = CARTESIAN_POINT('',(-1.51,0.55,1.E-07));
#3425 = CARTESIAN_POINT('',(-1.51,0.55,0.1270001));
#3426 = ADVANCED_FACE('',(#3427),#3451,.F.);
#3427 = FACE_BOUND('',#3428,.T.);
#3428 = EDGE_LOOP('',(#3429,#3430,#3431,#3432,#3439,#3446));
#3429 = ORIENTED_EDGE('',*,*,#1946,.F.);
#3430 = ORIENTED_EDGE('',*,*,#2212,.T.);
#3431 = ORIENTED_EDGE('',*,*,#3387,.F.);
#3432 = ORIENTED_EDGE('',*,*,#3433,.T.);
#3433 = EDGE_CURVE('',#3381,#3434,#3436,.T.);
#3434 = VERTEX_POINT('',#3435);
#3435 = CARTESIAN_POINT('',(-1.51,0.25,1.E-07));
#3436 = B_SPLINE_CURVE_WITH_KNOTS('',1,(#3437,#3438),.UNSPECIFIED.,.F.,
  .F.,(2,2),(-0.,0.127),.PIECEWISE_BEZIER_KNOTS.);
#3437 = CARTESIAN_POINT('',(-1.51,0.25,0.1270001));
#3438 = CARTESIAN_POINT('',(-1.51,0.25,1.E-07));
#3439 = ORIENTED_EDGE('',*,*,#3440,.T.);
#3440 = EDGE_CURVE('',#3434,#3441,#3443,.T.);
#3441 = VERTEX_POINT('',#3442);
#3442 = CARTESIAN_POINT('',(-1.04,0.25,1.E-07));
#3443 = B_SPLINE_CURVE_WITH_KNOTS('',1,(#3444,#3445),.UNSPECIFIED.,.F.,
  .F.,(2,2),(-1.51,-1.04),.PIECEWISE_BEZIER_KNOTS.);
#3444 = CARTESIAN_POINT('',(-1.51,0.25,1.E-07));
#3445 = CARTESIAN_POINT('',(-1.04,0.25,1.E-07));
#3446 = ORIENTED_EDGE('',*,*,#3447,.F.);
#3447 = EDGE_CURVE('',#1947,#3441,#3448,.T.);
#3448 = B_SPLINE_CURVE_WITH_KNOTS('',1,(#3449,#3450),.UNSPECIFIED.,.F.,
  .F.,(2,2),(7.7E-02,0.127),.PIECEWISE_BEZIER_KNOTS.);
#3449 = CARTESIAN_POINT('',(-1.04,0.25,5.00001E-02));
#3450 = CARTESIAN_POINT('',(-1.04,0.25,1.E-07));
#3451 = B_SPLINE_SURFACE_WITH_KNOTS('',1,1,(
    (#3452,#3453)
    ,(#3454,#3455
    )),.UNSPECIFIED.,.F.,.F.,.F.,(2,2),(2,2),(1.04,1.51),(-0.127,0.),
  .PIECEWISE_BEZIER_KNOTS.);
#3452 = CARTESIAN_POINT('',(-1.04,0.25,1.E-07));
#3453 = CARTESIAN_POINT('',(-1.04,0.25,0.1270001));
#3454 = CARTESIAN_POINT('',(-1.51,0.25,1.E-07));
#3455 = CARTESIAN_POINT('',(-1.51,0.25,0.1270001));
#3456 = ADVANCED_FACE('',(#3457),#3474,.T.);
#3457 = FACE_BOUND('',#3458,.T.);
#3458 = EDGE_LOOP('',(#3459,#3460,#3461,#3468));
#3459 = ORIENTED_EDGE('',*,*,#3402,.F.);
#3460 = ORIENTED_EDGE('',*,*,#1968,.T.);
#3461 = ORIENTED_EDGE('',*,*,#3462,.T.);
#3462 = EDGE_CURVE('',#1962,#3463,#3465,.T.);
#3463 = VERTEX_POINT('',#3464);
#3464 = CARTESIAN_POINT('',(-0.91,0.42,1.E-07));
#3465 = B_SPLINE_CURVE_WITH_KNOTS('',1,(#3466,#3467),.UNSPECIFIED.,.F.,
  .F.,(2,2),(7.7E-02,0.127),.PIECEWISE_BEZIER_KNOTS.);
#3466 = CARTESIAN_POINT('',(-0.91,0.42,5.00001E-02));
#3467 = CARTESIAN_POINT('',(-0.91,0.42,1.E-07));
#3468 = ORIENTED_EDGE('',*,*,#3469,.F.);
#3469 = EDGE_CURVE('',#3403,#3463,#3470,.T.);
#3470 = ( BOUNDED_CURVE() B_SPLINE_CURVE(2,(#3471,#3472,#3473),
.UNSPECIFIED.,.F.,.F.) B_SPLINE_CURVE_WITH_KNOTS((3,3),(4.712388980384,
6.28318530718),.PIECEWISE_BEZIER_KNOTS.) CURVE() 
GEOMETRIC_REPRESENTATION_ITEM() RATIONAL_B_SPLINE_CURVE((1.,
0.707106781186,1.)) REPRESENTATION_ITEM('') );
#3471 = CARTESIAN_POINT('',(-1.04,0.55,1.E-07));
#3472 = CARTESIAN_POINT('',(-0.91,0.55,1.E-07));
#3473 = CARTESIAN_POINT('',(-0.91,0.42,1.E-07));
#3474 = ( BOUNDED_SURFACE() B_SPLINE_SURFACE(2,1,(
    (#3475,#3476)
    ,(#3477,#3478)
    ,(#3479,#3480
)),.UNSPECIFIED.,.F.,.F.,.F.) B_SPLINE_SURFACE_WITH_KNOTS((3,3),(2,2),(
    1.570796326795,3.14159265359),(7.7E-02,0.127),
.PIECEWISE_BEZIER_KNOTS.) GEOMETRIC_REPRESENTATION_ITEM() 
RATIONAL_B_SPLINE_SURFACE((
    (1.,1.)
    ,(0.707106781186,0.707106781186)
,(1.,1.))) REPRESENTATION_ITEM('') SURFACE() );
#3475 = CARTESIAN_POINT('',(-1.04,0.55,5.00001E-02));
#3476 = CARTESIAN_POINT('',(-1.04,0.55,1.E-07));
#3477 = CARTESIAN_POINT('',(-0.91,0.55,5.00001E-02));
#3478 = CARTESIAN_POINT('',(-0.91,0.55,1.E-07));
#3479 = CARTESIAN_POINT('',(-0.91,0.42,5.00001E-02));
#3480 = CARTESIAN_POINT('',(-0.91,0.42,1.E-07));
#3481 = ADVANCED_FACE('',(#3482),#3492,.F.);
#3482 = FACE_BOUND('',#3483,.T.);
#3483 = EDGE_LOOP('',(#3484,#3489,#3490,#3491));
#3484 = ORIENTED_EDGE('',*,*,#3485,.T.);
#3485 = EDGE_CURVE('',#3410,#3434,#3486,.T.);
#3486 = B_SPLINE_CURVE_WITH_KNOTS('',1,(#3487,#3488),.UNSPECIFIED.,.F.,
  .F.,(2,2),(-0.55,-0.25),.PIECEWISE_BEZIER_KNOTS.);
#3487 = CARTESIAN_POINT('',(-1.51,0.55,1.E-07));
#3488 = CARTESIAN_POINT('',(-1.51,0.25,1.E-07));
#3489 = ORIENTED_EDGE('',*,*,#3433,.F.);
#3490 = ORIENTED_EDGE('',*,*,#3380,.F.);
#3491 = ORIENTED_EDGE('',*,*,#3416,.T.);
#3492 = B_SPLINE_SURFACE_WITH_KNOTS('',1,1,(
    (#3493,#3494)
    ,(#3495,#3496
    )),.UNSPECIFIED.,.F.,.F.,.F.,(2,2),(2,2),(0.25,0.55),(-0.127,0.),
  .PIECEWISE_BEZIER_KNOTS.);
#3493 = CARTESIAN_POINT('',(-1.51,0.25,1.E-07));
#3494 = CARTESIAN_POINT('',(-1.51,0.25,0.1270001));
#3495 = CARTESIAN_POINT('',(-1.51,0.55,1.E-07));
#3496 = CARTESIAN_POINT('',(-1.51,0.55,0.1270001));
#3497 = ADVANCED_FACE('',(#3498),#3515,.T.);
#3498 = FACE_BOUND('',#3499,.T.);
#3499 = EDGE_LOOP('',(#3500,#3501,#3502,#3510));
#3500 = ORIENTED_EDGE('',*,*,#1953,.F.);
#3501 = ORIENTED_EDGE('',*,*,#3447,.T.);
#3502 = ORIENTED_EDGE('',*,*,#3503,.T.);
#3503 = EDGE_CURVE('',#3441,#3504,#3506,.T.);
#3504 = VERTEX_POINT('',#3505);
#3505 = CARTESIAN_POINT('',(-0.91,0.38,1.E-07));
#3506 = ( BOUNDED_CURVE() B_SPLINE_CURVE(2,(#3507,#3508,#3509),
.UNSPECIFIED.,.F.,.F.) B_SPLINE_CURVE_WITH_KNOTS((3,3),(4.712388980385,
6.28318530718),.PIECEWISE_BEZIER_KNOTS.) CURVE() 
GEOMETRIC_REPRESENTATION_ITEM() RATIONAL_B_SPLINE_CURVE((1.,
0.707106781187,1.)) REPRESENTATION_ITEM('') );
#3507 = CARTESIAN_POINT('',(-1.04,0.25,1.E-07));
#3508 = CARTESIAN_POINT('',(-0.91,0.25,1.E-07));
#3509 = CARTESIAN_POINT('',(-0.91,0.38,1.E-07));
#3510 = ORIENTED_EDGE('',*,*,#3511,.F.);
#3511 = EDGE_CURVE('',#1954,#3504,#3512,.T.);
#3512 = B_SPLINE_CURVE_WITH_KNOTS('',1,(#3513,#3514),.UNSPECIFIED.,.F.,
  .F.,(2,2),(7.7E-02,0.127),.PIECEWISE_BEZIER_KNOTS.);
#3513 = CARTESIAN_POINT('',(-0.91,0.38,5.00001E-02));
#3514 = CARTESIAN_POINT('',(-0.91,0.38,1.E-07));
#3515 = ( BOUNDED_SURFACE() B_SPLINE_SURFACE(2,1,(
    (#3516,#3517)
    ,(#3518,#3519)
    ,(#3520,#3521
)),.UNSPECIFIED.,.F.,.F.,.F.) B_SPLINE_SURFACE_WITH_KNOTS((3,3),(2,2),(
    3.14159265359,4.712388980385),(7.7E-02,0.127),
.PIECEWISE_BEZIER_KNOTS.) GEOMETRIC_REPRESENTATION_ITEM() 
RATIONAL_B_SPLINE_SURFACE((
    (1.,1.)
    ,(0.707106781186,0.707106781186)
,(1.,1.))) REPRESENTATION_ITEM('') SURFACE() );
#3516 = CARTESIAN_POINT('',(-0.91,0.38,5.00001E-02));
#3517 = CARTESIAN_POINT('',(-0.91,0.38,1.E-07));
#3518 = CARTESIAN_POINT('',(-0.91,0.25,5.00001E-02));
#3519 = CARTESIAN_POINT('',(-0.91,0.25,1.E-07));
#3520 = CARTESIAN_POINT('',(-1.04,0.25,5.00001E-02));
#3521 = CARTESIAN_POINT('',(-1.04,0.25,1.E-07));
#3522 = ADVANCED_FACE('',(#3523),#3533,.T.);
#3523 = FACE_BOUND('',#3524,.T.);
#3524 = EDGE_LOOP('',(#3525,#3526,#3527,#3528));
#3525 = ORIENTED_EDGE('',*,*,#3462,.F.);
#3526 = ORIENTED_EDGE('',*,*,#1961,.T.);
#3527 = ORIENTED_EDGE('',*,*,#3511,.T.);
#3528 = ORIENTED_EDGE('',*,*,#3529,.F.);
#3529 = EDGE_CURVE('',#3463,#3504,#3530,.T.);
#3530 = B_SPLINE_CURVE_WITH_KNOTS('',1,(#3531,#3532),.UNSPECIFIED.,.F.,
  .F.,(2,2),(-0.42,-0.38),.PIECEWISE_BEZIER_KNOTS.);
#3531 = CARTESIAN_POINT('',(-0.91,0.42,1.E-07));
#3532 = CARTESIAN_POINT('',(-0.91,0.38,1.E-07));
#3533 = B_SPLINE_SURFACE_WITH_KNOTS('',1,1,(
    (#3534,#3535)
    ,(#3536,#3537
    )),.UNSPECIFIED.,.F.,.F.,.F.,(2,2),(2,2),(0.38,0.42),(-0.127,
    -7.7E-02),.PIECEWISE_BEZIER_KNOTS.);
#3534 = CARTESIAN_POINT('',(-0.91,0.38,1.E-07));
#3535 = CARTESIAN_POINT('',(-0.91,0.38,5.00001E-02));
#3536 = CARTESIAN_POINT('',(-0.91,0.42,1.E-07));
#3537 = CARTESIAN_POINT('',(-0.91,0.42,5.00001E-02));
#3538 = ADVANCED_FACE('',(#3539),#3547,.F.);
#3539 = FACE_BOUND('',#3540,.T.);
#3540 = EDGE_LOOP('',(#3541,#3542,#3543,#3544,#3545,#3546));
#3541 = ORIENTED_EDGE('',*,*,#3469,.T.);
#3542 = ORIENTED_EDGE('',*,*,#3529,.T.);
#3543 = ORIENTED_EDGE('',*,*,#3503,.F.);
#3544 = ORIENTED_EDGE('',*,*,#3440,.F.);
#3545 = ORIENTED_EDGE('',*,*,#3485,.F.);
#3546 = ORIENTED_EDGE('',*,*,#3409,.T.);
#3547 = B_SPLINE_SURFACE_WITH_KNOTS('',1,1,(
    (#3548,#3549)
    ,(#3550,#3551
  )),.UNSPECIFIED.,.F.,.F.,.F.,(2,2),(2,2),(-1.51,-0.91),(0.25,0.55),
  .PIECEWISE_BEZIER_KNOTS.);
#3548 = CARTESIAN_POINT('',(-1.51,0.25,1.E-07));
#3549 = CARTESIAN_POINT('',(-1.51,0.55,1.E-07));
#3550 = CARTESIAN_POINT('',(-0.91,0.25,1.E-07));
#3551 = CARTESIAN_POINT('',(-0.91,0.55,1.E-07));
#3552 = ADVANCED_FACE('',(#3553),#3575,.T.);
#3553 = FACE_BOUND('',#3554,.T.);
#3554 = EDGE_LOOP('',(#3555,#3562,#3563,#3570));
#3555 = ORIENTED_EDGE('',*,*,#3556,.F.);
#3556 = EDGE_CURVE('',#2012,#3557,#3559,.T.);
#3557 = VERTEX_POINT('',#3558);
#3558 = CARTESIAN_POINT('',(0.1,-0.5,1.E-07));
#3559 = B_SPLINE_CURVE_WITH_KNOTS('',1,(#3560,#3561),.UNSPECIFIED.,.F.,
  .F.,(2,2),(7.7E-02,0.127),.PIECEWISE_BEZIER_KNOTS.);
#3560 = CARTESIAN_POINT('',(0.1,-0.5,5.00001E-02));
#3561 = CARTESIAN_POINT('',(0.1,-0.5,1.E-07));
#3562 = ORIENTED_EDGE('',*,*,#2011,.T.);
#3563 = ORIENTED_EDGE('',*,*,#3564,.T.);
#3564 = EDGE_CURVE('',#2014,#3565,#3567,.T.);
#3565 = VERTEX_POINT('',#3566);
#3566 = CARTESIAN_POINT('',(9.999999999998E-02,-1.3,1.E-07));
#3567 = B_SPLINE_CURVE_WITH_KNOTS('',1,(#3568,#3569),.UNSPECIFIED.,.F.,
  .F.,(2,2),(7.7E-02,0.127),.PIECEWISE_BEZIER_KNOTS.);
#3568 = CARTESIAN_POINT('',(9.999999999998E-02,-1.3,5.00001E-02));
#3569 = CARTESIAN_POINT('',(9.999999999998E-02,-1.3,1.E-07));
#3570 = ORIENTED_EDGE('',*,*,#3571,.F.);
#3571 = EDGE_CURVE('',#3557,#3565,#3572,.T.);
#3572 = B_SPLINE_CURVE_WITH_KNOTS('',1,(#3573,#3574),.UNSPECIFIED.,.F.,
  .F.,(2,2),(0.5,1.3),.PIECEWISE_BEZIER_KNOTS.);
#3573 = CARTESIAN_POINT('',(0.1,-0.5,1.E-07));
#3574 = CARTESIAN_POINT('',(9.999999999998E-02,-1.3,1.E-07));
#3575 = B_SPLINE_SURFACE_WITH_KNOTS('',1,1,(
    (#3576,#3577)
    ,(#3578,#3579
    )),.UNSPECIFIED.,.F.,.F.,.F.,(2,2),(2,2),(-1.3,-0.5),(-0.127,
    -7.7E-02),.PIECEWISE_BEZIER_KNOTS.);
#3576 = CARTESIAN_POINT('',(9.999999999998E-02,-1.3,1.E-07));
#3577 = CARTESIAN_POINT('',(9.999999999998E-02,-1.3,5.00001E-02));
#3578 = CARTESIAN_POINT('',(0.1,-0.5,1.E-07));
#3579 = CARTESIAN_POINT('',(0.1,-0.5,5.00001E-02));
#3580 = ADVANCED_FACE('',(#3581),#3597,.F.);
#3581 = FACE_BOUND('',#3582,.T.);
#3582 = EDGE_LOOP('',(#3583,#3584,#3585,#3592));
#3583 = ORIENTED_EDGE('',*,*,#2020,.F.);
#3584 = ORIENTED_EDGE('',*,*,#3556,.T.);
#3585 = ORIENTED_EDGE('',*,*,#3586,.T.);
#3586 = EDGE_CURVE('',#3557,#3587,#3589,.T.);
#3587 = VERTEX_POINT('',#3588);
#3588 = CARTESIAN_POINT('',(-9.999999999999E-02,-0.5,1.E-07));
#3589 = B_SPLINE_CURVE_WITH_KNOTS('',1,(#3590,#3591),.UNSPECIFIED.,.F.,
  .F.,(2,2),(-0.1,0.1),.PIECEWISE_BEZIER_KNOTS.);
#3590 = CARTESIAN_POINT('',(0.1,-0.5,1.E-07));
#3591 = CARTESIAN_POINT('',(-9.999999999999E-02,-0.5,1.E-07));
#3592 = ORIENTED_EDGE('',*,*,#3593,.F.);
#3593 = EDGE_CURVE('',#2021,#3587,#3594,.T.);
#3594 = B_SPLINE_CURVE_WITH_KNOTS('',1,(#3595,#3596),.UNSPECIFIED.,.F.,
  .F.,(2,2),(7.7E-02,0.127),.PIECEWISE_BEZIER_KNOTS.);
#3595 = CARTESIAN_POINT('',(-9.999999999999E-02,-0.5,5.00001E-02));
#3596 = CARTESIAN_POINT('',(-9.999999999999E-02,-0.5,1.E-07));
#3597 = B_SPLINE_SURFACE_WITH_KNOTS('',1,1,(
    (#3598,#3599)
    ,(#3600,#3601
    )),.UNSPECIFIED.,.F.,.F.,.F.,(2,2),(2,2),(7.7E-02,0.127),(-0.1,0.1),
  .PIECEWISE_BEZIER_KNOTS.);
#3598 = CARTESIAN_POINT('',(-9.999999999999E-02,-0.5,5.00001E-02));
#3599 = CARTESIAN_POINT('',(0.1,-0.5,5.00001E-02));
#3600 = CARTESIAN_POINT('',(-9.999999999999E-02,-0.5,1.E-07));
#3601 = CARTESIAN_POINT('',(0.1,-0.5,1.E-07));
#3602 = ADVANCED_FACE('',(#3603),#3619,.F.);
#3603 = FACE_BOUND('',#3604,.T.);
#3604 = EDGE_LOOP('',(#3605,#3606,#3607,#3614));
#3605 = ORIENTED_EDGE('',*,*,#2027,.F.);
#3606 = ORIENTED_EDGE('',*,*,#3593,.T.);
#3607 = ORIENTED_EDGE('',*,*,#3608,.T.);
#3608 = EDGE_CURVE('',#3587,#3609,#3611,.T.);
#3609 = VERTEX_POINT('',#3610);
#3610 = CARTESIAN_POINT('',(-9.999999999994E-02,-1.3,1.E-07));
#3611 = B_SPLINE_CURVE_WITH_KNOTS('',1,(#3612,#3613),.UNSPECIFIED.,.F.,
  .F.,(2,2),(0.5,1.3),.PIECEWISE_BEZIER_KNOTS.);
#3612 = CARTESIAN_POINT('',(-9.999999999999E-02,-0.5,1.E-07));
#3613 = CARTESIAN_POINT('',(-9.999999999994E-02,-1.3,1.E-07));
#3614 = ORIENTED_EDGE('',*,*,#3615,.F.);
#3615 = EDGE_CURVE('',#2028,#3609,#3616,.T.);
#3616 = B_SPLINE_CURVE_WITH_KNOTS('',1,(#3617,#3618),.UNSPECIFIED.,.F.,
  .F.,(2,2),(7.7E-02,0.127),.PIECEWISE_BEZIER_KNOTS.);
#3617 = CARTESIAN_POINT('',(-9.999999999994E-02,-1.3,5.00001E-02));
#3618 = CARTESIAN_POINT('',(-9.999999999994E-02,-1.3,1.E-07));
#3619 = B_SPLINE_SURFACE_WITH_KNOTS('',1,1,(
    (#3620,#3621)
    ,(#3622,#3623
    )),.UNSPECIFIED.,.F.,.F.,.F.,(2,2),(2,2),(-1.3,-0.5),(-0.127,
    -7.7E-02),.PIECEWISE_BEZIER_KNOTS.);
#3620 = CARTESIAN_POINT('',(-9.999999999994E-02,-1.3,1.E-07));
#3621 = CARTESIAN_POINT('',(-9.999999999994E-02,-1.3,5.00001E-02));
#3622 = CARTESIAN_POINT('',(-9.999999999999E-02,-0.5,1.E-07));
#3623 = CARTESIAN_POINT('',(-9.999999999999E-02,-0.5,5.00001E-02));
#3624 = ADVANCED_FACE('',(#3625),#3635,.T.);
#3625 = FACE_BOUND('',#3626,.T.);
#3626 = EDGE_LOOP('',(#3627,#3628,#3629,#3630));
#3627 = ORIENTED_EDGE('',*,*,#3564,.F.);
#3628 = ORIENTED_EDGE('',*,*,#2034,.T.);
#3629 = ORIENTED_EDGE('',*,*,#3615,.T.);
#3630 = ORIENTED_EDGE('',*,*,#3631,.F.);
#3631 = EDGE_CURVE('',#3565,#3609,#3632,.T.);
#3632 = B_SPLINE_CURVE_WITH_KNOTS('',1,(#3633,#3634),.UNSPECIFIED.,.F.,
  .F.,(2,2),(-9.999999999996E-02,9.999999999996E-02),
  .PIECEWISE_BEZIER_KNOTS.);
#3633 = CARTESIAN_POINT('',(9.999999999998E-02,-1.3,1.E-07));
#3634 = CARTESIAN_POINT('',(-9.999999999994E-02,-1.3,1.E-07));
#3635 = B_SPLINE_SURFACE_WITH_KNOTS('',1,1,(
    (#3636,#3637)
    ,(#3638,#3639
    )),.UNSPECIFIED.,.F.,.F.,.F.,(2,2),(2,2),(-9.999999999996E-02,
    9.999999999996E-02),(-0.127,-7.7E-02),.PIECEWISE_BEZIER_KNOTS.);
#3636 = CARTESIAN_POINT('',(-9.999999999994E-02,-1.3,1.E-07));
#3637 = CARTESIAN_POINT('',(-9.999999999994E-02,-1.3,5.00001E-02));
#3638 = CARTESIAN_POINT('',(9.999999999998E-02,-1.3,1.E-07));
#3639 = CARTESIAN_POINT('',(9.999999999998E-02,-1.3,5.00001E-02));
#3640 = ADVANCED_FACE('',(#3641),#3647,.F.);
#3641 = FACE_BOUND('',#3642,.T.);
#3642 = EDGE_LOOP('',(#3643,#3644,#3645,#3646));
#3643 = ORIENTED_EDGE('',*,*,#3571,.T.);
#3644 = ORIENTED_EDGE('',*,*,#3631,.T.);
#3645 = ORIENTED_EDGE('',*,*,#3608,.F.);
#3646 = ORIENTED_EDGE('',*,*,#3586,.F.);
#3647 = B_SPLINE_SURFACE_WITH_KNOTS('',1,1,(
    (#3648,#3649)
    ,(#3650,#3651
    )),.UNSPECIFIED.,.F.,.F.,.F.,(2,2),(2,2),(-0.1,0.1),(-1.3,-0.5),
  .PIECEWISE_BEZIER_KNOTS.);
#3648 = CARTESIAN_POINT('',(-9.999999999999E-02,-1.3,1.E-07));
#3649 = CARTESIAN_POINT('',(-9.999999999999E-02,-0.5,1.E-07));
#3650 = CARTESIAN_POINT('',(0.1,-1.3,1.E-07));
#3651 = CARTESIAN_POINT('',(0.1,-0.5,1.E-07));
#3652 = ADVANCED_FACE('',(#3653),#3675,.F.);
#3653 = FACE_BOUND('',#3654,.T.);
#3654 = EDGE_LOOP('',(#3655,#3656,#3663,#3670));
#3655 = ORIENTED_EDGE('',*,*,#2050,.F.);
#3656 = ORIENTED_EDGE('',*,*,#3657,.T.);
#3657 = EDGE_CURVE('',#2044,#3658,#3660,.T.);
#3658 = VERTEX_POINT('',#3659);
#3659 = CARTESIAN_POINT('',(9.999999999998E-02,1.3,1.E-07));
#3660 = B_SPLINE_CURVE_WITH_KNOTS('',1,(#3661,#3662),.UNSPECIFIED.,.F.,
  .F.,(2,2),(7.7E-02,0.127),.PIECEWISE_BEZIER_KNOTS.);
#3661 = CARTESIAN_POINT('',(9.999999999998E-02,1.3,5.00001E-02));
#3662 = CARTESIAN_POINT('',(9.999999999998E-02,1.3,1.E-07));
#3663 = ORIENTED_EDGE('',*,*,#3664,.T.);
#3664 = EDGE_CURVE('',#3658,#3665,#3667,.T.);
#3665 = VERTEX_POINT('',#3666);
#3666 = CARTESIAN_POINT('',(-3.769554113299E-15,1.3,1.E-07));
#3667 = B_SPLINE_CURVE_WITH_KNOTS('',1,(#3668,#3669),.UNSPECIFIED.,.F.,
  .F.,(2,2),(-9.999999999999E-02,-2.818925648463E-15),
  .PIECEWISE_BEZIER_KNOTS.);
#3668 = CARTESIAN_POINT('',(9.999999999998E-02,1.3,1.E-07));
#3669 = CARTESIAN_POINT('',(-3.769554113299E-15,1.3,1.E-07));
#3670 = ORIENTED_EDGE('',*,*,#3671,.F.);
#3671 = EDGE_CURVE('',#2051,#3665,#3672,.T.);
#3672 = B_SPLINE_CURVE_WITH_KNOTS('',1,(#3673,#3674),.UNSPECIFIED.,.F.,
  .F.,(2,2),(7.7E-02,0.127),.PIECEWISE_BEZIER_KNOTS.);
#3673 = CARTESIAN_POINT('',(-3.769554113299E-15,1.3,5.00001E-02));
#3674 = CARTESIAN_POINT('',(-3.769554113299E-15,1.3,1.E-07));
#3675 = B_SPLINE_SURFACE_WITH_KNOTS('',1,1,(
    (#3676,#3677)
    ,(#3678,#3679
    )),.UNSPECIFIED.,.F.,.F.,.F.,(2,2),(2,2),(2.818925648463E-15,
    9.999999999999E-02),(-0.127,-7.7E-02),.PIECEWISE_BEZIER_KNOTS.);
#3676 = CARTESIAN_POINT('',(-3.769554113299E-15,1.3,1.E-07));
#3677 = CARTESIAN_POINT('',(-3.769554113299E-15,1.3,5.00001E-02));
#3678 = CARTESIAN_POINT('',(9.999999999998E-02,1.3,1.E-07));
#3679 = CARTESIAN_POINT('',(9.999999999998E-02,1.3,5.00001E-02));
#3680 = ADVANCED_FACE('',(#3681),#3697,.F.);
#3681 = FACE_BOUND('',#3682,.T.);
#3682 = EDGE_LOOP('',(#3683,#3684,#3685,#3692));
#3683 = ORIENTED_EDGE('',*,*,#2057,.F.);
#3684 = ORIENTED_EDGE('',*,*,#3671,.T.);
#3685 = ORIENTED_EDGE('',*,*,#3686,.T.);
#3686 = EDGE_CURVE('',#3665,#3687,#3689,.T.);
#3687 = VERTEX_POINT('',#3688);
#3688 = CARTESIAN_POINT('',(-9.999999999999E-02,1.2,1.E-07));
#3689 = B_SPLINE_CURVE_WITH_KNOTS('',1,(#3690,#3691),.UNSPECIFIED.,.F.,
  .F.,(2,2),(-0.919238815543,-0.777817459305),.PIECEWISE_BEZIER_KNOTS.);
#3690 = CARTESIAN_POINT('',(-3.774758283726E-15,1.3,1.E-07));
#3691 = CARTESIAN_POINT('',(-9.999999999999E-02,1.2,1.E-07));
#3692 = ORIENTED_EDGE('',*,*,#3693,.F.);
#3693 = EDGE_CURVE('',#2058,#3687,#3694,.T.);
#3694 = B_SPLINE_CURVE_WITH_KNOTS('',1,(#3695,#3696),.UNSPECIFIED.,.F.,
  .F.,(2,2),(7.7E-02,0.127),.PIECEWISE_BEZIER_KNOTS.);
#3695 = CARTESIAN_POINT('',(-9.999999999999E-02,1.2,5.00001E-02));
#3696 = CARTESIAN_POINT('',(-9.999999999999E-02,1.2,1.E-07));
#3697 = B_SPLINE_SURFACE_WITH_KNOTS('',1,1,(
    (#3698,#3699)
    ,(#3700,#3701
    )),.UNSPECIFIED.,.F.,.F.,.F.,(2,2),(2,2),(0.777817459305,
    0.919238815543),(-0.127,-7.7E-02),.PIECEWISE_BEZIER_KNOTS.);
#3698 = CARTESIAN_POINT('',(-9.999999999999E-02,1.2,1.E-07));
#3699 = CARTESIAN_POINT('',(-9.999999999999E-02,1.2,5.00001E-02));
#3700 = CARTESIAN_POINT('',(-3.774758283726E-15,1.3,1.E-07));
#3701 = CARTESIAN_POINT('',(-3.774758283726E-15,1.3,5.00001E-02));
#3702 = ADVANCED_FACE('',(#3703),#3719,.T.);
#3703 = FACE_BOUND('',#3704,.T.);
#3704 = EDGE_LOOP('',(#3705,#3712,#3713,#3714));
#3705 = ORIENTED_EDGE('',*,*,#3706,.F.);
#3706 = EDGE_CURVE('',#2065,#3707,#3709,.T.);
#3707 = VERTEX_POINT('',#3708);
#3708 = CARTESIAN_POINT('',(-9.999999999999E-02,0.5,1.E-07));
#3709 = B_SPLINE_CURVE_WITH_KNOTS('',1,(#3710,#3711),.UNSPECIFIED.,.F.,
  .F.,(2,2),(7.7E-02,0.127),.PIECEWISE_BEZIER_KNOTS.);
#3710 = CARTESIAN_POINT('',(-9.999999999999E-02,0.5,5.00001E-02));
#3711 = CARTESIAN_POINT('',(-9.999999999999E-02,0.5,1.E-07));
#3712 = ORIENTED_EDGE('',*,*,#2064,.T.);
#3713 = ORIENTED_EDGE('',*,*,#3693,.T.);
#3714 = ORIENTED_EDGE('',*,*,#3715,.F.);
#3715 = EDGE_CURVE('',#3707,#3687,#3716,.T.);
#3716 = B_SPLINE_CURVE_WITH_KNOTS('',1,(#3717,#3718),.UNSPECIFIED.,.F.,
  .F.,(2,2),(0.5,1.2),.PIECEWISE_BEZIER_KNOTS.);
#3717 = CARTESIAN_POINT('',(-9.999999999999E-02,0.5,1.E-07));
#3718 = CARTESIAN_POINT('',(-9.999999999999E-02,1.2,1.E-07));
#3719 = B_SPLINE_SURFACE_WITH_KNOTS('',1,1,(
    (#3720,#3721)
    ,(#3722,#3723
    )),.UNSPECIFIED.,.F.,.F.,.F.,(2,2),(2,2),(-0.127,-7.7E-02),(0.5,1.2)
  ,.PIECEWISE_BEZIER_KNOTS.);
#3720 = CARTESIAN_POINT('',(-9.999999999999E-02,0.5,1.E-07));
#3721 = CARTESIAN_POINT('',(-9.999999999999E-02,1.2,1.E-07));
#3722 = CARTESIAN_POINT('',(-9.999999999999E-02,0.5,5.00001E-02));
#3723 = CARTESIAN_POINT('',(-9.999999999999E-02,1.2,5.00001E-02));
#3724 = ADVANCED_FACE('',(#3725),#3741,.T.);
#3725 = FACE_BOUND('',#3726,.T.);
#3726 = EDGE_LOOP('',(#3727,#3734,#3735,#3736));
#3727 = ORIENTED_EDGE('',*,*,#3728,.F.);
#3728 = EDGE_CURVE('',#2042,#3729,#3731,.T.);
#3729 = VERTEX_POINT('',#3730);
#3730 = CARTESIAN_POINT('',(0.1,0.5,1.E-07));
#3731 = B_SPLINE_CURVE_WITH_KNOTS('',1,(#3732,#3733),.UNSPECIFIED.,.F.,
  .F.,(2,2),(7.7E-02,0.127),.PIECEWISE_BEZIER_KNOTS.);
#3732 = CARTESIAN_POINT('',(0.1,0.5,5.00001E-02));
#3733 = CARTESIAN_POINT('',(0.1,0.5,1.E-07));
#3734 = ORIENTED_EDGE('',*,*,#2071,.T.);
#3735 = ORIENTED_EDGE('',*,*,#3706,.T.);
#3736 = ORIENTED_EDGE('',*,*,#3737,.F.);
#3737 = EDGE_CURVE('',#3729,#3707,#3738,.T.);
#3738 = B_SPLINE_CURVE_WITH_KNOTS('',1,(#3739,#3740),.UNSPECIFIED.,.F.,
  .F.,(2,2),(-0.1,1.E-01),.PIECEWISE_BEZIER_KNOTS.);
#3739 = CARTESIAN_POINT('',(0.1,0.5,1.E-07));
#3740 = CARTESIAN_POINT('',(-9.999999999999E-02,0.5,1.E-07));
#3741 = B_SPLINE_SURFACE_WITH_KNOTS('',1,1,(
    (#3742,#3743)
    ,(#3744,#3745
  )),.UNSPECIFIED.,.F.,.F.,.F.,(2,2),(2,2),(-1.E-01,0.1),(-0.127,
    -7.7E-02),.PIECEWISE_BEZIER_KNOTS.);
#3742 = CARTESIAN_POINT('',(-9.999999999999E-02,0.5,1.E-07));
#3743 = CARTESIAN_POINT('',(-9.999999999999E-02,0.5,5.00001E-02));
#3744 = CARTESIAN_POINT('',(0.1,0.5,1.E-07));
#3745 = CARTESIAN_POINT('',(0.1,0.5,5.00001E-02));
#3746 = ADVANCED_FACE('',(#3747),#3757,.F.);
#3747 = FACE_BOUND('',#3748,.T.);
#3748 = EDGE_LOOP('',(#3749,#3750,#3751,#3756));
#3749 = ORIENTED_EDGE('',*,*,#2041,.F.);
#3750 = ORIENTED_EDGE('',*,*,#3728,.T.);
#3751 = ORIENTED_EDGE('',*,*,#3752,.T.);
#3752 = EDGE_CURVE('',#3729,#3658,#3753,.T.);
#3753 = B_SPLINE_CURVE_WITH_KNOTS('',1,(#3754,#3755),.UNSPECIFIED.,.F.,
  .F.,(2,2),(0.5,1.3),.PIECEWISE_BEZIER_KNOTS.);
#3754 = CARTESIAN_POINT('',(0.1,0.5,1.E-07));
#3755 = CARTESIAN_POINT('',(9.999999999998E-02,1.3,1.E-07));
#3756 = ORIENTED_EDGE('',*,*,#3657,.F.);
#3757 = B_SPLINE_SURFACE_WITH_KNOTS('',1,1,(
    (#3758,#3759)
    ,(#3760,#3761
    )),.UNSPECIFIED.,.F.,.F.,.F.,(2,2),(2,2),(-1.3,-0.5),(-0.127,
    -7.7E-02),.PIECEWISE_BEZIER_KNOTS.);
#3758 = CARTESIAN_POINT('',(9.999999999998E-02,1.3,1.E-07));
#3759 = CARTESIAN_POINT('',(9.999999999998E-02,1.3,5.00001E-02));
#3760 = CARTESIAN_POINT('',(0.1,0.5,1.E-07));
#3761 = CARTESIAN_POINT('',(0.1,0.5,5.00001E-02));
#3762 = ADVANCED_FACE('',(#3763),#3770,.F.);
#3763 = FACE_BOUND('',#3764,.T.);
#3764 = EDGE_LOOP('',(#3765,#3766,#3767,#3768,#3769));
#3765 = ORIENTED_EDGE('',*,*,#3664,.F.);
#3766 = ORIENTED_EDGE('',*,*,#3752,.F.);
#3767 = ORIENTED_EDGE('',*,*,#3737,.T.);
#3768 = ORIENTED_EDGE('',*,*,#3715,.T.);
#3769 = ORIENTED_EDGE('',*,*,#3686,.F.);
#3770 = B_SPLINE_SURFACE_WITH_KNOTS('',1,1,(
    (#3771,#3772)
    ,(#3773,#3774
  )),.UNSPECIFIED.,.F.,.F.,.F.,(2,2),(2,2),(-1.E-01,0.1),(0.5,1.3),
  .PIECEWISE_BEZIER_KNOTS.);
#3771 = CARTESIAN_POINT('',(-9.999999999999E-02,0.5,1.E-07));
#3772 = CARTESIAN_POINT('',(-9.999999999999E-02,1.3,1.E-07));
#3773 = CARTESIAN_POINT('',(0.1,0.5,1.E-07));
#3774 = CARTESIAN_POINT('',(0.1,1.3,1.E-07));
#3775 = ADVANCED_FACE('',(#3776),#3798,.T.);
#3776 = FACE_BOUND('',#3777,.T.);
#3777 = EDGE_LOOP('',(#3778,#3779,#3786,#3793));
#3778 = ORIENTED_EDGE('',*,*,#2185,.F.);
#3779 = ORIENTED_EDGE('',*,*,#3780,.F.);
#3780 = EDGE_CURVE('',#3781,#2179,#3783,.T.);
#3781 = VERTEX_POINT('',#3782);
#3782 = CARTESIAN_POINT('',(-1.51,1.35,0.1270001));
#3783 = B_SPLINE_CURVE_WITH_KNOTS('',1,(#3784,#3785),.UNSPECIFIED.,.F.,
  .F.,(2,2),(-1.51,-1.5),.PIECEWISE_BEZIER_KNOTS.);
#3784 = CARTESIAN_POINT('',(-1.51,1.35,0.1270001));
#3785 = CARTESIAN_POINT('',(-1.5,1.35,0.1270001));
#3786 = ORIENTED_EDGE('',*,*,#3787,.T.);
#3787 = EDGE_CURVE('',#3781,#3788,#3790,.T.);
#3788 = VERTEX_POINT('',#3789);
#3789 = CARTESIAN_POINT('',(-1.51,1.05,0.1270001));
#3790 = B_SPLINE_CURVE_WITH_KNOTS('',1,(#3791,#3792),.UNSPECIFIED.,.F.,
  .F.,(2,2),(-1.35,-1.05),.PIECEWISE_BEZIER_KNOTS.);
#3791 = CARTESIAN_POINT('',(-1.51,1.35,0.1270001));
#3792 = CARTESIAN_POINT('',(-1.51,1.05,0.1270001));
#3793 = ORIENTED_EDGE('',*,*,#3794,.T.);
#3794 = EDGE_CURVE('',#3788,#2186,#3795,.T.);
#3795 = B_SPLINE_CURVE_WITH_KNOTS('',1,(#3796,#3797),.UNSPECIFIED.,.F.,
  .F.,(2,2),(-1.51,-1.5),.PIECEWISE_BEZIER_KNOTS.);
#3796 = CARTESIAN_POINT('',(-1.51,1.05,0.1270001));
#3797 = CARTESIAN_POINT('',(-1.5,1.05,0.1270001));
#3798 = B_SPLINE_SURFACE_WITH_KNOTS('',1,1,(
    (#3799,#3800)
    ,(#3801,#3802
    )),.UNSPECIFIED.,.F.,.F.,.F.,(2,2),(2,2),(-1.51,-1.5),(1.05,1.35),
  .PIECEWISE_BEZIER_KNOTS.);
#3799 = CARTESIAN_POINT('',(-1.51,1.05,0.1270001));
#3800 = CARTESIAN_POINT('',(-1.51,1.35,0.1270001));
#3801 = CARTESIAN_POINT('',(-1.5,1.05,0.1270001));
#3802 = CARTESIAN_POINT('',(-1.5,1.35,0.1270001));
#3803 = ADVANCED_FACE('',(#3804),#3826,.T.);
#3804 = FACE_BOUND('',#3805,.T.);
#3805 = EDGE_LOOP('',(#3806,#3813,#3814,#3821));
#3806 = ORIENTED_EDGE('',*,*,#3807,.F.);
#3807 = EDGE_CURVE('',#1998,#3808,#3810,.T.);
#3808 = VERTEX_POINT('',#3809);
#3809 = CARTESIAN_POINT('',(-0.91,1.35,1.E-07));
#3810 = B_SPLINE_CURVE_WITH_KNOTS('',1,(#3811,#3812),.UNSPECIFIED.,.F.,
  .F.,(2,2),(7.7E-02,0.127),.PIECEWISE_BEZIER_KNOTS.);
#3811 = CARTESIAN_POINT('',(-0.91,1.35,5.00001E-02));
#3812 = CARTESIAN_POINT('',(-0.91,1.35,1.E-07));
#3813 = ORIENTED_EDGE('',*,*,#1997,.T.);
#3814 = ORIENTED_EDGE('',*,*,#3815,.T.);
#3815 = EDGE_CURVE('',#1991,#3816,#3818,.T.);
#3816 = VERTEX_POINT('',#3817);
#3817 = CARTESIAN_POINT('',(-0.91,1.05,1.E-07));
#3818 = B_SPLINE_CURVE_WITH_KNOTS('',1,(#3819,#3820),.UNSPECIFIED.,.F.,
  .F.,(2,2),(7.7E-02,0.127),.PIECEWISE_BEZIER_KNOTS.);
#3819 = CARTESIAN_POINT('',(-0.91,1.05,5.00001E-02));
#3820 = CARTESIAN_POINT('',(-0.91,1.05,1.E-07));
#3821 = ORIENTED_EDGE('',*,*,#3822,.F.);
#3822 = EDGE_CURVE('',#3808,#3816,#3823,.T.);
#3823 = B_SPLINE_CURVE_WITH_KNOTS('',1,(#3824,#3825),.UNSPECIFIED.,.F.,
  .F.,(2,2),(-1.35,-1.05),.PIECEWISE_BEZIER_KNOTS.);
#3824 = CARTESIAN_POINT('',(-0.91,1.35,1.E-07));
#3825 = CARTESIAN_POINT('',(-0.91,1.05,1.E-07));
#3826 = B_SPLINE_SURFACE_WITH_KNOTS('',1,1,(
    (#3827,#3828)
    ,(#3829,#3830
    )),.UNSPECIFIED.,.F.,.F.,.F.,(2,2),(2,2),(1.05,1.35),(-0.127,
    -7.7E-02),.PIECEWISE_BEZIER_KNOTS.);
#3827 = CARTESIAN_POINT('',(-0.91,1.05,1.E-07));
#3828 = CARTESIAN_POINT('',(-0.91,1.05,5.00001E-02));
#3829 = CARTESIAN_POINT('',(-0.91,1.35,1.E-07));
#3830 = CARTESIAN_POINT('',(-0.91,1.35,5.00001E-02));
#3831 = ADVANCED_FACE('',(#3832),#3850,.T.);
#3832 = FACE_BOUND('',#3833,.T.);
#3833 = EDGE_LOOP('',(#3834,#3835,#3836,#3837,#3844,#3849));
#3834 = ORIENTED_EDGE('',*,*,#2178,.F.);
#3835 = ORIENTED_EDGE('',*,*,#2004,.T.);
#3836 = ORIENTED_EDGE('',*,*,#3807,.T.);
#3837 = ORIENTED_EDGE('',*,*,#3838,.F.);
#3838 = EDGE_CURVE('',#3839,#3808,#3841,.T.);
#3839 = VERTEX_POINT('',#3840);
#3840 = CARTESIAN_POINT('',(-1.51,1.35,1.E-07));
#3841 = B_SPLINE_CURVE_WITH_KNOTS('',1,(#3842,#3843),.UNSPECIFIED.,.F.,
  .F.,(2,2),(-1.51,-0.91),.PIECEWISE_BEZIER_KNOTS.);
#3842 = CARTESIAN_POINT('',(-1.51,1.35,1.E-07));
#3843 = CARTESIAN_POINT('',(-0.91,1.35,1.E-07));
#3844 = ORIENTED_EDGE('',*,*,#3845,.F.);
#3845 = EDGE_CURVE('',#3781,#3839,#3846,.T.);
#3846 = B_SPLINE_CURVE_WITH_KNOTS('',1,(#3847,#3848),.UNSPECIFIED.,.F.,
  .F.,(2,2),(-0.,0.127),.PIECEWISE_BEZIER_KNOTS.);
#3847 = CARTESIAN_POINT('',(-1.51,1.35,0.1270001));
#3848 = CARTESIAN_POINT('',(-1.51,1.35,1.E-07));
#3849 = ORIENTED_EDGE('',*,*,#3780,.T.);
#3850 = B_SPLINE_SURFACE_WITH_KNOTS('',1,1,(
    (#3851,#3852)
    ,(#3853,#3854
    )),.UNSPECIFIED.,.F.,.F.,.F.,(2,2),(2,2),(0.91,1.51),(-0.127,0.),
  .PIECEWISE_BEZIER_KNOTS.);
#3851 = CARTESIAN_POINT('',(-0.91,1.35,1.E-07));
#3852 = CARTESIAN_POINT('',(-0.91,1.35,0.1270001));
#3853 = CARTESIAN_POINT('',(-1.51,1.35,1.E-07));
#3854 = CARTESIAN_POINT('',(-1.51,1.35,0.1270001));
#3855 = ADVANCED_FACE('',(#3856),#3872,.F.);
#3856 = FACE_BOUND('',#3857,.T.);
#3857 = EDGE_LOOP('',(#3858,#3865,#3870,#3871));
#3858 = ORIENTED_EDGE('',*,*,#3859,.T.);
#3859 = EDGE_CURVE('',#3839,#3860,#3862,.T.);
#3860 = VERTEX_POINT('',#3861);
#3861 = CARTESIAN_POINT('',(-1.51,1.05,1.E-07));
#3862 = B_SPLINE_CURVE_WITH_KNOTS('',1,(#3863,#3864),.UNSPECIFIED.,.F.,
  .F.,(2,2),(-1.35,-1.05),.PIECEWISE_BEZIER_KNOTS.);
#3863 = CARTESIAN_POINT('',(-1.51,1.35,1.E-07));
#3864 = CARTESIAN_POINT('',(-1.51,1.05,1.E-07));
#3865 = ORIENTED_EDGE('',*,*,#3866,.F.);
#3866 = EDGE_CURVE('',#3788,#3860,#3867,.T.);
#3867 = B_SPLINE_CURVE_WITH_KNOTS('',1,(#3868,#3869),.UNSPECIFIED.,.F.,
  .F.,(2,2),(-0.,0.127),.PIECEWISE_BEZIER_KNOTS.);
#3868 = CARTESIAN_POINT('',(-1.51,1.05,0.1270001));
#3869 = CARTESIAN_POINT('',(-1.51,1.05,1.E-07));
#3870 = ORIENTED_EDGE('',*,*,#3787,.F.);
#3871 = ORIENTED_EDGE('',*,*,#3845,.T.);
#3872 = B_SPLINE_SURFACE_WITH_KNOTS('',1,1,(
    (#3873,#3874)
    ,(#3875,#3876
    )),.UNSPECIFIED.,.F.,.F.,.F.,(2,2),(2,2),(1.05,1.35),(-0.127,0.),
  .PIECEWISE_BEZIER_KNOTS.);
#3873 = CARTESIAN_POINT('',(-1.51,1.05,1.E-07));
#3874 = CARTESIAN_POINT('',(-1.51,1.05,0.1270001));
#3875 = CARTESIAN_POINT('',(-1.51,1.35,1.E-07));
#3876 = CARTESIAN_POINT('',(-1.51,1.35,0.1270001));
#3877 = ADVANCED_FACE('',(#3878),#3890,.F.);
#3878 = FACE_BOUND('',#3879,.T.);
#3879 = EDGE_LOOP('',(#3880,#3881,#3882,#3883,#3884,#3889));
#3880 = ORIENTED_EDGE('',*,*,#1990,.F.);
#3881 = ORIENTED_EDGE('',*,*,#2192,.T.);
#3882 = ORIENTED_EDGE('',*,*,#3794,.F.);
#3883 = ORIENTED_EDGE('',*,*,#3866,.T.);
#3884 = ORIENTED_EDGE('',*,*,#3885,.T.);
#3885 = EDGE_CURVE('',#3860,#3816,#3886,.T.);
#3886 = B_SPLINE_CURVE_WITH_KNOTS('',1,(#3887,#3888),.UNSPECIFIED.,.F.,
  .F.,(2,2),(-1.51,-0.91),.PIECEWISE_BEZIER_KNOTS.);
#3887 = CARTESIAN_POINT('',(-1.51,1.05,1.E-07));
#3888 = CARTESIAN_POINT('',(-0.91,1.05,1.E-07));
#3889 = ORIENTED_EDGE('',*,*,#3815,.F.);
#3890 = B_SPLINE_SURFACE_WITH_KNOTS('',1,1,(
    (#3891,#3892)
    ,(#3893,#3894
    )),.UNSPECIFIED.,.F.,.F.,.F.,(2,2),(2,2),(0.91,1.51),(-0.127,0.),
  .PIECEWISE_BEZIER_KNOTS.);
#3891 = CARTESIAN_POINT('',(-0.91,1.05,1.E-07));
#3892 = CARTESIAN_POINT('',(-0.91,1.05,0.1270001));
#3893 = CARTESIAN_POINT('',(-1.51,1.05,1.E-07));
#3894 = CARTESIAN_POINT('',(-1.51,1.05,0.1270001));
#3895 = ADVANCED_FACE('',(#3896),#3902,.F.);
#3896 = FACE_BOUND('',#3897,.T.);
#3897 = EDGE_LOOP('',(#3898,#3899,#3900,#3901));
#3898 = ORIENTED_EDGE('',*,*,#3822,.T.);
#3899 = ORIENTED_EDGE('',*,*,#3885,.F.);
#3900 = ORIENTED_EDGE('',*,*,#3859,.F.);
#3901 = ORIENTED_EDGE('',*,*,#3838,.T.);
#3902 = B_SPLINE_SURFACE_WITH_KNOTS('',1,1,(
    (#3903,#3904)
    ,(#3905,#3906
  )),.UNSPECIFIED.,.F.,.F.,.F.,(2,2),(2,2),(-1.51,-0.91),(1.05,1.35),
  .PIECEWISE_BEZIER_KNOTS.);
#3903 = CARTESIAN_POINT('',(-1.51,1.05,1.E-07));
#3904 = CARTESIAN_POINT('',(-1.51,1.35,1.E-07));
#3905 = CARTESIAN_POINT('',(-0.91,1.05,1.E-07));
#3906 = CARTESIAN_POINT('',(-0.91,1.35,1.E-07));
#3907 = ADVANCED_FACE('',(#3908),#3930,.F.);
#3908 = FACE_BOUND('',#3909,.T.);
#3909 = EDGE_LOOP('',(#3910,#3917,#3918,#3925));
#3910 = ORIENTED_EDGE('',*,*,#3911,.F.);
#3911 = EDGE_CURVE('',#1576,#3912,#3914,.T.);
#3912 = VERTEX_POINT('',#3913);
#3913 = CARTESIAN_POINT('',(0.9,2.01,0.2000001));
#3914 = B_SPLINE_CURVE_WITH_KNOTS('',1,(#3915,#3916),.UNSPECIFIED.,.F.,
  .F.,(2,2),(-1.E-02,0.),.PIECEWISE_BEZIER_KNOTS.);
#3915 = CARTESIAN_POINT('',(0.9,2.,0.2000001));
#3916 = CARTESIAN_POINT('',(0.9,2.01,0.2000001));
#3917 = ORIENTED_EDGE('',*,*,#1596,.T.);
#3918 = ORIENTED_EDGE('',*,*,#3919,.T.);
#3919 = EDGE_CURVE('',#1590,#3920,#3922,.T.);
#3920 = VERTEX_POINT('',#3921);
#3921 = CARTESIAN_POINT('',(0.9,2.01,0.1000001));
#3922 = B_SPLINE_CURVE_WITH_KNOTS('',1,(#3923,#3924),.UNSPECIFIED.,.F.,
  .F.,(2,2),(-1.E-02,0.),.PIECEWISE_BEZIER_KNOTS.);
#3923 = CARTESIAN_POINT('',(0.9,2.,0.1000001));
#3924 = CARTESIAN_POINT('',(0.9,2.01,0.1000001));
#3925 = ORIENTED_EDGE('',*,*,#3926,.F.);
#3926 = EDGE_CURVE('',#3912,#3920,#3927,.T.);
#3927 = B_SPLINE_CURVE_WITH_KNOTS('',1,(#3928,#3929),.UNSPECIFIED.,.F.,
  .F.,(2,2),(-0.,0.1),.PIECEWISE_BEZIER_KNOTS.);
#3928 = CARTESIAN_POINT('',(0.9,2.01,0.2000001));
#3929 = CARTESIAN_POINT('',(0.9,2.01,0.1000001));
#3930 = B_SPLINE_SURFACE_WITH_KNOTS('',1,1,(
    (#3931,#3932)
    ,(#3933,#3934
    )),.UNSPECIFIED.,.F.,.F.,.F.,(2,2),(2,2),(0.,1.E-02),(-0.1,0.),
  .PIECEWISE_BEZIER_KNOTS.);
#3931 = CARTESIAN_POINT('',(0.9,2.01,0.1000001));
#3932 = CARTESIAN_POINT('',(0.9,2.01,0.2000001));
#3933 = CARTESIAN_POINT('',(0.9,2.,0.1000001));
#3934 = CARTESIAN_POINT('',(0.9,2.,0.2000001));
#3935 = ADVANCED_FACE('',(#3936),#3958,.F.);
#3936 = FACE_BOUND('',#3937,.T.);
#3937 = EDGE_LOOP('',(#3938,#3945,#3946,#3953));
#3938 = ORIENTED_EDGE('',*,*,#3939,.T.);
#3939 = EDGE_CURVE('',#3940,#1583,#3942,.T.);
#3940 = VERTEX_POINT('',#3941);
#3941 = CARTESIAN_POINT('',(0.5,2.01,0.1000001));
#3942 = B_SPLINE_CURVE_WITH_KNOTS('',1,(#3943,#3944),.UNSPECIFIED.,.F.,
  .F.,(2,2),(0.,1.E-02),.PIECEWISE_BEZIER_KNOTS.);
#3943 = CARTESIAN_POINT('',(0.5,2.01,0.1000001));
#3944 = CARTESIAN_POINT('',(0.5,2.,0.1000001));
#3945 = ORIENTED_EDGE('',*,*,#1582,.T.);
#3946 = ORIENTED_EDGE('',*,*,#3947,.F.);
#3947 = EDGE_CURVE('',#3948,#1574,#3950,.T.);
#3948 = VERTEX_POINT('',#3949);
#3949 = CARTESIAN_POINT('',(0.5,2.01,0.2000001));
#3950 = B_SPLINE_CURVE_WITH_KNOTS('',1,(#3951,#3952),.UNSPECIFIED.,.F.,
  .F.,(2,2),(0.,1.E-02),.PIECEWISE_BEZIER_KNOTS.);
#3951 = CARTESIAN_POINT('',(0.5,2.01,0.2000001));
#3952 = CARTESIAN_POINT('',(0.5,2.,0.2000001));
#3953 = ORIENTED_EDGE('',*,*,#3954,.T.);
#3954 = EDGE_CURVE('',#3948,#3940,#3955,.T.);
#3955 = B_SPLINE_CURVE_WITH_KNOTS('',1,(#3956,#3957),.UNSPECIFIED.,.F.,
  .F.,(2,2),(-0.,0.1),.PIECEWISE_BEZIER_KNOTS.);
#3956 = CARTESIAN_POINT('',(0.5,2.01,0.2000001));
#3957 = CARTESIAN_POINT('',(0.5,2.01,0.1000001));
#3958 = B_SPLINE_SURFACE_WITH_KNOTS('',1,1,(
    (#3959,#3960)
    ,(#3961,#3962
    )),.UNSPECIFIED.,.F.,.F.,.F.,(2,2),(2,2),(0.,0.1),(-1.E-02,0.),
  .PIECEWISE_BEZIER_KNOTS.);
#3959 = CARTESIAN_POINT('',(0.5,2.,0.2000001));
#3960 = CARTESIAN_POINT('',(0.5,2.01,0.2000001));
#3961 = CARTESIAN_POINT('',(0.5,2.,0.1000001));
#3962 = CARTESIAN_POINT('',(0.5,2.01,0.1000001));
#3963 = ADVANCED_FACE('',(#3964),#3974,.F.);
#3964 = FACE_BOUND('',#3965,.T.);
#3965 = EDGE_LOOP('',(#3966,#3967,#3968,#3969));
#3966 = ORIENTED_EDGE('',*,*,#3947,.T.);
#3967 = ORIENTED_EDGE('',*,*,#1573,.T.);
#3968 = ORIENTED_EDGE('',*,*,#3911,.T.);
#3969 = ORIENTED_EDGE('',*,*,#3970,.T.);
#3970 = EDGE_CURVE('',#3912,#3948,#3971,.T.);
#3971 = B_SPLINE_CURVE_WITH_KNOTS('',1,(#3972,#3973),.UNSPECIFIED.,.F.,
  .F.,(2,2),(0.,0.4),.PIECEWISE_BEZIER_KNOTS.);
#3972 = CARTESIAN_POINT('',(0.9,2.01,0.2000001));
#3973 = CARTESIAN_POINT('',(0.5,2.01,0.2000001));
#3974 = B_SPLINE_SURFACE_WITH_KNOTS('',1,1,(
    (#3975,#3976)
    ,(#3977,#3978
    )),.UNSPECIFIED.,.F.,.F.,.F.,(2,2),(2,2),(-0.9,-0.5),(2.,2.01),
  .PIECEWISE_BEZIER_KNOTS.);
#3975 = CARTESIAN_POINT('',(0.9,2.,0.2000001));
#3976 = CARTESIAN_POINT('',(0.9,2.01,0.2000001));
#3977 = CARTESIAN_POINT('',(0.5,2.,0.2000001));
#3978 = CARTESIAN_POINT('',(0.5,2.01,0.2000001));
#3979 = ADVANCED_FACE('',(#3980),#3990,.T.);
#3980 = FACE_BOUND('',#3981,.T.);
#3981 = EDGE_LOOP('',(#3982,#3983,#3984,#3989));
#3982 = ORIENTED_EDGE('',*,*,#1589,.F.);
#3983 = ORIENTED_EDGE('',*,*,#3939,.F.);
#3984 = ORIENTED_EDGE('',*,*,#3985,.F.);
#3985 = EDGE_CURVE('',#3920,#3940,#3986,.T.);
#3986 = B_SPLINE_CURVE_WITH_KNOTS('',1,(#3987,#3988),.UNSPECIFIED.,.F.,
  .F.,(2,2),(0.,0.4),.PIECEWISE_BEZIER_KNOTS.);
#3987 = CARTESIAN_POINT('',(0.9,2.01,0.1000001));
#3988 = CARTESIAN_POINT('',(0.5,2.01,0.1000001));
#3989 = ORIENTED_EDGE('',*,*,#3919,.F.);
#3990 = B_SPLINE_SURFACE_WITH_KNOTS('',1,1,(
    (#3991,#3992)
    ,(#3993,#3994
    )),.UNSPECIFIED.,.F.,.F.,.F.,(2,2),(2,2),(-0.9,-0.5),(2.,2.01),
  .PIECEWISE_BEZIER_KNOTS.);
#3991 = CARTESIAN_POINT('',(0.9,2.,0.1000001));
#3992 = CARTESIAN_POINT('',(0.9,2.01,0.1000001));
#3993 = CARTESIAN_POINT('',(0.5,2.,0.1000001));
#3994 = CARTESIAN_POINT('',(0.5,2.01,0.1000001));
#3995 = ADVANCED_FACE('',(#3996),#4002,.F.);
#3996 = FACE_BOUND('',#3997,.T.);
#3997 = EDGE_LOOP('',(#3998,#3999,#4000,#4001));
#3998 = ORIENTED_EDGE('',*,*,#3985,.T.);
#3999 = ORIENTED_EDGE('',*,*,#3954,.F.);
#4000 = ORIENTED_EDGE('',*,*,#3970,.F.);
#4001 = ORIENTED_EDGE('',*,*,#3926,.T.);
#4002 = B_SPLINE_SURFACE_WITH_KNOTS('',1,1,(
    (#4003,#4004)
    ,(#4005,#4006
    )),.UNSPECIFIED.,.F.,.F.,.F.,(2,2),(2,2),(-0.,0.1),(-0.4,0.),
  .PIECEWISE_BEZIER_KNOTS.);
#4003 = CARTESIAN_POINT('',(0.5,2.01,0.2000001));
#4004 = CARTESIAN_POINT('',(0.9,2.01,0.2000001));
#4005 = CARTESIAN_POINT('',(0.5,2.01,0.1000001));
#4006 = CARTESIAN_POINT('',(0.9,2.01,0.1000001));
#4007 = ADVANCED_FACE('',(#4008),#4030,.F.);
#4008 = FACE_BOUND('',#4009,.T.);
#4009 = EDGE_LOOP('',(#4010,#4017,#4018,#4025));
#4010 = ORIENTED_EDGE('',*,*,#4011,.T.);
#4011 = EDGE_CURVE('',#4012,#1635,#4014,.T.);
#4012 = VERTEX_POINT('',#4013);
#4013 = CARTESIAN_POINT('',(-0.9,2.01,0.1000001));
#4014 = B_SPLINE_CURVE_WITH_KNOTS('',1,(#4015,#4016),.UNSPECIFIED.,.F.,
  .F.,(2,2),(0.,1.E-02),.PIECEWISE_BEZIER_KNOTS.);
#4015 = CARTESIAN_POINT('',(-0.9,2.01,0.1000001));
#4016 = CARTESIAN_POINT('',(-0.9,2.,0.1000001));
#4017 = ORIENTED_EDGE('',*,*,#1634,.T.);
#4018 = ORIENTED_EDGE('',*,*,#4019,.F.);
#4019 = EDGE_CURVE('',#4020,#1626,#4022,.T.);
#4020 = VERTEX_POINT('',#4021);
#4021 = CARTESIAN_POINT('',(-0.9,2.01,0.2000001));
#4022 = B_SPLINE_CURVE_WITH_KNOTS('',1,(#4023,#4024),.UNSPECIFIED.,.F.,
  .F.,(2,2),(0.,1.E-02),.PIECEWISE_BEZIER_KNOTS.);
#4023 = CARTESIAN_POINT('',(-0.9,2.01,0.2000001));
#4024 = CARTESIAN_POINT('',(-0.9,2.,0.2000001));
#4025 = ORIENTED_EDGE('',*,*,#4026,.T.);
#4026 = EDGE_CURVE('',#4020,#4012,#4027,.T.);
#4027 = B_SPLINE_CURVE_WITH_KNOTS('',1,(#4028,#4029),.UNSPECIFIED.,.F.,
  .F.,(2,2),(-0.,0.1),.PIECEWISE_BEZIER_KNOTS.);
#4028 = CARTESIAN_POINT('',(-0.9,2.01,0.2000001));
#4029 = CARTESIAN_POINT('',(-0.9,2.01,0.1000001));
#4030 = B_SPLINE_SURFACE_WITH_KNOTS('',1,1,(
    (#4031,#4032)
    ,(#4033,#4034
    )),.UNSPECIFIED.,.F.,.F.,.F.,(2,2),(2,2),(-1.E-02,0.),(-0.1,0.),
  .PIECEWISE_BEZIER_KNOTS.);
#4031 = CARTESIAN_POINT('',(-0.9,2.,0.1000001));
#4032 = CARTESIAN_POINT('',(-0.9,2.,0.2000001));
#4033 = CARTESIAN_POINT('',(-0.9,2.01,0.1000001));
#4034 = CARTESIAN_POINT('',(-0.9,2.01,0.2000001));
#4035 = ADVANCED_FACE('',(#4036),#4058,.F.);
#4036 = FACE_BOUND('',#4037,.T.);
#4037 = EDGE_LOOP('',(#4038,#4045,#4046,#4053));
#4038 = ORIENTED_EDGE('',*,*,#4039,.F.);
#4039 = EDGE_CURVE('',#1628,#4040,#4042,.T.);
#4040 = VERTEX_POINT('',#4041);
#4041 = CARTESIAN_POINT('',(-0.5,2.01,0.2000001));
#4042 = B_SPLINE_CURVE_WITH_KNOTS('',1,(#4043,#4044),.UNSPECIFIED.,.F.,
  .F.,(2,2),(-1.E-02,0.),.PIECEWISE_BEZIER_KNOTS.);
#4043 = CARTESIAN_POINT('',(-0.5,2.,0.2000001));
#4044 = CARTESIAN_POINT('',(-0.5,2.01,0.2000001));
#4045 = ORIENTED_EDGE('',*,*,#1648,.T.);
#4046 = ORIENTED_EDGE('',*,*,#4047,.T.);
#4047 = EDGE_CURVE('',#1642,#4048,#4050,.T.);
#4048 = VERTEX_POINT('',#4049);
#4049 = CARTESIAN_POINT('',(-0.5,2.01,0.1000001));
#4050 = B_SPLINE_CURVE_WITH_KNOTS('',1,(#4051,#4052),.UNSPECIFIED.,.F.,
  .F.,(2,2),(-1.E-02,0.),.PIECEWISE_BEZIER_KNOTS.);
#4051 = CARTESIAN_POINT('',(-0.5,2.,0.1000001));
#4052 = CARTESIAN_POINT('',(-0.5,2.01,0.1000001));
#4053 = ORIENTED_EDGE('',*,*,#4054,.F.);
#4054 = EDGE_CURVE('',#4040,#4048,#4055,.T.);
#4055 = B_SPLINE_CURVE_WITH_KNOTS('',1,(#4056,#4057),.UNSPECIFIED.,.F.,
  .F.,(2,2),(-0.,0.1),.PIECEWISE_BEZIER_KNOTS.);
#4056 = CARTESIAN_POINT('',(-0.5,2.01,0.2000001));
#4057 = CARTESIAN_POINT('',(-0.5,2.01,0.1000001));
#4058 = B_SPLINE_SURFACE_WITH_KNOTS('',1,1,(
    (#4059,#4060)
    ,(#4061,#4062
    )),.UNSPECIFIED.,.F.,.F.,.F.,(2,2),(2,2),(-0.1,0.),(-1.E-02,0.),
  .PIECEWISE_BEZIER_KNOTS.);
#4059 = CARTESIAN_POINT('',(-0.5,2.,0.1000001));
#4060 = CARTESIAN_POINT('',(-0.5,2.01,0.1000001));
#4061 = CARTESIAN_POINT('',(-0.5,2.,0.2000001));
#4062 = CARTESIAN_POINT('',(-0.5,2.01,0.2000001));
#4063 = ADVANCED_FACE('',(#4064),#4074,.F.);
#4064 = FACE_BOUND('',#4065,.T.);
#4065 = EDGE_LOOP('',(#4066,#4067,#4068,#4069));
#4066 = ORIENTED_EDGE('',*,*,#4019,.T.);
#4067 = ORIENTED_EDGE('',*,*,#1625,.T.);
#4068 = ORIENTED_EDGE('',*,*,#4039,.T.);
#4069 = ORIENTED_EDGE('',*,*,#4070,.T.);
#4070 = EDGE_CURVE('',#4040,#4020,#4071,.T.);
#4071 = B_SPLINE_CURVE_WITH_KNOTS('',1,(#4072,#4073),.UNSPECIFIED.,.F.,
  .F.,(2,2),(-0.4,-0.),.PIECEWISE_BEZIER_KNOTS.);
#4072 = CARTESIAN_POINT('',(-0.5,2.01,0.2000001));
#4073 = CARTESIAN_POINT('',(-0.9,2.01,0.2000001));
#4074 = B_SPLINE_SURFACE_WITH_KNOTS('',1,1,(
    (#4075,#4076)
    ,(#4077,#4078
    )),.UNSPECIFIED.,.F.,.F.,.F.,(2,2),(2,2),(0.5,0.9),(2.,2.01),
  .PIECEWISE_BEZIER_KNOTS.);
#4075 = CARTESIAN_POINT('',(-0.5,2.,0.2000001));
#4076 = CARTESIAN_POINT('',(-0.5,2.01,0.2000001));
#4077 = CARTESIAN_POINT('',(-0.9,2.,0.2000001));
#4078 = CARTESIAN_POINT('',(-0.9,2.01,0.2000001));
#4079 = ADVANCED_FACE('',(#4080),#4090,.T.);
#4080 = FACE_BOUND('',#4081,.T.);
#4081 = EDGE_LOOP('',(#4082,#4083,#4084,#4089));
#4082 = ORIENTED_EDGE('',*,*,#1641,.F.);
#4083 = ORIENTED_EDGE('',*,*,#4011,.F.);
#4084 = ORIENTED_EDGE('',*,*,#4085,.F.);
#4085 = EDGE_CURVE('',#4048,#4012,#4086,.T.);
#4086 = B_SPLINE_CURVE_WITH_KNOTS('',1,(#4087,#4088),.UNSPECIFIED.,.F.,
  .F.,(2,2),(-0.4,-0.),.PIECEWISE_BEZIER_KNOTS.);
#4087 = CARTESIAN_POINT('',(-0.5,2.01,0.1000001));
#4088 = CARTESIAN_POINT('',(-0.9,2.01,0.1000001));
#4089 = ORIENTED_EDGE('',*,*,#4047,.F.);
#4090 = B_SPLINE_SURFACE_WITH_KNOTS('',1,1,(
    (#4091,#4092)
    ,(#4093,#4094
    )),.UNSPECIFIED.,.F.,.F.,.F.,(2,2),(2,2),(0.5,0.9),(2.,2.01),
  .PIECEWISE_BEZIER_KNOTS.);
#4091 = CARTESIAN_POINT('',(-0.5,2.,0.1000001));
#4092 = CARTESIAN_POINT('',(-0.5,2.01,0.1000001));
#4093 = CARTESIAN_POINT('',(-0.9,2.,0.1000001));
#4094 = CARTESIAN_POINT('',(-0.9,2.01,0.1000001));
#4095 = ADVANCED_FACE('',(#4096),#4102,.F.);
#4096 = FACE_BOUND('',#4097,.T.);
#4097 = EDGE_LOOP('',(#4098,#4099,#4100,#4101));
#4098 = ORIENTED_EDGE('',*,*,#4085,.T.);
#4099 = ORIENTED_EDGE('',*,*,#4026,.F.);
#4100 = ORIENTED_EDGE('',*,*,#4070,.F.);
#4101 = ORIENTED_EDGE('',*,*,#4054,.T.);
#4102 = B_SPLINE_SURFACE_WITH_KNOTS('',1,1,(
    (#4103,#4104)
    ,(#4105,#4106
    )),.UNSPECIFIED.,.F.,.F.,.F.,(2,2),(2,2),(0.,0.1),(0.,0.4),
  .PIECEWISE_BEZIER_KNOTS.);
#4103 = CARTESIAN_POINT('',(-0.9,2.01,0.2000001));
#4104 = CARTESIAN_POINT('',(-0.5,2.01,0.2000001));
#4105 = CARTESIAN_POINT('',(-0.9,2.01,0.1000001));
#4106 = CARTESIAN_POINT('',(-0.5,2.01,0.1000001));
#4107 = ADVANCED_FACE('',(#4108),#4130,.F.);
#4108 = FACE_BOUND('',#4109,.T.);
#4109 = EDGE_LOOP('',(#4110,#4117,#4118,#4125));
#4110 = ORIENTED_EDGE('',*,*,#4111,.F.);
#4111 = EDGE_CURVE('',#1510,#4112,#4114,.T.);
#4112 = VERTEX_POINT('',#4113);
#4113 = CARTESIAN_POINT('',(-0.9,-2.01,0.2000001));
#4114 = B_SPLINE_CURVE_WITH_KNOTS('',1,(#4115,#4116),.UNSPECIFIED.,.F.,
  .F.,(2,2),(-9.999999999999E-03,-0.),.PIECEWISE_BEZIER_KNOTS.);
#4115 = CARTESIAN_POINT('',(-0.9,-2.,0.2000001));
#4116 = CARTESIAN_POINT('',(-0.9,-2.01,0.2000001));
#4117 = ORIENTED_EDGE('',*,*,#1530,.T.);
#4118 = ORIENTED_EDGE('',*,*,#4119,.T.);
#4119 = EDGE_CURVE('',#1524,#4120,#4122,.T.);
#4120 = VERTEX_POINT('',#4121);
#4121 = CARTESIAN_POINT('',(-0.9,-2.01,0.1000001));
#4122 = B_SPLINE_CURVE_WITH_KNOTS('',1,(#4123,#4124),.UNSPECIFIED.,.F.,
  .F.,(2,2),(-9.999999999999E-03,-0.),.PIECEWISE_BEZIER_KNOTS.);
#4123 = CARTESIAN_POINT('',(-0.9,-2.,0.1000001));
#4124 = CARTESIAN_POINT('',(-0.9,-2.01,0.1000001));
#4125 = ORIENTED_EDGE('',*,*,#4126,.F.);
#4126 = EDGE_CURVE('',#4112,#4120,#4127,.T.);
#4127 = B_SPLINE_CURVE_WITH_KNOTS('',1,(#4128,#4129),.UNSPECIFIED.,.F.,
  .F.,(2,2),(-0.,0.1),.PIECEWISE_BEZIER_KNOTS.);
#4128 = CARTESIAN_POINT('',(-0.9,-2.01,0.2000001));
#4129 = CARTESIAN_POINT('',(-0.9,-2.01,0.1000001));
#4130 = B_SPLINE_SURFACE_WITH_KNOTS('',1,1,(
    (#4131,#4132)
    ,(#4133,#4134
    )),.UNSPECIFIED.,.F.,.F.,.F.,(2,2),(2,2),(0.,9.999999999999E-03),(
    -0.1,0.),.PIECEWISE_BEZIER_KNOTS.);
#4131 = CARTESIAN_POINT('',(-0.9,-2.01,0.1000001));
#4132 = CARTESIAN_POINT('',(-0.9,-2.01,0.2000001));
#4133 = CARTESIAN_POINT('',(-0.9,-2.,0.1000001));
#4134 = CARTESIAN_POINT('',(-0.9,-2.,0.2000001));
#4135 = ADVANCED_FACE('',(#4136),#4158,.F.);
#4136 = FACE_BOUND('',#4137,.T.);
#4137 = EDGE_LOOP('',(#4138,#4145,#4146,#4153));
#4138 = ORIENTED_EDGE('',*,*,#4139,.T.);
#4139 = EDGE_CURVE('',#4140,#1517,#4142,.T.);
#4140 = VERTEX_POINT('',#4141);
#4141 = CARTESIAN_POINT('',(-0.5,-2.01,0.1000001));
#4142 = B_SPLINE_CURVE_WITH_KNOTS('',1,(#4143,#4144),.UNSPECIFIED.,.F.,
  .F.,(2,2),(0.,9.999999999999E-03),.PIECEWISE_BEZIER_KNOTS.);
#4143 = CARTESIAN_POINT('',(-0.5,-2.01,0.1000001));
#4144 = CARTESIAN_POINT('',(-0.5,-2.,0.1000001));
#4145 = ORIENTED_EDGE('',*,*,#1516,.T.);
#4146 = ORIENTED_EDGE('',*,*,#4147,.F.);
#4147 = EDGE_CURVE('',#4148,#1508,#4150,.T.);
#4148 = VERTEX_POINT('',#4149);
#4149 = CARTESIAN_POINT('',(-0.5,-2.01,0.2000001));
#4150 = B_SPLINE_CURVE_WITH_KNOTS('',1,(#4151,#4152),.UNSPECIFIED.,.F.,
  .F.,(2,2),(0.,9.999999999999E-03),.PIECEWISE_BEZIER_KNOTS.);
#4151 = CARTESIAN_POINT('',(-0.5,-2.01,0.2000001));
#4152 = CARTESIAN_POINT('',(-0.5,-2.,0.2000001));
#4153 = ORIENTED_EDGE('',*,*,#4154,.T.);
#4154 = EDGE_CURVE('',#4148,#4140,#4155,.T.);
#4155 = B_SPLINE_CURVE_WITH_KNOTS('',1,(#4156,#4157),.UNSPECIFIED.,.F.,
  .F.,(2,2),(-0.,0.1),.PIECEWISE_BEZIER_KNOTS.);
#4156 = CARTESIAN_POINT('',(-0.5,-2.01,0.2000001));
#4157 = CARTESIAN_POINT('',(-0.5,-2.01,0.1000001));
#4158 = B_SPLINE_SURFACE_WITH_KNOTS('',1,1,(
    (#4159,#4160)
    ,(#4161,#4162)),.UNSPECIFIED.,.F.,.F.,.F.,(2,2),(2,2),(-0.1,0.),(0.,
    9.999999999999E-03),.PIECEWISE_BEZIER_KNOTS.);
#4159 = CARTESIAN_POINT('',(-0.5,-2.01,0.1000001));
#4160 = CARTESIAN_POINT('',(-0.5,-2.,0.1000001));
#4161 = CARTESIAN_POINT('',(-0.5,-2.01,0.2000001));
#4162 = CARTESIAN_POINT('',(-0.5,-2.,0.2000001));
#4163 = ADVANCED_FACE('',(#4164),#4174,.F.);
#4164 = FACE_BOUND('',#4165,.T.);
#4165 = EDGE_LOOP('',(#4166,#4167,#4168,#4169));
#4166 = ORIENTED_EDGE('',*,*,#4147,.T.);
#4167 = ORIENTED_EDGE('',*,*,#1507,.T.);
#4168 = ORIENTED_EDGE('',*,*,#4111,.T.);
#4169 = ORIENTED_EDGE('',*,*,#4170,.T.);
#4170 = EDGE_CURVE('',#4112,#4148,#4171,.T.);
#4171 = B_SPLINE_CURVE_WITH_KNOTS('',1,(#4172,#4173),.UNSPECIFIED.,.F.,
  .F.,(2,2),(0.,0.4),.PIECEWISE_BEZIER_KNOTS.);
#4172 = CARTESIAN_POINT('',(-0.9,-2.01,0.2000001));
#4173 = CARTESIAN_POINT('',(-0.5,-2.01,0.2000001));
#4174 = B_SPLINE_SURFACE_WITH_KNOTS('',1,1,(
    (#4175,#4176)
    ,(#4177,#4178
    )),.UNSPECIFIED.,.F.,.F.,.F.,(2,2),(2,2),(0.5,0.9),(-2.01,-2.),
  .PIECEWISE_BEZIER_KNOTS.);
#4175 = CARTESIAN_POINT('',(-0.5,-2.01,0.2000001));
#4176 = CARTESIAN_POINT('',(-0.5,-2.,0.2000001));
#4177 = CARTESIAN_POINT('',(-0.9,-2.01,0.2000001));
#4178 = CARTESIAN_POINT('',(-0.9,-2.,0.2000001));
#4179 = ADVANCED_FACE('',(#4180),#4190,.T.);
#4180 = FACE_BOUND('',#4181,.T.);
#4181 = EDGE_LOOP('',(#4182,#4183,#4184,#4189));
#4182 = ORIENTED_EDGE('',*,*,#1523,.F.);
#4183 = ORIENTED_EDGE('',*,*,#4139,.F.);
#4184 = ORIENTED_EDGE('',*,*,#4185,.F.);
#4185 = EDGE_CURVE('',#4120,#4140,#4186,.T.);
#4186 = B_SPLINE_CURVE_WITH_KNOTS('',1,(#4187,#4188),.UNSPECIFIED.,.F.,
  .F.,(2,2),(0.,0.4),.PIECEWISE_BEZIER_KNOTS.);
#4187 = CARTESIAN_POINT('',(-0.9,-2.01,0.1000001));
#4188 = CARTESIAN_POINT('',(-0.5,-2.01,0.1000001));
#4189 = ORIENTED_EDGE('',*,*,#4119,.F.);
#4190 = B_SPLINE_SURFACE_WITH_KNOTS('',1,1,(
    (#4191,#4192)
    ,(#4193,#4194
    )),.UNSPECIFIED.,.F.,.F.,.F.,(2,2),(2,2),(0.5,0.9),(-2.01,-2.),
  .PIECEWISE_BEZIER_KNOTS.);
#4191 = CARTESIAN_POINT('',(-0.5,-2.01,0.1000001));
#4192 = CARTESIAN_POINT('',(-0.5,-2.,0.1000001));
#4193 = CARTESIAN_POINT('',(-0.9,-2.01,0.1000001));
#4194 = CARTESIAN_POINT('',(-0.9,-2.,0.1000001));
#4195 = ADVANCED_FACE('',(#4196),#4202,.F.);
#4196 = FACE_BOUND('',#4197,.T.);
#4197 = EDGE_LOOP('',(#4198,#4199,#4200,#4201));
#4198 = ORIENTED_EDGE('',*,*,#4185,.T.);
#4199 = ORIENTED_EDGE('',*,*,#4154,.F.);
#4200 = ORIENTED_EDGE('',*,*,#4170,.F.);
#4201 = ORIENTED_EDGE('',*,*,#4126,.T.);
#4202 = B_SPLINE_SURFACE_WITH_KNOTS('',1,1,(
    (#4203,#4204)
    ,(#4205,#4206
    )),.UNSPECIFIED.,.F.,.F.,.F.,(2,2),(2,2),(-0.1,0.),(0.,0.4),
  .PIECEWISE_BEZIER_KNOTS.);
#4203 = CARTESIAN_POINT('',(-0.9,-2.01,0.1000001));
#4204 = CARTESIAN_POINT('',(-0.5,-2.01,0.1000001));
#4205 = CARTESIAN_POINT('',(-0.9,-2.01,0.2000001));
#4206 = CARTESIAN_POINT('',(-0.5,-2.01,0.2000001));
#4207 = ADVANCED_FACE('',(#4208),#4230,.F.);
#4208 = FACE_BOUND('',#4209,.T.);
#4209 = EDGE_LOOP('',(#4210,#4217,#4218,#4225));
#4210 = ORIENTED_EDGE('',*,*,#4211,.T.);
#4211 = EDGE_CURVE('',#4212,#1547,#4214,.T.);
#4212 = VERTEX_POINT('',#4213);
#4213 = CARTESIAN_POINT('',(0.9,-2.01,0.1000001));
#4214 = B_SPLINE_CURVE_WITH_KNOTS('',1,(#4215,#4216),.UNSPECIFIED.,.F.,
  .F.,(2,2),(0.,9.999999999999E-03),.PIECEWISE_BEZIER_KNOTS.);
#4215 = CARTESIAN_POINT('',(0.9,-2.01,0.1000001));
#4216 = CARTESIAN_POINT('',(0.9,-2.,0.1000001));
#4217 = ORIENTED_EDGE('',*,*,#1546,.T.);
#4218 = ORIENTED_EDGE('',*,*,#4219,.F.);
#4219 = EDGE_CURVE('',#4220,#1538,#4222,.T.);
#4220 = VERTEX_POINT('',#4221);
#4221 = CARTESIAN_POINT('',(0.9,-2.01,0.2000001));
#4222 = B_SPLINE_CURVE_WITH_KNOTS('',1,(#4223,#4224),.UNSPECIFIED.,.F.,
  .F.,(2,2),(0.,9.999999999999E-03),.PIECEWISE_BEZIER_KNOTS.);
#4223 = CARTESIAN_POINT('',(0.9,-2.01,0.2000001));
#4224 = CARTESIAN_POINT('',(0.9,-2.,0.2000001));
#4225 = ORIENTED_EDGE('',*,*,#4226,.T.);
#4226 = EDGE_CURVE('',#4220,#4212,#4227,.T.);
#4227 = B_SPLINE_CURVE_WITH_KNOTS('',1,(#4228,#4229),.UNSPECIFIED.,.F.,
  .F.,(2,2),(-0.,0.1),.PIECEWISE_BEZIER_KNOTS.);
#4228 = CARTESIAN_POINT('',(0.9,-2.01,0.2000001));
#4229 = CARTESIAN_POINT('',(0.9,-2.01,0.1000001));
#4230 = B_SPLINE_SURFACE_WITH_KNOTS('',1,1,(
    (#4231,#4232)
    ,(#4233,#4234
    )),.UNSPECIFIED.,.F.,.F.,.F.,(2,2),(2,2),(-9.999999999999E-03,0.),(
    -0.1,0.),.PIECEWISE_BEZIER_KNOTS.);
#4231 = CARTESIAN_POINT('',(0.9,-2.,0.1000001));
#4232 = CARTESIAN_POINT('',(0.9,-2.,0.2000001));
#4233 = CARTESIAN_POINT('',(0.9,-2.01,0.1000001));
#4234 = CARTESIAN_POINT('',(0.9,-2.01,0.2000001));
#4235 = ADVANCED_FACE('',(#4236),#4258,.F.);
#4236 = FACE_BOUND('',#4237,.T.);
#4237 = EDGE_LOOP('',(#4238,#4245,#4246,#4253));
#4238 = ORIENTED_EDGE('',*,*,#4239,.F.);
#4239 = EDGE_CURVE('',#1540,#4240,#4242,.T.);
#4240 = VERTEX_POINT('',#4241);
#4241 = CARTESIAN_POINT('',(0.5,-2.01,0.2000001));
#4242 = B_SPLINE_CURVE_WITH_KNOTS('',1,(#4243,#4244),.UNSPECIFIED.,.F.,
  .F.,(2,2),(-9.999999999999E-03,-0.),.PIECEWISE_BEZIER_KNOTS.);
#4243 = CARTESIAN_POINT('',(0.5,-2.,0.2000001));
#4244 = CARTESIAN_POINT('',(0.5,-2.01,0.2000001));
#4245 = ORIENTED_EDGE('',*,*,#1560,.T.);
#4246 = ORIENTED_EDGE('',*,*,#4247,.T.);
#4247 = EDGE_CURVE('',#1554,#4248,#4250,.T.);
#4248 = VERTEX_POINT('',#4249);
#4249 = CARTESIAN_POINT('',(0.5,-2.01,0.1000001));
#4250 = B_SPLINE_CURVE_WITH_KNOTS('',1,(#4251,#4252),.UNSPECIFIED.,.F.,
  .F.,(2,2),(-9.999999999999E-03,-0.),.PIECEWISE_BEZIER_KNOTS.);
#4251 = CARTESIAN_POINT('',(0.5,-2.,0.1000001));
#4252 = CARTESIAN_POINT('',(0.5,-2.01,0.1000001));
#4253 = ORIENTED_EDGE('',*,*,#4254,.F.);
#4254 = EDGE_CURVE('',#4240,#4248,#4255,.T.);
#4255 = B_SPLINE_CURVE_WITH_KNOTS('',1,(#4256,#4257),.UNSPECIFIED.,.F.,
  .F.,(2,2),(-0.,0.1),.PIECEWISE_BEZIER_KNOTS.);
#4256 = CARTESIAN_POINT('',(0.5,-2.01,0.2000001));
#4257 = CARTESIAN_POINT('',(0.5,-2.01,0.1000001));
#4258 = B_SPLINE_SURFACE_WITH_KNOTS('',1,1,(
    (#4259,#4260)
    ,(#4261,#4262
    )),.UNSPECIFIED.,.F.,.F.,.F.,(2,2),(2,2),(0.,0.1),(0.,
    9.999999999999E-03),.PIECEWISE_BEZIER_KNOTS.);
#4259 = CARTESIAN_POINT('',(0.5,-2.01,0.2000001));
#4260 = CARTESIAN_POINT('',(0.5,-2.,0.2000001));
#4261 = CARTESIAN_POINT('',(0.5,-2.01,0.1000001));
#4262 = CARTESIAN_POINT('',(0.5,-2.,0.1000001));
#4263 = ADVANCED_FACE('',(#4264),#4274,.F.);
#4264 = FACE_BOUND('',#4265,.T.);
#4265 = EDGE_LOOP('',(#4266,#4267,#4268,#4269));
#4266 = ORIENTED_EDGE('',*,*,#4219,.T.);
#4267 = ORIENTED_EDGE('',*,*,#1537,.T.);
#4268 = ORIENTED_EDGE('',*,*,#4239,.T.);
#4269 = ORIENTED_EDGE('',*,*,#4270,.T.);
#4270 = EDGE_CURVE('',#4240,#4220,#4271,.T.);
#4271 = B_SPLINE_CURVE_WITH_KNOTS('',1,(#4272,#4273),.UNSPECIFIED.,.F.,
  .F.,(2,2),(-0.4,0.),.PIECEWISE_BEZIER_KNOTS.);
#4272 = CARTESIAN_POINT('',(0.5,-2.01,0.2000001));
#4273 = CARTESIAN_POINT('',(0.9,-2.01,0.2000001));
#4274 = B_SPLINE_SURFACE_WITH_KNOTS('',1,1,(
    (#4275,#4276)
    ,(#4277,#4278
    )),.UNSPECIFIED.,.F.,.F.,.F.,(2,2),(2,2),(-0.9,-0.5),(-2.01,-2.),
  .PIECEWISE_BEZIER_KNOTS.);
#4275 = CARTESIAN_POINT('',(0.9,-2.01,0.2000001));
#4276 = CARTESIAN_POINT('',(0.9,-2.,0.2000001));
#4277 = CARTESIAN_POINT('',(0.5,-2.01,0.2000001));
#4278 = CARTESIAN_POINT('',(0.5,-2.,0.2000001));
#4279 = ADVANCED_FACE('',(#4280),#4290,.T.);
#4280 = FACE_BOUND('',#4281,.T.);
#4281 = EDGE_LOOP('',(#4282,#4283,#4284,#4289));
#4282 = ORIENTED_EDGE('',*,*,#1553,.F.);
#4283 = ORIENTED_EDGE('',*,*,#4211,.F.);
#4284 = ORIENTED_EDGE('',*,*,#4285,.F.);
#4285 = EDGE_CURVE('',#4248,#4212,#4286,.T.);
#4286 = B_SPLINE_CURVE_WITH_KNOTS('',1,(#4287,#4288),.UNSPECIFIED.,.F.,
  .F.,(2,2),(-0.4,0.),.PIECEWISE_BEZIER_KNOTS.);
#4287 = CARTESIAN_POINT('',(0.5,-2.01,0.1000001));
#4288 = CARTESIAN_POINT('',(0.9,-2.01,0.1000001));
#4289 = ORIENTED_EDGE('',*,*,#4247,.F.);
#4290 = B_SPLINE_SURFACE_WITH_KNOTS('',1,1,(
    (#4291,#4292)
    ,(#4293,#4294
    )),.UNSPECIFIED.,.F.,.F.,.F.,(2,2),(2,2),(-0.9,-0.5),(-2.01,-2.),
  .PIECEWISE_BEZIER_KNOTS.);
#4291 = CARTESIAN_POINT('',(0.9,-2.01,0.1000001));
#4292 = CARTESIAN_POINT('',(0.9,-2.,0.1000001));
#4293 = CARTESIAN_POINT('',(0.5,-2.01,0.1000001));
#4294 = CARTESIAN_POINT('',(0.5,-2.,0.1000001));
#4295 = ADVANCED_FACE('',(#4296),#4302,.F.);
#4296 = FACE_BOUND('',#4297,.T.);
#4297 = EDGE_LOOP('',(#4298,#4299,#4300,#4301));
#4298 = ORIENTED_EDGE('',*,*,#4285,.T.);
#4299 = ORIENTED_EDGE('',*,*,#4226,.F.);
#4300 = ORIENTED_EDGE('',*,*,#4270,.F.);
#4301 = ORIENTED_EDGE('',*,*,#4254,.T.);
#4302 = B_SPLINE_SURFACE_WITH_KNOTS('',1,1,(
    (#4303,#4304)
    ,(#4305,#4306
    )),.UNSPECIFIED.,.F.,.F.,.F.,(2,2),(2,2),(-0.1,0.),(-0.4,0.),
  .PIECEWISE_BEZIER_KNOTS.);
#4303 = CARTESIAN_POINT('',(0.5,-2.01,0.1000001));
#4304 = CARTESIAN_POINT('',(0.9,-2.01,0.1000001));
#4305 = CARTESIAN_POINT('',(0.5,-2.01,0.2000001));
#4306 = CARTESIAN_POINT('',(0.9,-2.01,0.2000001));
#4307 = ADVANCED_FACE('',(#4308),#4330,.F.);
#4308 = FACE_BOUND('',#4309,.T.);
#4309 = EDGE_LOOP('',(#4310,#4311,#4318,#4325));
#4310 = ORIENTED_EDGE('',*,*,#553,.T.);
#4311 = ORIENTED_EDGE('',*,*,#4312,.F.);
#4312 = EDGE_CURVE('',#4313,#556,#4315,.T.);
#4313 = VERTEX_POINT('',#4314);
#4314 = CARTESIAN_POINT('',(1.114095594564,-1.276738881767,0.5510001));
#4315 = B_SPLINE_CURVE_WITH_KNOTS('',1,(#4316,#4317),.UNSPECIFIED.,.F.,
  .F.,(2,2),(-0.,1.E-03),.PIECEWISE_BEZIER_KNOTS.);
#4316 = CARTESIAN_POINT('',(1.114095594564,-1.276738881767,0.5510001));
#4317 = CARTESIAN_POINT('',(1.114095594564,-1.276738881767,0.5500001));
#4318 = ORIENTED_EDGE('',*,*,#4319,.F.);
#4319 = EDGE_CURVE('',#4320,#4313,#4322,.T.);
#4320 = VERTEX_POINT('',#4321);
#4321 = CARTESIAN_POINT('',(1.10482095395,-1.276738881767,0.5510001));
#4322 = B_SPLINE_CURVE_WITH_KNOTS('',1,(#4323,#4324),.UNSPECIFIED.,.F.,
  .F.,(2,2),(-9.274640613513E-03,0.),.PIECEWISE_BEZIER_KNOTS.);
#4323 = CARTESIAN_POINT('',(1.10482095395,-1.276738881767,0.5510001));
#4324 = CARTESIAN_POINT('',(1.114095594564,-1.276738881767,0.5510001));
#4325 = ORIENTED_EDGE('',*,*,#4326,.T.);
#4326 = EDGE_CURVE('',#4320,#554,#4327,.T.);
#4327 = B_SPLINE_CURVE_WITH_KNOTS('',1,(#4328,#4329),.UNSPECIFIED.,.F.,
  .F.,(2,2),(-0.,1.E-03),.PIECEWISE_BEZIER_KNOTS.);
#4328 = CARTESIAN_POINT('',(1.10482095395,-1.276738881767,0.5510001));
#4329 = CARTESIAN_POINT('',(1.10482095395,-1.276738881767,0.5500001));
#4330 = B_SPLINE_SURFACE_WITH_KNOTS('',1,1,(
    (#4331,#4332)
    ,(#4333,#4334)),.UNSPECIFIED.,.F.,.F.,.F.,(2,2),(2,2),(-1.E-03,0.),(
    -9.274640613513E-03,0.),.PIECEWISE_BEZIER_KNOTS.);
#4331 = CARTESIAN_POINT('',(1.10482095395,-1.276738881767,0.5500001));
#4332 = CARTESIAN_POINT('',(1.114095594564,-1.276738881767,0.5500001));
#4333 = CARTESIAN_POINT('',(1.10482095395,-1.276738881767,0.5510001));
#4334 = CARTESIAN_POINT('',(1.114095594564,-1.276738881767,0.5510001));
#4335 = ADVANCED_FACE('',(#4336),#4352,.F.);
#4336 = FACE_BOUND('',#4337,.T.);
#4337 = EDGE_LOOP('',(#4338,#4339,#4346,#4351));
#4338 = ORIENTED_EDGE('',*,*,#590,.T.);
#4339 = ORIENTED_EDGE('',*,*,#4340,.F.);
#4340 = EDGE_CURVE('',#4341,#584,#4343,.T.);
#4341 = VERTEX_POINT('',#4342);
#4342 = CARTESIAN_POINT('',(1.114095594564,-1.244340025094,0.5510001));
#4343 = B_SPLINE_CURVE_WITH_KNOTS('',1,(#4344,#4345),.UNSPECIFIED.,.F.,
  .F.,(2,2),(-0.,1.E-03),.PIECEWISE_BEZIER_KNOTS.);
#4344 = CARTESIAN_POINT('',(1.114095594564,-1.244340025094,0.5510001));
#4345 = CARTESIAN_POINT('',(1.114095594564,-1.244340025094,0.5500001));
#4346 = ORIENTED_EDGE('',*,*,#4347,.F.);
#4347 = EDGE_CURVE('',#4313,#4341,#4348,.T.);
#4348 = B_SPLINE_CURVE_WITH_KNOTS('',1,(#4349,#4350),.UNSPECIFIED.,.F.,
  .F.,(2,2),(-3.239885667266E-02,0.),.PIECEWISE_BEZIER_KNOTS.);
#4349 = CARTESIAN_POINT('',(1.114095594564,-1.276738881767,0.5510001));
#4350 = CARTESIAN_POINT('',(1.114095594564,-1.244340025094,0.5510001));
#4351 = ORIENTED_EDGE('',*,*,#4312,.T.);
#4352 = B_SPLINE_SURFACE_WITH_KNOTS('',1,1,(
    (#4353,#4354)
    ,(#4355,#4356
    )),.UNSPECIFIED.,.F.,.F.,.F.,(2,2),(2,2),(0.,3.239885667266E-02),(
    -1.E-03,0.),.PIECEWISE_BEZIER_KNOTS.);
#4353 = CARTESIAN_POINT('',(1.114095594564,-1.244340025094,0.5500001));
#4354 = CARTESIAN_POINT('',(1.114095594564,-1.244340025094,0.5510001));
#4355 = CARTESIAN_POINT('',(1.114095594564,-1.276738881767,0.5500001));
#4356 = CARTESIAN_POINT('',(1.114095594564,-1.276738881767,0.5510001));
#4357 = ADVANCED_FACE('',(#4358),#4374,.F.);
#4358 = FACE_BOUND('',#4359,.T.);
#4359 = EDGE_LOOP('',(#4360,#4361,#4368,#4373));
#4360 = ORIENTED_EDGE('',*,*,#583,.T.);
#4361 = ORIENTED_EDGE('',*,*,#4362,.F.);
#4362 = EDGE_CURVE('',#4363,#577,#4365,.T.);
#4363 = VERTEX_POINT('',#4364);
#4364 = CARTESIAN_POINT('',(1.186171613323,-1.244340025094,0.5510001));
#4365 = B_SPLINE_CURVE_WITH_KNOTS('',1,(#4366,#4367),.UNSPECIFIED.,.F.,
  .F.,(2,2),(-0.,1.E-03),.PIECEWISE_BEZIER_KNOTS.);
#4366 = CARTESIAN_POINT('',(1.186171613323,-1.244340025094,0.5510001));
#4367 = CARTESIAN_POINT('',(1.186171613323,-1.244340025094,0.5500001));
#4368 = ORIENTED_EDGE('',*,*,#4369,.F.);
#4369 = EDGE_CURVE('',#4341,#4363,#4370,.T.);
#4370 = B_SPLINE_CURVE_WITH_KNOTS('',1,(#4371,#4372),.UNSPECIFIED.,.F.,
  .F.,(2,2),(-7.207601875902E-02,0.),.PIECEWISE_BEZIER_KNOTS.);
#4371 = CARTESIAN_POINT('',(1.114095594564,-1.244340025094,0.5510001));
#4372 = CARTESIAN_POINT('',(1.186171613323,-1.244340025094,0.5510001));
#4373 = ORIENTED_EDGE('',*,*,#4340,.T.);
#4374 = B_SPLINE_SURFACE_WITH_KNOTS('',1,1,(
    (#4375,#4376)
    ,(#4377,#4378
    )),.UNSPECIFIED.,.F.,.F.,.F.,(2,2),(2,2),(-0.,7.207601875902E-02),(
    -1.E-03,0.),.PIECEWISE_BEZIER_KNOTS.);
#4375 = CARTESIAN_POINT('',(1.186171613323,-1.244340025094,0.5500001));
#4376 = CARTESIAN_POINT('',(1.186171613323,-1.244340025094,0.5510001));
#4377 = CARTESIAN_POINT('',(1.114095594564,-1.244340025094,0.5500001));
#4378 = CARTESIAN_POINT('',(1.114095594564,-1.244340025094,0.5510001));
#4379 = ADVANCED_FACE('',(#4380),#4396,.F.);
#4380 = FACE_BOUND('',#4381,.T.);
#4381 = EDGE_LOOP('',(#4382,#4383,#4390,#4395));
#4382 = ORIENTED_EDGE('',*,*,#576,.T.);
#4383 = ORIENTED_EDGE('',*,*,#4384,.F.);
#4384 = EDGE_CURVE('',#4385,#570,#4387,.T.);
#4385 = VERTEX_POINT('',#4386);
#4386 = CARTESIAN_POINT('',(1.186171613323,-1.23383847014,0.5510001));
#4387 = B_SPLINE_CURVE_WITH_KNOTS('',1,(#4388,#4389),.UNSPECIFIED.,.F.,
  .F.,(2,2),(-0.,1.E-03),.PIECEWISE_BEZIER_KNOTS.);
#4388 = CARTESIAN_POINT('',(1.186171613323,-1.23383847014,0.5510001));
#4389 = CARTESIAN_POINT('',(1.186171613323,-1.23383847014,0.5500001));
#4390 = ORIENTED_EDGE('',*,*,#4391,.F.);
#4391 = EDGE_CURVE('',#4363,#4385,#4392,.T.);
#4392 = B_SPLINE_CURVE_WITH_KNOTS('',1,(#4393,#4394),.UNSPECIFIED.,.F.,
  .F.,(2,2),(-1.050155495476E-02,0.),.PIECEWISE_BEZIER_KNOTS.);
#4393 = CARTESIAN_POINT('',(1.186171613323,-1.244340025094,0.5510001));
#4394 = CARTESIAN_POINT('',(1.186171613323,-1.23383847014,0.5510001));
#4395 = ORIENTED_EDGE('',*,*,#4362,.T.);
#4396 = B_SPLINE_SURFACE_WITH_KNOTS('',1,1,(
    (#4397,#4398)
    ,(#4399,#4400
    )),.UNSPECIFIED.,.F.,.F.,.F.,(2,2),(2,2),(0.,1.050155495476E-02),(
    -1.E-03,0.),.PIECEWISE_BEZIER_KNOTS.);
#4397 = CARTESIAN_POINT('',(1.186171613323,-1.23383847014,0.5500001));
#4398 = CARTESIAN_POINT('',(1.186171613323,-1.23383847014,0.5510001));
#4399 = CARTESIAN_POINT('',(1.186171613323,-1.244340025094,0.5500001));
#4400 = CARTESIAN_POINT('',(1.186171613323,-1.244340025094,0.5510001));
#4401 = ADVANCED_FACE('',(#4402),#4418,.F.);
#4402 = FACE_BOUND('',#4403,.T.);
#4403 = EDGE_LOOP('',(#4404,#4405,#4412,#4417));
#4404 = ORIENTED_EDGE('',*,*,#569,.T.);
#4405 = ORIENTED_EDGE('',*,*,#4406,.F.);
#4406 = EDGE_CURVE('',#4407,#563,#4409,.T.);
#4407 = VERTEX_POINT('',#4408);
#4408 = CARTESIAN_POINT('',(1.10482095395,-1.23383847014,0.5510001));
#4409 = B_SPLINE_CURVE_WITH_KNOTS('',1,(#4410,#4411),.UNSPECIFIED.,.F.,
  .F.,(2,2),(-0.,1.E-03),.PIECEWISE_BEZIER_KNOTS.);
#4410 = CARTESIAN_POINT('',(1.10482095395,-1.23383847014,0.5510001));
#4411 = CARTESIAN_POINT('',(1.10482095395,-1.23383847014,0.5500001));
#4412 = ORIENTED_EDGE('',*,*,#4413,.F.);
#4413 = EDGE_CURVE('',#4385,#4407,#4414,.T.);
#4414 = B_SPLINE_CURVE_WITH_KNOTS('',1,(#4415,#4416),.UNSPECIFIED.,.F.,
  .F.,(2,2),(-8.135065937253E-02,-0.),.PIECEWISE_BEZIER_KNOTS.);
#4415 = CARTESIAN_POINT('',(1.186171613323,-1.23383847014,0.5510001));
#4416 = CARTESIAN_POINT('',(1.10482095395,-1.23383847014,0.5510001));
#4417 = ORIENTED_EDGE('',*,*,#4384,.T.);
#4418 = B_SPLINE_SURFACE_WITH_KNOTS('',1,1,(
    (#4419,#4420)
    ,(#4421,#4422
    )),.UNSPECIFIED.,.F.,.F.,.F.,(2,2),(2,2),(0.,8.135065937253E-02),(
    -1.E-03,0.),.PIECEWISE_BEZIER_KNOTS.);
#4419 = CARTESIAN_POINT('',(1.10482095395,-1.23383847014,0.5500001));
#4420 = CARTESIAN_POINT('',(1.10482095395,-1.23383847014,0.5510001));
#4421 = CARTESIAN_POINT('',(1.186171613323,-1.23383847014,0.5500001));
#4422 = CARTESIAN_POINT('',(1.186171613323,-1.23383847014,0.5510001));
#4423 = ADVANCED_FACE('',(#4424),#4434,.F.);
#4424 = FACE_BOUND('',#4425,.T.);
#4425 = EDGE_LOOP('',(#4426,#4427,#4428,#4433));
#4426 = ORIENTED_EDGE('',*,*,#562,.T.);
#4427 = ORIENTED_EDGE('',*,*,#4326,.F.);
#4428 = ORIENTED_EDGE('',*,*,#4429,.F.);
#4429 = EDGE_CURVE('',#4407,#4320,#4430,.T.);
#4430 = B_SPLINE_CURVE_WITH_KNOTS('',1,(#4431,#4432),.UNSPECIFIED.,.F.,
  .F.,(2,2),(-4.290041162742E-02,0.),.PIECEWISE_BEZIER_KNOTS.);
#4431 = CARTESIAN_POINT('',(1.10482095395,-1.23383847014,0.5510001));
#4432 = CARTESIAN_POINT('',(1.10482095395,-1.276738881767,0.5510001));
#4433 = ORIENTED_EDGE('',*,*,#4406,.T.);
#4434 = B_SPLINE_SURFACE_WITH_KNOTS('',1,1,(
    (#4435,#4436)
    ,(#4437,#4438
    )),.UNSPECIFIED.,.F.,.F.,.F.,(2,2),(2,2),(0.,4.290041162742E-02),(
    -1.E-03,0.),.PIECEWISE_BEZIER_KNOTS.);
#4435 = CARTESIAN_POINT('',(1.10482095395,-1.276738881767,0.5500001));
#4436 = CARTESIAN_POINT('',(1.10482095395,-1.276738881767,0.5510001));
#4437 = CARTESIAN_POINT('',(1.10482095395,-1.23383847014,0.5500001));
#4438 = CARTESIAN_POINT('',(1.10482095395,-1.23383847014,0.5510001));
#4439 = ADVANCED_FACE('',(#4440),#4448,.F.);
#4440 = FACE_BOUND('',#4441,.T.);
#4441 = EDGE_LOOP('',(#4442,#4443,#4444,#4445,#4446,#4447));
#4442 = ORIENTED_EDGE('',*,*,#4319,.T.);
#4443 = ORIENTED_EDGE('',*,*,#4347,.T.);
#4444 = ORIENTED_EDGE('',*,*,#4369,.T.);
#4445 = ORIENTED_EDGE('',*,*,#4391,.T.);
#4446 = ORIENTED_EDGE('',*,*,#4413,.T.);
#4447 = ORIENTED_EDGE('',*,*,#4429,.T.);
#4448 = B_SPLINE_SURFACE_WITH_KNOTS('',1,1,(
    (#4449,#4450)
    ,(#4451,#4452
    )),.UNSPECIFIED.,.F.,.F.,.F.,(2,2),(2,2),(-1.186171613323,
    -1.10482095395),(-1.276738881767,-1.23383847014),
  .PIECEWISE_BEZIER_KNOTS.);
#4449 = CARTESIAN_POINT('',(1.186171613323,-1.276738881767,0.5510001));
#4450 = CARTESIAN_POINT('',(1.186171613323,-1.23383847014,0.5510001));
#4451 = CARTESIAN_POINT('',(1.10482095395,-1.276738881767,0.5510001));
#4452 = CARTESIAN_POINT('',(1.10482095395,-1.23383847014,0.5510001));
#4453 = ADVANCED_FACE('',(#4454),#4478,.F.);
#4454 = FACE_BOUND('',#4455,.F.);
#4455 = EDGE_LOOP('',(#4456,#4463,#4472,#4477));
#4456 = ORIENTED_EDGE('',*,*,#4457,.F.);
#4457 = EDGE_CURVE('',#4458,#400,#4460,.T.);
#4458 = VERTEX_POINT('',#4459);
#4459 = CARTESIAN_POINT('',(1.1034484735,-1.31845396937,0.5510001));
#4460 = B_SPLINE_CURVE_WITH_KNOTS('',1,(#4461,#4462),.UNSPECIFIED.,.F.,
  .F.,(2,2),(-0.,1.E-03),.PIECEWISE_BEZIER_KNOTS.);
#4461 = CARTESIAN_POINT('',(1.1034484735,-1.31845396937,0.5510001));
#4462 = CARTESIAN_POINT('',(1.1034484735,-1.31845396937,0.5500001));
#4463 = ORIENTED_EDGE('',*,*,#4464,.T.);
#4464 = EDGE_CURVE('',#4458,#4465,#4467,.T.);
#4465 = VERTEX_POINT('',#4466);
#4466 = CARTESIAN_POINT('',(1.108189769599,-1.340975125837,0.5510001));
#4467 = B_SPLINE_CURVE_WITH_KNOTS('',3,(#4468,#4469,#4470,#4471),
  .UNSPECIFIED.,.F.,.F.,(4,4),(0.,1.),.PIECEWISE_BEZIER_KNOTS.);
#4468 = CARTESIAN_POINT('',(1.1034484735,-1.31845396937,0.5510001));
#4469 = CARTESIAN_POINT('',(1.1034484735,-1.327479068083,0.5510001));
#4470 = CARTESIAN_POINT('',(1.105028905533,-1.334986120239,0.5510001));
#4471 = CARTESIAN_POINT('',(1.108189769599,-1.340975125837,0.5510001));
#4472 = ORIENTED_EDGE('',*,*,#4473,.T.);
#4473 = EDGE_CURVE('',#4465,#402,#4474,.T.);
#4474 = B_SPLINE_CURVE_WITH_KNOTS('',1,(#4475,#4476),.UNSPECIFIED.,.F.,
  .F.,(2,2),(-0.,1.E-03),.PIECEWISE_BEZIER_KNOTS.);
#4475 = CARTESIAN_POINT('',(1.108189769599,-1.340975125837,0.5510001));
#4476 = CARTESIAN_POINT('',(1.108189769599,-1.340975125837,0.5500001));
#4477 = ORIENTED_EDGE('',*,*,#399,.F.);
#4478 = B_SPLINE_SURFACE_WITH_KNOTS('',3,1,(
    (#4479,#4480)
    ,(#4481,#4482)
    ,(#4483,#4484)
    ,(#4485,#4486
    )),.UNSPECIFIED.,.F.,.F.,.F.,(4,4),(2,2),(0.,1.),(0.,1.),
  .PIECEWISE_BEZIER_KNOTS.);
#4479 = CARTESIAN_POINT('',(1.1034484735,-1.31845396937,0.5510001));
#4480 = CARTESIAN_POINT('',(1.1034484735,-1.31845396937,0.5500001));
#4481 = CARTESIAN_POINT('',(1.1034484735,-1.327479068083,0.5510001));
#4482 = CARTESIAN_POINT('',(1.1034484735,-1.327479068083,0.5500001));
#4483 = CARTESIAN_POINT('',(1.105028905533,-1.334986120239,0.5510001));
#4484 = CARTESIAN_POINT('',(1.105028905533,-1.334986120239,0.5500001));
#4485 = CARTESIAN_POINT('',(1.108189769599,-1.340975125837,0.5510001));
#4486 = CARTESIAN_POINT('',(1.108189769599,-1.340975125837,0.5500001));
#4487 = ADVANCED_FACE('',(#4488),#4504,.F.);
#4488 = FACE_BOUND('',#4489,.T.);
#4489 = EDGE_LOOP('',(#4490,#4491,#4498,#4503));
#4490 = ORIENTED_EDGE('',*,*,#516,.T.);
#4491 = ORIENTED_EDGE('',*,*,#4492,.F.);
#4492 = EDGE_CURVE('',#4493,#508,#4495,.T.);
#4493 = VERTEX_POINT('',#4494);
#4494 = CARTESIAN_POINT('',(1.118254626229,-1.340975125837,0.5510001));
#4495 = B_SPLINE_CURVE_WITH_KNOTS('',1,(#4496,#4497),.UNSPECIFIED.,.F.,
  .F.,(2,2),(-0.,1.E-03),.PIECEWISE_BEZIER_KNOTS.);
#4496 = CARTESIAN_POINT('',(1.118254626229,-1.340975125837,0.5510001));
#4497 = CARTESIAN_POINT('',(1.118254626229,-1.340975125837,0.5500001));
#4498 = ORIENTED_EDGE('',*,*,#4499,.F.);
#4499 = EDGE_CURVE('',#4465,#4493,#4500,.T.);
#4500 = B_SPLINE_CURVE_WITH_KNOTS('',1,(#4501,#4502),.UNSPECIFIED.,.F.,
  .F.,(2,2),(-1.006485663012E-02,0.),.PIECEWISE_BEZIER_KNOTS.);
#4501 = CARTESIAN_POINT('',(1.108189769599,-1.340975125837,0.5510001));
#4502 = CARTESIAN_POINT('',(1.118254626229,-1.340975125837,0.5510001));
#4503 = ORIENTED_EDGE('',*,*,#4473,.T.);
#4504 = B_SPLINE_SURFACE_WITH_KNOTS('',1,1,(
    (#4505,#4506)
    ,(#4507,#4508)),.UNSPECIFIED.,.F.,.F.,.F.,(2,2),(2,2),(-1.E-03,0.),(
    -1.006485663012E-02,2.22044604925E-16),.PIECEWISE_BEZIER_KNOTS.);
#4505 = CARTESIAN_POINT('',(1.108189769599,-1.340975125837,0.5500001));
#4506 = CARTESIAN_POINT('',(1.118254626229,-1.340975125837,0.5500001));
#4507 = CARTESIAN_POINT('',(1.108189769599,-1.340975125837,0.5510001));
#4508 = CARTESIAN_POINT('',(1.118254626229,-1.340975125837,0.5510001));
#4509 = ADVANCED_FACE('',(#4510),#4528,.F.);
#4510 = FACE_BOUND('',#4511,.F.);
#4511 = EDGE_LOOP('',(#4512,#4513,#4522,#4527));
#4512 = ORIENTED_EDGE('',*,*,#4492,.F.);
#4513 = ORIENTED_EDGE('',*,*,#4514,.T.);
#4514 = EDGE_CURVE('',#4493,#4515,#4517,.T.);
#4515 = VERTEX_POINT('',#4516);
#4516 = CARTESIAN_POINT('',(1.112806294747,-1.319972015927,0.5510001));
#4517 = B_SPLINE_CURVE_WITH_KNOTS('',3,(#4518,#4519,#4520,#4521),
  .UNSPECIFIED.,.F.,.F.,(4,4),(12.,13.),.PIECEWISE_BEZIER_KNOTS.);
#4518 = CARTESIAN_POINT('',(1.118254626229,-1.340975125837,0.5510001));
#4519 = CARTESIAN_POINT('',(1.11463626868,-1.335027710556,0.5510001));
#4520 = CARTESIAN_POINT('',(1.112806294747,-1.3280197422,0.5510001));
#4521 = CARTESIAN_POINT('',(1.112806294747,-1.319972015927,0.5510001));
#4522 = ORIENTED_EDGE('',*,*,#4523,.T.);
#4523 = EDGE_CURVE('',#4515,#499,#4524,.T.);
#4524 = B_SPLINE_CURVE_WITH_KNOTS('',1,(#4525,#4526),.UNSPECIFIED.,.F.,
  .F.,(2,2),(-0.,9.999999999999E-04),.PIECEWISE_BEZIER_KNOTS.);
#4525 = CARTESIAN_POINT('',(1.112806294747,-1.319972015927,0.5510001));
#4526 = CARTESIAN_POINT('',(1.112806294747,-1.319972015927,0.5500001));
#4527 = ORIENTED_EDGE('',*,*,#507,.F.);
#4528 = B_SPLINE_SURFACE_WITH_KNOTS('',3,1,(
    (#4529,#4530)
    ,(#4531,#4532)
    ,(#4533,#4534)
    ,(#4535,#4536
    )),.UNSPECIFIED.,.F.,.F.,.F.,(4,4),(2,2),(12.,13.),(0.,1.),
  .PIECEWISE_BEZIER_KNOTS.);
#4529 = CARTESIAN_POINT('',(1.118254626229,-1.340975125837,0.5510001));
#4530 = CARTESIAN_POINT('',(1.118254626229,-1.340975125837,0.5500001));
#4531 = CARTESIAN_POINT('',(1.11463626868,-1.335027710556,0.5510001));
#4532 = CARTESIAN_POINT('',(1.11463626868,-1.335027710556,0.5500001));
#4533 = CARTESIAN_POINT('',(1.112806294747,-1.3280197422,0.5510001));
#4534 = CARTESIAN_POINT('',(1.112806294747,-1.3280197422,0.5500001));
#4535 = CARTESIAN_POINT('',(1.112806294747,-1.319972015927,0.5510001));
#4536 = CARTESIAN_POINT('',(1.112806294747,-1.319972015927,0.5500001));
#4537 = ADVANCED_FACE('',(#4538),#4556,.F.);
#4538 = FACE_BOUND('',#4539,.F.);
#4539 = EDGE_LOOP('',(#4540,#4541,#4550,#4555));
#4540 = ORIENTED_EDGE('',*,*,#4523,.F.);
#4541 = ORIENTED_EDGE('',*,*,#4542,.T.);
#4542 = EDGE_CURVE('',#4515,#4543,#4545,.T.);
#4543 = VERTEX_POINT('',#4544);
#4544 = CARTESIAN_POINT('',(1.121373899978,-1.299072881809,0.5510001));
#4545 = B_SPLINE_CURVE_WITH_KNOTS('',3,(#4546,#4547,#4548,#4549),
  .UNSPECIFIED.,.F.,.F.,(4,4),(11.,12.),.PIECEWISE_BEZIER_KNOTS.);
#4546 = CARTESIAN_POINT('',(1.112806294747,-1.319972015927,0.5510001));
#4547 = CARTESIAN_POINT('',(1.112806294747,-1.31136282038,0.5510001));
#4548 = CARTESIAN_POINT('',(1.115676026596,-1.304396442341,0.5510001));
#4549 = CARTESIAN_POINT('',(1.121373899978,-1.299072881809,0.5510001));
#4550 = ORIENTED_EDGE('',*,*,#4551,.T.);
#4551 = EDGE_CURVE('',#4543,#490,#4552,.T.);
#4552 = B_SPLINE_CURVE_WITH_KNOTS('',1,(#4553,#4554),.UNSPECIFIED.,.F.,
  .F.,(2,2),(-0.,9.999999999999E-04),.PIECEWISE_BEZIER_KNOTS.);
#4553 = CARTESIAN_POINT('',(1.121373899978,-1.299072881809,0.5510001));
#4554 = CARTESIAN_POINT('',(1.121373899978,-1.299072881809,0.5500001));
#4555 = ORIENTED_EDGE('',*,*,#498,.F.);
#4556 = B_SPLINE_SURFACE_WITH_KNOTS('',3,1,(
    (#4557,#4558)
    ,(#4559,#4560)
    ,(#4561,#4562)
    ,(#4563,#4564
    )),.UNSPECIFIED.,.F.,.F.,.F.,(4,4),(2,2),(11.,12.),(0.,1.),
  .PIECEWISE_BEZIER_KNOTS.);
#4557 = CARTESIAN_POINT('',(1.112806294747,-1.319972015927,0.5510001));
#4558 = CARTESIAN_POINT('',(1.112806294747,-1.319972015927,0.5500001));
#4559 = CARTESIAN_POINT('',(1.112806294747,-1.31136282038,0.5510001));
#4560 = CARTESIAN_POINT('',(1.112806294747,-1.31136282038,0.5500001));
#4561 = CARTESIAN_POINT('',(1.115676026596,-1.304396442341,0.5510001));
#4562 = CARTESIAN_POINT('',(1.115676026596,-1.304396442341,0.5500001));
#4563 = CARTESIAN_POINT('',(1.121373899978,-1.299072881809,0.5510001));
#4564 = CARTESIAN_POINT('',(1.121373899978,-1.299072881809,0.5500001));
#4565 = ADVANCED_FACE('',(#4566),#4584,.F.);
#4566 = FACE_BOUND('',#4567,.F.);
#4567 = EDGE_LOOP('',(#4568,#4569,#4578,#4583));
#4568 = ORIENTED_EDGE('',*,*,#4551,.F.);
#4569 = ORIENTED_EDGE('',*,*,#4570,.T.);
#4570 = EDGE_CURVE('',#4543,#4571,#4573,.T.);
#4571 = VERTEX_POINT('',#4572);
#4572 = CARTESIAN_POINT('',(1.14458129667,-1.291087541012,0.5510001));
#4573 = B_SPLINE_CURVE_WITH_KNOTS('',3,(#4574,#4575,#4576,#4577),
  .UNSPECIFIED.,.F.,.F.,(4,4),(10.,11.),.PIECEWISE_BEZIER_KNOTS.);
#4574 = CARTESIAN_POINT('',(1.121373899978,-1.299072881809,0.5510001));
#4575 = CARTESIAN_POINT('',(1.127113363676,-1.293749321278,0.5510001));
#4576 = CARTESIAN_POINT('',(1.134849162574,-1.291087541012,0.5510001));
#4577 = CARTESIAN_POINT('',(1.14458129667,-1.291087541012,0.5510001));
#4578 = ORIENTED_EDGE('',*,*,#4579,.T.);
#4579 = EDGE_CURVE('',#4571,#481,#4580,.T.);
#4580 = B_SPLINE_CURVE_WITH_KNOTS('',1,(#4581,#4582),.UNSPECIFIED.,.F.,
  .F.,(2,2),(-0.,9.999999999999E-04),.PIECEWISE_BEZIER_KNOTS.);
#4581 = CARTESIAN_POINT('',(1.14458129667,-1.291087541012,0.5510001));
#4582 = CARTESIAN_POINT('',(1.14458129667,-1.291087541012,0.5500001));
#4583 = ORIENTED_EDGE('',*,*,#489,.F.);
#4584 = B_SPLINE_SURFACE_WITH_KNOTS('',3,1,(
    (#4585,#4586)
    ,(#4587,#4588)
    ,(#4589,#4590)
    ,(#4591,#4592
    )),.UNSPECIFIED.,.F.,.F.,.F.,(4,4),(2,2),(10.,11.),(0.,1.),
  .PIECEWISE_BEZIER_KNOTS.);
#4585 = CARTESIAN_POINT('',(1.121373899978,-1.299072881809,0.5510001));
#4586 = CARTESIAN_POINT('',(1.121373899978,-1.299072881809,0.5500001));
#4587 = CARTESIAN_POINT('',(1.127113363676,-1.293749321278,0.5510001));
#4588 = CARTESIAN_POINT('',(1.127113363676,-1.293749321278,0.5500001));
#4589 = CARTESIAN_POINT('',(1.134849162574,-1.291087541012,0.5510001));
#4590 = CARTESIAN_POINT('',(1.134849162574,-1.291087541012,0.5500001));
#4591 = CARTESIAN_POINT('',(1.14458129667,-1.291087541012,0.5510001));
#4592 = CARTESIAN_POINT('',(1.14458129667,-1.291087541012,0.5500001));
#4593 = ADVANCED_FACE('',(#4594),#4612,.F.);
#4594 = FACE_BOUND('',#4595,.F.);
#4595 = EDGE_LOOP('',(#4596,#4597,#4606,#4611));
#4596 = ORIENTED_EDGE('',*,*,#4579,.F.);
#4597 = ORIENTED_EDGE('',*,*,#4598,.T.);
#4598 = EDGE_CURVE('',#4571,#4599,#4601,.T.);
#4599 = VERTEX_POINT('',#4600);
#4600 = CARTESIAN_POINT('',(1.169036402862,-1.299634351084,0.5510001));
#4601 = B_SPLINE_CURVE_WITH_KNOTS('',3,(#4602,#4603,#4604,#4605),
  .UNSPECIFIED.,.F.,.F.,(4,4),(9.,10.),.PIECEWISE_BEZIER_KNOTS.);
#4602 = CARTESIAN_POINT('',(1.14458129667,-1.291087541012,0.5510001));
#4603 = CARTESIAN_POINT('',(1.154812514567,-1.291087541012,0.5510001));
#4604 = CARTESIAN_POINT('',(1.16296421663,-1.293936477703,0.5510001));
#4605 = CARTESIAN_POINT('',(1.169036402862,-1.299634351084,0.5510001));
#4606 = ORIENTED_EDGE('',*,*,#4607,.T.);
#4607 = EDGE_CURVE('',#4599,#472,#4608,.T.);
#4608 = B_SPLINE_CURVE_WITH_KNOTS('',1,(#4609,#4610),.UNSPECIFIED.,.F.,
  .F.,(2,2),(-0.,9.999999999999E-04),.PIECEWISE_BEZIER_KNOTS.);
#4609 = CARTESIAN_POINT('',(1.169036402862,-1.299634351084,0.5510001));
#4610 = CARTESIAN_POINT('',(1.169036402862,-1.299634351084,0.5500001));
#4611 = ORIENTED_EDGE('',*,*,#480,.F.);
#4612 = B_SPLINE_SURFACE_WITH_KNOTS('',3,1,(
    (#4613,#4614)
    ,(#4615,#4616)
    ,(#4617,#4618)
    ,(#4619,#4620
    )),.UNSPECIFIED.,.F.,.F.,.F.,(4,4),(2,2),(9.,10.),(0.,1.),
  .PIECEWISE_BEZIER_KNOTS.);
#4613 = CARTESIAN_POINT('',(1.14458129667,-1.291087541012,0.5510001));
#4614 = CARTESIAN_POINT('',(1.14458129667,-1.291087541012,0.5500001));
#4615 = CARTESIAN_POINT('',(1.154812514567,-1.291087541012,0.5510001));
#4616 = CARTESIAN_POINT('',(1.154812514567,-1.291087541012,0.5500001));
#4617 = CARTESIAN_POINT('',(1.16296421663,-1.293936477703,0.5510001));
#4618 = CARTESIAN_POINT('',(1.16296421663,-1.293936477703,0.5500001));
#4619 = CARTESIAN_POINT('',(1.169036402862,-1.299634351084,0.5510001));
#4620 = CARTESIAN_POINT('',(1.169036402862,-1.299634351084,0.5500001));
#4621 = ADVANCED_FACE('',(#4622),#4640,.F.);
#4622 = FACE_BOUND('',#4623,.F.);
#4623 = EDGE_LOOP('',(#4624,#4625,#4634,#4639));
#4624 = ORIENTED_EDGE('',*,*,#4607,.F.);
#4625 = ORIENTED_EDGE('',*,*,#4626,.T.);
#4626 = EDGE_CURVE('',#4599,#4627,#4629,.T.);
#4627 = VERTEX_POINT('',#4628);
#4628 = CARTESIAN_POINT('',(1.178061501575,-1.32180198986,0.5510001));
#4629 = B_SPLINE_CURVE_WITH_KNOTS('',3,(#4630,#4631,#4632,#4633),
  .UNSPECIFIED.,.F.,.F.,(4,4),(8.,9.),.PIECEWISE_BEZIER_KNOTS.);
#4630 = CARTESIAN_POINT('',(1.169036402862,-1.299634351084,0.5510001));
#4631 = CARTESIAN_POINT('',(1.175066998776,-1.305353019624,0.5510001));
#4632 = CARTESIAN_POINT('',(1.178061501575,-1.31273530083,0.5510001));
#4633 = CARTESIAN_POINT('',(1.178061501575,-1.32180198986,0.5510001));
#4634 = ORIENTED_EDGE('',*,*,#4635,.T.);
#4635 = EDGE_CURVE('',#4627,#463,#4636,.T.);
#4636 = B_SPLINE_CURVE_WITH_KNOTS('',1,(#4637,#4638),.UNSPECIFIED.,.F.,
  .F.,(2,2),(-0.,9.999999999999E-04),.PIECEWISE_BEZIER_KNOTS.);
#4637 = CARTESIAN_POINT('',(1.178061501575,-1.32180198986,0.5510001));
#4638 = CARTESIAN_POINT('',(1.178061501575,-1.32180198986,0.5500001));
#4639 = ORIENTED_EDGE('',*,*,#471,.F.);
#4640 = B_SPLINE_SURFACE_WITH_KNOTS('',3,1,(
    (#4641,#4642)
    ,(#4643,#4644)
    ,(#4645,#4646)
    ,(#4647,#4648
    )),.UNSPECIFIED.,.F.,.F.,.F.,(4,4),(2,2),(8.,9.),(0.,1.),
  .PIECEWISE_BEZIER_KNOTS.);
#4641 = CARTESIAN_POINT('',(1.169036402862,-1.299634351084,0.5510001));
#4642 = CARTESIAN_POINT('',(1.169036402862,-1.299634351084,0.5500001));
#4643 = CARTESIAN_POINT('',(1.175066998776,-1.305353019624,0.5510001));
#4644 = CARTESIAN_POINT('',(1.175066998776,-1.305353019624,0.5500001));
#4645 = CARTESIAN_POINT('',(1.178061501575,-1.31273530083,0.5510001));
#4646 = CARTESIAN_POINT('',(1.178061501575,-1.31273530083,0.5500001));
#4647 = CARTESIAN_POINT('',(1.178061501575,-1.32180198986,0.5510001));
#4648 = CARTESIAN_POINT('',(1.178061501575,-1.32180198986,0.5500001));
#4649 = ADVANCED_FACE('',(#4650),#4668,.F.);
#4650 = FACE_BOUND('',#4651,.F.);
#4651 = EDGE_LOOP('',(#4652,#4653,#4662,#4667));
#4652 = ORIENTED_EDGE('',*,*,#4635,.F.);
#4653 = ORIENTED_EDGE('',*,*,#4654,.T.);
#4654 = EDGE_CURVE('',#4627,#4655,#4657,.T.);
#4655 = VERTEX_POINT('',#4656);
#4656 = CARTESIAN_POINT('',(1.173237024844,-1.340975125837,0.5510001));
#4657 = B_SPLINE_CURVE_WITH_KNOTS('',3,(#4658,#4659,#4660,#4661),
  .UNSPECIFIED.,.F.,.F.,(4,4),(7.,8.),.PIECEWISE_BEZIER_KNOTS.);
#4658 = CARTESIAN_POINT('',(1.178061501575,-1.32180198986,0.5510001));
#4659 = CARTESIAN_POINT('',(1.178061501575,-1.328768367899,0.5510001));
#4660 = CARTESIAN_POINT('',(1.176481069543,-1.335152481506,0.5510001));
#4661 = CARTESIAN_POINT('',(1.173237024844,-1.340975125837,0.5510001));
#4662 = ORIENTED_EDGE('',*,*,#4663,.T.);
#4663 = EDGE_CURVE('',#4655,#456,#4664,.T.);
#4664 = B_SPLINE_CURVE_WITH_KNOTS('',1,(#4665,#4666),.UNSPECIFIED.,.F.,
  .F.,(2,2),(-0.,9.999999999999E-04),.PIECEWISE_BEZIER_KNOTS.);
#4665 = CARTESIAN_POINT('',(1.173237024844,-1.340975125837,0.5510001));
#4666 = CARTESIAN_POINT('',(1.173237024844,-1.340975125837,0.5500001));
#4667 = ORIENTED_EDGE('',*,*,#462,.F.);
#4668 = B_SPLINE_SURFACE_WITH_KNOTS('',3,1,(
    (#4669,#4670)
    ,(#4671,#4672)
    ,(#4673,#4674)
    ,(#4675,#4676
    )),.UNSPECIFIED.,.F.,.F.,.F.,(4,4),(2,2),(7.,8.),(0.,1.),
  .PIECEWISE_BEZIER_KNOTS.);
#4669 = CARTESIAN_POINT('',(1.178061501575,-1.32180198986,0.5510001));
#4670 = CARTESIAN_POINT('',(1.178061501575,-1.32180198986,0.5500001));
#4671 = CARTESIAN_POINT('',(1.178061501575,-1.328768367899,0.5510001));
#4672 = CARTESIAN_POINT('',(1.178061501575,-1.328768367899,0.5500001));
#4673 = CARTESIAN_POINT('',(1.176481069543,-1.335152481506,0.5510001));
#4674 = CARTESIAN_POINT('',(1.176481069543,-1.335152481506,0.5500001));
#4675 = CARTESIAN_POINT('',(1.173237024844,-1.340975125837,0.5510001));
#4676 = CARTESIAN_POINT('',(1.173237024844,-1.340975125837,0.5500001));
#4677 = ADVANCED_FACE('',(#4678),#4694,.F.);
#4678 = FACE_BOUND('',#4679,.T.);
#4679 = EDGE_LOOP('',(#4680,#4681,#4688,#4693));
#4680 = ORIENTED_EDGE('',*,*,#455,.T.);
#4681 = ORIENTED_EDGE('',*,*,#4682,.F.);
#4682 = EDGE_CURVE('',#4683,#447,#4685,.T.);
#4683 = VERTEX_POINT('',#4684);
#4684 = CARTESIAN_POINT('',(1.18421686844,-1.340975125837,0.5510001));
#4685 = B_SPLINE_CURVE_WITH_KNOTS('',1,(#4686,#4687),.UNSPECIFIED.,.F.,
  .F.,(2,2),(-0.,1.E-03),.PIECEWISE_BEZIER_KNOTS.);
#4686 = CARTESIAN_POINT('',(1.18421686844,-1.340975125837,0.5510001));
#4687 = CARTESIAN_POINT('',(1.18421686844,-1.340975125837,0.5500001));
#4688 = ORIENTED_EDGE('',*,*,#4689,.F.);
#4689 = EDGE_CURVE('',#4655,#4683,#4690,.T.);
#4690 = B_SPLINE_CURVE_WITH_KNOTS('',1,(#4691,#4692),.UNSPECIFIED.,.F.,
  .F.,(2,2),(-1.097984359599E-02,0.),.PIECEWISE_BEZIER_KNOTS.);
#4691 = CARTESIAN_POINT('',(1.173237024844,-1.340975125837,0.5510001));
#4692 = CARTESIAN_POINT('',(1.18421686844,-1.340975125837,0.5510001));
#4693 = ORIENTED_EDGE('',*,*,#4663,.T.);
#4694 = B_SPLINE_SURFACE_WITH_KNOTS('',1,1,(
    (#4695,#4696)
    ,(#4697,#4698)),.UNSPECIFIED.,.F.,.F.,.F.,(2,2),(2,2),(-1.E-03,0.),(
    -1.097984359599E-02,0.),.PIECEWISE_BEZIER_KNOTS.);
#4695 = CARTESIAN_POINT('',(1.173237024844,-1.340975125837,0.5500001));
#4696 = CARTESIAN_POINT('',(1.18421686844,-1.340975125837,0.5500001));
#4697 = CARTESIAN_POINT('',(1.173237024844,-1.340975125837,0.5510001));
#4698 = CARTESIAN_POINT('',(1.18421686844,-1.340975125837,0.5510001));
#4699 = ADVANCED_FACE('',(#4700),#4718,.F.);
#4700 = FACE_BOUND('',#4701,.F.);
#4701 = EDGE_LOOP('',(#4702,#4703,#4712,#4717));
#4702 = ORIENTED_EDGE('',*,*,#4682,.F.);
#4703 = ORIENTED_EDGE('',*,*,#4704,.T.);
#4704 = EDGE_CURVE('',#4683,#4705,#4707,.T.);
#4705 = VERTEX_POINT('',#4706);
#4706 = CARTESIAN_POINT('',(1.187544093772,-1.321698014068,0.5510001));
#4707 = B_SPLINE_CURVE_WITH_KNOTS('',3,(#4708,#4709,#4710,#4711),
  .UNSPECIFIED.,.F.,.F.,(4,4),(5.,6.),.PIECEWISE_BEZIER_KNOTS.);
#4708 = CARTESIAN_POINT('',(1.18421686844,-1.340975125837,0.5510001));
#4709 = CARTESIAN_POINT('',(1.186421155223,-1.335901107205,0.5510001));
#4710 = CARTESIAN_POINT('',(1.187544093772,-1.329475403282,0.5510001));
#4711 = CARTESIAN_POINT('',(1.187544093772,-1.321698014068,0.5510001));
#4712 = ORIENTED_EDGE('',*,*,#4713,.T.);
#4713 = EDGE_CURVE('',#4705,#438,#4714,.T.);
#4714 = B_SPLINE_CURVE_WITH_KNOTS('',1,(#4715,#4716),.UNSPECIFIED.,.F.,
  .F.,(2,2),(-0.,9.999999999999E-04),.PIECEWISE_BEZIER_KNOTS.);
#4715 = CARTESIAN_POINT('',(1.187544093772,-1.321698014068,0.5510001));
#4716 = CARTESIAN_POINT('',(1.187544093772,-1.321698014068,0.5500001));
#4717 = ORIENTED_EDGE('',*,*,#446,.F.);
#4718 = B_SPLINE_SURFACE_WITH_KNOTS('',3,1,(
    (#4719,#4720)
    ,(#4721,#4722)
    ,(#4723,#4724)
    ,(#4725,#4726
    )),.UNSPECIFIED.,.F.,.F.,.F.,(4,4),(2,2),(5.,6.),(0.,1.),
  .PIECEWISE_BEZIER_KNOTS.);
#4719 = CARTESIAN_POINT('',(1.18421686844,-1.340975125837,0.5510001));
#4720 = CARTESIAN_POINT('',(1.18421686844,-1.340975125837,0.5500001));
#4721 = CARTESIAN_POINT('',(1.186421155223,-1.335901107205,0.5510001));
#4722 = CARTESIAN_POINT('',(1.186421155223,-1.335901107205,0.5500001));
#4723 = CARTESIAN_POINT('',(1.187544093772,-1.329475403282,0.5510001));
#4724 = CARTESIAN_POINT('',(1.187544093772,-1.329475403282,0.5500001));
#4725 = CARTESIAN_POINT('',(1.187544093772,-1.321698014068,0.5510001));
#4726 = CARTESIAN_POINT('',(1.187544093772,-1.321698014068,0.5500001));
#4727 = ADVANCED_FACE('',(#4728),#4746,.F.);
#4728 = FACE_BOUND('',#4729,.F.);
#4729 = EDGE_LOOP('',(#4730,#4731,#4740,#4745));
#4730 = ORIENTED_EDGE('',*,*,#4713,.F.);
#4731 = ORIENTED_EDGE('',*,*,#4732,.T.);
#4732 = EDGE_CURVE('',#4705,#4733,#4735,.T.);
#4733 = VERTEX_POINT('',#4734);
#4734 = CARTESIAN_POINT('',(1.175566082576,-1.291815371553,0.5510001));
#4735 = B_SPLINE_CURVE_WITH_KNOTS('',3,(#4736,#4737,#4738,#4739),
  .UNSPECIFIED.,.F.,.F.,(4,4),(4.,5.),.PIECEWISE_BEZIER_KNOTS.);
#4736 = CARTESIAN_POINT('',(1.187544093772,-1.321698014068,0.5510001));
#4737 = CARTESIAN_POINT('',(1.187544093772,-1.309616027081,0.5510001));
#4738 = CARTESIAN_POINT('',(1.183551423374,-1.299655146243,0.5510001));
#4739 = CARTESIAN_POINT('',(1.175566082576,-1.291815371553,0.5510001));
#4740 = ORIENTED_EDGE('',*,*,#4741,.T.);
#4741 = EDGE_CURVE('',#4733,#429,#4742,.T.);
#4742 = B_SPLINE_CURVE_WITH_KNOTS('',1,(#4743,#4744),.UNSPECIFIED.,.F.,
  .F.,(2,2),(-0.,9.999999999999E-04),.PIECEWISE_BEZIER_KNOTS.);
#4743 = CARTESIAN_POINT('',(1.175566082576,-1.291815371553,0.5510001));
#4744 = CARTESIAN_POINT('',(1.175566082576,-1.291815371553,0.5500001));
#4745 = ORIENTED_EDGE('',*,*,#437,.F.);
#4746 = B_SPLINE_SURFACE_WITH_KNOTS('',3,1,(
    (#4747,#4748)
    ,(#4749,#4750)
    ,(#4751,#4752)
    ,(#4753,#4754
    )),.UNSPECIFIED.,.F.,.F.,.F.,(4,4),(2,2),(4.,5.),(0.,1.),
  .PIECEWISE_BEZIER_KNOTS.);
#4747 = CARTESIAN_POINT('',(1.187544093772,-1.321698014068,0.5510001));
#4748 = CARTESIAN_POINT('',(1.187544093772,-1.321698014068,0.5500001));
#4749 = CARTESIAN_POINT('',(1.187544093772,-1.309616027081,0.5510001));
#4750 = CARTESIAN_POINT('',(1.187544093772,-1.309616027081,0.5500001));
#4751 = CARTESIAN_POINT('',(1.183551423374,-1.299655146243,0.5510001));
#4752 = CARTESIAN_POINT('',(1.183551423374,-1.299655146243,0.5500001));
#4753 = CARTESIAN_POINT('',(1.175566082576,-1.291815371553,0.5510001));
#4754 = CARTESIAN_POINT('',(1.175566082576,-1.291815371553,0.5500001));
#4755 = ADVANCED_FACE('',(#4756),#4774,.F.);
#4756 = FACE_BOUND('',#4757,.F.);
#4757 = EDGE_LOOP('',(#4758,#4759,#4768,#4773));
#4758 = ORIENTED_EDGE('',*,*,#4741,.F.);
#4759 = ORIENTED_EDGE('',*,*,#4760,.T.);
#4760 = EDGE_CURVE('',#4733,#4761,#4763,.T.);
#4761 = VERTEX_POINT('',#4762);
#4762 = CARTESIAN_POINT('',(1.14395744192,-1.280066107099,0.5510001));
#4763 = B_SPLINE_CURVE_WITH_KNOTS('',3,(#4764,#4765,#4766,#4767),
  .UNSPECIFIED.,.F.,.F.,(4,4),(3.,4.),.PIECEWISE_BEZIER_KNOTS.);
#4764 = CARTESIAN_POINT('',(1.175566082576,-1.291815371553,0.5510001));
#4765 = CARTESIAN_POINT('',(1.167580741779,-1.283975596864,0.5510001));
#4766 = CARTESIAN_POINT('',(1.157058391666,-1.280066107099,0.5510001));
#4767 = CARTESIAN_POINT('',(1.14395744192,-1.280066107099,0.5510001));
#4768 = ORIENTED_EDGE('',*,*,#4769,.T.);
#4769 = EDGE_CURVE('',#4761,#420,#4770,.T.);
#4770 = B_SPLINE_CURVE_WITH_KNOTS('',1,(#4771,#4772),.UNSPECIFIED.,.F.,
  .F.,(2,2),(-0.,9.999999999999E-04),.PIECEWISE_BEZIER_KNOTS.);
#4771 = CARTESIAN_POINT('',(1.14395744192,-1.280066107099,0.5510001));
#4772 = CARTESIAN_POINT('',(1.14395744192,-1.280066107099,0.5500001));
#4773 = ORIENTED_EDGE('',*,*,#428,.F.);
#4774 = B_SPLINE_SURFACE_WITH_KNOTS('',3,1,(
    (#4775,#4776)
    ,(#4777,#4778)
    ,(#4779,#4780)
    ,(#4781,#4782
    )),.UNSPECIFIED.,.F.,.F.,.F.,(4,4),(2,2),(3.,4.),(0.,1.),
  .PIECEWISE_BEZIER_KNOTS.);
#4775 = CARTESIAN_POINT('',(1.175566082576,-1.291815371553,0.5510001));
#4776 = CARTESIAN_POINT('',(1.175566082576,-1.291815371553,0.5500001));
#4777 = CARTESIAN_POINT('',(1.167580741779,-1.283975596864,0.5510001));
#4778 = CARTESIAN_POINT('',(1.167580741779,-1.283975596864,0.5500001));
#4779 = CARTESIAN_POINT('',(1.157058391666,-1.280066107099,0.5510001));
#4780 = CARTESIAN_POINT('',(1.157058391666,-1.280066107099,0.5500001));
#4781 = CARTESIAN_POINT('',(1.14395744192,-1.280066107099,0.5510001));
#4782 = CARTESIAN_POINT('',(1.14395744192,-1.280066107099,0.5500001));
#4783 = ADVANCED_FACE('',(#4784),#4802,.F.);
#4784 = FACE_BOUND('',#4785,.F.);
#4785 = EDGE_LOOP('',(#4786,#4787,#4796,#4801));
#4786 = ORIENTED_EDGE('',*,*,#4769,.F.);
#4787 = ORIENTED_EDGE('',*,*,#4788,.T.);
#4788 = EDGE_CURVE('',#4761,#4789,#4791,.T.);
#4789 = VERTEX_POINT('',#4790);
#4790 = CARTESIAN_POINT('',(1.114553088047,-1.290505276579,0.5510001));
#4791 = B_SPLINE_CURVE_WITH_KNOTS('',3,(#4792,#4793,#4794,#4795),
  .UNSPECIFIED.,.F.,.F.,(4,4),(2.,3.),.PIECEWISE_BEZIER_KNOTS.);
#4792 = CARTESIAN_POINT('',(1.14395744192,-1.280066107099,0.5510001));
#4793 = CARTESIAN_POINT('',(1.131771479141,-1.280066107099,0.5510001));
#4794 = CARTESIAN_POINT('',(1.121956164411,-1.283538898539,0.5510001));
#4795 = CARTESIAN_POINT('',(1.114553088047,-1.290505276579,0.5510001));
#4796 = ORIENTED_EDGE('',*,*,#4797,.T.);
#4797 = EDGE_CURVE('',#4789,#411,#4798,.T.);
#4798 = B_SPLINE_CURVE_WITH_KNOTS('',1,(#4799,#4800),.UNSPECIFIED.,.F.,
  .F.,(2,2),(-0.,9.999999999999E-04),.PIECEWISE_BEZIER_KNOTS.);
#4799 = CARTESIAN_POINT('',(1.114553088047,-1.290505276579,0.5510001));
#4800 = CARTESIAN_POINT('',(1.114553088047,-1.290505276579,0.5500001));
#4801 = ORIENTED_EDGE('',*,*,#419,.F.);
#4802 = B_SPLINE_SURFACE_WITH_KNOTS('',3,1,(
    (#4803,#4804)
    ,(#4805,#4806)
    ,(#4807,#4808)
    ,(#4809,#4810
    )),.UNSPECIFIED.,.F.,.F.,.F.,(4,4),(2,2),(2.,3.),(0.,1.),
  .PIECEWISE_BEZIER_KNOTS.);
#4803 = CARTESIAN_POINT('',(1.14395744192,-1.280066107099,0.5510001));
#4804 = CARTESIAN_POINT('',(1.14395744192,-1.280066107099,0.5500001));
#4805 = CARTESIAN_POINT('',(1.131771479141,-1.280066107099,0.5510001));
#4806 = CARTESIAN_POINT('',(1.131771479141,-1.280066107099,0.5500001));
#4807 = CARTESIAN_POINT('',(1.121956164411,-1.283538898539,0.5510001));
#4808 = CARTESIAN_POINT('',(1.121956164411,-1.283538898539,0.5500001));
#4809 = CARTESIAN_POINT('',(1.114553088047,-1.290505276579,0.5510001));
#4810 = CARTESIAN_POINT('',(1.114553088047,-1.290505276579,0.5500001));
#4811 = ADVANCED_FACE('',(#4812),#4824,.F.);
#4812 = FACE_BOUND('',#4813,.F.);
#4813 = EDGE_LOOP('',(#4814,#4815,#4822,#4823));
#4814 = ORIENTED_EDGE('',*,*,#4797,.F.);
#4815 = ORIENTED_EDGE('',*,*,#4816,.T.);
#4816 = EDGE_CURVE('',#4789,#4458,#4817,.T.);
#4817 = B_SPLINE_CURVE_WITH_KNOTS('',3,(#4818,#4819,#4820,#4821),
  .UNSPECIFIED.,.F.,.F.,(4,4),(1.,2.),.PIECEWISE_BEZIER_KNOTS.);
#4818 = CARTESIAN_POINT('',(1.114553088047,-1.290505276579,0.5510001));
#4819 = CARTESIAN_POINT('',(1.107150011683,-1.297471654618,0.5510001));
#4820 = CARTESIAN_POINT('',(1.1034484735,-1.306787885548,0.5510001));
#4821 = CARTESIAN_POINT('',(1.1034484735,-1.31845396937,0.5510001));
#4822 = ORIENTED_EDGE('',*,*,#4457,.T.);
#4823 = ORIENTED_EDGE('',*,*,#410,.F.);
#4824 = B_SPLINE_SURFACE_WITH_KNOTS('',3,1,(
    (#4825,#4826)
    ,(#4827,#4828)
    ,(#4829,#4830)
    ,(#4831,#4832
    )),.UNSPECIFIED.,.F.,.F.,.F.,(4,4),(2,2),(1.,2.),(0.,1.),
  .PIECEWISE_BEZIER_KNOTS.);
#4825 = CARTESIAN_POINT('',(1.114553088047,-1.290505276579,0.5510001));
#4826 = CARTESIAN_POINT('',(1.114553088047,-1.290505276579,0.5500001));
#4827 = CARTESIAN_POINT('',(1.107150011683,-1.297471654618,0.5510001));
#4828 = CARTESIAN_POINT('',(1.107150011683,-1.297471654618,0.5500001));
#4829 = CARTESIAN_POINT('',(1.1034484735,-1.306787885548,0.5510001));
#4830 = CARTESIAN_POINT('',(1.1034484735,-1.306787885548,0.5500001));
#4831 = CARTESIAN_POINT('',(1.1034484735,-1.31845396937,0.5510001));
#4832 = CARTESIAN_POINT('',(1.1034484735,-1.31845396937,0.5500001));
#4833 = ADVANCED_FACE('',(#4834),#4850,.T.);
#4834 = FACE_BOUND('',#4835,.T.);
#4835 = EDGE_LOOP('',(#4836,#4837,#4838,#4839,#4840,#4841,#4842,#4843,
    #4844,#4845,#4846,#4847,#4848,#4849));
#4836 = ORIENTED_EDGE('',*,*,#4464,.T.);
#4837 = ORIENTED_EDGE('',*,*,#4499,.T.);
#4838 = ORIENTED_EDGE('',*,*,#4514,.T.);
#4839 = ORIENTED_EDGE('',*,*,#4542,.T.);
#4840 = ORIENTED_EDGE('',*,*,#4570,.T.);
#4841 = ORIENTED_EDGE('',*,*,#4598,.T.);
#4842 = ORIENTED_EDGE('',*,*,#4626,.T.);
#4843 = ORIENTED_EDGE('',*,*,#4654,.T.);
#4844 = ORIENTED_EDGE('',*,*,#4689,.T.);
#4845 = ORIENTED_EDGE('',*,*,#4704,.T.);
#4846 = ORIENTED_EDGE('',*,*,#4732,.T.);
#4847 = ORIENTED_EDGE('',*,*,#4760,.T.);
#4848 = ORIENTED_EDGE('',*,*,#4788,.T.);
#4849 = ORIENTED_EDGE('',*,*,#4816,.T.);
#4850 = B_SPLINE_SURFACE_WITH_KNOTS('',1,1,(
    (#4851,#4852)
    ,(#4853,#4854
    )),.UNSPECIFIED.,.F.,.F.,.F.,(2,2),(2,2),(-1.185324024568E-03,
    8.291029624724E-02),(-1.012204331545E-02,5.078697542257E-02),
  .PIECEWISE_BEZIER_KNOTS.);
#4851 = CARTESIAN_POINT('',(1.1034484735,-1.340975125837,0.5510001));
#4852 = CARTESIAN_POINT('',(1.1034484735,-1.280066107099,0.5510001));
#4853 = CARTESIAN_POINT('',(1.187544093772,-1.340975125837,0.5510001));
#4854 = CARTESIAN_POINT('',(1.187544093772,-1.280066107099,0.5510001));
#4855 = ADVANCED_FACE('',(#4856),#4878,.F.);
#4856 = FACE_BOUND('',#4857,.T.);
#4857 = EDGE_LOOP('',(#4858,#4859,#4866,#4873));
#4858 = ORIENTED_EDGE('',*,*,#597,.T.);
#4859 = ORIENTED_EDGE('',*,*,#4860,.F.);
#4860 = EDGE_CURVE('',#4861,#600,#4863,.T.);
#4861 = VERTEX_POINT('',#4862);
#4862 = CARTESIAN_POINT('',(1.114095594564,-1.401010747925,0.5510001));
#4863 = B_SPLINE_CURVE_WITH_KNOTS('',1,(#4864,#4865),.UNSPECIFIED.,.F.,
  .F.,(2,2),(-0.,1.E-03),.PIECEWISE_BEZIER_KNOTS.);
#4864 = CARTESIAN_POINT('',(1.114095594564,-1.401010747925,0.5510001));
#4865 = CARTESIAN_POINT('',(1.114095594564,-1.401010747925,0.5500001));
#4866 = ORIENTED_EDGE('',*,*,#4867,.F.);
#4867 = EDGE_CURVE('',#4868,#4861,#4870,.T.);
#4868 = VERTEX_POINT('',#4869);
#4869 = CARTESIAN_POINT('',(1.10482095395,-1.401010747925,0.5510001));
#4870 = B_SPLINE_CURVE_WITH_KNOTS('',1,(#4871,#4872),.UNSPECIFIED.,.F.,
  .F.,(2,2),(-9.274640613513E-03,0.),.PIECEWISE_BEZIER_KNOTS.);
#4871 = CARTESIAN_POINT('',(1.10482095395,-1.401010747925,0.5510001));
#4872 = CARTESIAN_POINT('',(1.114095594564,-1.401010747925,0.5510001));
#4873 = ORIENTED_EDGE('',*,*,#4874,.T.);
#4874 = EDGE_CURVE('',#4868,#598,#4875,.T.);
#4875 = B_SPLINE_CURVE_WITH_KNOTS('',1,(#4876,#4877),.UNSPECIFIED.,.F.,
  .F.,(2,2),(-0.,1.E-03),.PIECEWISE_BEZIER_KNOTS.);
#4876 = CARTESIAN_POINT('',(1.10482095395,-1.401010747925,0.5510001));
#4877 = CARTESIAN_POINT('',(1.10482095395,-1.401010747925,0.5500001));
#4878 = B_SPLINE_SURFACE_WITH_KNOTS('',1,1,(
    (#4879,#4880)
    ,(#4881,#4882)),.UNSPECIFIED.,.F.,.F.,.F.,(2,2),(2,2),(-1.E-03,0.),(
    -9.274640613513E-03,0.),.PIECEWISE_BEZIER_KNOTS.);
#4879 = CARTESIAN_POINT('',(1.10482095395,-1.401010747925,0.5500001));
#4880 = CARTESIAN_POINT('',(1.114095594564,-1.401010747925,0.5500001));
#4881 = CARTESIAN_POINT('',(1.10482095395,-1.401010747925,0.5510001));
#4882 = CARTESIAN_POINT('',(1.114095594564,-1.401010747925,0.5510001));
#4883 = ADVANCED_FACE('',(#4884),#4900,.F.);
#4884 = FACE_BOUND('',#4885,.T.);
#4885 = EDGE_LOOP('',(#4886,#4887,#4894,#4899));
#4886 = ORIENTED_EDGE('',*,*,#676,.T.);
#4887 = ORIENTED_EDGE('',*,*,#4888,.F.);
#4888 = EDGE_CURVE('',#4889,#670,#4891,.T.);
#4889 = VERTEX_POINT('',#4890);
#4890 = CARTESIAN_POINT('',(1.114095594564,-1.367759289761,0.5510001));
#4891 = B_SPLINE_CURVE_WITH_KNOTS('',1,(#4892,#4893),.UNSPECIFIED.,.F.,
  .F.,(2,2),(-0.,1.E-03),.PIECEWISE_BEZIER_KNOTS.);
#4892 = CARTESIAN_POINT('',(1.114095594564,-1.367759289761,0.5510001));
#4893 = CARTESIAN_POINT('',(1.114095594564,-1.367759289761,0.5500001));
#4894 = ORIENTED_EDGE('',*,*,#4895,.F.);
#4895 = EDGE_CURVE('',#4861,#4889,#4896,.T.);
#4896 = B_SPLINE_CURVE_WITH_KNOTS('',1,(#4897,#4898),.UNSPECIFIED.,.F.,
  .F.,(2,2),(-3.325145816363E-02,0.),.PIECEWISE_BEZIER_KNOTS.);
#4897 = CARTESIAN_POINT('',(1.114095594564,-1.401010747925,0.5510001));
#4898 = CARTESIAN_POINT('',(1.114095594564,-1.367759289761,0.5510001));
#4899 = ORIENTED_EDGE('',*,*,#4860,.T.);
#4900 = B_SPLINE_SURFACE_WITH_KNOTS('',1,1,(
    (#4901,#4902)
    ,(#4903,#4904
    )),.UNSPECIFIED.,.F.,.F.,.F.,(2,2),(2,2),(0.,3.325145816363E-02),(
    -1.E-03,0.),.PIECEWISE_BEZIER_KNOTS.);
#4901 = CARTESIAN_POINT('',(1.114095594564,-1.367759289761,0.5500001));
#4902 = CARTESIAN_POINT('',(1.114095594564,-1.367759289761,0.5510001));
#4903 = CARTESIAN_POINT('',(1.114095594564,-1.401010747925,0.5500001));
#4904 = CARTESIAN_POINT('',(1.114095594564,-1.401010747925,0.5510001));
#4905 = ADVANCED_FACE('',(#4906),#4922,.F.);
#4906 = FACE_BOUND('',#4907,.T.);
#4907 = EDGE_LOOP('',(#4908,#4909,#4916,#4921));
#4908 = ORIENTED_EDGE('',*,*,#669,.T.);
#4909 = ORIENTED_EDGE('',*,*,#4910,.F.);
#4910 = EDGE_CURVE('',#4911,#663,#4913,.T.);
#4911 = VERTEX_POINT('',#4912);
#4912 = CARTESIAN_POINT('',(1.141462022921,-1.367759289761,0.5510001));
#4913 = B_SPLINE_CURVE_WITH_KNOTS('',1,(#4914,#4915),.UNSPECIFIED.,.F.,
  .F.,(2,2),(-0.,1.E-03),.PIECEWISE_BEZIER_KNOTS.);
#4914 = CARTESIAN_POINT('',(1.141462022921,-1.367759289761,0.5510001));
#4915 = CARTESIAN_POINT('',(1.141462022921,-1.367759289761,0.5500001));
#4916 = ORIENTED_EDGE('',*,*,#4917,.F.);
#4917 = EDGE_CURVE('',#4889,#4911,#4918,.T.);
#4918 = B_SPLINE_CURVE_WITH_KNOTS('',1,(#4919,#4920),.UNSPECIFIED.,.F.,
  .F.,(2,2),(-2.736642835733E-02,0.),.PIECEWISE_BEZIER_KNOTS.);
#4919 = CARTESIAN_POINT('',(1.114095594564,-1.367759289761,0.5510001));
#4920 = CARTESIAN_POINT('',(1.141462022921,-1.367759289761,0.5510001));
#4921 = ORIENTED_EDGE('',*,*,#4888,.T.);
#4922 = B_SPLINE_SURFACE_WITH_KNOTS('',1,1,(
    (#4923,#4924)
    ,(#4925,#4926
    )),.UNSPECIFIED.,.F.,.F.,.F.,(2,2),(2,2),(-0.,2.736642835733E-02),(
    -1.E-03,0.),.PIECEWISE_BEZIER_KNOTS.);
#4923 = CARTESIAN_POINT('',(1.141462022921,-1.367759289761,0.5500001));
#4924 = CARTESIAN_POINT('',(1.141462022921,-1.367759289761,0.5510001));
#4925 = CARTESIAN_POINT('',(1.114095594564,-1.367759289761,0.5500001));
#4926 = CARTESIAN_POINT('',(1.114095594564,-1.367759289761,0.5510001));
#4927 = ADVANCED_FACE('',(#4928),#4944,.F.);
#4928 = FACE_BOUND('',#4929,.T.);
#4929 = EDGE_LOOP('',(#4930,#4931,#4938,#4943));
#4930 = ORIENTED_EDGE('',*,*,#662,.T.);
#4931 = ORIENTED_EDGE('',*,*,#4932,.F.);
#4932 = EDGE_CURVE('',#4933,#656,#4935,.T.);
#4933 = VERTEX_POINT('',#4934);
#4934 = CARTESIAN_POINT('',(1.141462022921,-1.39685171626,0.5510001));
#4935 = B_SPLINE_CURVE_WITH_KNOTS('',1,(#4936,#4937),.UNSPECIFIED.,.F.,
  .F.,(2,2),(-0.,1.E-03),.PIECEWISE_BEZIER_KNOTS.);
#4936 = CARTESIAN_POINT('',(1.141462022921,-1.39685171626,0.5510001));
#4937 = CARTESIAN_POINT('',(1.141462022921,-1.39685171626,0.5500001));
#4938 = ORIENTED_EDGE('',*,*,#4939,.F.);
#4939 = EDGE_CURVE('',#4911,#4933,#4940,.T.);
#4940 = B_SPLINE_CURVE_WITH_KNOTS('',1,(#4941,#4942),.UNSPECIFIED.,.F.,
  .F.,(2,2),(-2.909242649839E-02,0.),.PIECEWISE_BEZIER_KNOTS.);
#4941 = CARTESIAN_POINT('',(1.141462022921,-1.367759289761,0.5510001));
#4942 = CARTESIAN_POINT('',(1.141462022921,-1.39685171626,0.5510001));
#4943 = ORIENTED_EDGE('',*,*,#4910,.T.);
#4944 = B_SPLINE_SURFACE_WITH_KNOTS('',1,1,(
    (#4945,#4946)
    ,(#4947,#4948
    )),.UNSPECIFIED.,.F.,.F.,.F.,(2,2),(2,2),(0.,2.909242649839E-02),(
    -1.E-03,0.),.PIECEWISE_BEZIER_KNOTS.);
#4945 = CARTESIAN_POINT('',(1.141462022921,-1.39685171626,0.5500001));
#4946 = CARTESIAN_POINT('',(1.141462022921,-1.39685171626,0.5510001));
#4947 = CARTESIAN_POINT('',(1.141462022921,-1.367759289761,0.5500001));
#4948 = CARTESIAN_POINT('',(1.141462022921,-1.367759289761,0.5510001));
#4949 = ADVANCED_FACE('',(#4950),#4966,.F.);
#4950 = FACE_BOUND('',#4951,.T.);
#4951 = EDGE_LOOP('',(#4952,#4953,#4960,#4965));
#4952 = ORIENTED_EDGE('',*,*,#655,.T.);
#4953 = ORIENTED_EDGE('',*,*,#4954,.F.);
#4954 = EDGE_CURVE('',#4955,#649,#4957,.T.);
#4955 = VERTEX_POINT('',#4956);
#4956 = CARTESIAN_POINT('',(1.150778253851,-1.39685171626,0.5510001));
#4957 = B_SPLINE_CURVE_WITH_KNOTS('',1,(#4958,#4959),.UNSPECIFIED.,.F.,
  .F.,(2,2),(-0.,1.E-03),.PIECEWISE_BEZIER_KNOTS.);
#4958 = CARTESIAN_POINT('',(1.150778253851,-1.39685171626,0.5510001));
#4959 = CARTESIAN_POINT('',(1.150778253851,-1.39685171626,0.5500001));
#4960 = ORIENTED_EDGE('',*,*,#4961,.F.);
#4961 = EDGE_CURVE('',#4933,#4955,#4962,.T.);
#4962 = B_SPLINE_CURVE_WITH_KNOTS('',1,(#4963,#4964),.UNSPECIFIED.,.F.,
  .F.,(2,2),(-9.316230930119E-03,0.),.PIECEWISE_BEZIER_KNOTS.);
#4963 = CARTESIAN_POINT('',(1.141462022921,-1.39685171626,0.5510001));
#4964 = CARTESIAN_POINT('',(1.150778253851,-1.39685171626,0.5510001));
#4965 = ORIENTED_EDGE('',*,*,#4932,.T.);
#4966 = B_SPLINE_SURFACE_WITH_KNOTS('',1,1,(
    (#4967,#4968)
    ,(#4969,#4970)),.UNSPECIFIED.,.F.,.F.,.F.,(2,2),(2,2),(-1.E-03,0.),(
    -9.316230930119E-03,0.),.PIECEWISE_BEZIER_KNOTS.);
#4967 = CARTESIAN_POINT('',(1.141462022921,-1.39685171626,0.5500001));
#4968 = CARTESIAN_POINT('',(1.150778253851,-1.39685171626,0.5500001));
#4969 = CARTESIAN_POINT('',(1.141462022921,-1.39685171626,0.5510001));
#4970 = CARTESIAN_POINT('',(1.150778253851,-1.39685171626,0.5510001));
#4971 = ADVANCED_FACE('',(#4972),#4988,.F.);
#4972 = FACE_BOUND('',#4973,.T.);
#4973 = EDGE_LOOP('',(#4974,#4975,#4982,#4987));
#4974 = ORIENTED_EDGE('',*,*,#648,.T.);
#4975 = ORIENTED_EDGE('',*,*,#4976,.F.);
#4976 = EDGE_CURVE('',#4977,#642,#4979,.T.);
#4977 = VERTEX_POINT('',#4978);
#4978 = CARTESIAN_POINT('',(1.150778253851,-1.367759289761,0.5510001));
#4979 = B_SPLINE_CURVE_WITH_KNOTS('',1,(#4980,#4981),.UNSPECIFIED.,.F.,
  .F.,(2,2),(-0.,1.E-03),.PIECEWISE_BEZIER_KNOTS.);
#4980 = CARTESIAN_POINT('',(1.150778253851,-1.367759289761,0.5510001));
#4981 = CARTESIAN_POINT('',(1.150778253851,-1.367759289761,0.5500001));
#4982 = ORIENTED_EDGE('',*,*,#4983,.F.);
#4983 = EDGE_CURVE('',#4955,#4977,#4984,.T.);
#4984 = B_SPLINE_CURVE_WITH_KNOTS('',1,(#4985,#4986),.UNSPECIFIED.,.F.,
  .F.,(2,2),(-2.909242649839E-02,0.),.PIECEWISE_BEZIER_KNOTS.);
#4985 = CARTESIAN_POINT('',(1.150778253851,-1.39685171626,0.5510001));
#4986 = CARTESIAN_POINT('',(1.150778253851,-1.367759289761,0.5510001));
#4987 = ORIENTED_EDGE('',*,*,#4954,.T.);
#4988 = B_SPLINE_SURFACE_WITH_KNOTS('',1,1,(
    (#4989,#4990)
    ,(#4991,#4992
    )),.UNSPECIFIED.,.F.,.F.,.F.,(2,2),(2,2),(0.,2.909242649839E-02),(
    -1.E-03,0.),.PIECEWISE_BEZIER_KNOTS.);
#4989 = CARTESIAN_POINT('',(1.150778253851,-1.367759289761,0.5500001));
#4990 = CARTESIAN_POINT('',(1.150778253851,-1.367759289761,0.5510001));
#4991 = CARTESIAN_POINT('',(1.150778253851,-1.39685171626,0.5500001));
#4992 = CARTESIAN_POINT('',(1.150778253851,-1.39685171626,0.5510001));
#4993 = ADVANCED_FACE('',(#4994),#5010,.F.);
#4994 = FACE_BOUND('',#4995,.T.);
#4995 = EDGE_LOOP('',(#4996,#4997,#5004,#5009));
#4996 = ORIENTED_EDGE('',*,*,#641,.T.);
#4997 = ORIENTED_EDGE('',*,*,#4998,.F.);
#4998 = EDGE_CURVE('',#4999,#635,#5001,.T.);
#4999 = VERTEX_POINT('',#5000);
#5000 = CARTESIAN_POINT('',(1.176813792076,-1.367759289761,0.5510001));
#5001 = B_SPLINE_CURVE_WITH_KNOTS('',1,(#5002,#5003),.UNSPECIFIED.,.F.,
  .F.,(2,2),(-0.,1.E-03),.PIECEWISE_BEZIER_KNOTS.);
#5002 = CARTESIAN_POINT('',(1.176813792076,-1.367759289761,0.5510001));
#5003 = CARTESIAN_POINT('',(1.176813792076,-1.367759289761,0.5500001));
#5004 = ORIENTED_EDGE('',*,*,#5005,.F.);
#5005 = EDGE_CURVE('',#4977,#4999,#5006,.T.);
#5006 = B_SPLINE_CURVE_WITH_KNOTS('',1,(#5007,#5008),.UNSPECIFIED.,.F.,
  .F.,(2,2),(-2.603553822485E-02,0.),.PIECEWISE_BEZIER_KNOTS.);
#5007 = CARTESIAN_POINT('',(1.150778253851,-1.367759289761,0.5510001));
#5008 = CARTESIAN_POINT('',(1.176813792076,-1.367759289761,0.5510001));
#5009 = ORIENTED_EDGE('',*,*,#4976,.T.);
#5010 = B_SPLINE_SURFACE_WITH_KNOTS('',1,1,(
    (#5011,#5012)
    ,(#5013,#5014
    )),.UNSPECIFIED.,.F.,.F.,.F.,(2,2),(2,2),(-0.,2.603553822485E-02),(
    -1.E-03,0.),.PIECEWISE_BEZIER_KNOTS.);
#5011 = CARTESIAN_POINT('',(1.176813792076,-1.367759289761,0.5500001));
#5012 = CARTESIAN_POINT('',(1.176813792076,-1.367759289761,0.5510001));
#5013 = CARTESIAN_POINT('',(1.150778253851,-1.367759289761,0.5500001));
#5014 = CARTESIAN_POINT('',(1.150778253851,-1.367759289761,0.5510001));
#5015 = ADVANCED_FACE('',(#5016),#5032,.F.);
#5016 = FACE_BOUND('',#5017,.T.);
#5017 = EDGE_LOOP('',(#5018,#5019,#5026,#5031));
#5018 = ORIENTED_EDGE('',*,*,#634,.T.);
#5019 = ORIENTED_EDGE('',*,*,#5020,.F.);
#5020 = EDGE_CURVE('',#5021,#628,#5023,.T.);
#5021 = VERTEX_POINT('',#5022);
#5022 = CARTESIAN_POINT('',(1.176813792076,-1.399159978834,0.5510001));
#5023 = B_SPLINE_CURVE_WITH_KNOTS('',1,(#5024,#5025),.UNSPECIFIED.,.F.,
  .F.,(2,2),(-0.,1.E-03),.PIECEWISE_BEZIER_KNOTS.);
#5024 = CARTESIAN_POINT('',(1.176813792076,-1.399159978834,0.5510001));
#5025 = CARTESIAN_POINT('',(1.176813792076,-1.399159978834,0.5500001));
#5026 = ORIENTED_EDGE('',*,*,#5027,.F.);
#5027 = EDGE_CURVE('',#4999,#5021,#5028,.T.);
#5028 = B_SPLINE_CURVE_WITH_KNOTS('',1,(#5029,#5030),.UNSPECIFIED.,.F.,
  .F.,(2,2),(-3.140068907276E-02,0.),.PIECEWISE_BEZIER_KNOTS.);
#5029 = CARTESIAN_POINT('',(1.176813792076,-1.367759289761,0.5510001));
#5030 = CARTESIAN_POINT('',(1.176813792076,-1.399159978834,0.5510001));
#5031 = ORIENTED_EDGE('',*,*,#4998,.T.);
#5032 = B_SPLINE_SURFACE_WITH_KNOTS('',1,1,(
    (#5033,#5034)
    ,(#5035,#5036
    )),.UNSPECIFIED.,.F.,.F.,.F.,(2,2),(2,2),(0.,3.140068907276E-02),(
    -1.E-03,0.),.PIECEWISE_BEZIER_KNOTS.);
#5033 = CARTESIAN_POINT('',(1.176813792076,-1.399159978834,0.5500001));
#5034 = CARTESIAN_POINT('',(1.176813792076,-1.399159978834,0.5510001));
#5035 = CARTESIAN_POINT('',(1.176813792076,-1.367759289761,0.5500001));
#5036 = CARTESIAN_POINT('',(1.176813792076,-1.367759289761,0.5510001));
#5037 = ADVANCED_FACE('',(#5038),#5054,.F.);
#5038 = FACE_BOUND('',#5039,.T.);
#5039 = EDGE_LOOP('',(#5040,#5041,#5048,#5053));
#5040 = ORIENTED_EDGE('',*,*,#627,.T.);
#5041 = ORIENTED_EDGE('',*,*,#5042,.F.);
#5042 = EDGE_CURVE('',#5043,#621,#5045,.T.);
#5043 = VERTEX_POINT('',#5044);
#5044 = CARTESIAN_POINT('',(1.186171613323,-1.399159978834,0.5510001));
#5045 = B_SPLINE_CURVE_WITH_KNOTS('',1,(#5046,#5047),.UNSPECIFIED.,.F.,
  .F.,(2,2),(-0.,1.E-03),.PIECEWISE_BEZIER_KNOTS.);
#5046 = CARTESIAN_POINT('',(1.186171613323,-1.399159978834,0.5510001));
#5047 = CARTESIAN_POINT('',(1.186171613323,-1.399159978834,0.5500001));
#5048 = ORIENTED_EDGE('',*,*,#5049,.F.);
#5049 = EDGE_CURVE('',#5021,#5043,#5050,.T.);
#5050 = B_SPLINE_CURVE_WITH_KNOTS('',1,(#5051,#5052),.UNSPECIFIED.,.F.,
  .F.,(2,2),(-9.357821246724E-03,0.),.PIECEWISE_BEZIER_KNOTS.);
#5051 = CARTESIAN_POINT('',(1.176813792076,-1.399159978834,0.5510001));
#5052 = CARTESIAN_POINT('',(1.186171613323,-1.399159978834,0.5510001));
#5053 = ORIENTED_EDGE('',*,*,#5020,.T.);
#5054 = B_SPLINE_SURFACE_WITH_KNOTS('',1,1,(
    (#5055,#5056)
    ,(#5057,#5058
    )),.UNSPECIFIED.,.F.,.F.,.F.,(2,2),(2,2),(-0.,9.357821246724E-03),(
    -1.E-03,0.),.PIECEWISE_BEZIER_KNOTS.);
#5055 = CARTESIAN_POINT('',(1.186171613323,-1.399159978834,0.5500001));
#5056 = CARTESIAN_POINT('',(1.186171613323,-1.399159978834,0.5510001));
#5057 = CARTESIAN_POINT('',(1.176813792076,-1.399159978834,0.5500001));
#5058 = CARTESIAN_POINT('',(1.176813792076,-1.399159978834,0.5510001));
#5059 = ADVANCED_FACE('',(#5060),#5076,.F.);
#5060 = FACE_BOUND('',#5061,.T.);
#5061 = EDGE_LOOP('',(#5062,#5063,#5070,#5075));
#5062 = ORIENTED_EDGE('',*,*,#620,.T.);
#5063 = ORIENTED_EDGE('',*,*,#5064,.F.);
#5064 = EDGE_CURVE('',#5065,#614,#5067,.T.);
#5065 = VERTEX_POINT('',#5066);
#5066 = CARTESIAN_POINT('',(1.186171613323,-1.357257734807,0.5510001));
#5067 = B_SPLINE_CURVE_WITH_KNOTS('',1,(#5068,#5069),.UNSPECIFIED.,.F.,
  .F.,(2,2),(-0.,1.E-03),.PIECEWISE_BEZIER_KNOTS.);
#5068 = CARTESIAN_POINT('',(1.186171613323,-1.357257734807,0.5510001));
#5069 = CARTESIAN_POINT('',(1.186171613323,-1.357257734807,0.5500001));
#5070 = ORIENTED_EDGE('',*,*,#5071,.F.);
#5071 = EDGE_CURVE('',#5043,#5065,#5072,.T.);
#5072 = B_SPLINE_CURVE_WITH_KNOTS('',1,(#5073,#5074),.UNSPECIFIED.,.F.,
  .F.,(2,2),(-4.190224402751E-02,0.),.PIECEWISE_BEZIER_KNOTS.);
#5073 = CARTESIAN_POINT('',(1.186171613323,-1.399159978834,0.5510001));
#5074 = CARTESIAN_POINT('',(1.186171613323,-1.357257734807,0.5510001));
#5075 = ORIENTED_EDGE('',*,*,#5042,.T.);
#5076 = B_SPLINE_SURFACE_WITH_KNOTS('',1,1,(
    (#5077,#5078)
    ,(#5079,#5080
    )),.UNSPECIFIED.,.F.,.F.,.F.,(2,2),(2,2),(0.,4.190224402751E-02),(
    -1.E-03,0.),.PIECEWISE_BEZIER_KNOTS.);
#5077 = CARTESIAN_POINT('',(1.186171613323,-1.357257734807,0.5500001));
#5078 = CARTESIAN_POINT('',(1.186171613323,-1.357257734807,0.5510001));
#5079 = CARTESIAN_POINT('',(1.186171613323,-1.399159978834,0.5500001));
#5080 = CARTESIAN_POINT('',(1.186171613323,-1.399159978834,0.5510001));
#5081 = ADVANCED_FACE('',(#5082),#5098,.F.);
#5082 = FACE_BOUND('',#5083,.T.);
#5083 = EDGE_LOOP('',(#5084,#5085,#5092,#5097));
#5084 = ORIENTED_EDGE('',*,*,#613,.T.);
#5085 = ORIENTED_EDGE('',*,*,#5086,.F.);
#5086 = EDGE_CURVE('',#5087,#607,#5089,.T.);
#5087 = VERTEX_POINT('',#5088);
#5088 = CARTESIAN_POINT('',(1.10482095395,-1.357257734807,0.5510001));
#5089 = B_SPLINE_CURVE_WITH_KNOTS('',1,(#5090,#5091),.UNSPECIFIED.,.F.,
  .F.,(2,2),(-0.,1.E-03),.PIECEWISE_BEZIER_KNOTS.);
#5090 = CARTESIAN_POINT('',(1.10482095395,-1.357257734807,0.5510001));
#5091 = CARTESIAN_POINT('',(1.10482095395,-1.357257734807,0.5500001));
#5092 = ORIENTED_EDGE('',*,*,#5093,.F.);
#5093 = EDGE_CURVE('',#5065,#5087,#5094,.T.);
#5094 = B_SPLINE_CURVE_WITH_KNOTS('',1,(#5095,#5096),.UNSPECIFIED.,.F.,
  .F.,(2,2),(-8.135065937253E-02,-0.),.PIECEWISE_BEZIER_KNOTS.);
#5095 = CARTESIAN_POINT('',(1.186171613323,-1.357257734807,0.5510001));
#5096 = CARTESIAN_POINT('',(1.10482095395,-1.357257734807,0.5510001));
#5097 = ORIENTED_EDGE('',*,*,#5064,.T.);
#5098 = B_SPLINE_SURFACE_WITH_KNOTS('',1,1,(
    (#5099,#5100)
    ,(#5101,#5102
    )),.UNSPECIFIED.,.F.,.F.,.F.,(2,2),(2,2),(0.,8.135065937253E-02),(
    -1.E-03,0.),.PIECEWISE_BEZIER_KNOTS.);
#5099 = CARTESIAN_POINT('',(1.10482095395,-1.357257734807,0.5500001));
#5100 = CARTESIAN_POINT('',(1.10482095395,-1.357257734807,0.5510001));
#5101 = CARTESIAN_POINT('',(1.186171613323,-1.357257734807,0.5500001));
#5102 = CARTESIAN_POINT('',(1.186171613323,-1.357257734807,0.5510001));
#5103 = ADVANCED_FACE('',(#5104),#5114,.F.);
#5104 = FACE_BOUND('',#5105,.T.);
#5105 = EDGE_LOOP('',(#5106,#5107,#5108,#5113));
#5106 = ORIENTED_EDGE('',*,*,#606,.T.);
#5107 = ORIENTED_EDGE('',*,*,#4874,.F.);
#5108 = ORIENTED_EDGE('',*,*,#5109,.F.);
#5109 = EDGE_CURVE('',#5087,#4868,#5110,.T.);
#5110 = B_SPLINE_CURVE_WITH_KNOTS('',1,(#5111,#5112),.UNSPECIFIED.,.F.,
  .F.,(2,2),(-4.375301311838E-02,0.),.PIECEWISE_BEZIER_KNOTS.);
#5111 = CARTESIAN_POINT('',(1.10482095395,-1.357257734807,0.5510001));
#5112 = CARTESIAN_POINT('',(1.10482095395,-1.401010747925,0.5510001));
#5113 = ORIENTED_EDGE('',*,*,#5086,.T.);
#5114 = B_SPLINE_SURFACE_WITH_KNOTS('',1,1,(
    (#5115,#5116)
    ,(#5117,#5118
    )),.UNSPECIFIED.,.F.,.F.,.F.,(2,2),(2,2),(0.,4.375301311838E-02),(
    -1.E-03,0.),.PIECEWISE_BEZIER_KNOTS.);
#5115 = CARTESIAN_POINT('',(1.10482095395,-1.401010747925,0.5500001));
#5116 = CARTESIAN_POINT('',(1.10482095395,-1.401010747925,0.5510001));
#5117 = CARTESIAN_POINT('',(1.10482095395,-1.357257734807,0.5500001));
#5118 = CARTESIAN_POINT('',(1.10482095395,-1.357257734807,0.5510001));
#5119 = ADVANCED_FACE('',(#5120),#5134,.F.);
#5120 = FACE_BOUND('',#5121,.T.);
#5121 = EDGE_LOOP('',(#5122,#5123,#5124,#5125,#5126,#5127,#5128,#5129,
    #5130,#5131,#5132,#5133));
#5122 = ORIENTED_EDGE('',*,*,#4867,.T.);
#5123 = ORIENTED_EDGE('',*,*,#4895,.T.);
#5124 = ORIENTED_EDGE('',*,*,#4917,.T.);
#5125 = ORIENTED_EDGE('',*,*,#4939,.T.);
#5126 = ORIENTED_EDGE('',*,*,#4961,.T.);
#5127 = ORIENTED_EDGE('',*,*,#4983,.T.);
#5128 = ORIENTED_EDGE('',*,*,#5005,.T.);
#5129 = ORIENTED_EDGE('',*,*,#5027,.T.);
#5130 = ORIENTED_EDGE('',*,*,#5049,.T.);
#5131 = ORIENTED_EDGE('',*,*,#5071,.T.);
#5132 = ORIENTED_EDGE('',*,*,#5093,.T.);
#5133 = ORIENTED_EDGE('',*,*,#5109,.T.);
#5134 = B_SPLINE_SURFACE_WITH_KNOTS('',1,1,(
    (#5135,#5136)
    ,(#5137,#5138
    )),.UNSPECIFIED.,.F.,.F.,.F.,(2,2),(2,2),(-1.186171613323,
    -1.10482095395),(-1.401010747925,-1.357257734807),
  .PIECEWISE_BEZIER_KNOTS.);
#5135 = CARTESIAN_POINT('',(1.186171613323,-1.401010747925,0.5510001));
#5136 = CARTESIAN_POINT('',(1.186171613323,-1.357257734807,0.5510001));
#5137 = CARTESIAN_POINT('',(1.10482095395,-1.401010747925,0.5510001));
#5138 = CARTESIAN_POINT('',(1.10482095395,-1.357257734807,0.5510001));
#5139 = ADVANCED_FACE('',(#5140,#5199),#5258,.T.);
#5140 = FACE_BOUND('',#5141,.T.);
#5141 = EDGE_LOOP('',(#5142,#5151,#5160,#5169,#5178,#5187,#5194));
#5142 = ORIENTED_EDGE('',*,*,#5143,.T.);
#5143 = EDGE_CURVE('',#5144,#5146,#5148,.T.);
#5144 = VERTEX_POINT('',#5145);
#5145 = CARTESIAN_POINT('',(1.10482095395,-1.416378369928,0.5510001));
#5146 = VERTEX_POINT('',#5147);
#5147 = CARTESIAN_POINT('',(1.10482095395,-1.438753960288,0.5510001));
#5148 = B_SPLINE_CURVE_WITH_KNOTS('',1,(#5149,#5150),.UNSPECIFIED.,.F.,
  .F.,(2,2),(-2.237559035915E-02,0.),.PIECEWISE_BEZIER_KNOTS.);
#5149 = CARTESIAN_POINT('',(1.10482095395,-1.416378369928,0.5510001));
#5150 = CARTESIAN_POINT('',(1.10482095395,-1.438753960288,0.5510001));
#5151 = ORIENTED_EDGE('',*,*,#5152,.T.);
#5152 = EDGE_CURVE('',#5146,#5153,#5155,.T.);
#5153 = VERTEX_POINT('',#5154);
#5154 = CARTESIAN_POINT('',(1.116216700713,-1.470341805785,0.5510001));
#5155 = B_SPLINE_CURVE_WITH_KNOTS('',3,(#5156,#5157,#5158,#5159),
  .UNSPECIFIED.,.F.,.F.,(4,4),(5.,6.),.PIECEWISE_BEZIER_KNOTS.);
#5156 = CARTESIAN_POINT('',(1.10482095395,-1.438753960288,0.5510001));
#5157 = CARTESIAN_POINT('',(1.10482095395,-1.451626163291,0.5510001));
#5158 = CARTESIAN_POINT('',(1.108605672766,-1.462169308563,0.5510001));
#5159 = CARTESIAN_POINT('',(1.116216700713,-1.470341805785,0.5510001));
#5160 = ORIENTED_EDGE('',*,*,#5161,.T.);
#5161 = EDGE_CURVE('',#5153,#5162,#5164,.T.);
#5162 = VERTEX_POINT('',#5163);
#5163 = CARTESIAN_POINT('',(1.146536041553,-1.482610949198,0.5510001));
#5164 = B_SPLINE_CURVE_WITH_KNOTS('',3,(#5165,#5166,#5167,#5168),
  .UNSPECIFIED.,.F.,.F.,(4,4),(4.,5.),.PIECEWISE_BEZIER_KNOTS.);
#5165 = CARTESIAN_POINT('',(1.116216700713,-1.470341805785,0.5510001));
#5166 = CARTESIAN_POINT('',(1.12382772866,-1.478514303008,0.5510001));
#5167 = CARTESIAN_POINT('',(1.133934175607,-1.482610949198,0.5510001));
#5168 = CARTESIAN_POINT('',(1.146536041553,-1.482610949198,0.5510001));
#5169 = ORIENTED_EDGE('',*,*,#5170,.T.);
#5170 = EDGE_CURVE('',#5162,#5171,#5173,.T.);
#5171 = VERTEX_POINT('',#5172);
#5172 = CARTESIAN_POINT('',(1.17539972131,-1.470341805785,0.5510001));
#5173 = B_SPLINE_CURVE_WITH_KNOTS('',3,(#5174,#5175,#5176,#5177),
  .UNSPECIFIED.,.F.,.F.,(4,4),(3.,4.),.PIECEWISE_BEZIER_KNOTS.);
#5174 = CARTESIAN_POINT('',(1.146536041553,-1.482610949198,0.5510001));
#5175 = CARTESIAN_POINT('',(1.158597233382,-1.482610949198,0.5510001));
#5176 = CARTESIAN_POINT('',(1.168204596529,-1.478514303008,0.5510001));
#5177 = CARTESIAN_POINT('',(1.17539972131,-1.470341805785,0.5510001));
#5178 = ORIENTED_EDGE('',*,*,#5179,.T.);
#5179 = EDGE_CURVE('',#5171,#5180,#5182,.T.);
#5180 = VERTEX_POINT('',#5181);
#5181 = CARTESIAN_POINT('',(1.186171613323,-1.439585766621,0.5510001));
#5182 = B_SPLINE_CURVE_WITH_KNOTS('',3,(#5183,#5184,#5185,#5186),
  .UNSPECIFIED.,.F.,.F.,(4,4),(2.,3.),.PIECEWISE_BEZIER_KNOTS.);
#5183 = CARTESIAN_POINT('',(1.17539972131,-1.470341805785,0.5510001));
#5184 = CARTESIAN_POINT('',(1.182594846091,-1.462169308563,0.5510001));
#5185 = CARTESIAN_POINT('',(1.186171613323,-1.451917295508,0.5510001));
#5186 = CARTESIAN_POINT('',(1.186171613323,-1.439585766621,0.5510001));
#5187 = ORIENTED_EDGE('',*,*,#5188,.T.);
#5188 = EDGE_CURVE('',#5180,#5189,#5191,.T.);
#5189 = VERTEX_POINT('',#5190);
#5190 = CARTESIAN_POINT('',(1.186171613323,-1.416378369928,0.5510001));
#5191 = B_SPLINE_CURVE_WITH_KNOTS('',1,(#5192,#5193),.UNSPECIFIED.,.F.,
  .F.,(2,2),(-2.320739669236E-02,0.),.PIECEWISE_BEZIER_KNOTS.);
#5192 = CARTESIAN_POINT('',(1.186171613323,-1.439585766621,0.5510001));
#5193 = CARTESIAN_POINT('',(1.186171613323,-1.416378369928,0.5510001));
#5194 = ORIENTED_EDGE('',*,*,#5195,.T.);
#5195 = EDGE_CURVE('',#5189,#5144,#5196,.T.);
#5196 = B_SPLINE_CURVE_WITH_KNOTS('',1,(#5197,#5198),.UNSPECIFIED.,.F.,
  .F.,(2,2),(-8.135065937253E-02,-0.),.PIECEWISE_BEZIER_KNOTS.);
#5197 = CARTESIAN_POINT('',(1.186171613323,-1.416378369928,0.5510001));
#5198 = CARTESIAN_POINT('',(1.10482095395,-1.416378369928,0.5510001));
#5199 = FACE_BOUND('',#5200,.T.);
#5200 = EDGE_LOOP('',(#5201,#5210,#5217,#5226,#5235,#5244,#5253));
#5201 = ORIENTED_EDGE('',*,*,#5202,.F.);
#5202 = EDGE_CURVE('',#5203,#5205,#5207,.T.);
#5203 = VERTEX_POINT('',#5204);
#5204 = CARTESIAN_POINT('',(1.176813792076,-1.426879924883,0.5510001));
#5205 = VERTEX_POINT('',#5206);
#5206 = CARTESIAN_POINT('',(1.114095594564,-1.426879924883,0.5510001));
#5207 = B_SPLINE_CURVE_WITH_KNOTS('',1,(#5208,#5209),.UNSPECIFIED.,.F.,
  .F.,(2,2),(0.,6.27181975123E-02),.PIECEWISE_BEZIER_KNOTS.);
#5208 = CARTESIAN_POINT('',(1.176813792076,-1.426879924883,0.5510001));
#5209 = CARTESIAN_POINT('',(1.114095594564,-1.426879924883,0.5510001));
#5210 = ORIENTED_EDGE('',*,*,#5211,.F.);
#5211 = EDGE_CURVE('',#5212,#5203,#5214,.T.);
#5212 = VERTEX_POINT('',#5213);
#5213 = CARTESIAN_POINT('',(1.176813792076,-1.439169863454,0.5510001));
#5214 = B_SPLINE_CURVE_WITH_KNOTS('',1,(#5215,#5216),.UNSPECIFIED.,.F.,
  .F.,(2,2),(0.,1.228993857017E-02),.PIECEWISE_BEZIER_KNOTS.);
#5215 = CARTESIAN_POINT('',(1.176813792076,-1.439169863454,0.5510001));
#5216 = CARTESIAN_POINT('',(1.176813792076,-1.426879924883,0.5510001));
#5217 = ORIENTED_EDGE('',*,*,#5218,.F.);
#5218 = EDGE_CURVE('',#5219,#5212,#5221,.T.);
#5219 = VERTEX_POINT('',#5220);
#5220 = CARTESIAN_POINT('',(1.169161173812,-1.462647597204,0.5510001));
#5221 = B_SPLINE_CURVE_WITH_KNOTS('',3,(#5222,#5223,#5224,#5225),
  .UNSPECIFIED.,.F.,.F.,(4,4),(5.,6.),.PIECEWISE_BEZIER_KNOTS.);
#5222 = CARTESIAN_POINT('',(1.169161173812,-1.462647597204,0.5510001));
#5223 = CARTESIAN_POINT('',(1.17427678276,-1.456700181923,0.5510001));
#5224 = CARTESIAN_POINT('',(1.176813792076,-1.448860407234,0.5510001));
#5225 = CARTESIAN_POINT('',(1.176813792076,-1.439169863454,0.5510001));
#5226 = ORIENTED_EDGE('',*,*,#5227,.F.);
#5227 = EDGE_CURVE('',#5228,#5219,#5230,.T.);
#5228 = VERTEX_POINT('',#5229);
#5229 = CARTESIAN_POINT('',(1.146244909336,-1.471568720127,0.5510001));
#5230 = B_SPLINE_CURVE_WITH_KNOTS('',3,(#5231,#5232,#5233,#5234),
  .UNSPECIFIED.,.F.,.F.,(4,4),(4.,5.),.PIECEWISE_BEZIER_KNOTS.);
#5231 = CARTESIAN_POINT('',(1.146244909336,-1.471568720127,0.5510001));
#5232 = CARTESIAN_POINT('',(1.156392946599,-1.471568720127,0.5510001));
#5233 = CARTESIAN_POINT('',(1.164045564864,-1.468595012486,0.5510001));
#5234 = CARTESIAN_POINT('',(1.169161173812,-1.462647597204,0.5510001));
#5235 = ORIENTED_EDGE('',*,*,#5236,.F.);
#5236 = EDGE_CURVE('',#5237,#5228,#5239,.T.);
#5237 = VERTEX_POINT('',#5238);
#5238 = CARTESIAN_POINT('',(1.122580019161,-1.462876343946,0.5510001));
#5239 = B_SPLINE_CURVE_WITH_KNOTS('',3,(#5240,#5241,#5242,#5243),
  .UNSPECIFIED.,.F.,.F.,(4,4),(3.,4.),.PIECEWISE_BEZIER_KNOTS.);
#5240 = CARTESIAN_POINT('',(1.122580019161,-1.462876343946,0.5510001));
#5241 = CARTESIAN_POINT('',(1.128194711909,-1.468678193119,0.5510001));
#5242 = CARTESIAN_POINT('',(1.136096872073,-1.471568720127,0.5510001));
#5243 = CARTESIAN_POINT('',(1.146244909336,-1.471568720127,0.5510001));
#5244 = ORIENTED_EDGE('',*,*,#5245,.F.);
#5245 = EDGE_CURVE('',#5246,#5237,#5248,.T.);
#5246 = VERTEX_POINT('',#5247);
#5247 = CARTESIAN_POINT('',(1.114095594564,-1.438691574813,0.5510001));
#5248 = B_SPLINE_CURVE_WITH_KNOTS('',3,(#5249,#5250,#5251,#5252),
  .UNSPECIFIED.,.F.,.F.,(4,4),(2.,3.),.PIECEWISE_BEZIER_KNOTS.);
#5249 = CARTESIAN_POINT('',(1.114095594564,-1.438691574813,0.5510001));
#5250 = CARTESIAN_POINT('',(1.114095594564,-1.449026768501,0.5510001));
#5251 = CARTESIAN_POINT('',(1.116923736096,-1.457095289932,0.5510001));
#5252 = CARTESIAN_POINT('',(1.122580019161,-1.462876343946,0.5510001));
#5253 = ORIENTED_EDGE('',*,*,#5254,.F.);
#5254 = EDGE_CURVE('',#5205,#5246,#5255,.T.);
#5255 = B_SPLINE_CURVE_WITH_KNOTS('',1,(#5256,#5257),.UNSPECIFIED.,.F.,
  .F.,(2,2),(0.,1.181164992921E-02),.PIECEWISE_BEZIER_KNOTS.);
#5256 = CARTESIAN_POINT('',(1.114095594564,-1.426879924883,0.5510001));
#5257 = CARTESIAN_POINT('',(1.114095594564,-1.438691574813,0.5510001));
#5258 = B_SPLINE_SURFACE_WITH_KNOTS('',1,1,(
    (#5259,#5260)
    ,(#5261,#5262
    )),.UNSPECIFIED.,.F.,.F.,.F.,(2,2),(2,2),(-7.866288515894E-02,
    2.687774213597E-03),(-2.608752612033E-02,4.0145053149E-02),
  .PIECEWISE_BEZIER_KNOTS.);
#5259 = CARTESIAN_POINT('',(1.10482095395,-1.482610949198,0.5510001));
#5260 = CARTESIAN_POINT('',(1.10482095395,-1.416378369928,0.5510001));
#5261 = CARTESIAN_POINT('',(1.186171613323,-1.482610949198,0.5510001));
#5262 = CARTESIAN_POINT('',(1.186171613323,-1.416378369928,0.5510001));
#5263 = ADVANCED_FACE('',(#5264),#5278,.F.);
#5264 = FACE_BOUND('',#5265,.T.);
#5265 = EDGE_LOOP('',(#5266,#5267,#5272,#5273));
#5266 = ORIENTED_EDGE('',*,*,#683,.T.);
#5267 = ORIENTED_EDGE('',*,*,#5268,.F.);
#5268 = EDGE_CURVE('',#5146,#686,#5269,.T.);
#5269 = B_SPLINE_CURVE_WITH_KNOTS('',1,(#5270,#5271),.UNSPECIFIED.,.F.,
  .F.,(2,2),(-0.,9.999999999999E-04),.PIECEWISE_BEZIER_KNOTS.);
#5270 = CARTESIAN_POINT('',(1.10482095395,-1.438753960288,0.5510001));
#5271 = CARTESIAN_POINT('',(1.10482095395,-1.438753960288,0.5500001));
#5272 = ORIENTED_EDGE('',*,*,#5143,.F.);
#5273 = ORIENTED_EDGE('',*,*,#5274,.T.);
#5274 = EDGE_CURVE('',#5144,#684,#5275,.T.);
#5275 = B_SPLINE_CURVE_WITH_KNOTS('',1,(#5276,#5277),.UNSPECIFIED.,.F.,
  .F.,(2,2),(-0.,1.E-03),.PIECEWISE_BEZIER_KNOTS.);
#5276 = CARTESIAN_POINT('',(1.10482095395,-1.416378369928,0.5510001));
#5277 = CARTESIAN_POINT('',(1.10482095395,-1.416378369928,0.5500001));
#5278 = B_SPLINE_SURFACE_WITH_KNOTS('',1,1,(
    (#5279,#5280)
    ,(#5281,#5282
    )),.UNSPECIFIED.,.F.,.F.,.F.,(2,2),(2,2),(0.,2.237559035915E-02),(
    -1.E-03,0.),.PIECEWISE_BEZIER_KNOTS.);
#5279 = CARTESIAN_POINT('',(1.10482095395,-1.438753960288,0.5500001));
#5280 = CARTESIAN_POINT('',(1.10482095395,-1.438753960288,0.5510001));
#5281 = CARTESIAN_POINT('',(1.10482095395,-1.416378369928,0.5500001));
#5282 = CARTESIAN_POINT('',(1.10482095395,-1.416378369928,0.5510001));
#5283 = ADVANCED_FACE('',(#5284),#5294,.F.);
#5284 = FACE_BOUND('',#5285,.F.);
#5285 = EDGE_LOOP('',(#5286,#5287,#5288,#5293));
#5286 = ORIENTED_EDGE('',*,*,#5268,.F.);
#5287 = ORIENTED_EDGE('',*,*,#5152,.T.);
#5288 = ORIENTED_EDGE('',*,*,#5289,.T.);
#5289 = EDGE_CURVE('',#5153,#725,#5290,.T.);
#5290 = B_SPLINE_CURVE_WITH_KNOTS('',1,(#5291,#5292),.UNSPECIFIED.,.F.,
  .F.,(2,2),(-0.,9.999999999999E-04),.PIECEWISE_BEZIER_KNOTS.);
#5291 = CARTESIAN_POINT('',(1.116216700713,-1.470341805785,0.5510001));
#5292 = CARTESIAN_POINT('',(1.116216700713,-1.470341805785,0.5500001));
#5293 = ORIENTED_EDGE('',*,*,#733,.F.);
#5294 = B_SPLINE_SURFACE_WITH_KNOTS('',3,1,(
    (#5295,#5296)
    ,(#5297,#5298)
    ,(#5299,#5300)
    ,(#5301,#5302
    )),.UNSPECIFIED.,.F.,.F.,.F.,(4,4),(2,2),(5.,6.),(0.,1.),
  .PIECEWISE_BEZIER_KNOTS.);
#5295 = CARTESIAN_POINT('',(1.10482095395,-1.438753960288,0.5510001));
#5296 = CARTESIAN_POINT('',(1.10482095395,-1.438753960288,0.5500001));
#5297 = CARTESIAN_POINT('',(1.10482095395,-1.451626163291,0.5510001));
#5298 = CARTESIAN_POINT('',(1.10482095395,-1.451626163291,0.5500001));
#5299 = CARTESIAN_POINT('',(1.108605672766,-1.462169308563,0.5510001));
#5300 = CARTESIAN_POINT('',(1.108605672766,-1.462169308563,0.5500001));
#5301 = CARTESIAN_POINT('',(1.116216700713,-1.470341805785,0.5510001));
#5302 = CARTESIAN_POINT('',(1.116216700713,-1.470341805785,0.5500001));
#5303 = ADVANCED_FACE('',(#5304),#5314,.F.);
#5304 = FACE_BOUND('',#5305,.F.);
#5305 = EDGE_LOOP('',(#5306,#5307,#5308,#5313));
#5306 = ORIENTED_EDGE('',*,*,#5289,.F.);
#5307 = ORIENTED_EDGE('',*,*,#5161,.T.);
#5308 = ORIENTED_EDGE('',*,*,#5309,.T.);
#5309 = EDGE_CURVE('',#5162,#716,#5310,.T.);
#5310 = B_SPLINE_CURVE_WITH_KNOTS('',1,(#5311,#5312),.UNSPECIFIED.,.F.,
  .F.,(2,2),(-0.,9.999999999999E-04),.PIECEWISE_BEZIER_KNOTS.);
#5311 = CARTESIAN_POINT('',(1.146536041553,-1.482610949198,0.5510001));
#5312 = CARTESIAN_POINT('',(1.146536041553,-1.482610949198,0.5500001));
#5313 = ORIENTED_EDGE('',*,*,#724,.F.);
#5314 = B_SPLINE_SURFACE_WITH_KNOTS('',3,1,(
    (#5315,#5316)
    ,(#5317,#5318)
    ,(#5319,#5320)
    ,(#5321,#5322
    )),.UNSPECIFIED.,.F.,.F.,.F.,(4,4),(2,2),(4.,5.),(0.,1.),
  .PIECEWISE_BEZIER_KNOTS.);
#5315 = CARTESIAN_POINT('',(1.116216700713,-1.470341805785,0.5510001));
#5316 = CARTESIAN_POINT('',(1.116216700713,-1.470341805785,0.5500001));
#5317 = CARTESIAN_POINT('',(1.12382772866,-1.478514303008,0.5510001));
#5318 = CARTESIAN_POINT('',(1.12382772866,-1.478514303008,0.5500001));
#5319 = CARTESIAN_POINT('',(1.133934175607,-1.482610949198,0.5510001));
#5320 = CARTESIAN_POINT('',(1.133934175607,-1.482610949198,0.5500001));
#5321 = CARTESIAN_POINT('',(1.146536041553,-1.482610949198,0.5510001));
#5322 = CARTESIAN_POINT('',(1.146536041553,-1.482610949198,0.5500001));
#5323 = ADVANCED_FACE('',(#5324),#5334,.F.);
#5324 = FACE_BOUND('',#5325,.F.);
#5325 = EDGE_LOOP('',(#5326,#5327,#5328,#5333));
#5326 = ORIENTED_EDGE('',*,*,#5309,.F.);
#5327 = ORIENTED_EDGE('',*,*,#5170,.T.);
#5328 = ORIENTED_EDGE('',*,*,#5329,.T.);
#5329 = EDGE_CURVE('',#5171,#707,#5330,.T.);
#5330 = B_SPLINE_CURVE_WITH_KNOTS('',1,(#5331,#5332),.UNSPECIFIED.,.F.,
  .F.,(2,2),(-0.,9.999999999999E-04),.PIECEWISE_BEZIER_KNOTS.);
#5331 = CARTESIAN_POINT('',(1.17539972131,-1.470341805785,0.5510001));
#5332 = CARTESIAN_POINT('',(1.17539972131,-1.470341805785,0.5500001));
#5333 = ORIENTED_EDGE('',*,*,#715,.F.);
#5334 = B_SPLINE_SURFACE_WITH_KNOTS('',3,1,(
    (#5335,#5336)
    ,(#5337,#5338)
    ,(#5339,#5340)
    ,(#5341,#5342
    )),.UNSPECIFIED.,.F.,.F.,.F.,(4,4),(2,2),(3.,4.),(0.,1.),
  .PIECEWISE_BEZIER_KNOTS.);
#5335 = CARTESIAN_POINT('',(1.146536041553,-1.482610949198,0.5510001));
#5336 = CARTESIAN_POINT('',(1.146536041553,-1.482610949198,0.5500001));
#5337 = CARTESIAN_POINT('',(1.158597233382,-1.482610949198,0.5510001));
#5338 = CARTESIAN_POINT('',(1.158597233382,-1.482610949198,0.5500001));
#5339 = CARTESIAN_POINT('',(1.168204596529,-1.478514303008,0.5510001));
#5340 = CARTESIAN_POINT('',(1.168204596529,-1.478514303008,0.5500001));
#5341 = CARTESIAN_POINT('',(1.17539972131,-1.470341805785,0.5510001));
#5342 = CARTESIAN_POINT('',(1.17539972131,-1.470341805785,0.5500001));
#5343 = ADVANCED_FACE('',(#5344),#5354,.F.);
#5344 = FACE_BOUND('',#5345,.F.);
#5345 = EDGE_LOOP('',(#5346,#5347,#5348,#5353));
#5346 = ORIENTED_EDGE('',*,*,#5329,.F.);
#5347 = ORIENTED_EDGE('',*,*,#5179,.T.);
#5348 = ORIENTED_EDGE('',*,*,#5349,.T.);
#5349 = EDGE_CURVE('',#5180,#700,#5350,.T.);
#5350 = B_SPLINE_CURVE_WITH_KNOTS('',1,(#5351,#5352),.UNSPECIFIED.,.F.,
  .F.,(2,2),(-0.,1.E-03),.PIECEWISE_BEZIER_KNOTS.);
#5351 = CARTESIAN_POINT('',(1.186171613323,-1.439585766621,0.5510001));
#5352 = CARTESIAN_POINT('',(1.186171613323,-1.439585766621,0.5500001));
#5353 = ORIENTED_EDGE('',*,*,#706,.F.);
#5354 = B_SPLINE_SURFACE_WITH_KNOTS('',3,1,(
    (#5355,#5356)
    ,(#5357,#5358)
    ,(#5359,#5360)
    ,(#5361,#5362
    )),.UNSPECIFIED.,.F.,.F.,.F.,(4,4),(2,2),(2.,3.),(0.,1.),
  .PIECEWISE_BEZIER_KNOTS.);
#5355 = CARTESIAN_POINT('',(1.17539972131,-1.470341805785,0.5510001));
#5356 = CARTESIAN_POINT('',(1.17539972131,-1.470341805785,0.5500001));
#5357 = CARTESIAN_POINT('',(1.182594846091,-1.462169308563,0.5510001));
#5358 = CARTESIAN_POINT('',(1.182594846091,-1.462169308563,0.5500001));
#5359 = CARTESIAN_POINT('',(1.186171613323,-1.451917295508,0.5510001));
#5360 = CARTESIAN_POINT('',(1.186171613323,-1.451917295508,0.5500001));
#5361 = CARTESIAN_POINT('',(1.186171613323,-1.439585766621,0.5510001));
#5362 = CARTESIAN_POINT('',(1.186171613323,-1.439585766621,0.5500001));
#5363 = ADVANCED_FACE('',(#5364),#5374,.F.);
#5364 = FACE_BOUND('',#5365,.T.);
#5365 = EDGE_LOOP('',(#5366,#5367,#5372,#5373));
#5366 = ORIENTED_EDGE('',*,*,#699,.T.);
#5367 = ORIENTED_EDGE('',*,*,#5368,.F.);
#5368 = EDGE_CURVE('',#5189,#693,#5369,.T.);
#5369 = B_SPLINE_CURVE_WITH_KNOTS('',1,(#5370,#5371),.UNSPECIFIED.,.F.,
  .F.,(2,2),(-0.,1.E-03),.PIECEWISE_BEZIER_KNOTS.);
#5370 = CARTESIAN_POINT('',(1.186171613323,-1.416378369928,0.5510001));
#5371 = CARTESIAN_POINT('',(1.186171613323,-1.416378369928,0.5500001));
#5372 = ORIENTED_EDGE('',*,*,#5188,.F.);
#5373 = ORIENTED_EDGE('',*,*,#5349,.T.);
#5374 = B_SPLINE_SURFACE_WITH_KNOTS('',1,1,(
    (#5375,#5376)
    ,(#5377,#5378
    )),.UNSPECIFIED.,.F.,.F.,.F.,(2,2),(2,2),(0.,2.320739669236E-02),(
    -1.E-03,0.),.PIECEWISE_BEZIER_KNOTS.);
#5375 = CARTESIAN_POINT('',(1.186171613323,-1.416378369928,0.5500001));
#5376 = CARTESIAN_POINT('',(1.186171613323,-1.416378369928,0.5510001));
#5377 = CARTESIAN_POINT('',(1.186171613323,-1.439585766621,0.5500001));
#5378 = CARTESIAN_POINT('',(1.186171613323,-1.439585766621,0.5510001));
#5379 = ADVANCED_FACE('',(#5380),#5386,.F.);
#5380 = FACE_BOUND('',#5381,.T.);
#5381 = EDGE_LOOP('',(#5382,#5383,#5384,#5385));
#5382 = ORIENTED_EDGE('',*,*,#692,.T.);
#5383 = ORIENTED_EDGE('',*,*,#5274,.F.);
#5384 = ORIENTED_EDGE('',*,*,#5195,.F.);
#5385 = ORIENTED_EDGE('',*,*,#5368,.T.);
#5386 = B_SPLINE_SURFACE_WITH_KNOTS('',1,1,(
    (#5387,#5388)
    ,(#5389,#5390
    )),.UNSPECIFIED.,.F.,.F.,.F.,(2,2),(2,2),(0.,8.135065937253E-02),(
    -1.E-03,0.),.PIECEWISE_BEZIER_KNOTS.);
#5387 = CARTESIAN_POINT('',(1.10482095395,-1.416378369928,0.5500001));
#5388 = CARTESIAN_POINT('',(1.10482095395,-1.416378369928,0.5510001));
#5389 = CARTESIAN_POINT('',(1.186171613323,-1.416378369928,0.5500001));
#5390 = CARTESIAN_POINT('',(1.186171613323,-1.416378369928,0.5510001));
#5391 = ADVANCED_FACE('',(#5392),#5414,.T.);
#5392 = FACE_BOUND('',#5393,.T.);
#5393 = EDGE_LOOP('',(#5394,#5403,#5408,#5409));
#5394 = ORIENTED_EDGE('',*,*,#5395,.F.);
#5395 = EDGE_CURVE('',#5396,#5398,#5400,.T.);
#5396 = VERTEX_POINT('',#5397);
#5397 = CARTESIAN_POINT('',(1.176813792076,-1.439169863454,0.5500001));
#5398 = VERTEX_POINT('',#5399);
#5399 = CARTESIAN_POINT('',(1.176813792076,-1.426879924883,0.5500001));
#5400 = B_SPLINE_CURVE_WITH_KNOTS('',1,(#5401,#5402),.UNSPECIFIED.,.F.,
  .F.,(2,2),(0.,1.228993857017E-02),.PIECEWISE_BEZIER_KNOTS.);
#5401 = CARTESIAN_POINT('',(1.176813792076,-1.439169863454,0.5500001));
#5402 = CARTESIAN_POINT('',(1.176813792076,-1.426879924883,0.5500001));
#5403 = ORIENTED_EDGE('',*,*,#5404,.F.);
#5404 = EDGE_CURVE('',#5212,#5396,#5405,.T.);
#5405 = B_SPLINE_CURVE_WITH_KNOTS('',1,(#5406,#5407),.UNSPECIFIED.,.F.,
  .F.,(2,2),(-0.,9.999999999999E-04),.PIECEWISE_BEZIER_KNOTS.);
#5406 = CARTESIAN_POINT('',(1.176813792076,-1.439169863454,0.5510001));
#5407 = CARTESIAN_POINT('',(1.176813792076,-1.439169863454,0.5500001));
#5408 = ORIENTED_EDGE('',*,*,#5211,.T.);
#5409 = ORIENTED_EDGE('',*,*,#5410,.T.);
#5410 = EDGE_CURVE('',#5203,#5398,#5411,.T.);
#5411 = B_SPLINE_CURVE_WITH_KNOTS('',1,(#5412,#5413),.UNSPECIFIED.,.F.,
  .F.,(2,2),(-0.,1.E-03),.PIECEWISE_BEZIER_KNOTS.);
#5412 = CARTESIAN_POINT('',(1.176813792076,-1.426879924883,0.5510001));
#5413 = CARTESIAN_POINT('',(1.176813792076,-1.426879924883,0.5500001));
#5414 = B_SPLINE_SURFACE_WITH_KNOTS('',1,1,(
    (#5415,#5416)
    ,(#5417,#5418
    )),.UNSPECIFIED.,.F.,.F.,.F.,(2,2),(2,2),(-1.E-03,0.),(0.,
    1.228993857017E-02),.PIECEWISE_BEZIER_KNOTS.);
#5415 = CARTESIAN_POINT('',(1.176813792076,-1.439169863454,0.5500001));
#5416 = CARTESIAN_POINT('',(1.176813792076,-1.426879924883,0.5500001));
#5417 = CARTESIAN_POINT('',(1.176813792076,-1.439169863454,0.5510001));
#5418 = CARTESIAN_POINT('',(1.176813792076,-1.426879924883,0.5510001));
#5419 = ADVANCED_FACE('',(#5420),#5436,.T.);
#5420 = FACE_BOUND('',#5421,.T.);
#5421 = EDGE_LOOP('',(#5422,#5429,#5430,#5431));
#5422 = ORIENTED_EDGE('',*,*,#5423,.F.);
#5423 = EDGE_CURVE('',#5398,#5424,#5426,.T.);
#5424 = VERTEX_POINT('',#5425);
#5425 = CARTESIAN_POINT('',(1.114095594564,-1.426879924883,0.5500001));
#5426 = B_SPLINE_CURVE_WITH_KNOTS('',1,(#5427,#5428),.UNSPECIFIED.,.F.,
  .F.,(2,2),(0.,6.27181975123E-02),.PIECEWISE_BEZIER_KNOTS.);
#5427 = CARTESIAN_POINT('',(1.176813792076,-1.426879924883,0.5500001));
#5428 = CARTESIAN_POINT('',(1.114095594564,-1.426879924883,0.5500001));
#5429 = ORIENTED_EDGE('',*,*,#5410,.F.);
#5430 = ORIENTED_EDGE('',*,*,#5202,.T.);
#5431 = ORIENTED_EDGE('',*,*,#5432,.T.);
#5432 = EDGE_CURVE('',#5205,#5424,#5433,.T.);
#5433 = B_SPLINE_CURVE_WITH_KNOTS('',1,(#5434,#5435),.UNSPECIFIED.,.F.,
  .F.,(2,2),(-0.,1.E-03),.PIECEWISE_BEZIER_KNOTS.);
#5434 = CARTESIAN_POINT('',(1.114095594564,-1.426879924883,0.5510001));
#5435 = CARTESIAN_POINT('',(1.114095594564,-1.426879924883,0.5500001));
#5436 = B_SPLINE_SURFACE_WITH_KNOTS('',1,1,(
    (#5437,#5438)
    ,(#5439,#5440
    )),.UNSPECIFIED.,.F.,.F.,.F.,(2,2),(2,2),(-6.27181975123E-02,0.),(
    -1.E-03,0.),.PIECEWISE_BEZIER_KNOTS.);
#5437 = CARTESIAN_POINT('',(1.114095594564,-1.426879924883,0.5500001));
#5438 = CARTESIAN_POINT('',(1.114095594564,-1.426879924883,0.5510001));
#5439 = CARTESIAN_POINT('',(1.176813792076,-1.426879924883,0.5500001));
#5440 = CARTESIAN_POINT('',(1.176813792076,-1.426879924883,0.5510001));
#5441 = ADVANCED_FACE('',(#5442),#5458,.T.);
#5442 = FACE_BOUND('',#5443,.T.);
#5443 = EDGE_LOOP('',(#5444,#5451,#5452,#5453));
#5444 = ORIENTED_EDGE('',*,*,#5445,.F.);
#5445 = EDGE_CURVE('',#5424,#5446,#5448,.T.);
#5446 = VERTEX_POINT('',#5447);
#5447 = CARTESIAN_POINT('',(1.114095594564,-1.438691574813,0.5500001));
#5448 = B_SPLINE_CURVE_WITH_KNOTS('',1,(#5449,#5450),.UNSPECIFIED.,.F.,
  .F.,(2,2),(0.,1.181164992921E-02),.PIECEWISE_BEZIER_KNOTS.);
#5449 = CARTESIAN_POINT('',(1.114095594564,-1.426879924883,0.5500001));
#5450 = CARTESIAN_POINT('',(1.114095594564,-1.438691574813,0.5500001));
#5451 = ORIENTED_EDGE('',*,*,#5432,.F.);
#5452 = ORIENTED_EDGE('',*,*,#5254,.T.);
#5453 = ORIENTED_EDGE('',*,*,#5454,.T.);
#5454 = EDGE_CURVE('',#5246,#5446,#5455,.T.);
#5455 = B_SPLINE_CURVE_WITH_KNOTS('',1,(#5456,#5457),.UNSPECIFIED.,.F.,
  .F.,(2,2),(-0.,1.E-03),.PIECEWISE_BEZIER_KNOTS.);
#5456 = CARTESIAN_POINT('',(1.114095594564,-1.438691574813,0.5510001));
#5457 = CARTESIAN_POINT('',(1.114095594564,-1.438691574813,0.5500001));
#5458 = B_SPLINE_SURFACE_WITH_KNOTS('',1,1,(
    (#5459,#5460)
    ,(#5461,#5462
    )),.UNSPECIFIED.,.F.,.F.,.F.,(2,2),(2,2),(-1.181164992921E-02,0.),(
    -1.E-03,0.),.PIECEWISE_BEZIER_KNOTS.);
#5459 = CARTESIAN_POINT('',(1.114095594564,-1.438691574813,0.5500001));
#5460 = CARTESIAN_POINT('',(1.114095594564,-1.438691574813,0.5510001));
#5461 = CARTESIAN_POINT('',(1.114095594564,-1.426879924883,0.5500001));
#5462 = CARTESIAN_POINT('',(1.114095594564,-1.426879924883,0.5510001));
#5463 = ADVANCED_FACE('',(#5464),#5482,.T.);
#5464 = FACE_BOUND('',#5465,.T.);
#5465 = EDGE_LOOP('',(#5466,#5475,#5476,#5477));
#5466 = ORIENTED_EDGE('',*,*,#5467,.F.);
#5467 = EDGE_CURVE('',#5446,#5468,#5470,.T.);
#5468 = VERTEX_POINT('',#5469);
#5469 = CARTESIAN_POINT('',(1.122580019161,-1.462876343946,0.5500001));
#5470 = B_SPLINE_CURVE_WITH_KNOTS('',3,(#5471,#5472,#5473,#5474),
  .UNSPECIFIED.,.F.,.F.,(4,4),(2.,3.),.PIECEWISE_BEZIER_KNOTS.);
#5471 = CARTESIAN_POINT('',(1.114095594564,-1.438691574813,0.5500001));
#5472 = CARTESIAN_POINT('',(1.114095594564,-1.449026768501,0.5500001));
#5473 = CARTESIAN_POINT('',(1.116923736096,-1.457095289932,0.5500001));
#5474 = CARTESIAN_POINT('',(1.122580019161,-1.462876343946,0.5500001));
#5475 = ORIENTED_EDGE('',*,*,#5454,.F.);
#5476 = ORIENTED_EDGE('',*,*,#5245,.T.);
#5477 = ORIENTED_EDGE('',*,*,#5478,.T.);
#5478 = EDGE_CURVE('',#5237,#5468,#5479,.T.);
#5479 = B_SPLINE_CURVE_WITH_KNOTS('',1,(#5480,#5481),.UNSPECIFIED.,.F.,
  .F.,(2,2),(-0.,1.E-03),.PIECEWISE_BEZIER_KNOTS.);
#5480 = CARTESIAN_POINT('',(1.122580019161,-1.462876343946,0.5510001));
#5481 = CARTESIAN_POINT('',(1.122580019161,-1.462876343946,0.5500001));
#5482 = B_SPLINE_SURFACE_WITH_KNOTS('',3,1,(
    (#5483,#5484)
    ,(#5485,#5486)
    ,(#5487,#5488)
    ,(#5489,#5490
    )),.UNSPECIFIED.,.F.,.F.,.F.,(4,4),(2,2),(2.,3.),(0.,1.),
  .PIECEWISE_BEZIER_KNOTS.);
#5483 = CARTESIAN_POINT('',(1.114095594564,-1.438691574813,0.5510001));
#5484 = CARTESIAN_POINT('',(1.114095594564,-1.438691574813,0.5500001));
#5485 = CARTESIAN_POINT('',(1.114095594564,-1.449026768501,0.5510001));
#5486 = CARTESIAN_POINT('',(1.114095594564,-1.449026768501,0.5500001));
#5487 = CARTESIAN_POINT('',(1.116923736096,-1.457095289932,0.5510001));
#5488 = CARTESIAN_POINT('',(1.116923736096,-1.457095289932,0.5500001));
#5489 = CARTESIAN_POINT('',(1.122580019161,-1.462876343946,0.5510001));
#5490 = CARTESIAN_POINT('',(1.122580019161,-1.462876343946,0.5500001));
#5491 = ADVANCED_FACE('',(#5492),#5510,.T.);
#5492 = FACE_BOUND('',#5493,.T.);
#5493 = EDGE_LOOP('',(#5494,#5503,#5504,#5505));
#5494 = ORIENTED_EDGE('',*,*,#5495,.F.);
#5495 = EDGE_CURVE('',#5468,#5496,#5498,.T.);
#5496 = VERTEX_POINT('',#5497);
#5497 = CARTESIAN_POINT('',(1.146244909336,-1.471568720127,0.5500001));
#5498 = B_SPLINE_CURVE_WITH_KNOTS('',3,(#5499,#5500,#5501,#5502),
  .UNSPECIFIED.,.F.,.F.,(4,4),(3.,4.),.PIECEWISE_BEZIER_KNOTS.);
#5499 = CARTESIAN_POINT('',(1.122580019161,-1.462876343946,0.5500001));
#5500 = CARTESIAN_POINT('',(1.128194711909,-1.468678193119,0.5500001));
#5501 = CARTESIAN_POINT('',(1.136096872073,-1.471568720127,0.5500001));
#5502 = CARTESIAN_POINT('',(1.146244909336,-1.471568720127,0.5500001));
#5503 = ORIENTED_EDGE('',*,*,#5478,.F.);
#5504 = ORIENTED_EDGE('',*,*,#5236,.T.);
#5505 = ORIENTED_EDGE('',*,*,#5506,.T.);
#5506 = EDGE_CURVE('',#5228,#5496,#5507,.T.);
#5507 = B_SPLINE_CURVE_WITH_KNOTS('',1,(#5508,#5509),.UNSPECIFIED.,.F.,
  .F.,(2,2),(-0.,1.E-03),.PIECEWISE_BEZIER_KNOTS.);
#5508 = CARTESIAN_POINT('',(1.146244909336,-1.471568720127,0.5510001));
#5509 = CARTESIAN_POINT('',(1.146244909336,-1.471568720127,0.5500001));
#5510 = B_SPLINE_SURFACE_WITH_KNOTS('',3,1,(
    (#5511,#5512)
    ,(#5513,#5514)
    ,(#5515,#5516)
    ,(#5517,#5518
    )),.UNSPECIFIED.,.F.,.F.,.F.,(4,4),(2,2),(3.,4.),(0.,1.),
  .PIECEWISE_BEZIER_KNOTS.);
#5511 = CARTESIAN_POINT('',(1.122580019161,-1.462876343946,0.5510001));
#5512 = CARTESIAN_POINT('',(1.122580019161,-1.462876343946,0.5500001));
#5513 = CARTESIAN_POINT('',(1.128194711909,-1.468678193119,0.5510001));
#5514 = CARTESIAN_POINT('',(1.128194711909,-1.468678193119,0.5500001));
#5515 = CARTESIAN_POINT('',(1.136096872073,-1.471568720127,0.5510001));
#5516 = CARTESIAN_POINT('',(1.136096872073,-1.471568720127,0.5500001));
#5517 = CARTESIAN_POINT('',(1.146244909336,-1.471568720127,0.5510001));
#5518 = CARTESIAN_POINT('',(1.146244909336,-1.471568720127,0.5500001));
#5519 = ADVANCED_FACE('',(#5520),#5538,.T.);
#5520 = FACE_BOUND('',#5521,.T.);
#5521 = EDGE_LOOP('',(#5522,#5531,#5532,#5533));
#5522 = ORIENTED_EDGE('',*,*,#5523,.F.);
#5523 = EDGE_CURVE('',#5496,#5524,#5526,.T.);
#5524 = VERTEX_POINT('',#5525);
#5525 = CARTESIAN_POINT('',(1.169161173812,-1.462647597204,0.5500001));
#5526 = B_SPLINE_CURVE_WITH_KNOTS('',3,(#5527,#5528,#5529,#5530),
  .UNSPECIFIED.,.F.,.F.,(4,4),(4.,5.),.PIECEWISE_BEZIER_KNOTS.);
#5527 = CARTESIAN_POINT('',(1.146244909336,-1.471568720127,0.5500001));
#5528 = CARTESIAN_POINT('',(1.156392946599,-1.471568720127,0.5500001));
#5529 = CARTESIAN_POINT('',(1.164045564864,-1.468595012486,0.5500001));
#5530 = CARTESIAN_POINT('',(1.169161173812,-1.462647597204,0.5500001));
#5531 = ORIENTED_EDGE('',*,*,#5506,.F.);
#5532 = ORIENTED_EDGE('',*,*,#5227,.T.);
#5533 = ORIENTED_EDGE('',*,*,#5534,.T.);
#5534 = EDGE_CURVE('',#5219,#5524,#5535,.T.);
#5535 = B_SPLINE_CURVE_WITH_KNOTS('',1,(#5536,#5537),.UNSPECIFIED.,.F.,
  .F.,(2,2),(-0.,1.E-03),.PIECEWISE_BEZIER_KNOTS.);
#5536 = CARTESIAN_POINT('',(1.169161173812,-1.462647597204,0.5510001));
#5537 = CARTESIAN_POINT('',(1.169161173812,-1.462647597204,0.5500001));
#5538 = B_SPLINE_SURFACE_WITH_KNOTS('',3,1,(
    (#5539,#5540)
    ,(#5541,#5542)
    ,(#5543,#5544)
    ,(#5545,#5546
    )),.UNSPECIFIED.,.F.,.F.,.F.,(4,4),(2,2),(4.,5.),(0.,1.),
  .PIECEWISE_BEZIER_KNOTS.);
#5539 = CARTESIAN_POINT('',(1.146244909336,-1.471568720127,0.5510001));
#5540 = CARTESIAN_POINT('',(1.146244909336,-1.471568720127,0.5500001));
#5541 = CARTESIAN_POINT('',(1.156392946599,-1.471568720127,0.5510001));
#5542 = CARTESIAN_POINT('',(1.156392946599,-1.471568720127,0.5500001));
#5543 = CARTESIAN_POINT('',(1.164045564864,-1.468595012486,0.5510001));
#5544 = CARTESIAN_POINT('',(1.164045564864,-1.468595012486,0.5500001));
#5545 = CARTESIAN_POINT('',(1.169161173812,-1.462647597204,0.5510001));
#5546 = CARTESIAN_POINT('',(1.169161173812,-1.462647597204,0.5500001));
#5547 = ADVANCED_FACE('',(#5548),#5560,.T.);
#5548 = FACE_BOUND('',#5549,.T.);
#5549 = EDGE_LOOP('',(#5550,#5557,#5558,#5559));
#5550 = ORIENTED_EDGE('',*,*,#5551,.F.);
#5551 = EDGE_CURVE('',#5524,#5396,#5552,.T.);
#5552 = B_SPLINE_CURVE_WITH_KNOTS('',3,(#5553,#5554,#5555,#5556),
  .UNSPECIFIED.,.F.,.F.,(4,4),(5.,6.),.PIECEWISE_BEZIER_KNOTS.);
#5553 = CARTESIAN_POINT('',(1.169161173812,-1.462647597204,0.5500001));
#5554 = CARTESIAN_POINT('',(1.17427678276,-1.456700181923,0.5500001));
#5555 = CARTESIAN_POINT('',(1.176813792076,-1.448860407234,0.5500001));
#5556 = CARTESIAN_POINT('',(1.176813792076,-1.439169863454,0.5500001));
#5557 = ORIENTED_EDGE('',*,*,#5534,.F.);
#5558 = ORIENTED_EDGE('',*,*,#5218,.T.);
#5559 = ORIENTED_EDGE('',*,*,#5404,.T.);
#5560 = B_SPLINE_SURFACE_WITH_KNOTS('',3,1,(
    (#5561,#5562)
    ,(#5563,#5564)
    ,(#5565,#5566)
    ,(#5567,#5568
    )),.UNSPECIFIED.,.F.,.F.,.F.,(4,4),(2,2),(5.,6.),(0.,1.),
  .PIECEWISE_BEZIER_KNOTS.);
#5561 = CARTESIAN_POINT('',(1.169161173812,-1.462647597204,0.5510001));
#5562 = CARTESIAN_POINT('',(1.169161173812,-1.462647597204,0.5500001));
#5563 = CARTESIAN_POINT('',(1.17427678276,-1.456700181923,0.5510001));
#5564 = CARTESIAN_POINT('',(1.17427678276,-1.456700181923,0.5500001));
#5565 = CARTESIAN_POINT('',(1.176813792076,-1.448860407234,0.5510001));
#5566 = CARTESIAN_POINT('',(1.176813792076,-1.448860407234,0.5500001));
#5567 = CARTESIAN_POINT('',(1.176813792076,-1.439169863454,0.5510001));
#5568 = CARTESIAN_POINT('',(1.176813792076,-1.439169863454,0.5500001));
#5569 = ADVANCED_FACE('',(#5570),#5579,.F.);
#5570 = FACE_BOUND('',#5571,.T.);
#5571 = EDGE_LOOP('',(#5572,#5573,#5574,#5575,#5576,#5577,#5578));
#5572 = ORIENTED_EDGE('',*,*,#5551,.T.);
#5573 = ORIENTED_EDGE('',*,*,#5395,.T.);
#5574 = ORIENTED_EDGE('',*,*,#5423,.T.);
#5575 = ORIENTED_EDGE('',*,*,#5445,.T.);
#5576 = ORIENTED_EDGE('',*,*,#5467,.T.);
#5577 = ORIENTED_EDGE('',*,*,#5495,.T.);
#5578 = ORIENTED_EDGE('',*,*,#5523,.T.);
#5579 = B_SPLINE_SURFACE_WITH_KNOTS('',1,1,(
    (#5580,#5581)
    ,(#5582,#5583
    )),.UNSPECIFIED.,.F.,.F.,.F.,(2,2),(2,2),(-1.176813792076,
    -1.114095594564),(-1.471568720127,-1.426879924883),
  .PIECEWISE_BEZIER_KNOTS.);
#5580 = CARTESIAN_POINT('',(1.176813792076,-1.471568720127,0.5500001));
#5581 = CARTESIAN_POINT('',(1.176813792076,-1.426879924883,0.5500001));
#5582 = CARTESIAN_POINT('',(1.114095594564,-1.471568720127,0.5500001));
#5583 = CARTESIAN_POINT('',(1.114095594564,-1.426879924883,0.5500001));
#5584 = ADVANCED_FACE('',(#5585,#5643),#5691,.F.);
#5585 = FACE_BOUND('',#5586,.T.);
#5586 = EDGE_LOOP('',(#5587,#5596,#5603,#5610,#5617,#5624,#5631,#5638));
#5587 = ORIENTED_EDGE('',*,*,#5588,.T.);
#5588 = EDGE_CURVE('',#5589,#5591,#5593,.T.);
#5589 = VERTEX_POINT('',#5590);
#5590 = CARTESIAN_POINT('',(1.10482095395,-1.560322455863,0.5510001));
#5591 = VERTEX_POINT('',#5592);
#5592 = CARTESIAN_POINT('',(1.186171613323,-1.529337669957,0.5510001));
#5593 = B_SPLINE_CURVE_WITH_KNOTS('',1,(#5594,#5595),.UNSPECIFIED.,.F.,
  .F.,(2,2),(-8.705163259821E-02,0.),.PIECEWISE_BEZIER_KNOTS.);
#5594 = CARTESIAN_POINT('',(1.10482095395,-1.560322455863,0.5510001));
#5595 = CARTESIAN_POINT('',(1.186171613323,-1.529337669957,0.5510001));
#5596 = ORIENTED_EDGE('',*,*,#5597,.T.);
#5597 = EDGE_CURVE('',#5591,#5598,#5600,.T.);
#5598 = VERTEX_POINT('',#5599);
#5599 = CARTESIAN_POINT('',(1.186171613323,-1.518108284461,0.5510001));
#5600 = B_SPLINE_CURVE_WITH_KNOTS('',1,(#5601,#5602),.UNSPECIFIED.,.F.,
  .F.,(2,2),(-1.122938549618E-02,0.),.PIECEWISE_BEZIER_KNOTS.);
#5601 = CARTESIAN_POINT('',(1.186171613323,-1.529337669957,0.5510001));
#5602 = CARTESIAN_POINT('',(1.186171613323,-1.518108284461,0.5510001));
#5603 = ORIENTED_EDGE('',*,*,#5604,.T.);
#5604 = EDGE_CURVE('',#5598,#5605,#5607,.T.);
#5605 = VERTEX_POINT('',#5606);
#5606 = CARTESIAN_POINT('',(1.10482095395,-1.487123498555,0.5510001));
#5607 = B_SPLINE_CURVE_WITH_KNOTS('',1,(#5608,#5609),.UNSPECIFIED.,.F.,
  .F.,(2,2),(-8.705163259801E-02,0.),.PIECEWISE_BEZIER_KNOTS.);
#5608 = CARTESIAN_POINT('',(1.186171613323,-1.518108284461,0.5510001));
#5609 = CARTESIAN_POINT('',(1.10482095395,-1.487123498555,0.5510001));
#5610 = ORIENTED_EDGE('',*,*,#5611,.T.);
#5611 = EDGE_CURVE('',#5605,#5612,#5614,.T.);
#5612 = VERTEX_POINT('',#5613);
#5613 = CARTESIAN_POINT('',(1.10482095395,-1.498727196901,0.5510001));
#5614 = B_SPLINE_CURVE_WITH_KNOTS('',1,(#5615,#5616),.UNSPECIFIED.,.F.,
  .F.,(2,2),(-1.160369834563E-02,0.),.PIECEWISE_BEZIER_KNOTS.);
#5615 = CARTESIAN_POINT('',(1.10482095395,-1.487123498555,0.5510001));
#5616 = CARTESIAN_POINT('',(1.10482095395,-1.498727196901,0.5510001));
#5617 = ORIENTED_EDGE('',*,*,#5618,.T.);
#5618 = EDGE_CURVE('',#5612,#5619,#5621,.T.);
#5619 = VERTEX_POINT('',#5620);
#5620 = CARTESIAN_POINT('',(1.127071773359,-1.506546176431,0.5510001));
#5621 = B_SPLINE_CURVE_WITH_KNOTS('',1,(#5622,#5623),.UNSPECIFIED.,.F.,
  .F.,(2,2),(-2.358464342083E-02,0.),.PIECEWISE_BEZIER_KNOTS.);
#5622 = CARTESIAN_POINT('',(1.10482095395,-1.498727196901,0.5510001));
#5623 = CARTESIAN_POINT('',(1.127071773359,-1.506546176431,0.5510001));
#5624 = ORIENTED_EDGE('',*,*,#5625,.T.);
#5625 = EDGE_CURVE('',#5619,#5626,#5628,.T.);
#5626 = VERTEX_POINT('',#5627);
#5627 = CARTESIAN_POINT('',(1.127071773359,-1.540421489345,0.5510001));
#5628 = B_SPLINE_CURVE_WITH_KNOTS('',1,(#5629,#5630),.UNSPECIFIED.,.F.,
  .F.,(2,2),(-3.387531291382E-02,0.),.PIECEWISE_BEZIER_KNOTS.);
#5629 = CARTESIAN_POINT('',(1.127071773359,-1.506546176431,0.5510001));
#5630 = CARTESIAN_POINT('',(1.127071773359,-1.540421489345,0.5510001));
#5631 = ORIENTED_EDGE('',*,*,#5632,.T.);
#5632 = EDGE_CURVE('',#5626,#5633,#5635,.T.);
#5633 = VERTEX_POINT('',#5634);
#5634 = CARTESIAN_POINT('',(1.10482095395,-1.548718757517,0.5510001));
#5635 = B_SPLINE_CURVE_WITH_KNOTS('',1,(#5636,#5637),.UNSPECIFIED.,.F.,
  .F.,(2,2),(-2.374749720513E-02,-0.),.PIECEWISE_BEZIER_KNOTS.);
#5636 = CARTESIAN_POINT('',(1.127071773359,-1.540421489345,0.5510001));
#5637 = CARTESIAN_POINT('',(1.10482095395,-1.548718757517,0.5510001));
#5638 = ORIENTED_EDGE('',*,*,#5639,.T.);
#5639 = EDGE_CURVE('',#5633,#5589,#5640,.T.);
#5640 = B_SPLINE_CURVE_WITH_KNOTS('',1,(#5641,#5642),.UNSPECIFIED.,.F.,
  .F.,(2,2),(-1.160369834618E-02,0.),.PIECEWISE_BEZIER_KNOTS.);
#5641 = CARTESIAN_POINT('',(1.10482095395,-1.548718757517,0.5510001));
#5642 = CARTESIAN_POINT('',(1.10482095395,-1.560322455863,0.5510001));
#5643 = FACE_BOUND('',#5644,.T.);
#5644 = EDGE_LOOP('',(#5645,#5654,#5661,#5670,#5677,#5686));
#5645 = ORIENTED_EDGE('',*,*,#5646,.F.);
#5646 = EDGE_CURVE('',#5647,#5649,#5651,.T.);
#5647 = VERTEX_POINT('',#5648);
#5648 = CARTESIAN_POINT('',(1.13626323334,-1.509873401764,0.5510001));
#5649 = VERTEX_POINT('',#5650);
#5650 = CARTESIAN_POINT('',(1.13626323334,-1.537177444646,0.5510001));
#5651 = B_SPLINE_CURVE_WITH_KNOTS('',1,(#5652,#5653),.UNSPECIFIED.,.F.,
  .F.,(2,2),(0.,2.730404288242E-02),.PIECEWISE_BEZIER_KNOTS.);
#5652 = CARTESIAN_POINT('',(1.13626323334,-1.509873401764,0.5510001));
#5653 = CARTESIAN_POINT('',(1.13626323334,-1.537177444646,0.5510001));
#5654 = ORIENTED_EDGE('',*,*,#5655,.F.);
#5655 = EDGE_CURVE('',#5656,#5647,#5658,.T.);
#5656 = VERTEX_POINT('',#5657);
#5657 = CARTESIAN_POINT('',(1.170076160778,-1.522038569384,0.5510001));
#5658 = B_SPLINE_CURVE_WITH_KNOTS('',1,(#5659,#5660),.UNSPECIFIED.,.F.,
  .F.,(2,2),(2.089337120372E-16,3.593473758352E-02),
  .PIECEWISE_BEZIER_KNOTS.);
#5659 = CARTESIAN_POINT('',(1.170076160778,-1.522038569384,0.5510001));
#5660 = CARTESIAN_POINT('',(1.13626323334,-1.509873401764,0.5510001));
#5661 = ORIENTED_EDGE('',*,*,#5662,.F.);
#5662 = EDGE_CURVE('',#5663,#5656,#5665,.T.);
#5663 = VERTEX_POINT('',#5664);
#5664 = CARTESIAN_POINT('',(1.17577403416,-1.523369459517,0.5510001));
#5665 = B_SPLINE_CURVE_WITH_KNOTS('',3,(#5666,#5667,#5668,#5669),
  .UNSPECIFIED.,.F.,.F.,(4,4),(3.,4.),.PIECEWISE_BEZIER_KNOTS.);
#5666 = CARTESIAN_POINT('',(1.17577403416,-1.523369459517,0.5510001));
#5667 = CARTESIAN_POINT('',(1.173320205477,-1.522974351509,0.5510001));
#5668 = CARTESIAN_POINT('',(1.171407050911,-1.522537653184,0.5510001));
#5669 = CARTESIAN_POINT('',(1.170076160778,-1.522038569384,0.5510001));
#5670 = ORIENTED_EDGE('',*,*,#5671,.F.);
#5671 = EDGE_CURVE('',#5672,#5663,#5674,.T.);
#5672 = VERTEX_POINT('',#5673);
#5673 = CARTESIAN_POINT('',(1.17577403416,-1.523619001417,0.5510001));
#5674 = B_SPLINE_CURVE_WITH_KNOTS('',1,(#5675,#5676),.UNSPECIFIED.,.F.,
  .F.,(2,2),(2.22044604925E-16,2.495418996318E-04),
  .PIECEWISE_BEZIER_KNOTS.);
#5675 = CARTESIAN_POINT('',(1.17577403416,-1.523619001417,0.5510001));
#5676 = CARTESIAN_POINT('',(1.17577403416,-1.523369459517,0.5510001));
#5677 = ORIENTED_EDGE('',*,*,#5678,.F.);
#5678 = EDGE_CURVE('',#5679,#5672,#5681,.T.);
#5679 = VERTEX_POINT('',#5680);
#5680 = CARTESIAN_POINT('',(1.170076160778,-1.524887506075,0.5510001));
#5681 = B_SPLINE_CURVE_WITH_KNOTS('',3,(#5682,#5683,#5684,#5685),
  .UNSPECIFIED.,.F.,.F.,(4,4),(1.,2.),.PIECEWISE_BEZIER_KNOTS.);
#5682 = CARTESIAN_POINT('',(1.170076160778,-1.524887506075,0.5510001));
#5683 = CARTESIAN_POINT('',(1.171199099328,-1.524492398067,0.5510001));
#5684 = CARTESIAN_POINT('',(1.173070663577,-1.5240764949,0.5510001));
#5685 = CARTESIAN_POINT('',(1.17577403416,-1.523619001417,0.5510001));
#5686 = ORIENTED_EDGE('',*,*,#5687,.F.);
#5687 = EDGE_CURVE('',#5649,#5679,#5688,.T.);
#5688 = B_SPLINE_CURVE_WITH_KNOTS('',1,(#5689,#5690),.UNSPECIFIED.,.F.,
  .F.,(2,2),(0.,3.597716848258E-02),.PIECEWISE_BEZIER_KNOTS.);
#5689 = CARTESIAN_POINT('',(1.13626323334,-1.537177444646,0.5510001));
#5690 = CARTESIAN_POINT('',(1.170076160778,-1.524887506075,0.5510001));
#5691 = B_SPLINE_SURFACE_WITH_KNOTS('',1,1,(
    (#5692,#5693)
    ,(#5694,#5695
    )),.UNSPECIFIED.,.F.,.F.,.F.,(2,2),(2,2),(-1.186171613323,
    -1.10482095395),(-1.560322455863,-1.487123498555),
  .PIECEWISE_BEZIER_KNOTS.);
#5692 = CARTESIAN_POINT('',(1.186171613323,-1.560322455863,0.5510001));
#5693 = CARTESIAN_POINT('',(1.186171613323,-1.487123498555,0.5510001));
#5694 = CARTESIAN_POINT('',(1.10482095395,-1.560322455863,0.5510001));
#5695 = CARTESIAN_POINT('',(1.10482095395,-1.487123498555,0.5510001));
#5696 = ADVANCED_FACE('',(#5697),#5711,.F.);
#5697 = FACE_BOUND('',#5698,.T.);
#5698 = EDGE_LOOP('',(#5699,#5700,#5705,#5706));
#5699 = ORIENTED_EDGE('',*,*,#742,.T.);
#5700 = ORIENTED_EDGE('',*,*,#5701,.F.);
#5701 = EDGE_CURVE('',#5591,#745,#5702,.T.);
#5702 = B_SPLINE_CURVE_WITH_KNOTS('',1,(#5703,#5704),.UNSPECIFIED.,.F.,
  .F.,(2,2),(-0.,1.E-03),.PIECEWISE_BEZIER_KNOTS.);
#5703 = CARTESIAN_POINT('',(1.186171613323,-1.529337669957,0.5510001));
#5704 = CARTESIAN_POINT('',(1.186171613323,-1.529337669957,0.5500001));
#5705 = ORIENTED_EDGE('',*,*,#5588,.F.);
#5706 = ORIENTED_EDGE('',*,*,#5707,.T.);
#5707 = EDGE_CURVE('',#5589,#743,#5708,.T.);
#5708 = B_SPLINE_CURVE_WITH_KNOTS('',1,(#5709,#5710),.UNSPECIFIED.,.F.,
  .F.,(2,2),(-0.,1.E-03),.PIECEWISE_BEZIER_KNOTS.);
#5709 = CARTESIAN_POINT('',(1.10482095395,-1.560322455863,0.5510001));
#5710 = CARTESIAN_POINT('',(1.10482095395,-1.560322455863,0.5500001));
#5711 = B_SPLINE_SURFACE_WITH_KNOTS('',1,1,(
    (#5712,#5713)
    ,(#5714,#5715
    )),.UNSPECIFIED.,.F.,.F.,.F.,(2,2),(2,2),(-0.,8.705163259821E-02),(
    -1.E-03,0.),.PIECEWISE_BEZIER_KNOTS.);
#5712 = CARTESIAN_POINT('',(1.186171613323,-1.529337669957,0.5500001));
#5713 = CARTESIAN_POINT('',(1.186171613323,-1.529337669957,0.5510001));
#5714 = CARTESIAN_POINT('',(1.10482095395,-1.560322455863,0.5500001));
#5715 = CARTESIAN_POINT('',(1.10482095395,-1.560322455863,0.5510001));
#5716 = ADVANCED_FACE('',(#5717),#5727,.F.);
#5717 = FACE_BOUND('',#5718,.T.);
#5718 = EDGE_LOOP('',(#5719,#5720,#5725,#5726));
#5719 = ORIENTED_EDGE('',*,*,#793,.T.);
#5720 = ORIENTED_EDGE('',*,*,#5721,.F.);
#5721 = EDGE_CURVE('',#5598,#787,#5722,.T.);
#5722 = B_SPLINE_CURVE_WITH_KNOTS('',1,(#5723,#5724),.UNSPECIFIED.,.F.,
  .F.,(2,2),(-0.,1.E-03),.PIECEWISE_BEZIER_KNOTS.);
#5723 = CARTESIAN_POINT('',(1.186171613323,-1.518108284461,0.5510001));
#5724 = CARTESIAN_POINT('',(1.186171613323,-1.518108284461,0.5500001));
#5725 = ORIENTED_EDGE('',*,*,#5597,.F.);
#5726 = ORIENTED_EDGE('',*,*,#5701,.T.);
#5727 = B_SPLINE_SURFACE_WITH_KNOTS('',1,1,(
    (#5728,#5729)
    ,(#5730,#5731
    )),.UNSPECIFIED.,.F.,.F.,.F.,(2,2),(2,2),(-4.287701105823E-30,
    1.122938549618E-02),(-1.E-03,0.),.PIECEWISE_BEZIER_KNOTS.);
#5728 = CARTESIAN_POINT('',(1.186171613323,-1.518108284461,0.5500001));
#5729 = CARTESIAN_POINT('',(1.186171613323,-1.518108284461,0.5510001));
#5730 = CARTESIAN_POINT('',(1.186171613323,-1.529337669957,0.5500001));
#5731 = CARTESIAN_POINT('',(1.186171613323,-1.529337669957,0.5510001));
#5732 = ADVANCED_FACE('',(#5733),#5743,.F.);
#5733 = FACE_BOUND('',#5734,.T.);
#5734 = EDGE_LOOP('',(#5735,#5736,#5741,#5742));
#5735 = ORIENTED_EDGE('',*,*,#786,.T.);
#5736 = ORIENTED_EDGE('',*,*,#5737,.F.);
#5737 = EDGE_CURVE('',#5605,#780,#5738,.T.);
#5738 = B_SPLINE_CURVE_WITH_KNOTS('',1,(#5739,#5740),.UNSPECIFIED.,.F.,
  .F.,(2,2),(-0.,1.E-03),.PIECEWISE_BEZIER_KNOTS.);
#5739 = CARTESIAN_POINT('',(1.10482095395,-1.487123498555,0.5510001));
#5740 = CARTESIAN_POINT('',(1.10482095395,-1.487123498555,0.5500001));
#5741 = ORIENTED_EDGE('',*,*,#5604,.F.);
#5742 = ORIENTED_EDGE('',*,*,#5721,.T.);
#5743 = B_SPLINE_SURFACE_WITH_KNOTS('',1,1,(
    (#5744,#5745)
    ,(#5746,#5747
    )),.UNSPECIFIED.,.F.,.F.,.F.,(2,2),(2,2),(0.,8.705163259801E-02),(
    -1.E-03,0.),.PIECEWISE_BEZIER_KNOTS.);
#5744 = CARTESIAN_POINT('',(1.10482095395,-1.487123498555,0.5500001));
#5745 = CARTESIAN_POINT('',(1.10482095395,-1.487123498555,0.5510001));
#5746 = CARTESIAN_POINT('',(1.186171613323,-1.518108284461,0.5500001));
#5747 = CARTESIAN_POINT('',(1.186171613323,-1.518108284461,0.5510001));
#5748 = ADVANCED_FACE('',(#5749),#5759,.F.);
#5749 = FACE_BOUND('',#5750,.T.);
#5750 = EDGE_LOOP('',(#5751,#5752,#5757,#5758));
#5751 = ORIENTED_EDGE('',*,*,#779,.T.);
#5752 = ORIENTED_EDGE('',*,*,#5753,.F.);
#5753 = EDGE_CURVE('',#5612,#773,#5754,.T.);
#5754 = B_SPLINE_CURVE_WITH_KNOTS('',1,(#5755,#5756),.UNSPECIFIED.,.F.,
  .F.,(2,2),(-0.,1.E-03),.PIECEWISE_BEZIER_KNOTS.);
#5755 = CARTESIAN_POINT('',(1.10482095395,-1.498727196901,0.5510001));
#5756 = CARTESIAN_POINT('',(1.10482095395,-1.498727196901,0.5500001));
#5757 = ORIENTED_EDGE('',*,*,#5611,.F.);
#5758 = ORIENTED_EDGE('',*,*,#5737,.T.);
#5759 = B_SPLINE_SURFACE_WITH_KNOTS('',1,1,(
    (#5760,#5761)
    ,(#5762,#5763
    )),.UNSPECIFIED.,.F.,.F.,.F.,(2,2),(2,2),(-4.149388167078E-30,
    1.160369834563E-02),(-1.E-03,0.),.PIECEWISE_BEZIER_KNOTS.);
#5760 = CARTESIAN_POINT('',(1.10482095395,-1.498727196901,0.5500001));
#5761 = CARTESIAN_POINT('',(1.10482095395,-1.498727196901,0.5510001));
#5762 = CARTESIAN_POINT('',(1.10482095395,-1.487123498555,0.5500001));
#5763 = CARTESIAN_POINT('',(1.10482095395,-1.487123498555,0.5510001));
#5764 = ADVANCED_FACE('',(#5765),#5775,.F.);
#5765 = FACE_BOUND('',#5766,.T.);
#5766 = EDGE_LOOP('',(#5767,#5768,#5773,#5774));
#5767 = ORIENTED_EDGE('',*,*,#772,.T.);
#5768 = ORIENTED_EDGE('',*,*,#5769,.F.);
#5769 = EDGE_CURVE('',#5619,#766,#5770,.T.);
#5770 = B_SPLINE_CURVE_WITH_KNOTS('',1,(#5771,#5772),.UNSPECIFIED.,.F.,
  .F.,(2,2),(-0.,1.E-03),.PIECEWISE_BEZIER_KNOTS.);
#5771 = CARTESIAN_POINT('',(1.127071773359,-1.506546176431,0.5510001));
#5772 = CARTESIAN_POINT('',(1.127071773359,-1.506546176431,0.5500001));
#5773 = ORIENTED_EDGE('',*,*,#5618,.F.);
#5774 = ORIENTED_EDGE('',*,*,#5753,.T.);
#5775 = B_SPLINE_SURFACE_WITH_KNOTS('',1,1,(
    (#5776,#5777)
    ,(#5778,#5779
    )),.UNSPECIFIED.,.F.,.F.,.F.,(2,2),(2,2),(0.,2.358464342083E-02),(
    -1.E-03,0.),.PIECEWISE_BEZIER_KNOTS.);
#5776 = CARTESIAN_POINT('',(1.127071773359,-1.506546176431,0.5500001));
#5777 = CARTESIAN_POINT('',(1.127071773359,-1.506546176431,0.5510001));
#5778 = CARTESIAN_POINT('',(1.10482095395,-1.498727196901,0.5500001));
#5779 = CARTESIAN_POINT('',(1.10482095395,-1.498727196901,0.5510001));
#5780 = ADVANCED_FACE('',(#5781),#5791,.F.);
#5781 = FACE_BOUND('',#5782,.T.);
#5782 = EDGE_LOOP('',(#5783,#5784,#5789,#5790));
#5783 = ORIENTED_EDGE('',*,*,#765,.T.);
#5784 = ORIENTED_EDGE('',*,*,#5785,.F.);
#5785 = EDGE_CURVE('',#5626,#759,#5786,.T.);
#5786 = B_SPLINE_CURVE_WITH_KNOTS('',1,(#5787,#5788),.UNSPECIFIED.,.F.,
  .F.,(2,2),(-0.,1.E-03),.PIECEWISE_BEZIER_KNOTS.);
#5787 = CARTESIAN_POINT('',(1.127071773359,-1.540421489345,0.5510001));
#5788 = CARTESIAN_POINT('',(1.127071773359,-1.540421489345,0.5500001));
#5789 = ORIENTED_EDGE('',*,*,#5625,.F.);
#5790 = ORIENTED_EDGE('',*,*,#5769,.T.);
#5791 = B_SPLINE_SURFACE_WITH_KNOTS('',1,1,(
    (#5792,#5793)
    ,(#5794,#5795
    )),.UNSPECIFIED.,.F.,.F.,.F.,(2,2),(2,2),(-2.22044604925E-16,
    3.387531291382E-02),(-1.E-03,0.),.PIECEWISE_BEZIER_KNOTS.);
#5792 = CARTESIAN_POINT('',(1.127071773359,-1.540421489345,0.5500001));
#5793 = CARTESIAN_POINT('',(1.127071773359,-1.540421489345,0.5510001));
#5794 = CARTESIAN_POINT('',(1.127071773359,-1.506546176431,0.5500001));
#5795 = CARTESIAN_POINT('',(1.127071773359,-1.506546176431,0.5510001));
#5796 = ADVANCED_FACE('',(#5797),#5807,.F.);
#5797 = FACE_BOUND('',#5798,.T.);
#5798 = EDGE_LOOP('',(#5799,#5800,#5805,#5806));
#5799 = ORIENTED_EDGE('',*,*,#758,.T.);
#5800 = ORIENTED_EDGE('',*,*,#5801,.F.);
#5801 = EDGE_CURVE('',#5633,#752,#5802,.T.);
#5802 = B_SPLINE_CURVE_WITH_KNOTS('',1,(#5803,#5804),.UNSPECIFIED.,.F.,
  .F.,(2,2),(-0.,1.E-03),.PIECEWISE_BEZIER_KNOTS.);
#5803 = CARTESIAN_POINT('',(1.10482095395,-1.548718757517,0.5510001));
#5804 = CARTESIAN_POINT('',(1.10482095395,-1.548718757517,0.5500001));
#5805 = ORIENTED_EDGE('',*,*,#5632,.F.);
#5806 = ORIENTED_EDGE('',*,*,#5785,.T.);
#5807 = B_SPLINE_SURFACE_WITH_KNOTS('',1,1,(
    (#5808,#5809)
    ,(#5810,#5811
    )),.UNSPECIFIED.,.F.,.F.,.F.,(2,2),(2,2),(0.,2.374749720513E-02),(
    -1.E-03,0.),.PIECEWISE_BEZIER_KNOTS.);
#5808 = CARTESIAN_POINT('',(1.10482095395,-1.548718757517,0.5500001));
#5809 = CARTESIAN_POINT('',(1.10482095395,-1.548718757517,0.5510001));
#5810 = CARTESIAN_POINT('',(1.127071773359,-1.540421489345,0.5500001));
#5811 = CARTESIAN_POINT('',(1.127071773359,-1.540421489345,0.5510001));
#5812 = ADVANCED_FACE('',(#5813),#5819,.F.);
#5813 = FACE_BOUND('',#5814,.T.);
#5814 = EDGE_LOOP('',(#5815,#5816,#5817,#5818));
#5815 = ORIENTED_EDGE('',*,*,#751,.T.);
#5816 = ORIENTED_EDGE('',*,*,#5707,.F.);
#5817 = ORIENTED_EDGE('',*,*,#5639,.F.);
#5818 = ORIENTED_EDGE('',*,*,#5801,.T.);
#5819 = B_SPLINE_SURFACE_WITH_KNOTS('',1,1,(
    (#5820,#5821)
    ,(#5822,#5823
    )),.UNSPECIFIED.,.F.,.F.,.F.,(2,2),(2,2),(0.,1.160369834618E-02),(
    -1.E-03,0.),.PIECEWISE_BEZIER_KNOTS.);
#5820 = CARTESIAN_POINT('',(1.10482095395,-1.560322455863,0.5500001));
#5821 = CARTESIAN_POINT('',(1.10482095395,-1.560322455863,0.5510001));
#5822 = CARTESIAN_POINT('',(1.10482095395,-1.548718757517,0.5500001));
#5823 = CARTESIAN_POINT('',(1.10482095395,-1.548718757517,0.5510001));
#5824 = ADVANCED_FACE('',(#5825),#5847,.T.);
#5825 = FACE_BOUND('',#5826,.T.);
#5826 = EDGE_LOOP('',(#5827,#5836,#5841,#5842));
#5827 = ORIENTED_EDGE('',*,*,#5828,.F.);
#5828 = EDGE_CURVE('',#5829,#5831,#5833,.T.);
#5829 = VERTEX_POINT('',#5830);
#5830 = CARTESIAN_POINT('',(1.13626323334,-1.509873401764,0.5500001));
#5831 = VERTEX_POINT('',#5832);
#5832 = CARTESIAN_POINT('',(1.13626323334,-1.537177444646,0.5500001));
#5833 = B_SPLINE_CURVE_WITH_KNOTS('',1,(#5834,#5835),.UNSPECIFIED.,.F.,
  .F.,(2,2),(3.526821930146E-30,2.730404288242E-02),
  .PIECEWISE_BEZIER_KNOTS.);
#5834 = CARTESIAN_POINT('',(1.13626323334,-1.509873401764,0.5500001));
#5835 = CARTESIAN_POINT('',(1.13626323334,-1.537177444646,0.5500001));
#5836 = ORIENTED_EDGE('',*,*,#5837,.F.);
#5837 = EDGE_CURVE('',#5647,#5829,#5838,.T.);
#5838 = B_SPLINE_CURVE_WITH_KNOTS('',1,(#5839,#5840),.UNSPECIFIED.,.F.,
  .F.,(2,2),(-0.,1.E-03),.PIECEWISE_BEZIER_KNOTS.);
#5839 = CARTESIAN_POINT('',(1.13626323334,-1.509873401764,0.5510001));
#5840 = CARTESIAN_POINT('',(1.13626323334,-1.509873401764,0.5500001));
#5841 = ORIENTED_EDGE('',*,*,#5646,.T.);
#5842 = ORIENTED_EDGE('',*,*,#5843,.T.);
#5843 = EDGE_CURVE('',#5649,#5831,#5844,.T.);
#5844 = B_SPLINE_CURVE_WITH_KNOTS('',1,(#5845,#5846),.UNSPECIFIED.,.F.,
  .F.,(2,2),(-0.,1.E-03),.PIECEWISE_BEZIER_KNOTS.);
#5845 = CARTESIAN_POINT('',(1.13626323334,-1.537177444646,0.5510001));
#5846 = CARTESIAN_POINT('',(1.13626323334,-1.537177444646,0.5500001));
#5847 = B_SPLINE_SURFACE_WITH_KNOTS('',1,1,(
    (#5848,#5849)
    ,(#5850,#5851
    )),.UNSPECIFIED.,.F.,.F.,.F.,(2,2),(2,2),(-2.730404288242E-02,0.),(
    -1.E-03,0.),.PIECEWISE_BEZIER_KNOTS.);
#5848 = CARTESIAN_POINT('',(1.13626323334,-1.537177444646,0.5500001));
#5849 = CARTESIAN_POINT('',(1.13626323334,-1.537177444646,0.5510001));
#5850 = CARTESIAN_POINT('',(1.13626323334,-1.509873401764,0.5500001));
#5851 = CARTESIAN_POINT('',(1.13626323334,-1.509873401764,0.5510001));
#5852 = ADVANCED_FACE('',(#5853),#5869,.T.);
#5853 = FACE_BOUND('',#5854,.T.);
#5854 = EDGE_LOOP('',(#5855,#5862,#5863,#5864));
#5855 = ORIENTED_EDGE('',*,*,#5856,.F.);
#5856 = EDGE_CURVE('',#5831,#5857,#5859,.T.);
#5857 = VERTEX_POINT('',#5858);
#5858 = CARTESIAN_POINT('',(1.170076160778,-1.524887506075,0.5500001));
#5859 = B_SPLINE_CURVE_WITH_KNOTS('',1,(#5860,#5861),.UNSPECIFIED.,.F.,
  .F.,(2,2),(0.,3.597716848258E-02),.PIECEWISE_BEZIER_KNOTS.);
#5860 = CARTESIAN_POINT('',(1.13626323334,-1.537177444646,0.5500001));
#5861 = CARTESIAN_POINT('',(1.170076160778,-1.524887506075,0.5500001));
#5862 = ORIENTED_EDGE('',*,*,#5843,.F.);
#5863 = ORIENTED_EDGE('',*,*,#5687,.T.);
#5864 = ORIENTED_EDGE('',*,*,#5865,.T.);
#5865 = EDGE_CURVE('',#5679,#5857,#5866,.T.);
#5866 = B_SPLINE_CURVE_WITH_KNOTS('',1,(#5867,#5868),.UNSPECIFIED.,.F.,
  .F.,(2,2),(-0.,1.E-03),.PIECEWISE_BEZIER_KNOTS.);
#5867 = CARTESIAN_POINT('',(1.170076160778,-1.524887506075,0.5510001));
#5868 = CARTESIAN_POINT('',(1.170076160778,-1.524887506075,0.5500001));
#5869 = B_SPLINE_SURFACE_WITH_KNOTS('',1,1,(
    (#5870,#5871)
    ,(#5872,#5873
    )),.UNSPECIFIED.,.F.,.F.,.F.,(2,2),(2,2),(-3.597716848258E-02,0.),(
    -1.E-03,0.),.PIECEWISE_BEZIER_KNOTS.);
#5870 = CARTESIAN_POINT('',(1.170076160778,-1.524887506075,0.5500001));
#5871 = CARTESIAN_POINT('',(1.170076160778,-1.524887506075,0.5510001));
#5872 = CARTESIAN_POINT('',(1.13626323334,-1.537177444646,0.5500001));
#5873 = CARTESIAN_POINT('',(1.13626323334,-1.537177444646,0.5510001));
#5874 = ADVANCED_FACE('',(#5875),#5893,.T.);
#5875 = FACE_BOUND('',#5876,.T.);
#5876 = EDGE_LOOP('',(#5877,#5886,#5887,#5888));
#5877 = ORIENTED_EDGE('',*,*,#5878,.F.);
#5878 = EDGE_CURVE('',#5857,#5879,#5881,.T.);
#5879 = VERTEX_POINT('',#5880);
#5880 = CARTESIAN_POINT('',(1.17577403416,-1.523619001417,0.5500001));
#5881 = B_SPLINE_CURVE_WITH_KNOTS('',3,(#5882,#5883,#5884,#5885),
  .UNSPECIFIED.,.F.,.F.,(4,4),(1.,2.),.PIECEWISE_BEZIER_KNOTS.);
#5882 = CARTESIAN_POINT('',(1.170076160778,-1.524887506075,0.5500001));
#5883 = CARTESIAN_POINT('',(1.171199099328,-1.524492398067,0.5500001));
#5884 = CARTESIAN_POINT('',(1.173070663577,-1.5240764949,0.5500001));
#5885 = CARTESIAN_POINT('',(1.17577403416,-1.523619001417,0.5500001));
#5886 = ORIENTED_EDGE('',*,*,#5865,.F.);
#5887 = ORIENTED_EDGE('',*,*,#5678,.T.);
#5888 = ORIENTED_EDGE('',*,*,#5889,.T.);
#5889 = EDGE_CURVE('',#5672,#5879,#5890,.T.);
#5890 = B_SPLINE_CURVE_WITH_KNOTS('',1,(#5891,#5892),.UNSPECIFIED.,.F.,
  .F.,(2,2),(-0.,1.E-03),.PIECEWISE_BEZIER_KNOTS.);
#5891 = CARTESIAN_POINT('',(1.17577403416,-1.523619001417,0.5510001));
#5892 = CARTESIAN_POINT('',(1.17577403416,-1.523619001417,0.5500001));
#5893 = B_SPLINE_SURFACE_WITH_KNOTS('',3,1,(
    (#5894,#5895)
    ,(#5896,#5897)
    ,(#5898,#5899)
    ,(#5900,#5901
    )),.UNSPECIFIED.,.F.,.F.,.F.,(4,4),(2,2),(1.,2.),(0.,1.),
  .PIECEWISE_BEZIER_KNOTS.);
#5894 = CARTESIAN_POINT('',(1.170076160778,-1.524887506075,0.5510001));
#5895 = CARTESIAN_POINT('',(1.170076160778,-1.524887506075,0.5500001));
#5896 = CARTESIAN_POINT('',(1.171199099328,-1.524492398067,0.5510001));
#5897 = CARTESIAN_POINT('',(1.171199099328,-1.524492398067,0.5500001));
#5898 = CARTESIAN_POINT('',(1.173070663577,-1.5240764949,0.5510001));
#5899 = CARTESIAN_POINT('',(1.173070663577,-1.5240764949,0.5500001));
#5900 = CARTESIAN_POINT('',(1.17577403416,-1.523619001417,0.5510001));
#5901 = CARTESIAN_POINT('',(1.17577403416,-1.523619001417,0.5500001));
#5902 = ADVANCED_FACE('',(#5903),#5919,.T.);
#5903 = FACE_BOUND('',#5904,.T.);
#5904 = EDGE_LOOP('',(#5905,#5912,#5913,#5914));
#5905 = ORIENTED_EDGE('',*,*,#5906,.F.);
#5906 = EDGE_CURVE('',#5879,#5907,#5909,.T.);
#5907 = VERTEX_POINT('',#5908);
#5908 = CARTESIAN_POINT('',(1.17577403416,-1.523369459517,0.5500001));
#5909 = B_SPLINE_CURVE_WITH_KNOTS('',1,(#5910,#5911),.UNSPECIFIED.,.F.,
  .F.,(2,2),(2.22044604925E-16,2.495418996318E-04),
  .PIECEWISE_BEZIER_KNOTS.);
#5910 = CARTESIAN_POINT('',(1.17577403416,-1.523619001417,0.5500001));
#5911 = CARTESIAN_POINT('',(1.17577403416,-1.523369459517,0.5500001));
#5912 = ORIENTED_EDGE('',*,*,#5889,.F.);
#5913 = ORIENTED_EDGE('',*,*,#5671,.T.);
#5914 = ORIENTED_EDGE('',*,*,#5915,.T.);
#5915 = EDGE_CURVE('',#5663,#5907,#5916,.T.);
#5916 = B_SPLINE_CURVE_WITH_KNOTS('',1,(#5917,#5918),.UNSPECIFIED.,.F.,
  .F.,(2,2),(-0.,1.E-03),.PIECEWISE_BEZIER_KNOTS.);
#5917 = CARTESIAN_POINT('',(1.17577403416,-1.523369459517,0.5510001));
#5918 = CARTESIAN_POINT('',(1.17577403416,-1.523369459517,0.5500001));
#5919 = B_SPLINE_SURFACE_WITH_KNOTS('',1,1,(
    (#5920,#5921)
    ,(#5922,#5923
    )),.UNSPECIFIED.,.F.,.F.,.F.,(2,2),(2,2),(-1.E-03,0.),(
    2.22044604925E-16,2.495418996318E-04),.PIECEWISE_BEZIER_KNOTS.);
#5920 = CARTESIAN_POINT('',(1.17577403416,-1.523619001417,0.5500001));
#5921 = CARTESIAN_POINT('',(1.17577403416,-1.523369459517,0.5500001));
#5922 = CARTESIAN_POINT('',(1.17577403416,-1.523619001417,0.5510001));
#5923 = CARTESIAN_POINT('',(1.17577403416,-1.523369459517,0.5510001));
#5924 = ADVANCED_FACE('',(#5925),#5943,.T.);
#5925 = FACE_BOUND('',#5926,.T.);
#5926 = EDGE_LOOP('',(#5927,#5936,#5937,#5938));
#5927 = ORIENTED_EDGE('',*,*,#5928,.F.);
#5928 = EDGE_CURVE('',#5907,#5929,#5931,.T.);
#5929 = VERTEX_POINT('',#5930);
#5930 = CARTESIAN_POINT('',(1.170076160778,-1.522038569384,0.5500001));
#5931 = B_SPLINE_CURVE_WITH_KNOTS('',3,(#5932,#5933,#5934,#5935),
  .UNSPECIFIED.,.F.,.F.,(4,4),(3.,4.),.PIECEWISE_BEZIER_KNOTS.);
#5932 = CARTESIAN_POINT('',(1.17577403416,-1.523369459517,0.5500001));
#5933 = CARTESIAN_POINT('',(1.173320205477,-1.522974351509,0.5500001));
#5934 = CARTESIAN_POINT('',(1.171407050911,-1.522537653184,0.5500001));
#5935 = CARTESIAN_POINT('',(1.170076160778,-1.522038569384,0.5500001));
#5936 = ORIENTED_EDGE('',*,*,#5915,.F.);
#5937 = ORIENTED_EDGE('',*,*,#5662,.T.);
#5938 = ORIENTED_EDGE('',*,*,#5939,.T.);
#5939 = EDGE_CURVE('',#5656,#5929,#5940,.T.);
#5940 = B_SPLINE_CURVE_WITH_KNOTS('',1,(#5941,#5942),.UNSPECIFIED.,.F.,
  .F.,(2,2),(-1.110223024625E-16,1.E-03),.PIECEWISE_BEZIER_KNOTS.);
#5941 = CARTESIAN_POINT('',(1.170076160778,-1.522038569384,0.5510001));
#5942 = CARTESIAN_POINT('',(1.170076160778,-1.522038569384,0.5500001));
#5943 = B_SPLINE_SURFACE_WITH_KNOTS('',3,1,(
    (#5944,#5945)
    ,(#5946,#5947)
    ,(#5948,#5949)
    ,(#5950,#5951
    )),.UNSPECIFIED.,.F.,.F.,.F.,(4,4),(2,2),(3.,4.),(0.,1.),
  .PIECEWISE_BEZIER_KNOTS.);
#5944 = CARTESIAN_POINT('',(1.17577403416,-1.523369459517,0.5510001));
#5945 = CARTESIAN_POINT('',(1.17577403416,-1.523369459517,0.5500001));
#5946 = CARTESIAN_POINT('',(1.173320205477,-1.522974351509,0.5510001));
#5947 = CARTESIAN_POINT('',(1.173320205477,-1.522974351509,0.5500001));
#5948 = CARTESIAN_POINT('',(1.171407050911,-1.522537653184,0.5510001));
#5949 = CARTESIAN_POINT('',(1.171407050911,-1.522537653184,0.5500001));
#5950 = CARTESIAN_POINT('',(1.170076160778,-1.522038569384,0.5510001));
#5951 = CARTESIAN_POINT('',(1.170076160778,-1.522038569384,0.5500001));
#5952 = ADVANCED_FACE('',(#5953),#5963,.T.);
#5953 = FACE_BOUND('',#5954,.T.);
#5954 = EDGE_LOOP('',(#5955,#5960,#5961,#5962));
#5955 = ORIENTED_EDGE('',*,*,#5956,.F.);
#5956 = EDGE_CURVE('',#5929,#5829,#5957,.T.);
#5957 = B_SPLINE_CURVE_WITH_KNOTS('',1,(#5958,#5959),.UNSPECIFIED.,.F.,
  .F.,(2,2),(-7.516987794757E-17,3.593473758352E-02),
  .PIECEWISE_BEZIER_KNOTS.);
#5958 = CARTESIAN_POINT('',(1.170076160778,-1.522038569384,0.5500001));
#5959 = CARTESIAN_POINT('',(1.13626323334,-1.509873401764,0.5500001));
#5960 = ORIENTED_EDGE('',*,*,#5939,.F.);
#5961 = ORIENTED_EDGE('',*,*,#5655,.T.);
#5962 = ORIENTED_EDGE('',*,*,#5837,.T.);
#5963 = B_SPLINE_SURFACE_WITH_KNOTS('',1,1,(
    (#5964,#5965)
    ,(#5966,#5967
    )),.UNSPECIFIED.,.F.,.F.,.F.,(2,2),(2,2),(-3.593473758352E-02,
    7.516987794757E-17),(-1.E-03,0.),.PIECEWISE_BEZIER_KNOTS.);
#5964 = CARTESIAN_POINT('',(1.13626323334,-1.509873401764,0.5500001));
#5965 = CARTESIAN_POINT('',(1.13626323334,-1.509873401764,0.5510001));
#5966 = CARTESIAN_POINT('',(1.170076160778,-1.522038569384,0.5500001));
#5967 = CARTESIAN_POINT('',(1.170076160778,-1.522038569384,0.5510001));
#5968 = ADVANCED_FACE('',(#5969),#5977,.F.);
#5969 = FACE_BOUND('',#5970,.T.);
#5970 = EDGE_LOOP('',(#5971,#5972,#5973,#5974,#5975,#5976));
#5971 = ORIENTED_EDGE('',*,*,#5956,.T.);
#5972 = ORIENTED_EDGE('',*,*,#5828,.T.);
#5973 = ORIENTED_EDGE('',*,*,#5856,.T.);
#5974 = ORIENTED_EDGE('',*,*,#5878,.T.);
#5975 = ORIENTED_EDGE('',*,*,#5906,.T.);
#5976 = ORIENTED_EDGE('',*,*,#5928,.T.);
#5977 = B_SPLINE_SURFACE_WITH_KNOTS('',1,1,(
    (#5978,#5979)
    ,(#5980,#5981
    )),.UNSPECIFIED.,.F.,.F.,.F.,(2,2),(2,2),(-1.17577403416,
    -1.13626323334),(-1.537177444646,-1.509873401764),
  .PIECEWISE_BEZIER_KNOTS.);
#5978 = CARTESIAN_POINT('',(1.17577403416,-1.537177444646,0.5500001));
#5979 = CARTESIAN_POINT('',(1.17577403416,-1.509873401764,0.5500001));
#5980 = CARTESIAN_POINT('',(1.13626323334,-1.537177444646,0.5500001));
#5981 = CARTESIAN_POINT('',(1.13626323334,-1.509873401764,0.5500001));
#5982 = ADVANCED_FACE('',(#5983),#6005,.F.);
#5983 = FACE_BOUND('',#5984,.T.);
#5984 = EDGE_LOOP('',(#5985,#5986,#5993,#6000));
#5985 = ORIENTED_EDGE('',*,*,#313,.T.);
#5986 = ORIENTED_EDGE('',*,*,#5987,.F.);
#5987 = EDGE_CURVE('',#5988,#316,#5990,.T.);
#5988 = VERTEX_POINT('',#5989);
#5989 = CARTESIAN_POINT('',(0.98504084199,-1.277591483258,0.5510001));
#5990 = B_SPLINE_CURVE_WITH_KNOTS('',1,(#5991,#5992),.UNSPECIFIED.,.F.,
  .F.,(2,2),(-0.,1.E-03),.PIECEWISE_BEZIER_KNOTS.);
#5991 = CARTESIAN_POINT('',(0.98504084199,-1.277591483258,0.5510001));
#5992 = CARTESIAN_POINT('',(0.98504084199,-1.277591483258,0.5500001));
#5993 = ORIENTED_EDGE('',*,*,#5994,.F.);
#5994 = EDGE_CURVE('',#5995,#5988,#5997,.T.);
#5995 = VERTEX_POINT('',#5996);
#5996 = CARTESIAN_POINT('',(0.975766201377,-1.277591483258,0.5510001));
#5997 = B_SPLINE_CURVE_WITH_KNOTS('',1,(#5998,#5999),.UNSPECIFIED.,.F.,
  .F.,(2,2),(-9.274640613515E-03,0.),.PIECEWISE_BEZIER_KNOTS.);
#5998 = CARTESIAN_POINT('',(0.975766201377,-1.277591483258,0.5510001));
#5999 = CARTESIAN_POINT('',(0.98504084199,-1.277591483258,0.5510001));
#6000 = ORIENTED_EDGE('',*,*,#6001,.T.);
#6001 = EDGE_CURVE('',#5995,#314,#6002,.T.);
#6002 = B_SPLINE_CURVE_WITH_KNOTS('',1,(#6003,#6004),.UNSPECIFIED.,.F.,
  .F.,(2,2),(-0.,1.E-03),.PIECEWISE_BEZIER_KNOTS.);
#6003 = CARTESIAN_POINT('',(0.975766201377,-1.277591483258,0.5510001));
#6004 = CARTESIAN_POINT('',(0.975766201377,-1.277591483258,0.5500001));
#6005 = B_SPLINE_SURFACE_WITH_KNOTS('',1,1,(
    (#6006,#6007)
    ,(#6008,#6009)),.UNSPECIFIED.,.F.,.F.,.F.,(2,2),(2,2),(-1.E-03,0.),(
    -9.274640613515E-03,0.),.PIECEWISE_BEZIER_KNOTS.);
#6006 = CARTESIAN_POINT('',(0.975766201377,-1.277591483258,0.5500001));
#6007 = CARTESIAN_POINT('',(0.98504084199,-1.277591483258,0.5500001));
#6008 = CARTESIAN_POINT('',(0.975766201377,-1.277591483258,0.5510001));
#6009 = CARTESIAN_POINT('',(0.98504084199,-1.277591483258,0.5510001));
#6010 = ADVANCED_FACE('',(#6011),#6027,.F.);
#6011 = FACE_BOUND('',#6012,.T.);
#6012 = EDGE_LOOP('',(#6013,#6014,#6021,#6026));
#6013 = ORIENTED_EDGE('',*,*,#392,.T.);
#6014 = ORIENTED_EDGE('',*,*,#6015,.F.);
#6015 = EDGE_CURVE('',#6016,#386,#6018,.T.);
#6016 = VERTEX_POINT('',#6017);
#6017 = CARTESIAN_POINT('',(0.98504084199,-1.244340025094,0.5510001));
#6018 = B_SPLINE_CURVE_WITH_KNOTS('',1,(#6019,#6020),.UNSPECIFIED.,.F.,
  .F.,(2,2),(-0.,1.E-03),.PIECEWISE_BEZIER_KNOTS.);
#6019 = CARTESIAN_POINT('',(0.98504084199,-1.244340025094,0.5510001));
#6020 = CARTESIAN_POINT('',(0.98504084199,-1.244340025094,0.5500001));
#6021 = ORIENTED_EDGE('',*,*,#6022,.F.);
#6022 = EDGE_CURVE('',#5988,#6016,#6023,.T.);
#6023 = B_SPLINE_CURVE_WITH_KNOTS('',1,(#6024,#6025),.UNSPECIFIED.,.F.,
  .F.,(2,2),(-3.325145816391E-02,0.),.PIECEWISE_BEZIER_KNOTS.);
#6024 = CARTESIAN_POINT('',(0.98504084199,-1.277591483258,0.5510001));
#6025 = CARTESIAN_POINT('',(0.98504084199,-1.244340025094,0.5510001));
#6026 = ORIENTED_EDGE('',*,*,#5987,.T.);
#6027 = B_SPLINE_SURFACE_WITH_KNOTS('',1,1,(
    (#6028,#6029)
    ,(#6030,#6031
    )),.UNSPECIFIED.,.F.,.F.,.F.,(2,2),(2,2),(0.,3.325145816391E-02),(
    -1.E-03,0.),.PIECEWISE_BEZIER_KNOTS.);
#6028 = CARTESIAN_POINT('',(0.98504084199,-1.244340025094,0.5500001));
#6029 = CARTESIAN_POINT('',(0.98504084199,-1.244340025094,0.5510001));
#6030 = CARTESIAN_POINT('',(0.98504084199,-1.277591483258,0.5500001));
#6031 = CARTESIAN_POINT('',(0.98504084199,-1.277591483258,0.5510001));
#6032 = ADVANCED_FACE('',(#6033),#6049,.F.);
#6033 = FACE_BOUND('',#6034,.T.);
#6034 = EDGE_LOOP('',(#6035,#6036,#6043,#6048));
#6035 = ORIENTED_EDGE('',*,*,#385,.T.);
#6036 = ORIENTED_EDGE('',*,*,#6037,.F.);
#6037 = EDGE_CURVE('',#6038,#379,#6040,.T.);
#6038 = VERTEX_POINT('',#6039);
#6039 = CARTESIAN_POINT('',(1.012407270348,-1.244340025094,0.5510001));
#6040 = B_SPLINE_CURVE_WITH_KNOTS('',1,(#6041,#6042),.UNSPECIFIED.,.F.,
  .F.,(2,2),(-0.,1.E-03),.PIECEWISE_BEZIER_KNOTS.);
#6041 = CARTESIAN_POINT('',(1.012407270348,-1.244340025094,0.5510001));
#6042 = CARTESIAN_POINT('',(1.012407270348,-1.244340025094,0.5500001));
#6043 = ORIENTED_EDGE('',*,*,#6044,.F.);
#6044 = EDGE_CURVE('',#6016,#6038,#6045,.T.);
#6045 = B_SPLINE_CURVE_WITH_KNOTS('',1,(#6046,#6047),.UNSPECIFIED.,.F.,
  .F.,(2,2),(-2.736642835733E-02,0.),.PIECEWISE_BEZIER_KNOTS.);
#6046 = CARTESIAN_POINT('',(0.98504084199,-1.244340025094,0.5510001));
#6047 = CARTESIAN_POINT('',(1.012407270348,-1.244340025094,0.5510001));
#6048 = ORIENTED_EDGE('',*,*,#6015,.T.);
#6049 = B_SPLINE_SURFACE_WITH_KNOTS('',1,1,(
    (#6050,#6051)
    ,(#6052,#6053
    )),.UNSPECIFIED.,.F.,.F.,.F.,(2,2),(2,2),(-0.,2.736642835733E-02),(
    -1.E-03,0.),.PIECEWISE_BEZIER_KNOTS.);
#6050 = CARTESIAN_POINT('',(1.012407270348,-1.244340025094,0.5500001));
#6051 = CARTESIAN_POINT('',(1.012407270348,-1.244340025094,0.5510001));
#6052 = CARTESIAN_POINT('',(0.98504084199,-1.244340025094,0.5500001));
#6053 = CARTESIAN_POINT('',(0.98504084199,-1.244340025094,0.5510001));
#6054 = ADVANCED_FACE('',(#6055),#6071,.F.);
#6055 = FACE_BOUND('',#6056,.T.);
#6056 = EDGE_LOOP('',(#6057,#6058,#6065,#6070));
#6057 = ORIENTED_EDGE('',*,*,#378,.T.);
#6058 = ORIENTED_EDGE('',*,*,#6059,.F.);
#6059 = EDGE_CURVE('',#6060,#372,#6062,.T.);
#6060 = VERTEX_POINT('',#6061);
#6061 = CARTESIAN_POINT('',(1.012407270348,-1.273432451593,0.5510001));
#6062 = B_SPLINE_CURVE_WITH_KNOTS('',1,(#6063,#6064),.UNSPECIFIED.,.F.,
  .F.,(2,2),(-0.,1.E-03),.PIECEWISE_BEZIER_KNOTS.);
#6063 = CARTESIAN_POINT('',(1.012407270348,-1.273432451593,0.5510001));
#6064 = CARTESIAN_POINT('',(1.012407270348,-1.273432451593,0.5500001));
#6065 = ORIENTED_EDGE('',*,*,#6066,.F.);
#6066 = EDGE_CURVE('',#6038,#6060,#6067,.T.);
#6067 = B_SPLINE_CURVE_WITH_KNOTS('',1,(#6068,#6069),.UNSPECIFIED.,.F.,
  .F.,(2,2),(-2.909242649866E-02,0.),.PIECEWISE_BEZIER_KNOTS.);
#6068 = CARTESIAN_POINT('',(1.012407270348,-1.244340025094,0.5510001));
#6069 = CARTESIAN_POINT('',(1.012407270348,-1.273432451593,0.5510001));
#6070 = ORIENTED_EDGE('',*,*,#6037,.T.);
#6071 = B_SPLINE_SURFACE_WITH_KNOTS('',1,1,(
    (#6072,#6073)
    ,(#6074,#6075
    )),.UNSPECIFIED.,.F.,.F.,.F.,(2,2),(2,2),(0.,2.909242649866E-02),(
    -1.E-03,0.),.PIECEWISE_BEZIER_KNOTS.);
#6072 = CARTESIAN_POINT('',(1.012407270348,-1.273432451593,0.5500001));
#6073 = CARTESIAN_POINT('',(1.012407270348,-1.273432451593,0.5510001));
#6074 = CARTESIAN_POINT('',(1.012407270348,-1.244340025094,0.5500001));
#6075 = CARTESIAN_POINT('',(1.012407270348,-1.244340025094,0.5510001));
#6076 = ADVANCED_FACE('',(#6077),#6093,.F.);
#6077 = FACE_BOUND('',#6078,.T.);
#6078 = EDGE_LOOP('',(#6079,#6080,#6087,#6092));
#6079 = ORIENTED_EDGE('',*,*,#371,.T.);
#6080 = ORIENTED_EDGE('',*,*,#6081,.F.);
#6081 = EDGE_CURVE('',#6082,#365,#6084,.T.);
#6082 = VERTEX_POINT('',#6083);
#6083 = CARTESIAN_POINT('',(1.021723501278,-1.273432451593,0.5510001));
#6084 = B_SPLINE_CURVE_WITH_KNOTS('',1,(#6085,#6086),.UNSPECIFIED.,.F.,
  .F.,(2,2),(-0.,1.E-03),.PIECEWISE_BEZIER_KNOTS.);
#6085 = CARTESIAN_POINT('',(1.021723501278,-1.273432451593,0.5510001));
#6086 = CARTESIAN_POINT('',(1.021723501278,-1.273432451593,0.5500001));
#6087 = ORIENTED_EDGE('',*,*,#6088,.F.);
#6088 = EDGE_CURVE('',#6060,#6082,#6089,.T.);
#6089 = B_SPLINE_CURVE_WITH_KNOTS('',1,(#6090,#6091),.UNSPECIFIED.,.F.,
  .F.,(2,2),(-9.316230930119E-03,0.),.PIECEWISE_BEZIER_KNOTS.);
#6090 = CARTESIAN_POINT('',(1.012407270348,-1.273432451593,0.5510001));
#6091 = CARTESIAN_POINT('',(1.021723501278,-1.273432451593,0.5510001));
#6092 = ORIENTED_EDGE('',*,*,#6059,.T.);
#6093 = B_SPLINE_SURFACE_WITH_KNOTS('',1,1,(
    (#6094,#6095)
    ,(#6096,#6097)),.UNSPECIFIED.,.F.,.F.,.F.,(2,2),(2,2),(-1.E-03,0.),(
    -9.316230930119E-03,0.),.PIECEWISE_BEZIER_KNOTS.);
#6094 = CARTESIAN_POINT('',(1.012407270348,-1.273432451593,0.5500001));
#6095 = CARTESIAN_POINT('',(1.021723501278,-1.273432451593,0.5500001));
#6096 = CARTESIAN_POINT('',(1.012407270348,-1.273432451593,0.5510001));
#6097 = CARTESIAN_POINT('',(1.021723501278,-1.273432451593,0.5510001));
#6098 = ADVANCED_FACE('',(#6099),#6115,.F.);
#6099 = FACE_BOUND('',#6100,.T.);
#6100 = EDGE_LOOP('',(#6101,#6102,#6109,#6114));
#6101 = ORIENTED_EDGE('',*,*,#364,.T.);
#6102 = ORIENTED_EDGE('',*,*,#6103,.F.);
#6103 = EDGE_CURVE('',#6104,#358,#6106,.T.);
#6104 = VERTEX_POINT('',#6105);
#6105 = CARTESIAN_POINT('',(1.021723501278,-1.244340025094,0.5510001));
#6106 = B_SPLINE_CURVE_WITH_KNOTS('',1,(#6107,#6108),.UNSPECIFIED.,.F.,
  .F.,(2,2),(-0.,1.E-03),.PIECEWISE_BEZIER_KNOTS.);
#6107 = CARTESIAN_POINT('',(1.021723501278,-1.244340025094,0.5510001));
#6108 = CARTESIAN_POINT('',(1.021723501278,-1.244340025094,0.5500001));
#6109 = ORIENTED_EDGE('',*,*,#6110,.F.);
#6110 = EDGE_CURVE('',#6082,#6104,#6111,.T.);
#6111 = B_SPLINE_CURVE_WITH_KNOTS('',1,(#6112,#6113),.UNSPECIFIED.,.F.,
  .F.,(2,2),(-2.909242649866E-02,0.),.PIECEWISE_BEZIER_KNOTS.);
#6112 = CARTESIAN_POINT('',(1.021723501278,-1.273432451593,0.5510001));
#6113 = CARTESIAN_POINT('',(1.021723501278,-1.244340025094,0.5510001));
#6114 = ORIENTED_EDGE('',*,*,#6081,.T.);
#6115 = B_SPLINE_SURFACE_WITH_KNOTS('',1,1,(
    (#6116,#6117)
    ,(#6118,#6119
    )),.UNSPECIFIED.,.F.,.F.,.F.,(2,2),(2,2),(0.,2.909242649866E-02),(
    -1.E-03,0.),.PIECEWISE_BEZIER_KNOTS.);
#6116 = CARTESIAN_POINT('',(1.021723501278,-1.244340025094,0.5500001));
#6117 = CARTESIAN_POINT('',(1.021723501278,-1.244340025094,0.5510001));
#6118 = CARTESIAN_POINT('',(1.021723501278,-1.273432451593,0.5500001));
#6119 = CARTESIAN_POINT('',(1.021723501278,-1.273432451593,0.5510001));
#6120 = ADVANCED_FACE('',(#6121),#6137,.F.);
#6121 = FACE_BOUND('',#6122,.T.);
#6122 = EDGE_LOOP('',(#6123,#6124,#6131,#6136));
#6123 = ORIENTED_EDGE('',*,*,#357,.T.);
#6124 = ORIENTED_EDGE('',*,*,#6125,.F.);
#6125 = EDGE_CURVE('',#6126,#351,#6128,.T.);
#6126 = VERTEX_POINT('',#6127);
#6127 = CARTESIAN_POINT('',(1.047759039503,-1.244340025094,0.5510001));
#6128 = B_SPLINE_CURVE_WITH_KNOTS('',1,(#6129,#6130),.UNSPECIFIED.,.F.,
  .F.,(2,2),(-0.,1.E-03),.PIECEWISE_BEZIER_KNOTS.);
#6129 = CARTESIAN_POINT('',(1.047759039503,-1.244340025094,0.5510001));
#6130 = CARTESIAN_POINT('',(1.047759039503,-1.244340025094,0.5500001));
#6131 = ORIENTED_EDGE('',*,*,#6132,.F.);
#6132 = EDGE_CURVE('',#6104,#6126,#6133,.T.);
#6133 = B_SPLINE_CURVE_WITH_KNOTS('',1,(#6134,#6135),.UNSPECIFIED.,.F.,
  .F.,(2,2),(-2.603553822485E-02,0.),.PIECEWISE_BEZIER_KNOTS.);
#6134 = CARTESIAN_POINT('',(1.021723501278,-1.244340025094,0.5510001));
#6135 = CARTESIAN_POINT('',(1.047759039503,-1.244340025094,0.5510001));
#6136 = ORIENTED_EDGE('',*,*,#6103,.T.);
#6137 = B_SPLINE_SURFACE_WITH_KNOTS('',1,1,(
    (#6138,#6139)
    ,(#6140,#6141
    )),.UNSPECIFIED.,.F.,.F.,.F.,(2,2),(2,2),(-0.,2.603553822485E-02),(
    -1.E-03,0.),.PIECEWISE_BEZIER_KNOTS.);
#6138 = CARTESIAN_POINT('',(1.047759039503,-1.244340025094,0.5500001));
#6139 = CARTESIAN_POINT('',(1.047759039503,-1.244340025094,0.5510001));
#6140 = CARTESIAN_POINT('',(1.021723501278,-1.244340025094,0.5500001));
#6141 = CARTESIAN_POINT('',(1.021723501278,-1.244340025094,0.5510001));
#6142 = ADVANCED_FACE('',(#6143),#6159,.F.);
#6143 = FACE_BOUND('',#6144,.T.);
#6144 = EDGE_LOOP('',(#6145,#6146,#6153,#6158));
#6145 = ORIENTED_EDGE('',*,*,#350,.T.);
#6146 = ORIENTED_EDGE('',*,*,#6147,.F.);
#6147 = EDGE_CURVE('',#6148,#344,#6150,.T.);
#6148 = VERTEX_POINT('',#6149);
#6149 = CARTESIAN_POINT('',(1.047759039503,-1.275740714167,0.5510001));
#6150 = B_SPLINE_CURVE_WITH_KNOTS('',1,(#6151,#6152),.UNSPECIFIED.,.F.,
  .F.,(2,2),(-0.,1.E-03),.PIECEWISE_BEZIER_KNOTS.);
#6151 = CARTESIAN_POINT('',(1.047759039503,-1.275740714167,0.5510001));
#6152 = CARTESIAN_POINT('',(1.047759039503,-1.275740714167,0.5500001));
#6153 = ORIENTED_EDGE('',*,*,#6154,.F.);
#6154 = EDGE_CURVE('',#6126,#6148,#6155,.T.);
#6155 = B_SPLINE_CURVE_WITH_KNOTS('',1,(#6156,#6157),.UNSPECIFIED.,.F.,
  .F.,(2,2),(-3.140068907275E-02,0.),.PIECEWISE_BEZIER_KNOTS.);
#6156 = CARTESIAN_POINT('',(1.047759039503,-1.244340025094,0.5510001));
#6157 = CARTESIAN_POINT('',(1.047759039503,-1.275740714167,0.5510001));
#6158 = ORIENTED_EDGE('',*,*,#6125,.T.);
#6159 = B_SPLINE_SURFACE_WITH_KNOTS('',1,1,(
    (#6160,#6161)
    ,(#6162,#6163
    )),.UNSPECIFIED.,.F.,.F.,.F.,(2,2),(2,2),(0.,3.140068907275E-02),(
    -1.E-03,0.),.PIECEWISE_BEZIER_KNOTS.);
#6160 = CARTESIAN_POINT('',(1.047759039503,-1.275740714167,0.5500001));
#6161 = CARTESIAN_POINT('',(1.047759039503,-1.275740714167,0.5510001));
#6162 = CARTESIAN_POINT('',(1.047759039503,-1.244340025094,0.5500001));
#6163 = CARTESIAN_POINT('',(1.047759039503,-1.244340025094,0.5510001));
#6164 = ADVANCED_FACE('',(#6165),#6181,.F.);
#6165 = FACE_BOUND('',#6166,.T.);
#6166 = EDGE_LOOP('',(#6167,#6168,#6175,#6180));
#6167 = ORIENTED_EDGE('',*,*,#343,.T.);
#6168 = ORIENTED_EDGE('',*,*,#6169,.F.);
#6169 = EDGE_CURVE('',#6170,#337,#6172,.T.);
#6170 = VERTEX_POINT('',#6171);
#6171 = CARTESIAN_POINT('',(1.05711686075,-1.275740714167,0.5510001));
#6172 = B_SPLINE_CURVE_WITH_KNOTS('',1,(#6173,#6174),.UNSPECIFIED.,.F.,
  .F.,(2,2),(-0.,1.E-03),.PIECEWISE_BEZIER_KNOTS.);
#6173 = CARTESIAN_POINT('',(1.05711686075,-1.275740714167,0.5510001));
#6174 = CARTESIAN_POINT('',(1.05711686075,-1.275740714167,0.5500001));
#6175 = ORIENTED_EDGE('',*,*,#6176,.F.);
#6176 = EDGE_CURVE('',#6148,#6170,#6177,.T.);
#6177 = B_SPLINE_CURVE_WITH_KNOTS('',1,(#6178,#6179),.UNSPECIFIED.,.F.,
  .F.,(2,2),(-9.357821246724E-03,0.),.PIECEWISE_BEZIER_KNOTS.);
#6178 = CARTESIAN_POINT('',(1.047759039503,-1.275740714167,0.5510001));
#6179 = CARTESIAN_POINT('',(1.05711686075,-1.275740714167,0.5510001));
#6180 = ORIENTED_EDGE('',*,*,#6147,.T.);
#6181 = B_SPLINE_SURFACE_WITH_KNOTS('',1,1,(
    (#6182,#6183)
    ,(#6184,#6185)),.UNSPECIFIED.,.F.,.F.,.F.,(2,2),(2,2),(-1.E-03,0.),(
    -9.357821246724E-03,0.),.PIECEWISE_BEZIER_KNOTS.);
#6182 = CARTESIAN_POINT('',(1.047759039503,-1.275740714167,0.5500001));
#6183 = CARTESIAN_POINT('',(1.05711686075,-1.275740714167,0.5500001));
#6184 = CARTESIAN_POINT('',(1.047759039503,-1.275740714167,0.5510001));
#6185 = CARTESIAN_POINT('',(1.05711686075,-1.275740714167,0.5510001));
#6186 = ADVANCED_FACE('',(#6187),#6203,.F.);
#6187 = FACE_BOUND('',#6188,.T.);
#6188 = EDGE_LOOP('',(#6189,#6190,#6197,#6202));
#6189 = ORIENTED_EDGE('',*,*,#336,.T.);
#6190 = ORIENTED_EDGE('',*,*,#6191,.F.);
#6191 = EDGE_CURVE('',#6192,#330,#6194,.T.);
#6192 = VERTEX_POINT('',#6193);
#6193 = CARTESIAN_POINT('',(1.05711686075,-1.23383847014,0.5510001));
#6194 = B_SPLINE_CURVE_WITH_KNOTS('',1,(#6195,#6196),.UNSPECIFIED.,.F.,
  .F.,(2,2),(-0.,1.E-03),.PIECEWISE_BEZIER_KNOTS.);
#6195 = CARTESIAN_POINT('',(1.05711686075,-1.23383847014,0.5510001));
#6196 = CARTESIAN_POINT('',(1.05711686075,-1.23383847014,0.5500001));
#6197 = ORIENTED_EDGE('',*,*,#6198,.F.);
#6198 = EDGE_CURVE('',#6170,#6192,#6199,.T.);
#6199 = B_SPLINE_CURVE_WITH_KNOTS('',1,(#6200,#6201),.UNSPECIFIED.,.F.,
  .F.,(2,2),(-4.190224402751E-02,0.),.PIECEWISE_BEZIER_KNOTS.);
#6200 = CARTESIAN_POINT('',(1.05711686075,-1.275740714167,0.5510001));
#6201 = CARTESIAN_POINT('',(1.05711686075,-1.23383847014,0.5510001));
#6202 = ORIENTED_EDGE('',*,*,#6169,.T.);
#6203 = B_SPLINE_SURFACE_WITH_KNOTS('',1,1,(
    (#6204,#6205)
    ,(#6206,#6207
    )),.UNSPECIFIED.,.F.,.F.,.F.,(2,2),(2,2),(0.,4.190224402751E-02),(
    -1.E-03,0.),.PIECEWISE_BEZIER_KNOTS.);
#6204 = CARTESIAN_POINT('',(1.05711686075,-1.23383847014,0.5500001));
#6205 = CARTESIAN_POINT('',(1.05711686075,-1.23383847014,0.5510001));
#6206 = CARTESIAN_POINT('',(1.05711686075,-1.275740714167,0.5500001));
#6207 = CARTESIAN_POINT('',(1.05711686075,-1.275740714167,0.5510001));
#6208 = ADVANCED_FACE('',(#6209),#6225,.F.);
#6209 = FACE_BOUND('',#6210,.T.);
#6210 = EDGE_LOOP('',(#6211,#6212,#6219,#6224));
#6211 = ORIENTED_EDGE('',*,*,#329,.T.);
#6212 = ORIENTED_EDGE('',*,*,#6213,.F.);
#6213 = EDGE_CURVE('',#6214,#323,#6216,.T.);
#6214 = VERTEX_POINT('',#6215);
#6215 = CARTESIAN_POINT('',(0.975766201377,-1.23383847014,0.5510001));
#6216 = B_SPLINE_CURVE_WITH_KNOTS('',1,(#6217,#6218),.UNSPECIFIED.,.F.,
  .F.,(2,2),(-0.,1.E-03),.PIECEWISE_BEZIER_KNOTS.);
#6217 = CARTESIAN_POINT('',(0.975766201377,-1.23383847014,0.5510001));
#6218 = CARTESIAN_POINT('',(0.975766201377,-1.23383847014,0.5500001));
#6219 = ORIENTED_EDGE('',*,*,#6220,.F.);
#6220 = EDGE_CURVE('',#6192,#6214,#6221,.T.);
#6221 = B_SPLINE_CURVE_WITH_KNOTS('',1,(#6222,#6223),.UNSPECIFIED.,.F.,
  .F.,(2,2),(-8.135065937253E-02,-0.),.PIECEWISE_BEZIER_KNOTS.);
#6222 = CARTESIAN_POINT('',(1.05711686075,-1.23383847014,0.5510001));
#6223 = CARTESIAN_POINT('',(0.975766201377,-1.23383847014,0.5510001));
#6224 = ORIENTED_EDGE('',*,*,#6191,.T.);
#6225 = B_SPLINE_SURFACE_WITH_KNOTS('',1,1,(
    (#6226,#6227)
    ,(#6228,#6229
    )),.UNSPECIFIED.,.F.,.F.,.F.,(2,2),(2,2),(0.,8.135065937253E-02),(
    -1.E-03,0.),.PIECEWISE_BEZIER_KNOTS.);
#6226 = CARTESIAN_POINT('',(0.975766201377,-1.23383847014,0.5500001));
#6227 = CARTESIAN_POINT('',(0.975766201377,-1.23383847014,0.5510001));
#6228 = CARTESIAN_POINT('',(1.05711686075,-1.23383847014,0.5500001));
#6229 = CARTESIAN_POINT('',(1.05711686075,-1.23383847014,0.5510001));
#6230 = ADVANCED_FACE('',(#6231),#6241,.F.);
#6231 = FACE_BOUND('',#6232,.T.);
#6232 = EDGE_LOOP('',(#6233,#6234,#6235,#6240));
#6233 = ORIENTED_EDGE('',*,*,#322,.T.);
#6234 = ORIENTED_EDGE('',*,*,#6001,.F.);
#6235 = ORIENTED_EDGE('',*,*,#6236,.F.);
#6236 = EDGE_CURVE('',#6214,#5995,#6237,.T.);
#6237 = B_SPLINE_CURVE_WITH_KNOTS('',1,(#6238,#6239),.UNSPECIFIED.,.F.,
  .F.,(2,2),(-4.375301311866E-02,0.),.PIECEWISE_BEZIER_KNOTS.);
#6238 = CARTESIAN_POINT('',(0.975766201377,-1.23383847014,0.5510001));
#6239 = CARTESIAN_POINT('',(0.975766201377,-1.277591483258,0.5510001));
#6240 = ORIENTED_EDGE('',*,*,#6213,.T.);
#6241 = B_SPLINE_SURFACE_WITH_KNOTS('',1,1,(
    (#6242,#6243)
    ,(#6244,#6245
    )),.UNSPECIFIED.,.F.,.F.,.F.,(2,2),(2,2),(0.,4.375301311866E-02),(
    -1.E-03,0.),.PIECEWISE_BEZIER_KNOTS.);
#6242 = CARTESIAN_POINT('',(0.975766201377,-1.277591483258,0.5500001));
#6243 = CARTESIAN_POINT('',(0.975766201377,-1.277591483258,0.5510001));
#6244 = CARTESIAN_POINT('',(0.975766201377,-1.23383847014,0.5500001));
#6245 = CARTESIAN_POINT('',(0.975766201377,-1.23383847014,0.5510001));
#6246 = ADVANCED_FACE('',(#6247),#6261,.F.);
#6247 = FACE_BOUND('',#6248,.T.);
#6248 = EDGE_LOOP('',(#6249,#6250,#6251,#6252,#6253,#6254,#6255,#6256,
    #6257,#6258,#6259,#6260));
#6249 = ORIENTED_EDGE('',*,*,#5994,.T.);
#6250 = ORIENTED_EDGE('',*,*,#6022,.T.);
#6251 = ORIENTED_EDGE('',*,*,#6044,.T.);
#6252 = ORIENTED_EDGE('',*,*,#6066,.T.);
#6253 = ORIENTED_EDGE('',*,*,#6088,.T.);
#6254 = ORIENTED_EDGE('',*,*,#6110,.T.);
#6255 = ORIENTED_EDGE('',*,*,#6132,.T.);
#6256 = ORIENTED_EDGE('',*,*,#6154,.T.);
#6257 = ORIENTED_EDGE('',*,*,#6176,.T.);
#6258 = ORIENTED_EDGE('',*,*,#6198,.T.);
#6259 = ORIENTED_EDGE('',*,*,#6220,.T.);
#6260 = ORIENTED_EDGE('',*,*,#6236,.T.);
#6261 = B_SPLINE_SURFACE_WITH_KNOTS('',1,1,(
    (#6262,#6263)
    ,(#6264,#6265
    )),.UNSPECIFIED.,.F.,.F.,.F.,(2,2),(2,2),(-1.05711686075,
    -0.975766201377),(-1.277591483258,-1.23383847014),
  .PIECEWISE_BEZIER_KNOTS.);
#6262 = CARTESIAN_POINT('',(1.05711686075,-1.277591483258,0.5510001));
#6263 = CARTESIAN_POINT('',(1.05711686075,-1.23383847014,0.5510001));
#6264 = CARTESIAN_POINT('',(0.975766201377,-1.277591483258,0.5510001));
#6265 = CARTESIAN_POINT('',(0.975766201377,-1.23383847014,0.5510001));
#6266 = ADVANCED_FACE('',(#6267,#6383),#6453,.T.);
#6267 = FACE_BOUND('',#6268,.T.);
#6268 = EDGE_LOOP('',(#6269,#6280,#6287,#6296,#6305,#6312,#6321,#6330,
    #6339,#6348,#6355,#6362,#6369,#6376));
#6269 = ORIENTED_EDGE('',*,*,#6270,.T.);
#6270 = EDGE_CURVE('',#6271,#6273,#6275,.T.);
#6271 = VERTEX_POINT('',#6272);
#6272 = CARTESIAN_POINT('',(1.035198763874,-1.313026433046,0.5510001));
#6273 = VERTEX_POINT('',#6274);
#6274 = CARTESIAN_POINT('',(1.029792022709,-1.293021490736,0.5510001));
#6275 = B_SPLINE_CURVE_WITH_KNOTS('',3,(#6276,#6277,#6278,#6279),
  .UNSPECIFIED.,.F.,.F.,(4,4),(0.,1.),.PIECEWISE_BEZIER_KNOTS.);
#6276 = CARTESIAN_POINT('',(1.035198763874,-1.313026433046,0.5510001));
#6277 = CARTESIAN_POINT('',(1.035198763874,-1.305456995416,0.5510001));
#6278 = CARTESIAN_POINT('',(1.033410380257,-1.298781749593,0.5510001));
#6279 = CARTESIAN_POINT('',(1.029792022709,-1.293021490736,0.5510001));
#6280 = ORIENTED_EDGE('',*,*,#6281,.T.);
#6281 = EDGE_CURVE('',#6273,#6282,#6284,.T.);
#6282 = VERTEX_POINT('',#6283);
#6283 = CARTESIAN_POINT('',(1.019893527345,-1.293021490736,0.5510001));
#6284 = B_SPLINE_CURVE_WITH_KNOTS('',1,(#6285,#6286),.UNSPECIFIED.,.F.,
  .F.,(2,2),(-9.898495363703E-03,-0.),.PIECEWISE_BEZIER_KNOTS.);
#6285 = CARTESIAN_POINT('',(1.029792022709,-1.293021490736,0.5510001));
#6286 = CARTESIAN_POINT('',(1.019893527345,-1.293021490736,0.5510001));
#6287 = ORIENTED_EDGE('',*,*,#6288,.T.);
#6288 = EDGE_CURVE('',#6282,#6289,#6291,.T.);
#6289 = VERTEX_POINT('',#6290);
#6290 = CARTESIAN_POINT('',(1.02692229086,-1.312069855763,0.5510001));
#6291 = B_SPLINE_CURVE_WITH_KNOTS('',3,(#6292,#6293,#6294,#6295),
  .UNSPECIFIED.,.F.,.F.,(4,4),(12.,13.),.PIECEWISE_BEZIER_KNOTS.);
#6292 = CARTESIAN_POINT('',(1.019893527345,-1.293021490736,0.5510001));
#6293 = CARTESIAN_POINT('',(1.02455164281,-1.298760954434,0.5510001));
#6294 = CARTESIAN_POINT('',(1.02692229086,-1.305103477724,0.5510001));
#6295 = CARTESIAN_POINT('',(1.02692229086,-1.312069855763,0.5510001));
#6296 = ORIENTED_EDGE('',*,*,#6297,.T.);
#6297 = EDGE_CURVE('',#6289,#6298,#6300,.T.);
#6298 = VERTEX_POINT('',#6299);
#6299 = CARTESIAN_POINT('',(1.012698402565,-1.323839915376,0.5510001));
#6300 = B_SPLINE_CURVE_WITH_KNOTS('',3,(#6301,#6302,#6303,#6304),
  .UNSPECIFIED.,.F.,.F.,(4,4),(11.,12.),.PIECEWISE_BEZIER_KNOTS.);
#6301 = CARTESIAN_POINT('',(1.02692229086,-1.312069855763,0.5510001));
#6302 = CARTESIAN_POINT('',(1.02692229086,-1.319909630452,0.5510001));
#6303 = CARTESIAN_POINT('',(1.022180994761,-1.323839915376,0.5510001));
#6304 = CARTESIAN_POINT('',(1.012698402565,-1.323839915376,0.5510001));
#6305 = ORIENTED_EDGE('',*,*,#6306,.T.);
#6306 = EDGE_CURVE('',#6298,#6307,#6309,.T.);
#6307 = VERTEX_POINT('',#6308);
#6308 = CARTESIAN_POINT('',(1.010286164199,-1.306621524282,0.5510001));
#6309 = B_SPLINE_CURVE_WITH_KNOTS('',1,(#6310,#6311),.UNSPECIFIED.,.F.,
  .F.,(2,2),(-1.738654323922E-02,0.),.PIECEWISE_BEZIER_KNOTS.);
#6310 = CARTESIAN_POINT('',(1.012698402565,-1.323839915376,0.5510001));
#6311 = CARTESIAN_POINT('',(1.010286164199,-1.306621524282,0.5510001));
#6312 = ORIENTED_EDGE('',*,*,#6313,.T.);
#6313 = EDGE_CURVE('',#6307,#6314,#6316,.T.);
#6314 = VERTEX_POINT('',#6315);
#6315 = CARTESIAN_POINT('',(0.991320979805,-1.287344412513,0.5510001));
#6316 = B_SPLINE_CURVE_WITH_KNOTS('',3,(#6317,#6318,#6319,#6320),
  .UNSPECIFIED.,.F.,.F.,(4,4),(9.,10.),.PIECEWISE_BEZIER_KNOTS.);
#6317 = CARTESIAN_POINT('',(1.010286164199,-1.306621524282,0.5510001));
#6318 = CARTESIAN_POINT('',(1.008497780582,-1.293770116436,0.5510001));
#6319 = CARTESIAN_POINT('',(1.002176052451,-1.287344412513,0.5510001));
#6320 = CARTESIAN_POINT('',(0.991320979805,-1.287344412513,0.5510001));
#6321 = ORIENTED_EDGE('',*,*,#6322,.T.);
#6322 = EDGE_CURVE('',#6314,#6323,#6325,.T.);
#6323 = VERTEX_POINT('',#6324);
#6324 = CARTESIAN_POINT('',(0.978968655759,-1.292335250512,0.5510001));
#6325 = B_SPLINE_CURVE_WITH_KNOTS('',3,(#6326,#6327,#6328,#6329),
  .UNSPECIFIED.,.F.,.F.,(4,4),(8.,9.),.PIECEWISE_BEZIER_KNOTS.);
#6326 = CARTESIAN_POINT('',(0.991320979805,-1.287344412513,0.5510001));
#6327 = CARTESIAN_POINT('',(0.986122190223,-1.287344412513,0.5510001));
#6328 = CARTESIAN_POINT('',(0.982004748874,-1.289008025179,0.5510001));
#6329 = CARTESIAN_POINT('',(0.978968655759,-1.292335250512,0.5510001));
#6330 = ORIENTED_EDGE('',*,*,#6331,.T.);
#6331 = EDGE_CURVE('',#6323,#6332,#6334,.T.);
#6332 = VERTEX_POINT('',#6333);
#6333 = CARTESIAN_POINT('',(0.974393720927,-1.305768922791,0.5510001));
#6334 = B_SPLINE_CURVE_WITH_KNOTS('',3,(#6335,#6336,#6337,#6338),
  .UNSPECIFIED.,.F.,.F.,(4,4),(7.,8.),.PIECEWISE_BEZIER_KNOTS.);
#6335 = CARTESIAN_POINT('',(0.978968655759,-1.292335250512,0.5510001));
#6336 = CARTESIAN_POINT('',(0.975932562643,-1.295662475844,0.5510001));
#6337 = CARTESIAN_POINT('',(0.974393720927,-1.300133434884,0.5510001));
#6338 = CARTESIAN_POINT('',(0.974393720927,-1.305768922791,0.5510001));
#6339 = ORIENTED_EDGE('',*,*,#6340,.T.);
#6340 = EDGE_CURVE('',#6332,#6341,#6343,.T.);
#6341 = VERTEX_POINT('',#6342);
#6342 = CARTESIAN_POINT('',(0.984749709774,-1.323569578318,0.5510001));
#6343 = B_SPLINE_CURVE_WITH_KNOTS('',3,(#6344,#6345,#6346,#6347),
  .UNSPECIFIED.,.F.,.F.,(4,4),(6.,7.),.PIECEWISE_BEZIER_KNOTS.);
#6344 = CARTESIAN_POINT('',(0.974393720927,-1.305768922791,0.5510001));
#6345 = CARTESIAN_POINT('',(0.974393720927,-1.313608697479,0.5510001));
#6346 = CARTESIAN_POINT('',(0.977845717209,-1.319556112761,0.5510001));
#6347 = CARTESIAN_POINT('',(0.984749709774,-1.323569578318,0.5510001));
#6348 = ORIENTED_EDGE('',*,*,#6349,.T.);
#6349 = EDGE_CURVE('',#6341,#6350,#6352,.T.);
#6350 = VERTEX_POINT('',#6351);
#6351 = CARTESIAN_POINT('',(0.984749709774,-1.323839915376,0.5510001));
#6352 = B_SPLINE_CURVE_WITH_KNOTS('',1,(#6353,#6354),.UNSPECIFIED.,.F.,
  .F.,(2,2),(-2.703370582109E-04,-0.),.PIECEWISE_BEZIER_KNOTS.);
#6353 = CARTESIAN_POINT('',(0.984749709774,-1.323569578318,0.5510001));
#6354 = CARTESIAN_POINT('',(0.984749709774,-1.323839915376,0.5510001));
#6355 = ORIENTED_EDGE('',*,*,#6356,.T.);
#6356 = EDGE_CURVE('',#6350,#6357,#6359,.T.);
#6357 = VERTEX_POINT('',#6358);
#6358 = CARTESIAN_POINT('',(0.975766201377,-1.323839915376,0.5510001));
#6359 = B_SPLINE_CURVE_WITH_KNOTS('',1,(#6360,#6361),.UNSPECIFIED.,.F.,
  .F.,(2,2),(-8.983508396722E-03,-0.),.PIECEWISE_BEZIER_KNOTS.);
#6360 = CARTESIAN_POINT('',(0.984749709774,-1.323839915376,0.5510001));
#6361 = CARTESIAN_POINT('',(0.975766201377,-1.323839915376,0.5510001));
#6362 = ORIENTED_EDGE('',*,*,#6363,.T.);
#6363 = EDGE_CURVE('',#6357,#6364,#6366,.T.);
#6364 = VERTEX_POINT('',#6365);
#6365 = CARTESIAN_POINT('',(0.975766201377,-1.334029542956,0.5510001));
#6366 = B_SPLINE_CURVE_WITH_KNOTS('',1,(#6367,#6368),.UNSPECIFIED.,.F.,
  .F.,(2,2),(-1.018962757994E-02,0.),.PIECEWISE_BEZIER_KNOTS.);
#6367 = CARTESIAN_POINT('',(0.975766201377,-1.323839915376,0.5510001));
#6368 = CARTESIAN_POINT('',(0.975766201377,-1.334029542956,0.5510001));
#6369 = ORIENTED_EDGE('',*,*,#6370,.T.);
#6370 = EDGE_CURVE('',#6364,#6371,#6373,.T.);
#6371 = VERTEX_POINT('',#6372);
#6372 = CARTESIAN_POINT('',(1.013155896047,-1.334029542956,0.5510001));
#6373 = B_SPLINE_CURVE_WITH_KNOTS('',1,(#6374,#6375),.UNSPECIFIED.,.F.,
  .F.,(2,2),(-3.738969467029E-02,0.),.PIECEWISE_BEZIER_KNOTS.);
#6374 = CARTESIAN_POINT('',(0.975766201377,-1.334029542956,0.5510001));
#6375 = CARTESIAN_POINT('',(1.013155896047,-1.334029542956,0.5510001));
#6376 = ORIENTED_EDGE('',*,*,#6377,.T.);
#6377 = EDGE_CURVE('',#6371,#6271,#6378,.T.);
#6378 = B_SPLINE_CURVE_WITH_KNOTS('',3,(#6379,#6380,#6381,#6382),
  .UNSPECIFIED.,.F.,.F.,(4,4),(1.,2.),.PIECEWISE_BEZIER_KNOTS.);
#6379 = CARTESIAN_POINT('',(1.013155896047,-1.334029542956,0.5510001));
#6380 = CARTESIAN_POINT('',(1.027878868143,-1.334029542956,0.5510001));
#6381 = CARTESIAN_POINT('',(1.035198763874,-1.3270215746,0.5510001));
#6382 = CARTESIAN_POINT('',(1.035198763874,-1.313026433046,0.5510001));
#6383 = FACE_BOUND('',#6384,.T.);
#6384 = EDGE_LOOP('',(#6385,#6396,#6405,#6412,#6419,#6428,#6437,#6446));
#6385 = ORIENTED_EDGE('',*,*,#6386,.F.);
#6386 = EDGE_CURVE('',#6387,#6389,#6391,.T.);
#6387 = VERTEX_POINT('',#6388);
#6388 = CARTESIAN_POINT('',(0.999514272185,-1.300382976784,0.5510001));
#6389 = VERTEX_POINT('',#6390);
#6390 = CARTESIAN_POINT('',(0.992152786138,-1.297679606202,0.5510001));
#6391 = B_SPLINE_CURVE_WITH_KNOTS('',3,(#6392,#6393,#6394,#6395),
  .UNSPECIFIED.,.F.,.F.,(4,4),(1.,2.),.PIECEWISE_BEZIER_KNOTS.);
#6392 = CARTESIAN_POINT('',(0.999514272185,-1.300382976784,0.5510001));
#6393 = CARTESIAN_POINT('',(0.997767478886,-1.298594593168,0.5510001));
#6394 = CARTESIAN_POINT('',(0.995313650204,-1.297679606202,0.5510001));
#6395 = CARTESIAN_POINT('',(0.992152786138,-1.297679606202,0.5510001));
#6396 = ORIENTED_EDGE('',*,*,#6397,.F.);
#6397 = EDGE_CURVE('',#6398,#6387,#6400,.T.);
#6398 = VERTEX_POINT('',#6399);
#6399 = CARTESIAN_POINT('',(1.003091039418,-1.310239881831,0.5510001));
#6400 = B_SPLINE_CURVE_WITH_KNOTS('',3,(#6401,#6402,#6403,#6404),
  .UNSPECIFIED.,.F.,.F.,(4,4),(0.,1.),.PIECEWISE_BEZIER_KNOTS.);
#6401 = CARTESIAN_POINT('',(1.003091039418,-1.310239881831,0.5510001));
#6402 = CARTESIAN_POINT('',(1.002425594351,-1.305477790574,0.5510001));
#6403 = CARTESIAN_POINT('',(1.001261065485,-1.302192155558,0.5510001));
#6404 = CARTESIAN_POINT('',(0.999514272185,-1.300382976784,0.5510001));
#6405 = ORIENTED_EDGE('',*,*,#6406,.F.);
#6406 = EDGE_CURVE('',#6407,#6398,#6409,.T.);
#6407 = VERTEX_POINT('',#6408);
#6408 = CARTESIAN_POINT('',(1.004921013351,-1.323839915376,0.5510001));
#6409 = B_SPLINE_CURVE_WITH_KNOTS('',1,(#6410,#6411),.UNSPECIFIED.,.F.,
  .F.,(2,2),(0.,1.372259877109E-02),.PIECEWISE_BEZIER_KNOTS.);
#6410 = CARTESIAN_POINT('',(1.004921013351,-1.323839915376,0.5510001));
#6411 = CARTESIAN_POINT('',(1.003091039418,-1.310239881831,0.5510001));
#6412 = ORIENTED_EDGE('',*,*,#6413,.F.);
#6413 = EDGE_CURVE('',#6414,#6407,#6416,.T.);
#6414 = VERTEX_POINT('',#6415);
#6415 = CARTESIAN_POINT('',(0.999347910919,-1.323839915376,0.5510001));
#6416 = B_SPLINE_CURVE_WITH_KNOTS('',1,(#6417,#6418),.UNSPECIFIED.,.F.,
  .F.,(2,2),(0.,5.573102431759E-03),.PIECEWISE_BEZIER_KNOTS.);
#6417 = CARTESIAN_POINT('',(0.999347910919,-1.323839915376,0.5510001));
#6418 = CARTESIAN_POINT('',(1.004921013351,-1.323839915376,0.5510001));
#6419 = ORIENTED_EDGE('',*,*,#6420,.F.);
#6420 = EDGE_CURVE('',#6421,#6414,#6423,.T.);
#6421 = VERTEX_POINT('',#6422);
#6422 = CARTESIAN_POINT('',(0.987494670673,-1.319472932127,0.5510001));
#6423 = B_SPLINE_CURVE_WITH_KNOTS('',3,(#6424,#6425,#6426,#6427),
  .UNSPECIFIED.,.F.,.F.,(4,4),(5.,6.),.PIECEWISE_BEZIER_KNOTS.);
#6424 = CARTESIAN_POINT('',(0.987494670673,-1.319472932127,0.5510001));
#6425 = CARTESIAN_POINT('',(0.990613944422,-1.322384254293,0.5510001));
#6426 = CARTESIAN_POINT('',(0.994565024504,-1.323839915376,0.5510001));
#6427 = CARTESIAN_POINT('',(0.999347910919,-1.323839915376,0.5510001));
#6428 = ORIENTED_EDGE('',*,*,#6429,.F.);
#6429 = EDGE_CURVE('',#6430,#6421,#6432,.T.);
#6430 = VERTEX_POINT('',#6431);
#6431 = CARTESIAN_POINT('',(0.982753374574,-1.308409907898,0.5510001));
#6432 = B_SPLINE_CURVE_WITH_KNOTS('',3,(#6433,#6434,#6435,#6436),
  .UNSPECIFIED.,.F.,.F.,(4,4),(4.,5.),.PIECEWISE_BEZIER_KNOTS.);
#6433 = CARTESIAN_POINT('',(0.982753374574,-1.308409907898,0.5510001));
#6434 = CARTESIAN_POINT('',(0.982753374574,-1.312880866938,0.5510001));
#6435 = CARTESIAN_POINT('',(0.984333806607,-1.31658240512,0.5510001));
#6436 = CARTESIAN_POINT('',(0.987494670673,-1.319472932127,0.5510001));
#6437 = ORIENTED_EDGE('',*,*,#6438,.F.);
#6438 = EDGE_CURVE('',#6439,#6430,#6441,.T.);
#6439 = VERTEX_POINT('',#6440);
#6440 = CARTESIAN_POINT('',(0.985373564523,-1.300632518684,0.5510001));
#6441 = B_SPLINE_CURVE_WITH_KNOTS('',3,(#6442,#6443,#6444,#6445),
  .UNSPECIFIED.,.F.,.F.,(4,4),(3.,4.),.PIECEWISE_BEZIER_KNOTS.);
#6442 = CARTESIAN_POINT('',(0.985373564523,-1.300632518684,0.5510001));
#6443 = CARTESIAN_POINT('',(0.983626771224,-1.302587263567,0.5510001));
#6444 = CARTESIAN_POINT('',(0.982753374574,-1.305186658357,0.5510001));
#6445 = CARTESIAN_POINT('',(0.982753374574,-1.308409907898,0.5510001));
#6446 = ORIENTED_EDGE('',*,*,#6447,.F.);
#6447 = EDGE_CURVE('',#6389,#6439,#6448,.T.);
#6448 = B_SPLINE_CURVE_WITH_KNOTS('',3,(#6449,#6450,#6451,#6452),
  .UNSPECIFIED.,.F.,.F.,(4,4),(2.,3.),.PIECEWISE_BEZIER_KNOTS.);
#6449 = CARTESIAN_POINT('',(0.992152786138,-1.297679606202,0.5510001));
#6450 = CARTESIAN_POINT('',(0.989366234922,-1.297679606202,0.5510001));
#6451 = CARTESIAN_POINT('',(0.987120357823,-1.298656978643,0.5510001));
#6452 = CARTESIAN_POINT('',(0.985373564523,-1.300632518684,0.5510001));
#6453 = B_SPLINE_SURFACE_WITH_KNOTS('',1,1,(
    (#6454,#6455)
    ,(#6456,#6457
    )),.UNSPECIFIED.,.F.,.F.,.F.,(2,2),(2,2),(-5.945855644455E-02,
    1.346486501691E-03),(-3.168402310494E-02,1.500110733772E-02),
  .PIECEWISE_BEZIER_KNOTS.);
#6454 = CARTESIAN_POINT('',(0.974393720927,-1.334029542956,0.5510001));
#6455 = CARTESIAN_POINT('',(0.974393720927,-1.287344412513,0.5510001));
#6456 = CARTESIAN_POINT('',(1.035198763874,-1.334029542956,0.5510001));
#6457 = CARTESIAN_POINT('',(1.035198763874,-1.287344412513,0.5510001));
#6458 = ADVANCED_FACE('',(#6459),#6473,.F.);
#6459 = FACE_BOUND('',#6460,.F.);
#6460 = EDGE_LOOP('',(#6461,#6466,#6467,#6472));
#6461 = ORIENTED_EDGE('',*,*,#6462,.F.);
#6462 = EDGE_CURVE('',#6271,#198,#6463,.T.);
#6463 = B_SPLINE_CURVE_WITH_KNOTS('',1,(#6464,#6465),.UNSPECIFIED.,.F.,
  .F.,(2,2),(-0.,1.E-03),.PIECEWISE_BEZIER_KNOTS.);
#6464 = CARTESIAN_POINT('',(1.035198763874,-1.313026433046,0.5510001));
#6465 = CARTESIAN_POINT('',(1.035198763874,-1.313026433046,0.5500001));
#6466 = ORIENTED_EDGE('',*,*,#6270,.T.);
#6467 = ORIENTED_EDGE('',*,*,#6468,.T.);
#6468 = EDGE_CURVE('',#6273,#200,#6469,.T.);
#6469 = B_SPLINE_CURVE_WITH_KNOTS('',1,(#6470,#6471),.UNSPECIFIED.,.F.,
  .F.,(2,2),(-0.,1.E-03),.PIECEWISE_BEZIER_KNOTS.);
#6470 = CARTESIAN_POINT('',(1.029792022709,-1.293021490736,0.5510001));
#6471 = CARTESIAN_POINT('',(1.029792022709,-1.293021490736,0.5500001));
#6472 = ORIENTED_EDGE('',*,*,#197,.F.);
#6473 = B_SPLINE_SURFACE_WITH_KNOTS('',3,1,(
    (#6474,#6475)
    ,(#6476,#6477)
    ,(#6478,#6479)
    ,(#6480,#6481
    )),.UNSPECIFIED.,.F.,.F.,.F.,(4,4),(2,2),(0.,1.),(0.,1.),
  .PIECEWISE_BEZIER_KNOTS.);
#6474 = CARTESIAN_POINT('',(1.035198763874,-1.313026433046,0.5510001));
#6475 = CARTESIAN_POINT('',(1.035198763874,-1.313026433046,0.5500001));
#6476 = CARTESIAN_POINT('',(1.035198763874,-1.305456995416,0.5510001));
#6477 = CARTESIAN_POINT('',(1.035198763874,-1.305456995416,0.5500001));
#6478 = CARTESIAN_POINT('',(1.033410380257,-1.298781749593,0.5510001));
#6479 = CARTESIAN_POINT('',(1.033410380257,-1.298781749593,0.5500001));
#6480 = CARTESIAN_POINT('',(1.029792022709,-1.293021490736,0.5510001));
#6481 = CARTESIAN_POINT('',(1.029792022709,-1.293021490736,0.5500001));
#6482 = ADVANCED_FACE('',(#6483),#6493,.F.);
#6483 = FACE_BOUND('',#6484,.T.);
#6484 = EDGE_LOOP('',(#6485,#6486,#6491,#6492));
#6485 = ORIENTED_EDGE('',*,*,#306,.T.);
#6486 = ORIENTED_EDGE('',*,*,#6487,.F.);
#6487 = EDGE_CURVE('',#6282,#298,#6488,.T.);
#6488 = B_SPLINE_CURVE_WITH_KNOTS('',1,(#6489,#6490),.UNSPECIFIED.,.F.,
  .F.,(2,2),(-0.,1.E-03),.PIECEWISE_BEZIER_KNOTS.);
#6489 = CARTESIAN_POINT('',(1.019893527345,-1.293021490736,0.5510001));
#6490 = CARTESIAN_POINT('',(1.019893527345,-1.293021490736,0.5500001));
#6491 = ORIENTED_EDGE('',*,*,#6281,.F.);
#6492 = ORIENTED_EDGE('',*,*,#6468,.T.);
#6493 = B_SPLINE_SURFACE_WITH_KNOTS('',1,1,(
    (#6494,#6495)
    ,(#6496,#6497
    )),.UNSPECIFIED.,.F.,.F.,.F.,(2,2),(2,2),(-4.864198733298E-30,
    9.898495363703E-03),(-1.E-03,0.),.PIECEWISE_BEZIER_KNOTS.);
#6494 = CARTESIAN_POINT('',(1.019893527345,-1.293021490736,0.5500001));
#6495 = CARTESIAN_POINT('',(1.019893527345,-1.293021490736,0.5510001));
#6496 = CARTESIAN_POINT('',(1.029792022709,-1.293021490736,0.5500001));
#6497 = CARTESIAN_POINT('',(1.029792022709,-1.293021490736,0.5510001));
#6498 = ADVANCED_FACE('',(#6499),#6509,.F.);
#6499 = FACE_BOUND('',#6500,.F.);
#6500 = EDGE_LOOP('',(#6501,#6502,#6503,#6508));
#6501 = ORIENTED_EDGE('',*,*,#6487,.F.);
#6502 = ORIENTED_EDGE('',*,*,#6288,.T.);
#6503 = ORIENTED_EDGE('',*,*,#6504,.T.);
#6504 = EDGE_CURVE('',#6289,#289,#6505,.T.);
#6505 = B_SPLINE_CURVE_WITH_KNOTS('',1,(#6506,#6507),.UNSPECIFIED.,.F.,
  .F.,(2,2),(-0.,9.999999999999E-04),.PIECEWISE_BEZIER_KNOTS.);
#6506 = CARTESIAN_POINT('',(1.02692229086,-1.312069855763,0.5510001));
#6507 = CARTESIAN_POINT('',(1.02692229086,-1.312069855763,0.5500001));
#6508 = ORIENTED_EDGE('',*,*,#297,.F.);
#6509 = B_SPLINE_SURFACE_WITH_KNOTS('',3,1,(
    (#6510,#6511)
    ,(#6512,#6513)
    ,(#6514,#6515)
    ,(#6516,#6517
    )),.UNSPECIFIED.,.F.,.F.,.F.,(4,4),(2,2),(12.,13.),(0.,1.),
  .PIECEWISE_BEZIER_KNOTS.);
#6510 = CARTESIAN_POINT('',(1.019893527345,-1.293021490736,0.5510001));
#6511 = CARTESIAN_POINT('',(1.019893527345,-1.293021490736,0.5500001));
#6512 = CARTESIAN_POINT('',(1.02455164281,-1.298760954434,0.5510001));
#6513 = CARTESIAN_POINT('',(1.02455164281,-1.298760954434,0.5500001));
#6514 = CARTESIAN_POINT('',(1.02692229086,-1.305103477724,0.5510001));
#6515 = CARTESIAN_POINT('',(1.02692229086,-1.305103477724,0.5500001));
#6516 = CARTESIAN_POINT('',(1.02692229086,-1.312069855763,0.5510001));
#6517 = CARTESIAN_POINT('',(1.02692229086,-1.312069855763,0.5500001));
#6518 = ADVANCED_FACE('',(#6519),#6529,.F.);
#6519 = FACE_BOUND('',#6520,.F.);
#6520 = EDGE_LOOP('',(#6521,#6522,#6523,#6528));
#6521 = ORIENTED_EDGE('',*,*,#6504,.F.);
#6522 = ORIENTED_EDGE('',*,*,#6297,.T.);
#6523 = ORIENTED_EDGE('',*,*,#6524,.T.);
#6524 = EDGE_CURVE('',#6298,#282,#6525,.T.);
#6525 = B_SPLINE_CURVE_WITH_KNOTS('',1,(#6526,#6527),.UNSPECIFIED.,.F.,
  .F.,(2,2),(-0.,9.999999999999E-04),.PIECEWISE_BEZIER_KNOTS.);
#6526 = CARTESIAN_POINT('',(1.012698402565,-1.323839915376,0.5510001));
#6527 = CARTESIAN_POINT('',(1.012698402565,-1.323839915376,0.5500001));
#6528 = ORIENTED_EDGE('',*,*,#288,.F.);
#6529 = B_SPLINE_SURFACE_WITH_KNOTS('',3,1,(
    (#6530,#6531)
    ,(#6532,#6533)
    ,(#6534,#6535)
    ,(#6536,#6537
    )),.UNSPECIFIED.,.F.,.F.,.F.,(4,4),(2,2),(11.,12.),(0.,1.),
  .PIECEWISE_BEZIER_KNOTS.);
#6530 = CARTESIAN_POINT('',(1.02692229086,-1.312069855763,0.5510001));
#6531 = CARTESIAN_POINT('',(1.02692229086,-1.312069855763,0.5500001));
#6532 = CARTESIAN_POINT('',(1.02692229086,-1.319909630452,0.5510001));
#6533 = CARTESIAN_POINT('',(1.02692229086,-1.319909630452,0.5500001));
#6534 = CARTESIAN_POINT('',(1.022180994761,-1.323839915376,0.5510001));
#6535 = CARTESIAN_POINT('',(1.022180994761,-1.323839915376,0.5500001));
#6536 = CARTESIAN_POINT('',(1.012698402565,-1.323839915376,0.5510001));
#6537 = CARTESIAN_POINT('',(1.012698402565,-1.323839915376,0.5500001));
#6538 = ADVANCED_FACE('',(#6539),#6549,.F.);
#6539 = FACE_BOUND('',#6540,.T.);
#6540 = EDGE_LOOP('',(#6541,#6542,#6547,#6548));
#6541 = ORIENTED_EDGE('',*,*,#281,.T.);
#6542 = ORIENTED_EDGE('',*,*,#6543,.F.);
#6543 = EDGE_CURVE('',#6307,#273,#6544,.T.);
#6544 = B_SPLINE_CURVE_WITH_KNOTS('',1,(#6545,#6546),.UNSPECIFIED.,.F.,
  .F.,(2,2),(-0.,1.E-03),.PIECEWISE_BEZIER_KNOTS.);
#6545 = CARTESIAN_POINT('',(1.010286164199,-1.306621524282,0.5510001));
#6546 = CARTESIAN_POINT('',(1.010286164199,-1.306621524282,0.5500001));
#6547 = ORIENTED_EDGE('',*,*,#6306,.F.);
#6548 = ORIENTED_EDGE('',*,*,#6524,.T.);
#6549 = B_SPLINE_SURFACE_WITH_KNOTS('',1,1,(
    (#6550,#6551)
    ,(#6552,#6553
    )),.UNSPECIFIED.,.F.,.F.,.F.,(2,2),(2,2),(0.,1.738654323922E-02),(
    -1.E-03,0.),.PIECEWISE_BEZIER_KNOTS.);
#6550 = CARTESIAN_POINT('',(1.010286164199,-1.306621524282,0.5500001));
#6551 = CARTESIAN_POINT('',(1.010286164199,-1.306621524282,0.5510001));
#6552 = CARTESIAN_POINT('',(1.012698402565,-1.323839915376,0.5500001));
#6553 = CARTESIAN_POINT('',(1.012698402565,-1.323839915376,0.5510001));
#6554 = ADVANCED_FACE('',(#6555),#6565,.F.);
#6555 = FACE_BOUND('',#6556,.F.);
#6556 = EDGE_LOOP('',(#6557,#6558,#6559,#6564));
#6557 = ORIENTED_EDGE('',*,*,#6543,.F.);
#6558 = ORIENTED_EDGE('',*,*,#6313,.T.);
#6559 = ORIENTED_EDGE('',*,*,#6560,.T.);
#6560 = EDGE_CURVE('',#6314,#264,#6561,.T.);
#6561 = B_SPLINE_CURVE_WITH_KNOTS('',1,(#6562,#6563),.UNSPECIFIED.,.F.,
  .F.,(2,2),(-0.,9.999999999999E-04),.PIECEWISE_BEZIER_KNOTS.);
#6562 = CARTESIAN_POINT('',(0.991320979805,-1.287344412513,0.5510001));
#6563 = CARTESIAN_POINT('',(0.991320979805,-1.287344412513,0.5500001));
#6564 = ORIENTED_EDGE('',*,*,#272,.F.);
#6565 = B_SPLINE_SURFACE_WITH_KNOTS('',3,1,(
    (#6566,#6567)
    ,(#6568,#6569)
    ,(#6570,#6571)
    ,(#6572,#6573
    )),.UNSPECIFIED.,.F.,.F.,.F.,(4,4),(2,2),(9.,10.),(0.,1.),
  .PIECEWISE_BEZIER_KNOTS.);
#6566 = CARTESIAN_POINT('',(1.010286164199,-1.306621524282,0.5510001));
#6567 = CARTESIAN_POINT('',(1.010286164199,-1.306621524282,0.5500001));
#6568 = CARTESIAN_POINT('',(1.008497780582,-1.293770116436,0.5510001));
#6569 = CARTESIAN_POINT('',(1.008497780582,-1.293770116436,0.5500001));
#6570 = CARTESIAN_POINT('',(1.002176052451,-1.287344412513,0.5510001));
#6571 = CARTESIAN_POINT('',(1.002176052451,-1.287344412513,0.5500001));
#6572 = CARTESIAN_POINT('',(0.991320979805,-1.287344412513,0.5510001));
#6573 = CARTESIAN_POINT('',(0.991320979805,-1.287344412513,0.5500001));
#6574 = ADVANCED_FACE('',(#6575),#6585,.F.);
#6575 = FACE_BOUND('',#6576,.F.);
#6576 = EDGE_LOOP('',(#6577,#6578,#6579,#6584));
#6577 = ORIENTED_EDGE('',*,*,#6560,.F.);
#6578 = ORIENTED_EDGE('',*,*,#6322,.T.);
#6579 = ORIENTED_EDGE('',*,*,#6580,.T.);
#6580 = EDGE_CURVE('',#6323,#255,#6581,.T.);
#6581 = B_SPLINE_CURVE_WITH_KNOTS('',1,(#6582,#6583),.UNSPECIFIED.,.F.,
  .F.,(2,2),(-0.,9.999999999999E-04),.PIECEWISE_BEZIER_KNOTS.);
#6582 = CARTESIAN_POINT('',(0.978968655759,-1.292335250512,0.5510001));
#6583 = CARTESIAN_POINT('',(0.978968655759,-1.292335250512,0.5500001));
#6584 = ORIENTED_EDGE('',*,*,#263,.F.);
#6585 = B_SPLINE_SURFACE_WITH_KNOTS('',3,1,(
    (#6586,#6587)
    ,(#6588,#6589)
    ,(#6590,#6591)
    ,(#6592,#6593
    )),.UNSPECIFIED.,.F.,.F.,.F.,(4,4),(2,2),(8.,9.),(0.,1.),
  .PIECEWISE_BEZIER_KNOTS.);
#6586 = CARTESIAN_POINT('',(0.991320979805,-1.287344412513,0.5510001));
#6587 = CARTESIAN_POINT('',(0.991320979805,-1.287344412513,0.5500001));
#6588 = CARTESIAN_POINT('',(0.986122190223,-1.287344412513,0.5510001));
#6589 = CARTESIAN_POINT('',(0.986122190223,-1.287344412513,0.5500001));
#6590 = CARTESIAN_POINT('',(0.982004748874,-1.289008025179,0.5510001));
#6591 = CARTESIAN_POINT('',(0.982004748874,-1.289008025179,0.5500001));
#6592 = CARTESIAN_POINT('',(0.978968655759,-1.292335250512,0.5510001));
#6593 = CARTESIAN_POINT('',(0.978968655759,-1.292335250512,0.5500001));
#6594 = ADVANCED_FACE('',(#6595),#6605,.F.);
#6595 = FACE_BOUND('',#6596,.F.);
#6596 = EDGE_LOOP('',(#6597,#6598,#6599,#6604));
#6597 = ORIENTED_EDGE('',*,*,#6580,.F.);
#6598 = ORIENTED_EDGE('',*,*,#6331,.T.);
#6599 = ORIENTED_EDGE('',*,*,#6600,.T.);
#6600 = EDGE_CURVE('',#6332,#246,#6601,.T.);
#6601 = B_SPLINE_CURVE_WITH_KNOTS('',1,(#6602,#6603),.UNSPECIFIED.,.F.,
  .F.,(2,2),(-0.,9.999999999999E-04),.PIECEWISE_BEZIER_KNOTS.);
#6602 = CARTESIAN_POINT('',(0.974393720927,-1.305768922791,0.5510001));
#6603 = CARTESIAN_POINT('',(0.974393720927,-1.305768922791,0.5500001));
#6604 = ORIENTED_EDGE('',*,*,#254,.F.);
#6605 = B_SPLINE_SURFACE_WITH_KNOTS('',3,1,(
    (#6606,#6607)
    ,(#6608,#6609)
    ,(#6610,#6611)
    ,(#6612,#6613
    )),.UNSPECIFIED.,.F.,.F.,.F.,(4,4),(2,2),(7.,8.),(0.,1.),
  .PIECEWISE_BEZIER_KNOTS.);
#6606 = CARTESIAN_POINT('',(0.978968655759,-1.292335250512,0.5510001));
#6607 = CARTESIAN_POINT('',(0.978968655759,-1.292335250512,0.5500001));
#6608 = CARTESIAN_POINT('',(0.975932562643,-1.295662475844,0.5510001));
#6609 = CARTESIAN_POINT('',(0.975932562643,-1.295662475844,0.5500001));
#6610 = CARTESIAN_POINT('',(0.974393720927,-1.300133434884,0.5510001));
#6611 = CARTESIAN_POINT('',(0.974393720927,-1.300133434884,0.5500001));
#6612 = CARTESIAN_POINT('',(0.974393720927,-1.305768922791,0.5510001));
#6613 = CARTESIAN_POINT('',(0.974393720927,-1.305768922791,0.5500001));
#6614 = ADVANCED_FACE('',(#6615),#6625,.F.);
#6615 = FACE_BOUND('',#6616,.F.);
#6616 = EDGE_LOOP('',(#6617,#6618,#6619,#6624));
#6617 = ORIENTED_EDGE('',*,*,#6600,.F.);
#6618 = ORIENTED_EDGE('',*,*,#6340,.T.);
#6619 = ORIENTED_EDGE('',*,*,#6620,.T.);
#6620 = EDGE_CURVE('',#6341,#239,#6621,.T.);
#6621 = B_SPLINE_CURVE_WITH_KNOTS('',1,(#6622,#6623),.UNSPECIFIED.,.F.,
  .F.,(2,2),(-0.,9.999999999999E-04),.PIECEWISE_BEZIER_KNOTS.);
#6622 = CARTESIAN_POINT('',(0.984749709774,-1.323569578318,0.5510001));
#6623 = CARTESIAN_POINT('',(0.984749709774,-1.323569578318,0.5500001));
#6624 = ORIENTED_EDGE('',*,*,#245,.F.);
#6625 = B_SPLINE_SURFACE_WITH_KNOTS('',3,1,(
    (#6626,#6627)
    ,(#6628,#6629)
    ,(#6630,#6631)
    ,(#6632,#6633
    )),.UNSPECIFIED.,.F.,.F.,.F.,(4,4),(2,2),(6.,7.),(0.,1.),
  .PIECEWISE_BEZIER_KNOTS.);
#6626 = CARTESIAN_POINT('',(0.974393720927,-1.305768922791,0.5510001));
#6627 = CARTESIAN_POINT('',(0.974393720927,-1.305768922791,0.5500001));
#6628 = CARTESIAN_POINT('',(0.974393720927,-1.313608697479,0.5510001));
#6629 = CARTESIAN_POINT('',(0.974393720927,-1.313608697479,0.5500001));
#6630 = CARTESIAN_POINT('',(0.977845717209,-1.319556112761,0.5510001));
#6631 = CARTESIAN_POINT('',(0.977845717209,-1.319556112761,0.5500001));
#6632 = CARTESIAN_POINT('',(0.984749709774,-1.323569578318,0.5510001));
#6633 = CARTESIAN_POINT('',(0.984749709774,-1.323569578318,0.5500001));
#6634 = ADVANCED_FACE('',(#6635),#6645,.F.);
#6635 = FACE_BOUND('',#6636,.T.);
#6636 = EDGE_LOOP('',(#6637,#6638,#6643,#6644));
#6637 = ORIENTED_EDGE('',*,*,#238,.T.);
#6638 = ORIENTED_EDGE('',*,*,#6639,.F.);
#6639 = EDGE_CURVE('',#6350,#232,#6640,.T.);
#6640 = B_SPLINE_CURVE_WITH_KNOTS('',1,(#6641,#6642),.UNSPECIFIED.,.F.,
  .F.,(2,2),(-0.,1.E-03),.PIECEWISE_BEZIER_KNOTS.);
#6641 = CARTESIAN_POINT('',(0.984749709774,-1.323839915376,0.5510001));
#6642 = CARTESIAN_POINT('',(0.984749709774,-1.323839915376,0.5500001));
#6643 = ORIENTED_EDGE('',*,*,#6349,.F.);
#6644 = ORIENTED_EDGE('',*,*,#6620,.T.);
#6645 = B_SPLINE_SURFACE_WITH_KNOTS('',1,1,(
    (#6646,#6647)
    ,(#6648,#6649
    )),.UNSPECIFIED.,.F.,.F.,.F.,(2,2),(2,2),(0.,1.E-03),(0.,
    2.703370582109E-04),.PIECEWISE_BEZIER_KNOTS.);
#6646 = CARTESIAN_POINT('',(0.984749709774,-1.323839915376,0.5510001));
#6647 = CARTESIAN_POINT('',(0.984749709774,-1.323569578318,0.5510001));
#6648 = CARTESIAN_POINT('',(0.984749709774,-1.323839915376,0.5500001));
#6649 = CARTESIAN_POINT('',(0.984749709774,-1.323569578318,0.5500001));
#6650 = ADVANCED_FACE('',(#6651),#6661,.F.);
#6651 = FACE_BOUND('',#6652,.T.);
#6652 = EDGE_LOOP('',(#6653,#6654,#6659,#6660));
#6653 = ORIENTED_EDGE('',*,*,#231,.T.);
#6654 = ORIENTED_EDGE('',*,*,#6655,.F.);
#6655 = EDGE_CURVE('',#6357,#225,#6656,.T.);
#6656 = B_SPLINE_CURVE_WITH_KNOTS('',1,(#6657,#6658),.UNSPECIFIED.,.F.,
  .F.,(2,2),(-0.,1.E-03),.PIECEWISE_BEZIER_KNOTS.);
#6657 = CARTESIAN_POINT('',(0.975766201377,-1.323839915376,0.5510001));
#6658 = CARTESIAN_POINT('',(0.975766201377,-1.323839915376,0.5500001));
#6659 = ORIENTED_EDGE('',*,*,#6356,.F.);
#6660 = ORIENTED_EDGE('',*,*,#6639,.T.);
#6661 = B_SPLINE_SURFACE_WITH_KNOTS('',1,1,(
    (#6662,#6663)
    ,(#6664,#6665
    )),.UNSPECIFIED.,.F.,.F.,.F.,(2,2),(2,2),(0.,1.E-03),(0.,
    8.983508396722E-03),.PIECEWISE_BEZIER_KNOTS.);
#6662 = CARTESIAN_POINT('',(0.975766201377,-1.323839915376,0.5510001));
#6663 = CARTESIAN_POINT('',(0.984749709774,-1.323839915376,0.5510001));
#6664 = CARTESIAN_POINT('',(0.975766201377,-1.323839915376,0.5500001));
#6665 = CARTESIAN_POINT('',(0.984749709774,-1.323839915376,0.5500001));
#6666 = ADVANCED_FACE('',(#6667),#6677,.F.);
#6667 = FACE_BOUND('',#6668,.T.);
#6668 = EDGE_LOOP('',(#6669,#6670,#6675,#6676));
#6669 = ORIENTED_EDGE('',*,*,#224,.T.);
#6670 = ORIENTED_EDGE('',*,*,#6671,.F.);
#6671 = EDGE_CURVE('',#6364,#218,#6672,.T.);
#6672 = B_SPLINE_CURVE_WITH_KNOTS('',1,(#6673,#6674),.UNSPECIFIED.,.F.,
  .F.,(2,2),(-0.,1.E-03),.PIECEWISE_BEZIER_KNOTS.);
#6673 = CARTESIAN_POINT('',(0.975766201377,-1.334029542956,0.5510001));
#6674 = CARTESIAN_POINT('',(0.975766201377,-1.334029542956,0.5500001));
#6675 = ORIENTED_EDGE('',*,*,#6363,.F.);
#6676 = ORIENTED_EDGE('',*,*,#6655,.T.);
#6677 = B_SPLINE_SURFACE_WITH_KNOTS('',1,1,(
    (#6678,#6679)
    ,(#6680,#6681
    )),.UNSPECIFIED.,.F.,.F.,.F.,(2,2),(2,2),(0.,1.018962757994E-02),(
    -1.E-03,0.),.PIECEWISE_BEZIER_KNOTS.);
#6678 = CARTESIAN_POINT('',(0.975766201377,-1.334029542956,0.5500001));
#6679 = CARTESIAN_POINT('',(0.975766201377,-1.334029542956,0.5510001));
#6680 = CARTESIAN_POINT('',(0.975766201377,-1.323839915376,0.5500001));
#6681 = CARTESIAN_POINT('',(0.975766201377,-1.323839915376,0.5510001));
#6682 = ADVANCED_FACE('',(#6683),#6693,.F.);
#6683 = FACE_BOUND('',#6684,.T.);
#6684 = EDGE_LOOP('',(#6685,#6686,#6691,#6692));
#6685 = ORIENTED_EDGE('',*,*,#217,.T.);
#6686 = ORIENTED_EDGE('',*,*,#6687,.F.);
#6687 = EDGE_CURVE('',#6371,#209,#6688,.T.);
#6688 = B_SPLINE_CURVE_WITH_KNOTS('',1,(#6689,#6690),.UNSPECIFIED.,.F.,
  .F.,(2,2),(-0.,1.E-03),.PIECEWISE_BEZIER_KNOTS.);
#6689 = CARTESIAN_POINT('',(1.013155896047,-1.334029542956,0.5510001));
#6690 = CARTESIAN_POINT('',(1.013155896047,-1.334029542956,0.5500001));
#6691 = ORIENTED_EDGE('',*,*,#6370,.F.);
#6692 = ORIENTED_EDGE('',*,*,#6671,.T.);
#6693 = B_SPLINE_SURFACE_WITH_KNOTS('',1,1,(
    (#6694,#6695)
    ,(#6696,#6697
    )),.UNSPECIFIED.,.F.,.F.,.F.,(2,2),(2,2),(-0.,3.738969467029E-02),(
    -1.E-03,0.),.PIECEWISE_BEZIER_KNOTS.);
#6694 = CARTESIAN_POINT('',(1.013155896047,-1.334029542956,0.5500001));
#6695 = CARTESIAN_POINT('',(1.013155896047,-1.334029542956,0.5510001));
#6696 = CARTESIAN_POINT('',(0.975766201377,-1.334029542956,0.5500001));
#6697 = CARTESIAN_POINT('',(0.975766201377,-1.334029542956,0.5510001));
#6698 = ADVANCED_FACE('',(#6699),#6705,.F.);
#6699 = FACE_BOUND('',#6700,.F.);
#6700 = EDGE_LOOP('',(#6701,#6702,#6703,#6704));
#6701 = ORIENTED_EDGE('',*,*,#6687,.F.);
#6702 = ORIENTED_EDGE('',*,*,#6377,.T.);
#6703 = ORIENTED_EDGE('',*,*,#6462,.T.);
#6704 = ORIENTED_EDGE('',*,*,#208,.F.);
#6705 = B_SPLINE_SURFACE_WITH_KNOTS('',3,1,(
    (#6706,#6707)
    ,(#6708,#6709)
    ,(#6710,#6711)
    ,(#6712,#6713
    )),.UNSPECIFIED.,.F.,.F.,.F.,(4,4),(2,2),(1.,2.),(0.,1.),
  .PIECEWISE_BEZIER_KNOTS.);
#6706 = CARTESIAN_POINT('',(1.013155896047,-1.334029542956,0.5510001));
#6707 = CARTESIAN_POINT('',(1.013155896047,-1.334029542956,0.5500001));
#6708 = CARTESIAN_POINT('',(1.027878868143,-1.334029542956,0.5510001));
#6709 = CARTESIAN_POINT('',(1.027878868143,-1.334029542956,0.5500001));
#6710 = CARTESIAN_POINT('',(1.035198763874,-1.3270215746,0.5510001));
#6711 = CARTESIAN_POINT('',(1.035198763874,-1.3270215746,0.5500001));
#6712 = CARTESIAN_POINT('',(1.035198763874,-1.313026433046,0.5510001));
#6713 = CARTESIAN_POINT('',(1.035198763874,-1.313026433046,0.5500001));
#6714 = ADVANCED_FACE('',(#6715),#6739,.T.);
#6715 = FACE_BOUND('',#6716,.T.);
#6716 = EDGE_LOOP('',(#6717,#6728,#6733,#6734));
#6717 = ORIENTED_EDGE('',*,*,#6718,.F.);
#6718 = EDGE_CURVE('',#6719,#6721,#6723,.T.);
#6719 = VERTEX_POINT('',#6720);
#6720 = CARTESIAN_POINT('',(1.003091039418,-1.310239881831,0.5500001));
#6721 = VERTEX_POINT('',#6722);
#6722 = CARTESIAN_POINT('',(0.999514272185,-1.300382976784,0.5500001));
#6723 = B_SPLINE_CURVE_WITH_KNOTS('',3,(#6724,#6725,#6726,#6727),
  .UNSPECIFIED.,.F.,.F.,(4,4),(0.,1.),.PIECEWISE_BEZIER_KNOTS.);
#6724 = CARTESIAN_POINT('',(1.003091039418,-1.310239881831,0.5500001));
#6725 = CARTESIAN_POINT('',(1.002425594351,-1.305477790574,0.5500001));
#6726 = CARTESIAN_POINT('',(1.001261065485,-1.302192155558,0.5500001));
#6727 = CARTESIAN_POINT('',(0.999514272185,-1.300382976784,0.5500001));
#6728 = ORIENTED_EDGE('',*,*,#6729,.F.);
#6729 = EDGE_CURVE('',#6398,#6719,#6730,.T.);
#6730 = B_SPLINE_CURVE_WITH_KNOTS('',1,(#6731,#6732),.UNSPECIFIED.,.F.,
  .F.,(2,2),(-0.,1.E-03),.PIECEWISE_BEZIER_KNOTS.);
#6731 = CARTESIAN_POINT('',(1.003091039418,-1.310239881831,0.5510001));
#6732 = CARTESIAN_POINT('',(1.003091039418,-1.310239881831,0.5500001));
#6733 = ORIENTED_EDGE('',*,*,#6397,.T.);
#6734 = ORIENTED_EDGE('',*,*,#6735,.T.);
#6735 = EDGE_CURVE('',#6387,#6721,#6736,.T.);
#6736 = B_SPLINE_CURVE_WITH_KNOTS('',1,(#6737,#6738),.UNSPECIFIED.,.F.,
  .F.,(2,2),(-0.,1.E-03),.PIECEWISE_BEZIER_KNOTS.);
#6737 = CARTESIAN_POINT('',(0.999514272185,-1.300382976784,0.5510001));
#6738 = CARTESIAN_POINT('',(0.999514272185,-1.300382976784,0.5500001));
#6739 = B_SPLINE_SURFACE_WITH_KNOTS('',3,1,(
    (#6740,#6741)
    ,(#6742,#6743)
    ,(#6744,#6745)
    ,(#6746,#6747
    )),.UNSPECIFIED.,.F.,.F.,.F.,(4,4),(2,2),(0.,1.),(0.,1.),
  .PIECEWISE_BEZIER_KNOTS.);
#6740 = CARTESIAN_POINT('',(1.003091039418,-1.310239881831,0.5510001));
#6741 = CARTESIAN_POINT('',(1.003091039418,-1.310239881831,0.5500001));
#6742 = CARTESIAN_POINT('',(1.002425594351,-1.305477790574,0.5510001));
#6743 = CARTESIAN_POINT('',(1.002425594351,-1.305477790574,0.5500001));
#6744 = CARTESIAN_POINT('',(1.001261065485,-1.302192155558,0.5510001));
#6745 = CARTESIAN_POINT('',(1.001261065485,-1.302192155558,0.5500001));
#6746 = CARTESIAN_POINT('',(0.999514272185,-1.300382976784,0.5510001));
#6747 = CARTESIAN_POINT('',(0.999514272185,-1.300382976784,0.5500001));
#6748 = ADVANCED_FACE('',(#6749),#6767,.T.);
#6749 = FACE_BOUND('',#6750,.T.);
#6750 = EDGE_LOOP('',(#6751,#6760,#6761,#6762));
#6751 = ORIENTED_EDGE('',*,*,#6752,.F.);
#6752 = EDGE_CURVE('',#6721,#6753,#6755,.T.);
#6753 = VERTEX_POINT('',#6754);
#6754 = CARTESIAN_POINT('',(0.992152786138,-1.297679606202,0.5500001));
#6755 = B_SPLINE_CURVE_WITH_KNOTS('',3,(#6756,#6757,#6758,#6759),
  .UNSPECIFIED.,.F.,.F.,(4,4),(1.,2.),.PIECEWISE_BEZIER_KNOTS.);
#6756 = CARTESIAN_POINT('',(0.999514272185,-1.300382976784,0.5500001));
#6757 = CARTESIAN_POINT('',(0.997767478886,-1.298594593168,0.5500001));
#6758 = CARTESIAN_POINT('',(0.995313650204,-1.297679606202,0.5500001));
#6759 = CARTESIAN_POINT('',(0.992152786138,-1.297679606202,0.5500001));
#6760 = ORIENTED_EDGE('',*,*,#6735,.F.);
#6761 = ORIENTED_EDGE('',*,*,#6386,.T.);
#6762 = ORIENTED_EDGE('',*,*,#6763,.T.);
#6763 = EDGE_CURVE('',#6389,#6753,#6764,.T.);
#6764 = B_SPLINE_CURVE_WITH_KNOTS('',1,(#6765,#6766),.UNSPECIFIED.,.F.,
  .F.,(2,2),(-0.,1.E-03),.PIECEWISE_BEZIER_KNOTS.);
#6765 = CARTESIAN_POINT('',(0.992152786138,-1.297679606202,0.5510001));
#6766 = CARTESIAN_POINT('',(0.992152786138,-1.297679606202,0.5500001));
#6767 = B_SPLINE_SURFACE_WITH_KNOTS('',3,1,(
    (#6768,#6769)
    ,(#6770,#6771)
    ,(#6772,#6773)
    ,(#6774,#6775
    )),.UNSPECIFIED.,.F.,.F.,.F.,(4,4),(2,2),(1.,2.),(0.,1.),
  .PIECEWISE_BEZIER_KNOTS.);
#6768 = CARTESIAN_POINT('',(0.999514272185,-1.300382976784,0.5510001));
#6769 = CARTESIAN_POINT('',(0.999514272185,-1.300382976784,0.5500001));
#6770 = CARTESIAN_POINT('',(0.997767478886,-1.298594593168,0.5510001));
#6771 = CARTESIAN_POINT('',(0.997767478886,-1.298594593168,0.5500001));
#6772 = CARTESIAN_POINT('',(0.995313650204,-1.297679606202,0.5510001));
#6773 = CARTESIAN_POINT('',(0.995313650204,-1.297679606202,0.5500001));
#6774 = CARTESIAN_POINT('',(0.992152786138,-1.297679606202,0.5510001));
#6775 = CARTESIAN_POINT('',(0.992152786138,-1.297679606202,0.5500001));
#6776 = ADVANCED_FACE('',(#6777),#6795,.T.);
#6777 = FACE_BOUND('',#6778,.T.);
#6778 = EDGE_LOOP('',(#6779,#6788,#6789,#6790));
#6779 = ORIENTED_EDGE('',*,*,#6780,.F.);
#6780 = EDGE_CURVE('',#6753,#6781,#6783,.T.);
#6781 = VERTEX_POINT('',#6782);
#6782 = CARTESIAN_POINT('',(0.985373564523,-1.300632518684,0.5500001));
#6783 = B_SPLINE_CURVE_WITH_KNOTS('',3,(#6784,#6785,#6786,#6787),
  .UNSPECIFIED.,.F.,.F.,(4,4),(2.,3.),.PIECEWISE_BEZIER_KNOTS.);
#6784 = CARTESIAN_POINT('',(0.992152786138,-1.297679606202,0.5500001));
#6785 = CARTESIAN_POINT('',(0.989366234922,-1.297679606202,0.5500001));
#6786 = CARTESIAN_POINT('',(0.987120357823,-1.298656978643,0.5500001));
#6787 = CARTESIAN_POINT('',(0.985373564523,-1.300632518684,0.5500001));
#6788 = ORIENTED_EDGE('',*,*,#6763,.F.);
#6789 = ORIENTED_EDGE('',*,*,#6447,.T.);
#6790 = ORIENTED_EDGE('',*,*,#6791,.T.);
#6791 = EDGE_CURVE('',#6439,#6781,#6792,.T.);
#6792 = B_SPLINE_CURVE_WITH_KNOTS('',1,(#6793,#6794),.UNSPECIFIED.,.F.,
  .F.,(2,2),(-0.,1.E-03),.PIECEWISE_BEZIER_KNOTS.);
#6793 = CARTESIAN_POINT('',(0.985373564523,-1.300632518684,0.5510001));
#6794 = CARTESIAN_POINT('',(0.985373564523,-1.300632518684,0.5500001));
#6795 = B_SPLINE_SURFACE_WITH_KNOTS('',3,1,(
    (#6796,#6797)
    ,(#6798,#6799)
    ,(#6800,#6801)
    ,(#6802,#6803
    )),.UNSPECIFIED.,.F.,.F.,.F.,(4,4),(2,2),(2.,3.),(0.,1.),
  .PIECEWISE_BEZIER_KNOTS.);
#6796 = CARTESIAN_POINT('',(0.992152786138,-1.297679606202,0.5510001));
#6797 = CARTESIAN_POINT('',(0.992152786138,-1.297679606202,0.5500001));
#6798 = CARTESIAN_POINT('',(0.989366234922,-1.297679606202,0.5510001));
#6799 = CARTESIAN_POINT('',(0.989366234922,-1.297679606202,0.5500001));
#6800 = CARTESIAN_POINT('',(0.987120357823,-1.298656978643,0.5510001));
#6801 = CARTESIAN_POINT('',(0.987120357823,-1.298656978643,0.5500001));
#6802 = CARTESIAN_POINT('',(0.985373564523,-1.300632518684,0.5510001));
#6803 = CARTESIAN_POINT('',(0.985373564523,-1.300632518684,0.5500001));
#6804 = ADVANCED_FACE('',(#6805),#6823,.T.);
#6805 = FACE_BOUND('',#6806,.T.);
#6806 = EDGE_LOOP('',(#6807,#6816,#6817,#6818));
#6807 = ORIENTED_EDGE('',*,*,#6808,.F.);
#6808 = EDGE_CURVE('',#6781,#6809,#6811,.T.);
#6809 = VERTEX_POINT('',#6810);
#6810 = CARTESIAN_POINT('',(0.982753374574,-1.308409907898,0.5500001));
#6811 = B_SPLINE_CURVE_WITH_KNOTS('',3,(#6812,#6813,#6814,#6815),
  .UNSPECIFIED.,.F.,.F.,(4,4),(3.,4.),.PIECEWISE_BEZIER_KNOTS.);
#6812 = CARTESIAN_POINT('',(0.985373564523,-1.300632518684,0.5500001));
#6813 = CARTESIAN_POINT('',(0.983626771224,-1.302587263567,0.5500001));
#6814 = CARTESIAN_POINT('',(0.982753374574,-1.305186658357,0.5500001));
#6815 = CARTESIAN_POINT('',(0.982753374574,-1.308409907898,0.5500001));
#6816 = ORIENTED_EDGE('',*,*,#6791,.F.);
#6817 = ORIENTED_EDGE('',*,*,#6438,.T.);
#6818 = ORIENTED_EDGE('',*,*,#6819,.T.);
#6819 = EDGE_CURVE('',#6430,#6809,#6820,.T.);
#6820 = B_SPLINE_CURVE_WITH_KNOTS('',1,(#6821,#6822),.UNSPECIFIED.,.F.,
  .F.,(2,2),(-0.,1.E-03),.PIECEWISE_BEZIER_KNOTS.);
#6821 = CARTESIAN_POINT('',(0.982753374574,-1.308409907898,0.5510001));
#6822 = CARTESIAN_POINT('',(0.982753374574,-1.308409907898,0.5500001));
#6823 = B_SPLINE_SURFACE_WITH_KNOTS('',3,1,(
    (#6824,#6825)
    ,(#6826,#6827)
    ,(#6828,#6829)
    ,(#6830,#6831
    )),.UNSPECIFIED.,.F.,.F.,.F.,(4,4),(2,2),(3.,4.),(0.,1.),
  .PIECEWISE_BEZIER_KNOTS.);
#6824 = CARTESIAN_POINT('',(0.985373564523,-1.300632518684,0.5510001));
#6825 = CARTESIAN_POINT('',(0.985373564523,-1.300632518684,0.5500001));
#6826 = CARTESIAN_POINT('',(0.983626771224,-1.302587263567,0.5510001));
#6827 = CARTESIAN_POINT('',(0.983626771224,-1.302587263567,0.5500001));
#6828 = CARTESIAN_POINT('',(0.982753374574,-1.305186658357,0.5510001));
#6829 = CARTESIAN_POINT('',(0.982753374574,-1.305186658357,0.5500001));
#6830 = CARTESIAN_POINT('',(0.982753374574,-1.308409907898,0.5510001));
#6831 = CARTESIAN_POINT('',(0.982753374574,-1.308409907898,0.5500001));
#6832 = ADVANCED_FACE('',(#6833),#6851,.T.);
#6833 = FACE_BOUND('',#6834,.T.);
#6834 = EDGE_LOOP('',(#6835,#6844,#6845,#6846));
#6835 = ORIENTED_EDGE('',*,*,#6836,.F.);
#6836 = EDGE_CURVE('',#6809,#6837,#6839,.T.);
#6837 = VERTEX_POINT('',#6838);
#6838 = CARTESIAN_POINT('',(0.987494670673,-1.319472932127,0.5500001));
#6839 = B_SPLINE_CURVE_WITH_KNOTS('',3,(#6840,#6841,#6842,#6843),
  .UNSPECIFIED.,.F.,.F.,(4,4),(4.,5.),.PIECEWISE_BEZIER_KNOTS.);
#6840 = CARTESIAN_POINT('',(0.982753374574,-1.308409907898,0.5500001));
#6841 = CARTESIAN_POINT('',(0.982753374574,-1.312880866938,0.5500001));
#6842 = CARTESIAN_POINT('',(0.984333806607,-1.31658240512,0.5500001));
#6843 = CARTESIAN_POINT('',(0.987494670673,-1.319472932127,0.5500001));
#6844 = ORIENTED_EDGE('',*,*,#6819,.F.);
#6845 = ORIENTED_EDGE('',*,*,#6429,.T.);
#6846 = ORIENTED_EDGE('',*,*,#6847,.T.);
#6847 = EDGE_CURVE('',#6421,#6837,#6848,.T.);
#6848 = B_SPLINE_CURVE_WITH_KNOTS('',1,(#6849,#6850),.UNSPECIFIED.,.F.,
  .F.,(2,2),(-0.,1.E-03),.PIECEWISE_BEZIER_KNOTS.);
#6849 = CARTESIAN_POINT('',(0.987494670673,-1.319472932127,0.5510001));
#6850 = CARTESIAN_POINT('',(0.987494670673,-1.319472932127,0.5500001));
#6851 = B_SPLINE_SURFACE_WITH_KNOTS('',3,1,(
    (#6852,#6853)
    ,(#6854,#6855)
    ,(#6856,#6857)
    ,(#6858,#6859
    )),.UNSPECIFIED.,.F.,.F.,.F.,(4,4),(2,2),(4.,5.),(0.,1.),
  .PIECEWISE_BEZIER_KNOTS.);
#6852 = CARTESIAN_POINT('',(0.982753374574,-1.308409907898,0.5510001));
#6853 = CARTESIAN_POINT('',(0.982753374574,-1.308409907898,0.5500001));
#6854 = CARTESIAN_POINT('',(0.982753374574,-1.312880866938,0.5510001));
#6855 = CARTESIAN_POINT('',(0.982753374574,-1.312880866938,0.5500001));
#6856 = CARTESIAN_POINT('',(0.984333806607,-1.31658240512,0.5510001));
#6857 = CARTESIAN_POINT('',(0.984333806607,-1.31658240512,0.5500001));
#6858 = CARTESIAN_POINT('',(0.987494670673,-1.319472932127,0.5510001));
#6859 = CARTESIAN_POINT('',(0.987494670673,-1.319472932127,0.5500001));
#6860 = ADVANCED_FACE('',(#6861),#6879,.T.);
#6861 = FACE_BOUND('',#6862,.T.);
#6862 = EDGE_LOOP('',(#6863,#6872,#6873,#6874));
#6863 = ORIENTED_EDGE('',*,*,#6864,.F.);
#6864 = EDGE_CURVE('',#6837,#6865,#6867,.T.);
#6865 = VERTEX_POINT('',#6866);
#6866 = CARTESIAN_POINT('',(0.999347910919,-1.323839915376,0.5500001));
#6867 = B_SPLINE_CURVE_WITH_KNOTS('',3,(#6868,#6869,#6870,#6871),
  .UNSPECIFIED.,.F.,.F.,(4,4),(5.,6.),.PIECEWISE_BEZIER_KNOTS.);
#6868 = CARTESIAN_POINT('',(0.987494670673,-1.319472932127,0.5500001));
#6869 = CARTESIAN_POINT('',(0.990613944422,-1.322384254293,0.5500001));
#6870 = CARTESIAN_POINT('',(0.994565024504,-1.323839915376,0.5500001));
#6871 = CARTESIAN_POINT('',(0.999347910919,-1.323839915376,0.5500001));
#6872 = ORIENTED_EDGE('',*,*,#6847,.F.);
#6873 = ORIENTED_EDGE('',*,*,#6420,.T.);
#6874 = ORIENTED_EDGE('',*,*,#6875,.T.);
#6875 = EDGE_CURVE('',#6414,#6865,#6876,.T.);
#6876 = B_SPLINE_CURVE_WITH_KNOTS('',1,(#6877,#6878),.UNSPECIFIED.,.F.,
  .F.,(2,2),(-0.,1.E-03),.PIECEWISE_BEZIER_KNOTS.);
#6877 = CARTESIAN_POINT('',(0.999347910919,-1.323839915376,0.5510001));
#6878 = CARTESIAN_POINT('',(0.999347910919,-1.323839915376,0.5500001));
#6879 = B_SPLINE_SURFACE_WITH_KNOTS('',3,1,(
    (#6880,#6881)
    ,(#6882,#6883)
    ,(#6884,#6885)
    ,(#6886,#6887
    )),.UNSPECIFIED.,.F.,.F.,.F.,(4,4),(2,2),(5.,6.),(0.,1.),
  .PIECEWISE_BEZIER_KNOTS.);
#6880 = CARTESIAN_POINT('',(0.987494670673,-1.319472932127,0.5510001));
#6881 = CARTESIAN_POINT('',(0.987494670673,-1.319472932127,0.5500001));
#6882 = CARTESIAN_POINT('',(0.990613944422,-1.322384254293,0.5510001));
#6883 = CARTESIAN_POINT('',(0.990613944422,-1.322384254293,0.5500001));
#6884 = CARTESIAN_POINT('',(0.994565024504,-1.323839915376,0.5510001));
#6885 = CARTESIAN_POINT('',(0.994565024504,-1.323839915376,0.5500001));
#6886 = CARTESIAN_POINT('',(0.999347910919,-1.323839915376,0.5510001));
#6887 = CARTESIAN_POINT('',(0.999347910919,-1.323839915376,0.5500001));
#6888 = ADVANCED_FACE('',(#6889),#6905,.T.);
#6889 = FACE_BOUND('',#6890,.T.);
#6890 = EDGE_LOOP('',(#6891,#6898,#6899,#6900));
#6891 = ORIENTED_EDGE('',*,*,#6892,.F.);
#6892 = EDGE_CURVE('',#6865,#6893,#6895,.T.);
#6893 = VERTEX_POINT('',#6894);
#6894 = CARTESIAN_POINT('',(1.004921013351,-1.323839915376,0.5500001));
#6895 = B_SPLINE_CURVE_WITH_KNOTS('',1,(#6896,#6897),.UNSPECIFIED.,.F.,
  .F.,(2,2),(0.,5.573102431759E-03),.PIECEWISE_BEZIER_KNOTS.);
#6896 = CARTESIAN_POINT('',(0.999347910919,-1.323839915376,0.5500001));
#6897 = CARTESIAN_POINT('',(1.004921013351,-1.323839915376,0.5500001));
#6898 = ORIENTED_EDGE('',*,*,#6875,.F.);
#6899 = ORIENTED_EDGE('',*,*,#6413,.T.);
#6900 = ORIENTED_EDGE('',*,*,#6901,.T.);
#6901 = EDGE_CURVE('',#6407,#6893,#6902,.T.);
#6902 = B_SPLINE_CURVE_WITH_KNOTS('',1,(#6903,#6904),.UNSPECIFIED.,.F.,
  .F.,(2,2),(1.110223024625E-16,1.E-03),.PIECEWISE_BEZIER_KNOTS.);
#6903 = CARTESIAN_POINT('',(1.004921013351,-1.323839915376,0.5510001));
#6904 = CARTESIAN_POINT('',(1.004921013351,-1.323839915376,0.5500001));
#6905 = B_SPLINE_SURFACE_WITH_KNOTS('',1,1,(
    (#6906,#6907)
    ,(#6908,#6909
    )),.UNSPECIFIED.,.F.,.F.,.F.,(2,2),(2,2),(-1.E-03,0.),(0.,
    5.573102431759E-03),.PIECEWISE_BEZIER_KNOTS.);
#6906 = CARTESIAN_POINT('',(0.999347910919,-1.323839915376,0.5500001));
#6907 = CARTESIAN_POINT('',(1.004921013351,-1.323839915376,0.5500001));
#6908 = CARTESIAN_POINT('',(0.999347910919,-1.323839915376,0.5510001));
#6909 = CARTESIAN_POINT('',(1.004921013351,-1.323839915376,0.5510001));
#6910 = ADVANCED_FACE('',(#6911),#6921,.T.);
#6911 = FACE_BOUND('',#6912,.T.);
#6912 = EDGE_LOOP('',(#6913,#6918,#6919,#6920));
#6913 = ORIENTED_EDGE('',*,*,#6914,.F.);
#6914 = EDGE_CURVE('',#6893,#6719,#6915,.T.);
#6915 = B_SPLINE_CURVE_WITH_KNOTS('',1,(#6916,#6917),.UNSPECIFIED.,.F.,
  .F.,(2,2),(0.,1.372259877109E-02),.PIECEWISE_BEZIER_KNOTS.);
#6916 = CARTESIAN_POINT('',(1.004921013351,-1.323839915376,0.5500001));
#6917 = CARTESIAN_POINT('',(1.003091039418,-1.310239881831,0.5500001));
#6918 = ORIENTED_EDGE('',*,*,#6901,.F.);
#6919 = ORIENTED_EDGE('',*,*,#6406,.T.);
#6920 = ORIENTED_EDGE('',*,*,#6729,.T.);
#6921 = B_SPLINE_SURFACE_WITH_KNOTS('',1,1,(
    (#6922,#6923)
    ,(#6924,#6925
    )),.UNSPECIFIED.,.F.,.F.,.F.,(2,2),(2,2),(-1.372259877109E-02,0.),(
    -1.E-03,0.),.PIECEWISE_BEZIER_KNOTS.);
#6922 = CARTESIAN_POINT('',(1.003091039418,-1.310239881831,0.5500001));
#6923 = CARTESIAN_POINT('',(1.003091039418,-1.310239881831,0.5510001));
#6924 = CARTESIAN_POINT('',(1.004921013351,-1.323839915376,0.5500001));
#6925 = CARTESIAN_POINT('',(1.004921013351,-1.323839915376,0.5510001));
#6926 = ADVANCED_FACE('',(#6927),#6937,.F.);
#6927 = FACE_BOUND('',#6928,.T.);
#6928 = EDGE_LOOP('',(#6929,#6930,#6931,#6932,#6933,#6934,#6935,#6936));
#6929 = ORIENTED_EDGE('',*,*,#6914,.T.);
#6930 = ORIENTED_EDGE('',*,*,#6718,.T.);
#6931 = ORIENTED_EDGE('',*,*,#6752,.T.);
#6932 = ORIENTED_EDGE('',*,*,#6780,.T.);
#6933 = ORIENTED_EDGE('',*,*,#6808,.T.);
#6934 = ORIENTED_EDGE('',*,*,#6836,.T.);
#6935 = ORIENTED_EDGE('',*,*,#6864,.T.);
#6936 = ORIENTED_EDGE('',*,*,#6892,.T.);
#6937 = B_SPLINE_SURFACE_WITH_KNOTS('',1,1,(
    (#6938,#6939)
    ,(#6940,#6941
    )),.UNSPECIFIED.,.F.,.F.,.F.,(2,2),(2,2),(-1.004921013351,
    -0.982753374574),(-1.323839915376,-1.297679606202),
  .PIECEWISE_BEZIER_KNOTS.);
#6938 = CARTESIAN_POINT('',(1.004921013351,-1.323839915376,0.5500001));
#6939 = CARTESIAN_POINT('',(1.004921013351,-1.297679606202,0.5500001));
#6940 = CARTESIAN_POINT('',(0.982753374574,-1.323839915376,0.5500001));
#6941 = CARTESIAN_POINT('',(0.982753374574,-1.297679606202,0.5500001));
#6942 = ADVANCED_FACE('',(#6943),#6967,.F.);
#6943 = FACE_BOUND('',#6944,.F.);
#6944 = EDGE_LOOP('',(#6945,#6952,#6961,#6966));
#6945 = ORIENTED_EDGE('',*,*,#6946,.F.);
#6946 = EDGE_CURVE('',#6947,#801,#6949,.T.);
#6947 = VERTEX_POINT('',#6948);
#6948 = CARTESIAN_POINT('',(0.982711784258,-1.364598425696,0.5510001));
#6949 = B_SPLINE_CURVE_WITH_KNOTS('',1,(#6950,#6951),.UNSPECIFIED.,.F.,
  .F.,(2,2),(-0.,1.E-03),.PIECEWISE_BEZIER_KNOTS.);
#6950 = CARTESIAN_POINT('',(0.982711784258,-1.364598425696,0.5510001));
#6951 = CARTESIAN_POINT('',(0.982711784258,-1.364598425696,0.5500001));
#6952 = ORIENTED_EDGE('',*,*,#6953,.T.);
#6953 = EDGE_CURVE('',#6947,#6954,#6956,.T.);
#6954 = VERTEX_POINT('',#6955);
#6955 = CARTESIAN_POINT('',(0.988326477006,-1.347837528085,0.5510001));
#6956 = B_SPLINE_CURVE_WITH_KNOTS('',3,(#6957,#6958,#6959,#6960),
  .UNSPECIFIED.,.F.,.F.,(4,4),(0.,1.),.PIECEWISE_BEZIER_KNOTS.);
#6957 = CARTESIAN_POINT('',(0.982711784258,-1.364598425696,0.5510001));
#6958 = CARTESIAN_POINT('',(0.982711784258,-1.358609420098,0.5510001));
#6959 = CARTESIAN_POINT('',(0.984583348507,-1.353036317666,0.5510001));
#6960 = CARTESIAN_POINT('',(0.988326477006,-1.347837528085,0.5510001));
#6961 = ORIENTED_EDGE('',*,*,#6962,.T.);
#6962 = EDGE_CURVE('',#6954,#803,#6963,.T.);
#6963 = B_SPLINE_CURVE_WITH_KNOTS('',1,(#6964,#6965),.UNSPECIFIED.,.F.,
  .F.,(2,2),(-0.,1.E-03),.PIECEWISE_BEZIER_KNOTS.);
#6964 = CARTESIAN_POINT('',(0.988326477006,-1.347837528085,0.5510001));
#6965 = CARTESIAN_POINT('',(0.988326477006,-1.347837528085,0.5500001));
#6966 = ORIENTED_EDGE('',*,*,#800,.F.);
#6967 = B_SPLINE_SURFACE_WITH_KNOTS('',3,1,(
    (#6968,#6969)
    ,(#6970,#6971)
    ,(#6972,#6973)
    ,(#6974,#6975
    )),.UNSPECIFIED.,.F.,.F.,.F.,(4,4),(2,2),(0.,1.),(0.,1.),
  .PIECEWISE_BEZIER_KNOTS.);
#6968 = CARTESIAN_POINT('',(0.982711784258,-1.364598425696,0.5510001));
#6969 = CARTESIAN_POINT('',(0.982711784258,-1.364598425696,0.5500001));
#6970 = CARTESIAN_POINT('',(0.982711784258,-1.358609420098,0.5510001));
#6971 = CARTESIAN_POINT('',(0.982711784258,-1.358609420098,0.5500001));
#6972 = CARTESIAN_POINT('',(0.984583348507,-1.353036317666,0.5510001));
#6973 = CARTESIAN_POINT('',(0.984583348507,-1.353036317666,0.5500001));
#6974 = CARTESIAN_POINT('',(0.988326477006,-1.347837528085,0.5510001));
#6975 = CARTESIAN_POINT('',(0.988326477006,-1.347837528085,0.5500001));
#6976 = ADVANCED_FACE('',(#6977),#6993,.F.);
#6977 = FACE_BOUND('',#6978,.T.);
#6978 = EDGE_LOOP('',(#6979,#6980,#6987,#6992));
#6979 = ORIENTED_EDGE('',*,*,#980,.T.);
#6980 = ORIENTED_EDGE('',*,*,#6981,.F.);
#6981 = EDGE_CURVE('',#6982,#972,#6984,.T.);
#6982 = VERTEX_POINT('',#6983);
#6983 = CARTESIAN_POINT('',(0.977804126893,-1.347837528085,0.5510001));
#6984 = B_SPLINE_CURVE_WITH_KNOTS('',1,(#6985,#6986),.UNSPECIFIED.,.F.,
  .F.,(2,2),(-0.,1.E-03),.PIECEWISE_BEZIER_KNOTS.);
#6985 = CARTESIAN_POINT('',(0.977804126893,-1.347837528085,0.5510001));
#6986 = CARTESIAN_POINT('',(0.977804126893,-1.347837528085,0.5500001));
#6987 = ORIENTED_EDGE('',*,*,#6988,.F.);
#6988 = EDGE_CURVE('',#6954,#6982,#6989,.T.);
#6989 = B_SPLINE_CURVE_WITH_KNOTS('',1,(#6990,#6991),.UNSPECIFIED.,.F.,
  .F.,(2,2),(-1.052235011278E-02,-0.),.PIECEWISE_BEZIER_KNOTS.);
#6990 = CARTESIAN_POINT('',(0.988326477006,-1.347837528085,0.5510001));
#6991 = CARTESIAN_POINT('',(0.977804126893,-1.347837528085,0.5510001));
#6992 = ORIENTED_EDGE('',*,*,#6962,.T.);
#6993 = B_SPLINE_SURFACE_WITH_KNOTS('',1,1,(
    (#6994,#6995)
    ,(#6996,#6997
    )),.UNSPECIFIED.,.F.,.F.,.F.,(2,2),(2,2),(0.,1.E-03),(0.,
    1.052235011278E-02),.PIECEWISE_BEZIER_KNOTS.);
#6994 = CARTESIAN_POINT('',(0.977804126893,-1.347837528085,0.5510001));
#6995 = CARTESIAN_POINT('',(0.988326477006,-1.347837528085,0.5510001));
#6996 = CARTESIAN_POINT('',(0.977804126893,-1.347837528085,0.5500001));
#6997 = CARTESIAN_POINT('',(0.988326477006,-1.347837528085,0.5500001));
#6998 = ADVANCED_FACE('',(#6999),#7017,.F.);
#6999 = FACE_BOUND('',#7000,.F.);
#7000 = EDGE_LOOP('',(#7001,#7002,#7011,#7016));
#7001 = ORIENTED_EDGE('',*,*,#6981,.F.);
#7002 = ORIENTED_EDGE('',*,*,#7003,.T.);
#7003 = EDGE_CURVE('',#6982,#7004,#7006,.T.);
#7004 = VERTEX_POINT('',#7005);
#7005 = CARTESIAN_POINT('',(0.974393720927,-1.363600258096,0.5510001));
#7006 = B_SPLINE_CURVE_WITH_KNOTS('',3,(#7007,#7008,#7009,#7010),
  .UNSPECIFIED.,.F.,.F.,(4,4),(19.,20.),.PIECEWISE_BEZIER_KNOTS.);
#7007 = CARTESIAN_POINT('',(0.977804126893,-1.347837528085,0.5510001));
#7008 = CARTESIAN_POINT('',(0.975558249793,-1.352329282283,0.5510001));
#7009 = CARTESIAN_POINT('',(0.974393720927,-1.357569662181,0.5510001));
#7010 = CARTESIAN_POINT('',(0.974393720927,-1.363600258096,0.5510001));
#7011 = ORIENTED_EDGE('',*,*,#7012,.T.);
#7012 = EDGE_CURVE('',#7004,#963,#7013,.T.);
#7013 = B_SPLINE_CURVE_WITH_KNOTS('',1,(#7014,#7015),.UNSPECIFIED.,.F.,
  .F.,(2,2),(-0.,9.999999999999E-04),.PIECEWISE_BEZIER_KNOTS.);
#7014 = CARTESIAN_POINT('',(0.974393720927,-1.363600258096,0.5510001));
#7015 = CARTESIAN_POINT('',(0.974393720927,-1.363600258096,0.5500001));
#7016 = ORIENTED_EDGE('',*,*,#971,.F.);
#7017 = B_SPLINE_SURFACE_WITH_KNOTS('',3,1,(
    (#7018,#7019)
    ,(#7020,#7021)
    ,(#7022,#7023)
    ,(#7024,#7025
    )),.UNSPECIFIED.,.F.,.F.,.F.,(4,4),(2,2),(19.,20.),(0.,1.),
  .PIECEWISE_BEZIER_KNOTS.);
#7018 = CARTESIAN_POINT('',(0.977804126893,-1.347837528085,0.5510001));
#7019 = CARTESIAN_POINT('',(0.977804126893,-1.347837528085,0.5500001));
#7020 = CARTESIAN_POINT('',(0.975558249793,-1.352329282283,0.5510001));
#7021 = CARTESIAN_POINT('',(0.975558249793,-1.352329282283,0.5500001));
#7022 = CARTESIAN_POINT('',(0.974393720927,-1.357569662181,0.5510001));
#7023 = CARTESIAN_POINT('',(0.974393720927,-1.357569662181,0.5500001));
#7024 = CARTESIAN_POINT('',(0.974393720927,-1.363600258096,0.5510001));
#7025 = CARTESIAN_POINT('',(0.974393720927,-1.363600258096,0.5500001));
#7026 = ADVANCED_FACE('',(#7027),#7045,.F.);
#7027 = FACE_BOUND('',#7028,.F.);
#7028 = EDGE_LOOP('',(#7029,#7030,#7039,#7044));
#7029 = ORIENTED_EDGE('',*,*,#7012,.F.);
#7030 = ORIENTED_EDGE('',*,*,#7031,.T.);
#7031 = EDGE_CURVE('',#7004,#7032,#7034,.T.);
#7032 = VERTEX_POINT('',#7033);
#7033 = CARTESIAN_POINT('',(0.979010246076,-1.380527516974,0.5510001));
#7034 = B_SPLINE_CURVE_WITH_KNOTS('',3,(#7035,#7036,#7037,#7038),
  .UNSPECIFIED.,.F.,.F.,(4,4),(18.,19.),.PIECEWISE_BEZIER_KNOTS.);
#7035 = CARTESIAN_POINT('',(0.974393720927,-1.363600258096,0.5510001));
#7036 = CARTESIAN_POINT('',(0.974393720927,-1.370525045819,0.5510001));
#7037 = CARTESIAN_POINT('',(0.975932562643,-1.376181328883,0.5510001));
#7038 = CARTESIAN_POINT('',(0.979010246076,-1.380527516974,0.5510001));
#7039 = ORIENTED_EDGE('',*,*,#7040,.T.);
#7040 = EDGE_CURVE('',#7032,#954,#7041,.T.);
#7041 = B_SPLINE_CURVE_WITH_KNOTS('',1,(#7042,#7043),.UNSPECIFIED.,.F.,
  .F.,(2,2),(-0.,9.999999999999E-04),.PIECEWISE_BEZIER_KNOTS.);
#7042 = CARTESIAN_POINT('',(0.979010246076,-1.380527516974,0.5510001));
#7043 = CARTESIAN_POINT('',(0.979010246076,-1.380527516974,0.5500001));
#7044 = ORIENTED_EDGE('',*,*,#962,.F.);
#7045 = B_SPLINE_SURFACE_WITH_KNOTS('',3,1,(
    (#7046,#7047)
    ,(#7048,#7049)
    ,(#7050,#7051)
    ,(#7052,#7053
    )),.UNSPECIFIED.,.F.,.F.,.F.,(4,4),(2,2),(18.,19.),(0.,1.),
  .PIECEWISE_BEZIER_KNOTS.);
#7046 = CARTESIAN_POINT('',(0.974393720927,-1.363600258096,0.5510001));
#7047 = CARTESIAN_POINT('',(0.974393720927,-1.363600258096,0.5500001));
#7048 = CARTESIAN_POINT('',(0.974393720927,-1.370525045819,0.5510001));
#7049 = CARTESIAN_POINT('',(0.974393720927,-1.370525045819,0.5500001));
#7050 = CARTESIAN_POINT('',(0.975932562643,-1.376181328883,0.5510001));
#7051 = CARTESIAN_POINT('',(0.975932562643,-1.376181328883,0.5500001));
#7052 = CARTESIAN_POINT('',(0.979010246076,-1.380527516974,0.5510001));
#7053 = CARTESIAN_POINT('',(0.979010246076,-1.380527516974,0.5500001));
#7054 = ADVANCED_FACE('',(#7055),#7073,.F.);
#7055 = FACE_BOUND('',#7056,.F.);
#7056 = EDGE_LOOP('',(#7057,#7058,#7067,#7072));
#7057 = ORIENTED_EDGE('',*,*,#7040,.F.);
#7058 = ORIENTED_EDGE('',*,*,#7059,.T.);
#7059 = EDGE_CURVE('',#7032,#7060,#7062,.T.);
#7060 = VERTEX_POINT('',#7061);
#7061 = CARTESIAN_POINT('',(0.991570521705,-1.387077991846,0.5510001));
#7062 = B_SPLINE_CURVE_WITH_KNOTS('',3,(#7063,#7064,#7065,#7066),
  .UNSPECIFIED.,.F.,.F.,(4,4),(17.,18.),.PIECEWISE_BEZIER_KNOTS.);
#7063 = CARTESIAN_POINT('',(0.979010246076,-1.380527516974,0.5510001));
#7064 = CARTESIAN_POINT('',(0.982046339192,-1.384894500222,0.5510001));
#7065 = CARTESIAN_POINT('',(0.986246961173,-1.387077991846,0.5510001));
#7066 = CARTESIAN_POINT('',(0.991570521705,-1.387077991846,0.5510001));
#7067 = ORIENTED_EDGE('',*,*,#7068,.T.);
#7068 = EDGE_CURVE('',#7060,#945,#7069,.T.);
#7069 = B_SPLINE_CURVE_WITH_KNOTS('',1,(#7070,#7071),.UNSPECIFIED.,.F.,
  .F.,(2,2),(-0.,9.999999999999E-04),.PIECEWISE_BEZIER_KNOTS.);
#7070 = CARTESIAN_POINT('',(0.991570521705,-1.387077991846,0.5510001));
#7071 = CARTESIAN_POINT('',(0.991570521705,-1.387077991846,0.5500001));
#7072 = ORIENTED_EDGE('',*,*,#953,.F.);
#7073 = B_SPLINE_SURFACE_WITH_KNOTS('',3,1,(
    (#7074,#7075)
    ,(#7076,#7077)
    ,(#7078,#7079)
    ,(#7080,#7081
    )),.UNSPECIFIED.,.F.,.F.,.F.,(4,4),(2,2),(17.,18.),(0.,1.),
  .PIECEWISE_BEZIER_KNOTS.);
#7074 = CARTESIAN_POINT('',(0.979010246076,-1.380527516974,0.5510001));
#7075 = CARTESIAN_POINT('',(0.979010246076,-1.380527516974,0.5500001));
#7076 = CARTESIAN_POINT('',(0.982046339192,-1.384894500222,0.5510001));
#7077 = CARTESIAN_POINT('',(0.982046339192,-1.384894500222,0.5500001));
#7078 = CARTESIAN_POINT('',(0.986246961173,-1.387077991846,0.5510001));
#7079 = CARTESIAN_POINT('',(0.986246961173,-1.387077991846,0.5500001));
#7080 = CARTESIAN_POINT('',(0.991570521705,-1.387077991846,0.5510001));
#7081 = CARTESIAN_POINT('',(0.991570521705,-1.387077991846,0.5500001));
#7082 = ADVANCED_FACE('',(#7083),#7101,.F.);
#7083 = FACE_BOUND('',#7084,.F.);
#7084 = EDGE_LOOP('',(#7085,#7086,#7095,#7100));
#7085 = ORIENTED_EDGE('',*,*,#7068,.F.);
#7086 = ORIENTED_EDGE('',*,*,#7087,.T.);
#7087 = EDGE_CURVE('',#7060,#7088,#7090,.T.);
#7088 = VERTEX_POINT('',#7089);
#7089 = CARTESIAN_POINT('',(1.001177884852,-1.383667585881,0.5510001));
#7090 = B_SPLINE_CURVE_WITH_KNOTS('',3,(#7091,#7092,#7093,#7094),
  .UNSPECIFIED.,.F.,.F.,(4,4),(16.,17.),.PIECEWISE_BEZIER_KNOTS.);
#7091 = CARTESIAN_POINT('',(0.991570521705,-1.387077991846,0.5510001));
#7092 = CARTESIAN_POINT('',(0.995396830837,-1.387077991846,0.5510001));
#7093 = CARTESIAN_POINT('',(0.998599285219,-1.385934258138,0.5510001));
#7094 = CARTESIAN_POINT('',(1.001177884852,-1.383667585881,0.5510001));
#7095 = ORIENTED_EDGE('',*,*,#7096,.T.);
#7096 = EDGE_CURVE('',#7088,#936,#7097,.T.);
#7097 = B_SPLINE_CURVE_WITH_KNOTS('',1,(#7098,#7099),.UNSPECIFIED.,.F.,
  .F.,(2,2),(-0.,9.999999999999E-04),.PIECEWISE_BEZIER_KNOTS.);
#7098 = CARTESIAN_POINT('',(1.001177884852,-1.383667585881,0.5510001));
#7099 = CARTESIAN_POINT('',(1.001177884852,-1.383667585881,0.5500001));
#7100 = ORIENTED_EDGE('',*,*,#944,.F.);
#7101 = B_SPLINE_SURFACE_WITH_KNOTS('',3,1,(
    (#7102,#7103)
    ,(#7104,#7105)
    ,(#7106,#7107)
    ,(#7108,#7109
    )),.UNSPECIFIED.,.F.,.F.,.F.,(4,4),(2,2),(16.,17.),(0.,1.),
  .PIECEWISE_BEZIER_KNOTS.);
#7102 = CARTESIAN_POINT('',(0.991570521705,-1.387077991846,0.5510001));
#7103 = CARTESIAN_POINT('',(0.991570521705,-1.387077991846,0.5500001));
#7104 = CARTESIAN_POINT('',(0.995396830837,-1.387077991846,0.5510001));
#7105 = CARTESIAN_POINT('',(0.995396830837,-1.387077991846,0.5500001));
#7106 = CARTESIAN_POINT('',(0.998599285219,-1.385934258138,0.5510001));
#7107 = CARTESIAN_POINT('',(0.998599285219,-1.385934258138,0.5500001));
#7108 = CARTESIAN_POINT('',(1.001177884852,-1.383667585881,0.5510001));
#7109 = CARTESIAN_POINT('',(1.001177884852,-1.383667585881,0.5500001));
#7110 = ADVANCED_FACE('',(#7111),#7129,.F.);
#7111 = FACE_BOUND('',#7112,.F.);
#7112 = EDGE_LOOP('',(#7113,#7114,#7123,#7128));
#7113 = ORIENTED_EDGE('',*,*,#7096,.F.);
#7114 = ORIENTED_EDGE('',*,*,#7115,.T.);
#7115 = EDGE_CURVE('',#7088,#7116,#7118,.T.);
#7116 = VERTEX_POINT('',#7117);
#7117 = CARTESIAN_POINT('',(1.008705732166,-1.370525045819,0.5510001));
#7118 = B_SPLINE_CURVE_WITH_KNOTS('',3,(#7119,#7120,#7121,#7122),
  .UNSPECIFIED.,.F.,.F.,(4,4),(15.,16.),.PIECEWISE_BEZIER_KNOTS.);
#7119 = CARTESIAN_POINT('',(1.001177884852,-1.383667585881,0.5510001));
#7120 = CARTESIAN_POINT('',(1.003756484484,-1.381380118465,0.5510001));
#7121 = CARTESIAN_POINT('',(1.0062934938,-1.377013135217,0.5510001));
#7122 = CARTESIAN_POINT('',(1.008705732166,-1.370525045819,0.5510001));
#7123 = ORIENTED_EDGE('',*,*,#7124,.T.);
#7124 = EDGE_CURVE('',#7116,#927,#7125,.T.);
#7125 = B_SPLINE_CURVE_WITH_KNOTS('',1,(#7126,#7127),.UNSPECIFIED.,.F.,
  .F.,(2,2),(-0.,9.999999999999E-04),.PIECEWISE_BEZIER_KNOTS.);
#7126 = CARTESIAN_POINT('',(1.008705732166,-1.370525045819,0.5510001));
#7127 = CARTESIAN_POINT('',(1.008705732166,-1.370525045819,0.5500001));
#7128 = ORIENTED_EDGE('',*,*,#935,.F.);
#7129 = B_SPLINE_SURFACE_WITH_KNOTS('',3,1,(
    (#7130,#7131)
    ,(#7132,#7133)
    ,(#7134,#7135)
    ,(#7136,#7137
    )),.UNSPECIFIED.,.F.,.F.,.F.,(4,4),(2,2),(15.,16.),(0.,1.),
  .PIECEWISE_BEZIER_KNOTS.);
#7130 = CARTESIAN_POINT('',(1.001177884852,-1.383667585881,0.5510001));
#7131 = CARTESIAN_POINT('',(1.001177884852,-1.383667585881,0.5500001));
#7132 = CARTESIAN_POINT('',(1.003756484484,-1.381380118465,0.5510001));
#7133 = CARTESIAN_POINT('',(1.003756484484,-1.381380118465,0.5500001));
#7134 = CARTESIAN_POINT('',(1.0062934938,-1.377013135217,0.5510001));
#7135 = CARTESIAN_POINT('',(1.0062934938,-1.377013135217,0.5500001));
#7136 = CARTESIAN_POINT('',(1.008705732166,-1.370525045819,0.5510001));
#7137 = CARTESIAN_POINT('',(1.008705732166,-1.370525045819,0.5500001));
#7138 = ADVANCED_FACE('',(#7139),#7157,.F.);
#7139 = FACE_BOUND('',#7140,.F.);
#7140 = EDGE_LOOP('',(#7141,#7142,#7151,#7156));
#7141 = ORIENTED_EDGE('',*,*,#7124,.F.);
#7142 = ORIENTED_EDGE('',*,*,#7143,.T.);
#7143 = EDGE_CURVE('',#7116,#7144,#7146,.T.);
#7144 = VERTEX_POINT('',#7145);
#7145 = CARTESIAN_POINT('',(1.013696570164,-1.360626550455,0.5510001));
#7146 = B_SPLINE_CURVE_WITH_KNOTS('',3,(#7147,#7148,#7149,#7150),
  .UNSPECIFIED.,.F.,.F.,(4,4),(14.,15.),.PIECEWISE_BEZIER_KNOTS.);
#7147 = CARTESIAN_POINT('',(1.008705732166,-1.370525045819,0.5510001));
#7148 = CARTESIAN_POINT('',(1.010702067365,-1.36540943687,0.5510001));
#7149 = CARTESIAN_POINT('',(1.012365680031,-1.362123801855,0.5510001));
#7150 = CARTESIAN_POINT('',(1.013696570164,-1.360626550455,0.5510001));
#7151 = ORIENTED_EDGE('',*,*,#7152,.T.);
#7152 = EDGE_CURVE('',#7144,#918,#7153,.T.);
#7153 = B_SPLINE_CURVE_WITH_KNOTS('',1,(#7154,#7155),.UNSPECIFIED.,.F.,
  .F.,(2,2),(-0.,9.999999999999E-04),.PIECEWISE_BEZIER_KNOTS.);
#7154 = CARTESIAN_POINT('',(1.013696570164,-1.360626550455,0.5510001));
#7155 = CARTESIAN_POINT('',(1.013696570164,-1.360626550455,0.5500001));
#7156 = ORIENTED_EDGE('',*,*,#926,.F.);
#7157 = B_SPLINE_SURFACE_WITH_KNOTS('',3,1,(
    (#7158,#7159)
    ,(#7160,#7161)
    ,(#7162,#7163)
    ,(#7164,#7165
    )),.UNSPECIFIED.,.F.,.F.,.F.,(4,4),(2,2),(14.,15.),(0.,1.),
  .PIECEWISE_BEZIER_KNOTS.);
#7158 = CARTESIAN_POINT('',(1.008705732166,-1.370525045819,0.5510001));
#7159 = CARTESIAN_POINT('',(1.008705732166,-1.370525045819,0.5500001));
#7160 = CARTESIAN_POINT('',(1.010702067365,-1.36540943687,0.5510001));
#7161 = CARTESIAN_POINT('',(1.010702067365,-1.36540943687,0.5500001));
#7162 = CARTESIAN_POINT('',(1.012365680031,-1.362123801855,0.5510001));
#7163 = CARTESIAN_POINT('',(1.012365680031,-1.362123801855,0.5500001));
#7164 = CARTESIAN_POINT('',(1.013696570164,-1.360626550455,0.5510001));
#7165 = CARTESIAN_POINT('',(1.013696570164,-1.360626550455,0.5500001));
#7166 = ADVANCED_FACE('',(#7167),#7185,.F.);
#7167 = FACE_BOUND('',#7168,.F.);
#7168 = EDGE_LOOP('',(#7169,#7170,#7179,#7184));
#7169 = ORIENTED_EDGE('',*,*,#7152,.F.);
#7170 = ORIENTED_EDGE('',*,*,#7171,.T.);
#7171 = EDGE_CURVE('',#7144,#7172,#7174,.T.);
#7172 = VERTEX_POINT('',#7173);
#7173 = CARTESIAN_POINT('',(1.019103311329,-1.358401468514,0.5510001));
#7174 = B_SPLINE_CURVE_WITH_KNOTS('',3,(#7175,#7176,#7177,#7178),
  .UNSPECIFIED.,.F.,.F.,(4,4),(13.,14.),.PIECEWISE_BEZIER_KNOTS.);
#7175 = CARTESIAN_POINT('',(1.013696570164,-1.360626550455,0.5510001));
#7176 = CARTESIAN_POINT('',(1.01498586998,-1.359150094214,0.5510001));
#7177 = CARTESIAN_POINT('',(1.016774253596,-1.358401468514,0.5510001));
#7178 = CARTESIAN_POINT('',(1.019103311329,-1.358401468514,0.5510001));
#7179 = ORIENTED_EDGE('',*,*,#7180,.T.);
#7180 = EDGE_CURVE('',#7172,#909,#7181,.T.);
#7181 = B_SPLINE_CURVE_WITH_KNOTS('',1,(#7182,#7183),.UNSPECIFIED.,.F.,
  .F.,(2,2),(-0.,9.999999999999E-04),.PIECEWISE_BEZIER_KNOTS.);
#7182 = CARTESIAN_POINT('',(1.019103311329,-1.358401468514,0.5510001));
#7183 = CARTESIAN_POINT('',(1.019103311329,-1.358401468514,0.5500001));
#7184 = ORIENTED_EDGE('',*,*,#917,.F.);
#7185 = B_SPLINE_SURFACE_WITH_KNOTS('',3,1,(
    (#7186,#7187)
    ,(#7188,#7189)
    ,(#7190,#7191)
    ,(#7192,#7193
    )),.UNSPECIFIED.,.F.,.F.,.F.,(4,4),(2,2),(13.,14.),(0.,1.),
  .PIECEWISE_BEZIER_KNOTS.);
#7186 = CARTESIAN_POINT('',(1.013696570164,-1.360626550455,0.5510001));
#7187 = CARTESIAN_POINT('',(1.013696570164,-1.360626550455,0.5500001));
#7188 = CARTESIAN_POINT('',(1.01498586998,-1.359150094214,0.5510001));
#7189 = CARTESIAN_POINT('',(1.01498586998,-1.359150094214,0.5500001));
#7190 = CARTESIAN_POINT('',(1.016774253596,-1.358401468514,0.5510001));
#7191 = CARTESIAN_POINT('',(1.016774253596,-1.358401468514,0.5500001));
#7192 = CARTESIAN_POINT('',(1.019103311329,-1.358401468514,0.5510001));
#7193 = CARTESIAN_POINT('',(1.019103311329,-1.358401468514,0.5500001));
#7194 = ADVANCED_FACE('',(#7195),#7213,.F.);
#7195 = FACE_BOUND('',#7196,.F.);
#7196 = EDGE_LOOP('',(#7197,#7198,#7207,#7212));
#7197 = ORIENTED_EDGE('',*,*,#7180,.F.);
#7198 = ORIENTED_EDGE('',*,*,#7199,.T.);
#7199 = EDGE_CURVE('',#7172,#7200,#7202,.T.);
#7200 = VERTEX_POINT('',#7201);
#7201 = CARTESIAN_POINT('',(1.024759594393,-1.361499947105,0.5510001));
#7202 = B_SPLINE_CURVE_WITH_KNOTS('',3,(#7203,#7204,#7205,#7206),
  .UNSPECIFIED.,.F.,.F.,(4,4),(12.,13.),.PIECEWISE_BEZIER_KNOTS.);
#7203 = CARTESIAN_POINT('',(1.019103311329,-1.358401468514,0.5510001));
#7204 = CARTESIAN_POINT('',(1.021432369061,-1.358401468514,0.5510001));
#7205 = CARTESIAN_POINT('',(1.023345523627,-1.359441226431,0.5510001));
#7206 = CARTESIAN_POINT('',(1.024759594393,-1.361499947105,0.5510001));
#7207 = ORIENTED_EDGE('',*,*,#7208,.T.);
#7208 = EDGE_CURVE('',#7200,#900,#7209,.T.);
#7209 = B_SPLINE_CURVE_WITH_KNOTS('',1,(#7210,#7211),.UNSPECIFIED.,.F.,
  .F.,(2,2),(-0.,9.999999999999E-04),.PIECEWISE_BEZIER_KNOTS.);
#7210 = CARTESIAN_POINT('',(1.024759594393,-1.361499947105,0.5510001));
#7211 = CARTESIAN_POINT('',(1.024759594393,-1.361499947105,0.5500001));
#7212 = ORIENTED_EDGE('',*,*,#908,.F.);
#7213 = B_SPLINE_SURFACE_WITH_KNOTS('',3,1,(
    (#7214,#7215)
    ,(#7216,#7217)
    ,(#7218,#7219)
    ,(#7220,#7221
    )),.UNSPECIFIED.,.F.,.F.,.F.,(4,4),(2,2),(12.,13.),(0.,1.),
  .PIECEWISE_BEZIER_KNOTS.);
#7214 = CARTESIAN_POINT('',(1.019103311329,-1.358401468514,0.5510001));
#7215 = CARTESIAN_POINT('',(1.019103311329,-1.358401468514,0.5500001));
#7216 = CARTESIAN_POINT('',(1.021432369061,-1.358401468514,0.5510001));
#7217 = CARTESIAN_POINT('',(1.021432369061,-1.358401468514,0.5500001));
#7218 = CARTESIAN_POINT('',(1.023345523627,-1.359441226431,0.5510001));
#7219 = CARTESIAN_POINT('',(1.023345523627,-1.359441226431,0.5500001));
#7220 = CARTESIAN_POINT('',(1.024759594393,-1.361499947105,0.5510001));
#7221 = CARTESIAN_POINT('',(1.024759594393,-1.361499947105,0.5500001));
#7222 = ADVANCED_FACE('',(#7223),#7241,.F.);
#7223 = FACE_BOUND('',#7224,.F.);
#7224 = EDGE_LOOP('',(#7225,#7226,#7235,#7240));
#7225 = ORIENTED_EDGE('',*,*,#7208,.F.);
#7226 = ORIENTED_EDGE('',*,*,#7227,.T.);
#7227 = EDGE_CURVE('',#7200,#7228,#7230,.T.);
#7228 = VERTEX_POINT('',#7229);
#7229 = CARTESIAN_POINT('',(1.02692229086,-1.369526878219,0.5510001));
#7230 = B_SPLINE_CURVE_WITH_KNOTS('',3,(#7231,#7232,#7233,#7234),
  .UNSPECIFIED.,.F.,.F.,(4,4),(11.,12.),.PIECEWISE_BEZIER_KNOTS.);
#7231 = CARTESIAN_POINT('',(1.024759594393,-1.361499947105,0.5510001));
#7232 = CARTESIAN_POINT('',(1.026215255476,-1.363558667779,0.5510001));
#7233 = CARTESIAN_POINT('',(1.02692229086,-1.366241243204,0.5510001));
#7234 = CARTESIAN_POINT('',(1.02692229086,-1.369526878219,0.5510001));
#7235 = ORIENTED_EDGE('',*,*,#7236,.T.);
#7236 = EDGE_CURVE('',#7228,#891,#7237,.T.);
#7237 = B_SPLINE_CURVE_WITH_KNOTS('',1,(#7238,#7239),.UNSPECIFIED.,.F.,
  .F.,(2,2),(-0.,9.999999999999E-04),.PIECEWISE_BEZIER_KNOTS.);
#7238 = CARTESIAN_POINT('',(1.02692229086,-1.369526878219,0.5510001));
#7239 = CARTESIAN_POINT('',(1.02692229086,-1.369526878219,0.5500001));
#7240 = ORIENTED_EDGE('',*,*,#899,.F.);
#7241 = B_SPLINE_SURFACE_WITH_KNOTS('',3,1,(
    (#7242,#7243)
    ,(#7244,#7245)
    ,(#7246,#7247)
    ,(#7248,#7249
    )),.UNSPECIFIED.,.F.,.F.,.F.,(4,4),(2,2),(11.,12.),(0.,1.),
  .PIECEWISE_BEZIER_KNOTS.);
#7242 = CARTESIAN_POINT('',(1.024759594393,-1.361499947105,0.5510001));
#7243 = CARTESIAN_POINT('',(1.024759594393,-1.361499947105,0.5500001));
#7244 = CARTESIAN_POINT('',(1.026215255476,-1.363558667779,0.5510001));
#7245 = CARTESIAN_POINT('',(1.026215255476,-1.363558667779,0.5500001));
#7246 = CARTESIAN_POINT('',(1.02692229086,-1.366241243204,0.5510001));
#7247 = CARTESIAN_POINT('',(1.02692229086,-1.366241243204,0.5500001));
#7248 = CARTESIAN_POINT('',(1.02692229086,-1.369526878219,0.5510001));
#7249 = CARTESIAN_POINT('',(1.02692229086,-1.369526878219,0.5500001));
#7250 = ADVANCED_FACE('',(#7251),#7269,.F.);
#7251 = FACE_BOUND('',#7252,.F.);
#7252 = EDGE_LOOP('',(#7253,#7254,#7263,#7268));
#7253 = ORIENTED_EDGE('',*,*,#7236,.F.);
#7254 = ORIENTED_EDGE('',*,*,#7255,.T.);
#7255 = EDGE_CURVE('',#7228,#7256,#7258,.T.);
#7256 = VERTEX_POINT('',#7257);
#7257 = CARTESIAN_POINT('',(1.022721668878,-1.384291440631,0.5510001));
#7258 = B_SPLINE_CURVE_WITH_KNOTS('',3,(#7259,#7260,#7261,#7262),
  .UNSPECIFIED.,.F.,.F.,(4,4),(10.,11.),.PIECEWISE_BEZIER_KNOTS.);
#7259 = CARTESIAN_POINT('',(1.02692229086,-1.369526878219,0.5510001));
#7260 = CARTESIAN_POINT('',(1.02692229086,-1.375037595176,0.5510001));
#7261 = CARTESIAN_POINT('',(1.025508220093,-1.379945252541,0.5510001));
#7262 = CARTESIAN_POINT('',(1.022721668878,-1.384291440631,0.5510001));
#7263 = ORIENTED_EDGE('',*,*,#7264,.T.);
#7264 = EDGE_CURVE('',#7256,#884,#7265,.T.);
#7265 = B_SPLINE_CURVE_WITH_KNOTS('',1,(#7266,#7267),.UNSPECIFIED.,.F.,
  .F.,(2,2),(-0.,9.999999999999E-04),.PIECEWISE_BEZIER_KNOTS.);
#7266 = CARTESIAN_POINT('',(1.022721668878,-1.384291440631,0.5510001));
#7267 = CARTESIAN_POINT('',(1.022721668878,-1.384291440631,0.5500001));
#7268 = ORIENTED_EDGE('',*,*,#890,.F.);
#7269 = B_SPLINE_SURFACE_WITH_KNOTS('',3,1,(
    (#7270,#7271)
    ,(#7272,#7273)
    ,(#7274,#7275)
    ,(#7276,#7277
    )),.UNSPECIFIED.,.F.,.F.,.F.,(4,4),(2,2),(10.,11.),(0.,1.),
  .PIECEWISE_BEZIER_KNOTS.);
#7270 = CARTESIAN_POINT('',(1.02692229086,-1.369526878219,0.5510001));
#7271 = CARTESIAN_POINT('',(1.02692229086,-1.369526878219,0.5500001));
#7272 = CARTESIAN_POINT('',(1.02692229086,-1.375037595176,0.5510001));
#7273 = CARTESIAN_POINT('',(1.02692229086,-1.375037595176,0.5500001));
#7274 = CARTESIAN_POINT('',(1.025508220093,-1.379945252541,0.5510001));
#7275 = CARTESIAN_POINT('',(1.025508220093,-1.379945252541,0.5500001));
#7276 = CARTESIAN_POINT('',(1.022721668878,-1.384291440631,0.5510001));
#7277 = CARTESIAN_POINT('',(1.022721668878,-1.384291440631,0.5500001));
#7278 = ADVANCED_FACE('',(#7279),#7295,.F.);
#7279 = FACE_BOUND('',#7280,.T.);
#7280 = EDGE_LOOP('',(#7281,#7282,#7289,#7294));
#7281 = ORIENTED_EDGE('',*,*,#883,.T.);
#7282 = ORIENTED_EDGE('',*,*,#7283,.F.);
#7283 = EDGE_CURVE('',#7284,#875,#7286,.T.);
#7284 = VERTEX_POINT('',#7285);
#7285 = CARTESIAN_POINT('',(1.032620164241,-1.384291440631,0.5510001));
#7286 = B_SPLINE_CURVE_WITH_KNOTS('',1,(#7287,#7288),.UNSPECIFIED.,.F.,
  .F.,(2,2),(-0.,1.E-03),.PIECEWISE_BEZIER_KNOTS.);
#7287 = CARTESIAN_POINT('',(1.032620164241,-1.384291440631,0.5510001));
#7288 = CARTESIAN_POINT('',(1.032620164241,-1.384291440631,0.5500001));
#7289 = ORIENTED_EDGE('',*,*,#7290,.F.);
#7290 = EDGE_CURVE('',#7256,#7284,#7291,.T.);
#7291 = B_SPLINE_CURVE_WITH_KNOTS('',1,(#7292,#7293),.UNSPECIFIED.,.F.,
  .F.,(2,2),(-9.898495363145E-03,0.),.PIECEWISE_BEZIER_KNOTS.);
#7292 = CARTESIAN_POINT('',(1.022721668878,-1.384291440631,0.5510001));
#7293 = CARTESIAN_POINT('',(1.032620164241,-1.384291440631,0.5510001));
#7294 = ORIENTED_EDGE('',*,*,#7264,.T.);
#7295 = B_SPLINE_SURFACE_WITH_KNOTS('',1,1,(
    (#7296,#7297)
    ,(#7298,#7299)),.UNSPECIFIED.,.F.,.F.,.F.,(2,2),(2,2),(-1.E-03,0.),(
    -9.898495363145E-03,0.),.PIECEWISE_BEZIER_KNOTS.);
#7296 = CARTESIAN_POINT('',(1.022721668878,-1.384291440631,0.5500001));
#7297 = CARTESIAN_POINT('',(1.032620164241,-1.384291440631,0.5500001));
#7298 = CARTESIAN_POINT('',(1.022721668878,-1.384291440631,0.5510001));
#7299 = CARTESIAN_POINT('',(1.032620164241,-1.384291440631,0.5510001));
#7300 = ADVANCED_FACE('',(#7301),#7319,.F.);
#7301 = FACE_BOUND('',#7302,.F.);
#7302 = EDGE_LOOP('',(#7303,#7304,#7313,#7318));
#7303 = ORIENTED_EDGE('',*,*,#7283,.F.);
#7304 = ORIENTED_EDGE('',*,*,#7305,.T.);
#7305 = EDGE_CURVE('',#7284,#7306,#7308,.T.);
#7306 = VERTEX_POINT('',#7307);
#7307 = CARTESIAN_POINT('',(1.035198763874,-1.370525045819,0.5510001));
#7308 = B_SPLINE_CURVE_WITH_KNOTS('',3,(#7309,#7310,#7311,#7312),
  .UNSPECIFIED.,.F.,.F.,(4,4),(8.,9.),.PIECEWISE_BEZIER_KNOTS.);
#7309 = CARTESIAN_POINT('',(1.032620164241,-1.384291440631,0.5510001));
#7310 = CARTESIAN_POINT('',(1.03436695754,-1.380049228332,0.5510001));
#7311 = CARTESIAN_POINT('',(1.035198763874,-1.3754742935,0.5510001));
#7312 = CARTESIAN_POINT('',(1.035198763874,-1.370525045819,0.5510001));
#7313 = ORIENTED_EDGE('',*,*,#7314,.T.);
#7314 = EDGE_CURVE('',#7306,#866,#7315,.T.);
#7315 = B_SPLINE_CURVE_WITH_KNOTS('',1,(#7316,#7317),.UNSPECIFIED.,.F.,
  .F.,(2,2),(-0.,9.999999999999E-04),.PIECEWISE_BEZIER_KNOTS.);
#7316 = CARTESIAN_POINT('',(1.035198763874,-1.370525045819,0.5510001));
#7317 = CARTESIAN_POINT('',(1.035198763874,-1.370525045819,0.5500001));
#7318 = ORIENTED_EDGE('',*,*,#874,.F.);
#7319 = B_SPLINE_SURFACE_WITH_KNOTS('',3,1,(
    (#7320,#7321)
    ,(#7322,#7323)
    ,(#7324,#7325)
    ,(#7326,#7327
    )),.UNSPECIFIED.,.F.,.F.,.F.,(4,4),(2,2),(8.,9.),(0.,1.),
  .PIECEWISE_BEZIER_KNOTS.);
#7320 = CARTESIAN_POINT('',(1.032620164241,-1.384291440631,0.5510001));
#7321 = CARTESIAN_POINT('',(1.032620164241,-1.384291440631,0.5500001));
#7322 = CARTESIAN_POINT('',(1.03436695754,-1.380049228332,0.5510001));
#7323 = CARTESIAN_POINT('',(1.03436695754,-1.380049228332,0.5500001));
#7324 = CARTESIAN_POINT('',(1.035198763874,-1.3754742935,0.5510001));
#7325 = CARTESIAN_POINT('',(1.035198763874,-1.3754742935,0.5500001));
#7326 = CARTESIAN_POINT('',(1.035198763874,-1.370525045819,0.5510001));
#7327 = CARTESIAN_POINT('',(1.035198763874,-1.370525045819,0.5500001));
#7328 = ADVANCED_FACE('',(#7329),#7347,.F.);
#7329 = FACE_BOUND('',#7330,.F.);
#7330 = EDGE_LOOP('',(#7331,#7332,#7341,#7346));
#7331 = ORIENTED_EDGE('',*,*,#7314,.F.);
#7332 = ORIENTED_EDGE('',*,*,#7333,.T.);
#7333 = EDGE_CURVE('',#7306,#7334,#7336,.T.);
#7334 = VERTEX_POINT('',#7335);
#7335 = CARTESIAN_POINT('',(1.030582238725,-1.354429593274,0.5510001));
#7336 = B_SPLINE_CURVE_WITH_KNOTS('',3,(#7337,#7338,#7339,#7340),
  .UNSPECIFIED.,.F.,.F.,(4,4),(7.,8.),.PIECEWISE_BEZIER_KNOTS.);
#7337 = CARTESIAN_POINT('',(1.035198763874,-1.370525045819,0.5510001));
#7338 = CARTESIAN_POINT('',(1.035198763874,-1.364161727371,0.5510001));
#7339 = CARTESIAN_POINT('',(1.033659922158,-1.358796576523,0.5510001));
#7340 = CARTESIAN_POINT('',(1.030582238725,-1.354429593274,0.5510001));
#7341 = ORIENTED_EDGE('',*,*,#7342,.T.);
#7342 = EDGE_CURVE('',#7334,#857,#7343,.T.);
#7343 = B_SPLINE_CURVE_WITH_KNOTS('',1,(#7344,#7345),.UNSPECIFIED.,.F.,
  .F.,(2,2),(-0.,9.999999999999E-04),.PIECEWISE_BEZIER_KNOTS.);
#7344 = CARTESIAN_POINT('',(1.030582238725,-1.354429593274,0.5510001));
#7345 = CARTESIAN_POINT('',(1.030582238725,-1.354429593274,0.5500001));
#7346 = ORIENTED_EDGE('',*,*,#865,.F.);
#7347 = B_SPLINE_SURFACE_WITH_KNOTS('',3,1,(
    (#7348,#7349)
    ,(#7350,#7351)
    ,(#7352,#7353)
    ,(#7354,#7355
    )),.UNSPECIFIED.,.F.,.F.,.F.,(4,4),(2,2),(7.,8.),(0.,1.),
  .PIECEWISE_BEZIER_KNOTS.);
#7348 = CARTESIAN_POINT('',(1.035198763874,-1.370525045819,0.5510001));
#7349 = CARTESIAN_POINT('',(1.035198763874,-1.370525045819,0.5500001));
#7350 = CARTESIAN_POINT('',(1.035198763874,-1.364161727371,0.5510001));
#7351 = CARTESIAN_POINT('',(1.035198763874,-1.364161727371,0.5500001));
#7352 = CARTESIAN_POINT('',(1.033659922158,-1.358796576523,0.5510001));
#7353 = CARTESIAN_POINT('',(1.033659922158,-1.358796576523,0.5500001));
#7354 = CARTESIAN_POINT('',(1.030582238725,-1.354429593274,0.5510001));
#7355 = CARTESIAN_POINT('',(1.030582238725,-1.354429593274,0.5500001));
#7356 = ADVANCED_FACE('',(#7357),#7375,.F.);
#7357 = FACE_BOUND('',#7358,.F.);
#7358 = EDGE_LOOP('',(#7359,#7360,#7369,#7374));
#7359 = ORIENTED_EDGE('',*,*,#7342,.F.);
#7360 = ORIENTED_EDGE('',*,*,#7361,.T.);
#7361 = EDGE_CURVE('',#7334,#7362,#7364,.T.);
#7362 = VERTEX_POINT('',#7363);
#7363 = CARTESIAN_POINT('',(1.018188324363,-1.34789991356,0.5510001));
#7364 = B_SPLINE_CURVE_WITH_KNOTS('',3,(#7365,#7366,#7367,#7368),
  .UNSPECIFIED.,.F.,.F.,(4,4),(6.,7.),.PIECEWISE_BEZIER_KNOTS.);
#7365 = CARTESIAN_POINT('',(1.030582238725,-1.354429593274,0.5510001));
#7366 = CARTESIAN_POINT('',(1.027462964976,-1.350083405184,0.5510001));
#7367 = CARTESIAN_POINT('',(1.023345523627,-1.34789991356,0.5510001));
#7368 = CARTESIAN_POINT('',(1.018188324363,-1.34789991356,0.5510001));
#7369 = ORIENTED_EDGE('',*,*,#7370,.T.);
#7370 = EDGE_CURVE('',#7362,#848,#7371,.T.);
#7371 = B_SPLINE_CURVE_WITH_KNOTS('',1,(#7372,#7373),.UNSPECIFIED.,.F.,
  .F.,(2,2),(-0.,9.999999999999E-04),.PIECEWISE_BEZIER_KNOTS.);
#7372 = CARTESIAN_POINT('',(1.018188324363,-1.34789991356,0.5510001));
#7373 = CARTESIAN_POINT('',(1.018188324363,-1.34789991356,0.5500001));
#7374 = ORIENTED_EDGE('',*,*,#856,.F.);
#7375 = B_SPLINE_SURFACE_WITH_KNOTS('',3,1,(
    (#7376,#7377)
    ,(#7378,#7379)
    ,(#7380,#7381)
    ,(#7382,#7383
    )),.UNSPECIFIED.,.F.,.F.,.F.,(4,4),(2,2),(6.,7.),(0.,1.),
  .PIECEWISE_BEZIER_KNOTS.);
#7376 = CARTESIAN_POINT('',(1.030582238725,-1.354429593274,0.5510001));
#7377 = CARTESIAN_POINT('',(1.030582238725,-1.354429593274,0.5500001));
#7378 = CARTESIAN_POINT('',(1.027462964976,-1.350083405184,0.5510001));
#7379 = CARTESIAN_POINT('',(1.027462964976,-1.350083405184,0.5500001));
#7380 = CARTESIAN_POINT('',(1.023345523627,-1.34789991356,0.5510001));
#7381 = CARTESIAN_POINT('',(1.023345523627,-1.34789991356,0.5500001));
#7382 = CARTESIAN_POINT('',(1.018188324363,-1.34789991356,0.5510001));
#7383 = CARTESIAN_POINT('',(1.018188324363,-1.34789991356,0.5500001));
#7384 = ADVANCED_FACE('',(#7385),#7403,.F.);
#7385 = FACE_BOUND('',#7386,.F.);
#7386 = EDGE_LOOP('',(#7387,#7388,#7397,#7402));
#7387 = ORIENTED_EDGE('',*,*,#7370,.F.);
#7388 = ORIENTED_EDGE('',*,*,#7389,.T.);
#7389 = EDGE_CURVE('',#7362,#7390,#7392,.T.);
#7390 = VERTEX_POINT('',#7391);
#7391 = CARTESIAN_POINT('',(1.008996864382,-1.350790440567,0.5510001));
#7392 = B_SPLINE_CURVE_WITH_KNOTS('',3,(#7393,#7394,#7395,#7396),
  .UNSPECIFIED.,.F.,.F.,(4,4),(5.,6.),.PIECEWISE_BEZIER_KNOTS.);
#7393 = CARTESIAN_POINT('',(1.018188324363,-1.34789991356,0.5510001));
#7394 = CARTESIAN_POINT('',(1.01461155713,-1.34789991356,0.5510001));
#7395 = CARTESIAN_POINT('',(1.011533873698,-1.348856490843,0.5510001));
#7396 = CARTESIAN_POINT('',(1.008996864382,-1.350790440567,0.5510001));
#7397 = ORIENTED_EDGE('',*,*,#7398,.T.);
#7398 = EDGE_CURVE('',#7390,#839,#7399,.T.);
#7399 = B_SPLINE_CURVE_WITH_KNOTS('',1,(#7400,#7401),.UNSPECIFIED.,.F.,
  .F.,(2,2),(-0.,9.999999999999E-04),.PIECEWISE_BEZIER_KNOTS.);
#7400 = CARTESIAN_POINT('',(1.008996864382,-1.350790440567,0.5510001));
#7401 = CARTESIAN_POINT('',(1.008996864382,-1.350790440567,0.5500001));
#7402 = ORIENTED_EDGE('',*,*,#847,.F.);
#7403 = B_SPLINE_SURFACE_WITH_KNOTS('',3,1,(
    (#7404,#7405)
    ,(#7406,#7407)
    ,(#7408,#7409)
    ,(#7410,#7411
    )),.UNSPECIFIED.,.F.,.F.,.F.,(4,4),(2,2),(5.,6.),(0.,1.),
  .PIECEWISE_BEZIER_KNOTS.);
#7404 = CARTESIAN_POINT('',(1.018188324363,-1.34789991356,0.5510001));
#7405 = CARTESIAN_POINT('',(1.018188324363,-1.34789991356,0.5500001));
#7406 = CARTESIAN_POINT('',(1.01461155713,-1.34789991356,0.5510001));
#7407 = CARTESIAN_POINT('',(1.01461155713,-1.34789991356,0.5500001));
#7408 = CARTESIAN_POINT('',(1.011533873698,-1.348856490843,0.5510001));
#7409 = CARTESIAN_POINT('',(1.011533873698,-1.348856490843,0.5500001));
#7410 = CARTESIAN_POINT('',(1.008996864382,-1.350790440567,0.5510001));
#7411 = CARTESIAN_POINT('',(1.008996864382,-1.350790440567,0.5500001));
#7412 = ADVANCED_FACE('',(#7413),#7431,.F.);
#7413 = FACE_BOUND('',#7414,.F.);
#7414 = EDGE_LOOP('',(#7415,#7416,#7425,#7430));
#7415 = ORIENTED_EDGE('',*,*,#7398,.F.);
#7416 = ORIENTED_EDGE('',*,*,#7417,.T.);
#7417 = EDGE_CURVE('',#7390,#7418,#7420,.T.);
#7418 = VERTEX_POINT('',#7419);
#7419 = CARTESIAN_POINT('',(1.001302655801,-1.363329921038,0.5510001));
#7420 = B_SPLINE_CURVE_WITH_KNOTS('',3,(#7421,#7422,#7423,#7424),
  .UNSPECIFIED.,.F.,.F.,(4,4),(4.,5.),.PIECEWISE_BEZIER_KNOTS.);
#7421 = CARTESIAN_POINT('',(1.008996864382,-1.350790440567,0.5510001));
#7422 = CARTESIAN_POINT('',(1.006459855067,-1.352703595133,0.5510001));
#7423 = CARTESIAN_POINT('',(1.003881255434,-1.356904217115,0.5510001));
#7424 = CARTESIAN_POINT('',(1.001302655801,-1.363329921038,0.5510001));
#7425 = ORIENTED_EDGE('',*,*,#7426,.T.);
#7426 = EDGE_CURVE('',#7418,#830,#7427,.T.);
#7427 = B_SPLINE_CURVE_WITH_KNOTS('',1,(#7428,#7429),.UNSPECIFIED.,.F.,
  .F.,(2,2),(-0.,9.999999999999E-04),.PIECEWISE_BEZIER_KNOTS.);
#7428 = CARTESIAN_POINT('',(1.001302655801,-1.363329921038,0.5510001));
#7429 = CARTESIAN_POINT('',(1.001302655801,-1.363329921038,0.5500001));
#7430 = ORIENTED_EDGE('',*,*,#838,.F.);
#7431 = B_SPLINE_SURFACE_WITH_KNOTS('',3,1,(
    (#7432,#7433)
    ,(#7434,#7435)
    ,(#7436,#7437)
    ,(#7438,#7439
    )),.UNSPECIFIED.,.F.,.F.,.F.,(4,4),(2,2),(4.,5.),(0.,1.),
  .PIECEWISE_BEZIER_KNOTS.);
#7432 = CARTESIAN_POINT('',(1.008996864382,-1.350790440567,0.5510001));
#7433 = CARTESIAN_POINT('',(1.008996864382,-1.350790440567,0.5500001));
#7434 = CARTESIAN_POINT('',(1.006459855067,-1.352703595133,0.5510001));
#7435 = CARTESIAN_POINT('',(1.006459855067,-1.352703595133,0.5500001));
#7436 = CARTESIAN_POINT('',(1.003881255434,-1.356904217115,0.5510001));
#7437 = CARTESIAN_POINT('',(1.003881255434,-1.356904217115,0.5500001));
#7438 = CARTESIAN_POINT('',(1.001302655801,-1.363329921038,0.5510001));
#7439 = CARTESIAN_POINT('',(1.001302655801,-1.363329921038,0.5500001));
#7440 = ADVANCED_FACE('',(#7441),#7459,.F.);
#7441 = FACE_BOUND('',#7442,.F.);
#7442 = EDGE_LOOP('',(#7443,#7444,#7453,#7458));
#7443 = ORIENTED_EDGE('',*,*,#7426,.F.);
#7444 = ORIENTED_EDGE('',*,*,#7445,.T.);
#7445 = EDGE_CURVE('',#7418,#7446,#7448,.T.);
#7446 = VERTEX_POINT('',#7447);
#7447 = CARTESIAN_POINT('',(0.99610386622,-1.373997837259,0.5510001));
#7448 = B_SPLINE_CURVE_WITH_KNOTS('',3,(#7449,#7450,#7451,#7452),
  .UNSPECIFIED.,.F.,.F.,(4,4),(3.,4.),.PIECEWISE_BEZIER_KNOTS.);
#7449 = CARTESIAN_POINT('',(1.001302655801,-1.363329921038,0.5510001));
#7450 = CARTESIAN_POINT('',(0.999306320602,-1.368695071886,0.5510001));
#7451 = CARTESIAN_POINT('',(0.997559527303,-1.37225104396,0.5510001));
#7452 = CARTESIAN_POINT('',(0.99610386622,-1.373997837259,0.5510001));
#7453 = ORIENTED_EDGE('',*,*,#7454,.T.);
#7454 = EDGE_CURVE('',#7446,#821,#7455,.T.);
#7455 = B_SPLINE_CURVE_WITH_KNOTS('',1,(#7456,#7457),.UNSPECIFIED.,.F.,
  .F.,(2,2),(-0.,9.999999999999E-04),.PIECEWISE_BEZIER_KNOTS.);
#7456 = CARTESIAN_POINT('',(0.99610386622,-1.373997837259,0.5510001));
#7457 = CARTESIAN_POINT('',(0.99610386622,-1.373997837259,0.5500001));
#7458 = ORIENTED_EDGE('',*,*,#829,.F.);
#7459 = B_SPLINE_SURFACE_WITH_KNOTS('',3,1,(
    (#7460,#7461)
    ,(#7462,#7463)
    ,(#7464,#7465)
    ,(#7466,#7467
    )),.UNSPECIFIED.,.F.,.F.,.F.,(4,4),(2,2),(3.,4.),(0.,1.),
  .PIECEWISE_BEZIER_KNOTS.);
#7460 = CARTESIAN_POINT('',(1.001302655801,-1.363329921038,0.5510001));
#7461 = CARTESIAN_POINT('',(1.001302655801,-1.363329921038,0.5500001));
#7462 = CARTESIAN_POINT('',(0.999306320602,-1.368695071886,0.5510001));
#7463 = CARTESIAN_POINT('',(0.999306320602,-1.368695071886,0.5500001));
#7464 = CARTESIAN_POINT('',(0.997559527303,-1.37225104396,0.5510001));
#7465 = CARTESIAN_POINT('',(0.997559527303,-1.37225104396,0.5500001));
#7466 = CARTESIAN_POINT('',(0.99610386622,-1.373997837259,0.5510001));
#7467 = CARTESIAN_POINT('',(0.99610386622,-1.373997837259,0.5500001));
#7468 = ADVANCED_FACE('',(#7469),#7487,.F.);
#7469 = FACE_BOUND('',#7470,.F.);
#7470 = EDGE_LOOP('',(#7471,#7472,#7481,#7486));
#7471 = ORIENTED_EDGE('',*,*,#7454,.F.);
#7472 = ORIENTED_EDGE('',*,*,#7473,.T.);
#7473 = EDGE_CURVE('',#7446,#7474,#7476,.T.);
#7474 = VERTEX_POINT('',#7475);
#7475 = CARTESIAN_POINT('',(0.990572354105,-1.376618027208,0.5510001));
#7476 = B_SPLINE_CURVE_WITH_KNOTS('',3,(#7477,#7478,#7479,#7480),
  .UNSPECIFIED.,.F.,.F.,(4,4),(2.,3.),.PIECEWISE_BEZIER_KNOTS.);
#7477 = CARTESIAN_POINT('',(0.99610386622,-1.373997837259,0.5510001));
#7478 = CARTESIAN_POINT('',(0.994648205137,-1.375744630559,0.5510001));
#7479 = CARTESIAN_POINT('',(0.992818231205,-1.376618027208,0.5510001));
#7480 = CARTESIAN_POINT('',(0.990572354105,-1.376618027208,0.5510001));
#7481 = ORIENTED_EDGE('',*,*,#7482,.T.);
#7482 = EDGE_CURVE('',#7474,#812,#7483,.T.);
#7483 = B_SPLINE_CURVE_WITH_KNOTS('',1,(#7484,#7485),.UNSPECIFIED.,.F.,
  .F.,(2,2),(-0.,9.999999999999E-04),.PIECEWISE_BEZIER_KNOTS.);
#7484 = CARTESIAN_POINT('',(0.990572354105,-1.376618027208,0.5510001));
#7485 = CARTESIAN_POINT('',(0.990572354105,-1.376618027208,0.5500001));
#7486 = ORIENTED_EDGE('',*,*,#820,.F.);
#7487 = B_SPLINE_SURFACE_WITH_KNOTS('',3,1,(
    (#7488,#7489)
    ,(#7490,#7491)
    ,(#7492,#7493)
    ,(#7494,#7495
    )),.UNSPECIFIED.,.F.,.F.,.F.,(4,4),(2,2),(2.,3.),(0.,1.),
  .PIECEWISE_BEZIER_KNOTS.);
#7488 = CARTESIAN_POINT('',(0.99610386622,-1.373997837259,0.5510001));
#7489 = CARTESIAN_POINT('',(0.99610386622,-1.373997837259,0.5500001));
#7490 = CARTESIAN_POINT('',(0.994648205137,-1.375744630559,0.5510001));
#7491 = CARTESIAN_POINT('',(0.994648205137,-1.375744630559,0.5500001));
#7492 = CARTESIAN_POINT('',(0.992818231205,-1.376618027208,0.5510001));
#7493 = CARTESIAN_POINT('',(0.992818231205,-1.376618027208,0.5500001));
#7494 = CARTESIAN_POINT('',(0.990572354105,-1.376618027208,0.5510001));
#7495 = CARTESIAN_POINT('',(0.990572354105,-1.376618027208,0.5500001));
#7496 = ADVANCED_FACE('',(#7497),#7509,.F.);
#7497 = FACE_BOUND('',#7498,.F.);
#7498 = EDGE_LOOP('',(#7499,#7500,#7507,#7508));
#7499 = ORIENTED_EDGE('',*,*,#7482,.F.);
#7500 = ORIENTED_EDGE('',*,*,#7501,.T.);
#7501 = EDGE_CURVE('',#7474,#6947,#7502,.T.);
#7502 = B_SPLINE_CURVE_WITH_KNOTS('',3,(#7503,#7504,#7505,#7506),
  .UNSPECIFIED.,.F.,.F.,(4,4),(1.,2.),.PIECEWISE_BEZIER_KNOTS.);
#7503 = CARTESIAN_POINT('',(0.990572354105,-1.376618027208,0.5510001));
#7504 = CARTESIAN_POINT('',(0.985331974207,-1.376618027208,0.5510001));
#7505 = CARTESIAN_POINT('',(0.982711784258,-1.372604561651,0.5510001));
#7506 = CARTESIAN_POINT('',(0.982711784258,-1.364598425696,0.5510001));
#7507 = ORIENTED_EDGE('',*,*,#6946,.T.);
#7508 = ORIENTED_EDGE('',*,*,#811,.F.);
#7509 = B_SPLINE_SURFACE_WITH_KNOTS('',3,1,(
    (#7510,#7511)
    ,(#7512,#7513)
    ,(#7514,#7515)
    ,(#7516,#7517
    )),.UNSPECIFIED.,.F.,.F.,.F.,(4,4),(2,2),(1.,2.),(0.,1.),
  .PIECEWISE_BEZIER_KNOTS.);
#7510 = CARTESIAN_POINT('',(0.990572354105,-1.376618027208,0.5510001));
#7511 = CARTESIAN_POINT('',(0.990572354105,-1.376618027208,0.5500001));
#7512 = CARTESIAN_POINT('',(0.985331974207,-1.376618027208,0.5510001));
#7513 = CARTESIAN_POINT('',(0.985331974207,-1.376618027208,0.5500001));
#7514 = CARTESIAN_POINT('',(0.982711784258,-1.372604561651,0.5510001));
#7515 = CARTESIAN_POINT('',(0.982711784258,-1.372604561651,0.5500001));
#7516 = CARTESIAN_POINT('',(0.982711784258,-1.364598425696,0.5510001));
#7517 = CARTESIAN_POINT('',(0.982711784258,-1.364598425696,0.5500001));
#7518 = ADVANCED_FACE('',(#7519),#7542,.F.);
#7519 = FACE_BOUND('',#7520,.T.);
#7520 = EDGE_LOOP('',(#7521,#7522,#7523,#7524,#7525,#7526,#7527,#7528,
    #7529,#7530,#7531,#7532,#7533,#7534,#7535,#7536,#7537,#7538,#7539,
    #7540,#7541));
#7521 = ORIENTED_EDGE('',*,*,#6953,.T.);
#7522 = ORIENTED_EDGE('',*,*,#6988,.T.);
#7523 = ORIENTED_EDGE('',*,*,#7003,.T.);
#7524 = ORIENTED_EDGE('',*,*,#7031,.T.);
#7525 = ORIENTED_EDGE('',*,*,#7059,.T.);
#7526 = ORIENTED_EDGE('',*,*,#7087,.T.);
#7527 = ORIENTED_EDGE('',*,*,#7115,.T.);
#7528 = ORIENTED_EDGE('',*,*,#7143,.T.);
#7529 = ORIENTED_EDGE('',*,*,#7171,.T.);
#7530 = ORIENTED_EDGE('',*,*,#7199,.T.);
#7531 = ORIENTED_EDGE('',*,*,#7227,.T.);
#7532 = ORIENTED_EDGE('',*,*,#7255,.T.);
#7533 = ORIENTED_EDGE('',*,*,#7290,.T.);
#7534 = ORIENTED_EDGE('',*,*,#7305,.T.);
#7535 = ORIENTED_EDGE('',*,*,#7333,.T.);
#7536 = ORIENTED_EDGE('',*,*,#7361,.T.);
#7537 = ORIENTED_EDGE('',*,*,#7389,.T.);
#7538 = ORIENTED_EDGE('',*,*,#7417,.T.);
#7539 = ORIENTED_EDGE('',*,*,#7445,.T.);
#7540 = ORIENTED_EDGE('',*,*,#7473,.T.);
#7541 = ORIENTED_EDGE('',*,*,#7501,.T.);
#7542 = B_SPLINE_SURFACE_WITH_KNOTS('',1,1,(
    (#7543,#7544)
    ,(#7545,#7546
    )),.UNSPECIFIED.,.F.,.F.,.F.,(2,2),(2,2),(-5.108330642873E-02,
    9.721736517507E-03),(-3.115634596242E-02,8.084117799301E-03),
  .PIECEWISE_BEZIER_KNOTS.);
#7543 = CARTESIAN_POINT('',(1.035198763874,-1.387077991846,0.5510001));
#7544 = CARTESIAN_POINT('',(1.035198763874,-1.347837528085,0.5510001));
#7545 = CARTESIAN_POINT('',(0.974393720927,-1.387077991846,0.5510001));
#7546 = CARTESIAN_POINT('',(0.974393720927,-1.347837528085,0.5510001));
#7547 = ADVANCED_FACE('',(#7548),#7570,.F.);
#7548 = FACE_BOUND('',#7549,.T.);
#7549 = EDGE_LOOP('',(#7550,#7551,#7558,#7565));
#7550 = ORIENTED_EDGE('',*,*,#80,.T.);
#7551 = ORIENTED_EDGE('',*,*,#7552,.F.);
#7552 = EDGE_CURVE('',#7553,#83,#7555,.T.);
#7553 = VERTEX_POINT('',#7554);
#7554 = CARTESIAN_POINT('',(1.033867873741,-1.437589431422,0.5510001));
#7555 = B_SPLINE_CURVE_WITH_KNOTS('',1,(#7556,#7557),.UNSPECIFIED.,.F.,
  .F.,(2,2),(-0.,1.E-03),.PIECEWISE_BEZIER_KNOTS.);
#7556 = CARTESIAN_POINT('',(1.033867873741,-1.437589431422,0.5510001));
#7557 = CARTESIAN_POINT('',(1.033867873741,-1.437589431422,0.5500001));
#7558 = ORIENTED_EDGE('',*,*,#7559,.F.);
#7559 = EDGE_CURVE('',#7560,#7553,#7562,.T.);
#7560 = VERTEX_POINT('',#7561);
#7561 = CARTESIAN_POINT('',(1.033867873741,-1.448153371851,0.5510001));
#7562 = B_SPLINE_CURVE_WITH_KNOTS('',1,(#7563,#7564),.UNSPECIFIED.,.F.,
  .F.,(2,2),(-1.056394042939E-02,0.),.PIECEWISE_BEZIER_KNOTS.);
#7563 = CARTESIAN_POINT('',(1.033867873741,-1.448153371851,0.5510001));
#7564 = CARTESIAN_POINT('',(1.033867873741,-1.437589431422,0.5510001));
#7565 = ORIENTED_EDGE('',*,*,#7566,.T.);
#7566 = EDGE_CURVE('',#7560,#81,#7567,.T.);
#7567 = B_SPLINE_CURVE_WITH_KNOTS('',1,(#7568,#7569),.UNSPECIFIED.,.F.,
  .F.,(2,2),(-0.,1.E-03),.PIECEWISE_BEZIER_KNOTS.);
#7568 = CARTESIAN_POINT('',(1.033867873741,-1.448153371851,0.5510001));
#7569 = CARTESIAN_POINT('',(1.033867873741,-1.448153371851,0.5500001));
#7570 = B_SPLINE_SURFACE_WITH_KNOTS('',1,1,(
    (#7571,#7572)
    ,(#7573,#7574
    )),.UNSPECIFIED.,.F.,.F.,.F.,(2,2),(2,2),(-2.22044604925E-16,
    1.056394042939E-02),(-1.E-03,0.),.PIECEWISE_BEZIER_KNOTS.);
#7571 = CARTESIAN_POINT('',(1.033867873741,-1.437589431422,0.5500001));
#7572 = CARTESIAN_POINT('',(1.033867873741,-1.437589431422,0.5510001));
#7573 = CARTESIAN_POINT('',(1.033867873741,-1.448153371851,0.5500001));
#7574 = CARTESIAN_POINT('',(1.033867873741,-1.448153371851,0.5510001));
#7575 = ADVANCED_FACE('',(#7576),#7592,.F.);
#7576 = FACE_BOUND('',#7577,.T.);
#7577 = EDGE_LOOP('',(#7578,#7579,#7586,#7591));
#7578 = ORIENTED_EDGE('',*,*,#190,.T.);
#7579 = ORIENTED_EDGE('',*,*,#7580,.F.);
#7580 = EDGE_CURVE('',#7581,#182,#7583,.T.);
#7581 = VERTEX_POINT('',#7582);
#7582 = CARTESIAN_POINT('',(0.990114860622,-1.421722725618,0.5510001));
#7583 = B_SPLINE_CURVE_WITH_KNOTS('',1,(#7584,#7585),.UNSPECIFIED.,.F.,
  .F.,(2,2),(-0.,9.999999999999E-04),.PIECEWISE_BEZIER_KNOTS.);
#7584 = CARTESIAN_POINT('',(0.990114860622,-1.421722725618,0.5510001));
#7585 = CARTESIAN_POINT('',(0.990114860622,-1.421722725618,0.5500001));
#7586 = ORIENTED_EDGE('',*,*,#7587,.F.);
#7587 = EDGE_CURVE('',#7553,#7581,#7588,.T.);
#7588 = B_SPLINE_CURVE_WITH_KNOTS('',1,(#7589,#7590),.UNSPECIFIED.,.F.,
  .F.,(2,2),(-4.654114856777E-02,0.),.PIECEWISE_BEZIER_KNOTS.);
#7589 = CARTESIAN_POINT('',(1.033867873741,-1.437589431422,0.5510001));
#7590 = CARTESIAN_POINT('',(0.990114860622,-1.421722725618,0.5510001));
#7591 = ORIENTED_EDGE('',*,*,#7552,.T.);
#7592 = B_SPLINE_SURFACE_WITH_KNOTS('',1,1,(
    (#7593,#7594)
    ,(#7595,#7596
    )),.UNSPECIFIED.,.F.,.F.,.F.,(2,2),(2,2),(0.,4.654114856777E-02),(
    -1.E-03,0.),.PIECEWISE_BEZIER_KNOTS.);
#7593 = CARTESIAN_POINT('',(0.990114860622,-1.421722725618,0.5500001));
#7594 = CARTESIAN_POINT('',(0.990114860622,-1.421722725618,0.5510001));
#7595 = CARTESIAN_POINT('',(1.033867873741,-1.437589431422,0.5500001));
#7596 = CARTESIAN_POINT('',(1.033867873741,-1.437589431422,0.5510001));
#7597 = ADVANCED_FACE('',(#7598),#7616,.F.);
#7598 = FACE_BOUND('',#7599,.F.);
#7599 = EDGE_LOOP('',(#7600,#7601,#7610,#7615));
#7600 = ORIENTED_EDGE('',*,*,#7580,.F.);
#7601 = ORIENTED_EDGE('',*,*,#7602,.T.);
#7602 = EDGE_CURVE('',#7581,#7603,#7605,.T.);
#7603 = VERTEX_POINT('',#7604);
#7604 = CARTESIAN_POINT('',(0.98541515484,-1.420475016118,0.5510001));
#7605 = B_SPLINE_CURVE_WITH_KNOTS('',3,(#7606,#7607,#7608,#7609),
  .UNSPECIFIED.,.F.,.F.,(4,4),(12.,13.),.PIECEWISE_BEZIER_KNOTS.);
#7606 = CARTESIAN_POINT('',(0.990114860622,-1.421722725618,0.5510001));
#7607 = CARTESIAN_POINT('',(0.988076935106,-1.421098870869,0.5510001));
#7608 = CARTESIAN_POINT('',(0.986496503073,-1.420682967701,0.5510001));
#7609 = CARTESIAN_POINT('',(0.98541515484,-1.420475016118,0.5510001));
#7610 = ORIENTED_EDGE('',*,*,#7611,.T.);
#7611 = EDGE_CURVE('',#7603,#175,#7612,.T.);
#7612 = B_SPLINE_CURVE_WITH_KNOTS('',1,(#7613,#7614),.UNSPECIFIED.,.F.,
  .F.,(2,2),(-0.,1.E-03),.PIECEWISE_BEZIER_KNOTS.);
#7613 = CARTESIAN_POINT('',(0.98541515484,-1.420475016118,0.5510001));
#7614 = CARTESIAN_POINT('',(0.98541515484,-1.420475016118,0.5500001));
#7615 = ORIENTED_EDGE('',*,*,#181,.F.);
#7616 = B_SPLINE_SURFACE_WITH_KNOTS('',3,1,(
    (#7617,#7618)
    ,(#7619,#7620)
    ,(#7621,#7622)
    ,(#7623,#7624
    )),.UNSPECIFIED.,.F.,.F.,.F.,(4,4),(2,2),(12.,13.),(0.,1.),
  .PIECEWISE_BEZIER_KNOTS.);
#7617 = CARTESIAN_POINT('',(0.990114860622,-1.421722725618,0.5510001));
#7618 = CARTESIAN_POINT('',(0.990114860622,-1.421722725618,0.5500001));
#7619 = CARTESIAN_POINT('',(0.988076935106,-1.421098870869,0.5510001));
#7620 = CARTESIAN_POINT('',(0.988076935106,-1.421098870869,0.5500001));
#7621 = CARTESIAN_POINT('',(0.986496503073,-1.420682967701,0.5510001));
#7622 = CARTESIAN_POINT('',(0.986496503073,-1.420682967701,0.5500001));
#7623 = CARTESIAN_POINT('',(0.98541515484,-1.420475016118,0.5510001));
#7624 = CARTESIAN_POINT('',(0.98541515484,-1.420475016118,0.5500001));
#7625 = ADVANCED_FACE('',(#7626),#7642,.F.);
#7626 = FACE_BOUND('',#7627,.T.);
#7627 = EDGE_LOOP('',(#7628,#7629,#7636,#7641));
#7628 = ORIENTED_EDGE('',*,*,#174,.T.);
#7629 = ORIENTED_EDGE('',*,*,#7630,.F.);
#7630 = EDGE_CURVE('',#7631,#168,#7633,.T.);
#7631 = VERTEX_POINT('',#7632);
#7632 = CARTESIAN_POINT('',(0.98541515484,-1.420204679061,0.5510001));
#7633 = B_SPLINE_CURVE_WITH_KNOTS('',1,(#7634,#7635),.UNSPECIFIED.,.F.,
  .F.,(2,2),(-0.,1.E-03),.PIECEWISE_BEZIER_KNOTS.);
#7634 = CARTESIAN_POINT('',(0.98541515484,-1.420204679061,0.5510001));
#7635 = CARTESIAN_POINT('',(0.98541515484,-1.420204679061,0.5500001));
#7636 = ORIENTED_EDGE('',*,*,#7637,.F.);
#7637 = EDGE_CURVE('',#7603,#7631,#7638,.T.);
#7638 = B_SPLINE_CURVE_WITH_KNOTS('',1,(#7639,#7640),.UNSPECIFIED.,.F.,
  .F.,(2,2),(-2.703370579338E-04,0.),.PIECEWISE_BEZIER_KNOTS.);
#7639 = CARTESIAN_POINT('',(0.98541515484,-1.420475016118,0.5510001));
#7640 = CARTESIAN_POINT('',(0.98541515484,-1.420204679061,0.5510001));
#7641 = ORIENTED_EDGE('',*,*,#7611,.T.);
#7642 = B_SPLINE_SURFACE_WITH_KNOTS('',1,1,(
    (#7643,#7644)
    ,(#7645,#7646)),.UNSPECIFIED.,.F.,.F.,.F.,(2,2),(2,2),(-1.E-03,0.),(
    -2.703370579338E-04,0.),.PIECEWISE_BEZIER_KNOTS.);
#7643 = CARTESIAN_POINT('',(0.98541515484,-1.420475016118,0.5500001));
#7644 = CARTESIAN_POINT('',(0.98541515484,-1.420204679061,0.5500001));
#7645 = CARTESIAN_POINT('',(0.98541515484,-1.420475016118,0.5510001));
#7646 = CARTESIAN_POINT('',(0.98541515484,-1.420204679061,0.5510001));
#7647 = ADVANCED_FACE('',(#7648),#7664,.F.);
#7648 = FACE_BOUND('',#7649,.T.);
#7649 = EDGE_LOOP('',(#7650,#7651,#7658,#7663));
#7650 = ORIENTED_EDGE('',*,*,#167,.T.);
#7651 = ORIENTED_EDGE('',*,*,#7652,.F.);
#7652 = EDGE_CURVE('',#7653,#161,#7655,.T.);
#7653 = VERTEX_POINT('',#7654);
#7654 = CARTESIAN_POINT('',(0.990198041255,-1.418956969561,0.5510001));
#7655 = B_SPLINE_CURVE_WITH_KNOTS('',1,(#7656,#7657),.UNSPECIFIED.,.F.,
  .F.,(2,2),(-0.,1.E-03),.PIECEWISE_BEZIER_KNOTS.);
#7656 = CARTESIAN_POINT('',(0.990198041255,-1.418956969561,0.5510001));
#7657 = CARTESIAN_POINT('',(0.990198041255,-1.418956969561,0.5500001));
#7658 = ORIENTED_EDGE('',*,*,#7659,.F.);
#7659 = EDGE_CURVE('',#7631,#7653,#7660,.T.);
#7660 = B_SPLINE_CURVE_WITH_KNOTS('',1,(#7661,#7662),.UNSPECIFIED.,.F.,
  .F.,(2,2),(-4.942952706248E-03,0.),.PIECEWISE_BEZIER_KNOTS.);
#7661 = CARTESIAN_POINT('',(0.98541515484,-1.420204679061,0.5510001));
#7662 = CARTESIAN_POINT('',(0.990198041255,-1.418956969561,0.5510001));
#7663 = ORIENTED_EDGE('',*,*,#7630,.T.);
#7664 = B_SPLINE_SURFACE_WITH_KNOTS('',1,1,(
    (#7665,#7666)
    ,(#7667,#7668
    )),.UNSPECIFIED.,.F.,.F.,.F.,(2,2),(2,2),(-0.,4.942952706248E-03),(
    -1.E-03,0.),.PIECEWISE_BEZIER_KNOTS.);
#7665 = CARTESIAN_POINT('',(0.990198041255,-1.418956969561,0.5500001));
#7666 = CARTESIAN_POINT('',(0.990198041255,-1.418956969561,0.5510001));
#7667 = CARTESIAN_POINT('',(0.98541515484,-1.420204679061,0.5500001));
#7668 = CARTESIAN_POINT('',(0.98541515484,-1.420204679061,0.5510001));
#7669 = ADVANCED_FACE('',(#7670),#7686,.F.);
#7670 = FACE_BOUND('',#7671,.T.);
#7671 = EDGE_LOOP('',(#7672,#7673,#7680,#7685));
#7672 = ORIENTED_EDGE('',*,*,#160,.T.);
#7673 = ORIENTED_EDGE('',*,*,#7674,.F.);
#7674 = EDGE_CURVE('',#7675,#154,#7677,.T.);
#7675 = VERTEX_POINT('',#7676);
#7676 = CARTESIAN_POINT('',(1.033867873741,-1.403776503983,0.5510001));
#7677 = B_SPLINE_CURVE_WITH_KNOTS('',1,(#7678,#7679),.UNSPECIFIED.,.F.,
  .F.,(2,2),(-0.,1.E-03),.PIECEWISE_BEZIER_KNOTS.);
#7678 = CARTESIAN_POINT('',(1.033867873741,-1.403776503983,0.5510001));
#7679 = CARTESIAN_POINT('',(1.033867873741,-1.403776503983,0.5500001));
#7680 = ORIENTED_EDGE('',*,*,#7681,.F.);
#7681 = EDGE_CURVE('',#7653,#7675,#7682,.T.);
#7682 = B_SPLINE_CURVE_WITH_KNOTS('',1,(#7683,#7684),.UNSPECIFIED.,.F.,
  .F.,(2,2),(-4.623311372248E-02,0.),.PIECEWISE_BEZIER_KNOTS.);
#7683 = CARTESIAN_POINT('',(0.990198041255,-1.418956969561,0.5510001));
#7684 = CARTESIAN_POINT('',(1.033867873741,-1.403776503983,0.5510001));
#7685 = ORIENTED_EDGE('',*,*,#7652,.T.);
#7686 = B_SPLINE_SURFACE_WITH_KNOTS('',1,1,(
    (#7687,#7688)
    ,(#7689,#7690
    )),.UNSPECIFIED.,.F.,.F.,.F.,(2,2),(2,2),(-0.,4.623311372248E-02),(
    -1.E-03,0.),.PIECEWISE_BEZIER_KNOTS.);
#7687 = CARTESIAN_POINT('',(1.033867873741,-1.403776503983,0.5500001));
#7688 = CARTESIAN_POINT('',(1.033867873741,-1.403776503983,0.5510001));
#7689 = CARTESIAN_POINT('',(0.990198041255,-1.418956969561,0.5500001));
#7690 = CARTESIAN_POINT('',(0.990198041255,-1.418956969561,0.5510001));
#7691 = ADVANCED_FACE('',(#7692),#7708,.F.);
#7692 = FACE_BOUND('',#7693,.T.);
#7693 = EDGE_LOOP('',(#7694,#7695,#7702,#7707));
#7694 = ORIENTED_EDGE('',*,*,#153,.T.);
#7695 = ORIENTED_EDGE('',*,*,#7696,.F.);
#7696 = EDGE_CURVE('',#7697,#147,#7699,.T.);
#7697 = VERTEX_POINT('',#7698);
#7698 = CARTESIAN_POINT('',(1.033867873741,-1.39238075722,0.5510001));
#7699 = B_SPLINE_CURVE_WITH_KNOTS('',1,(#7700,#7701),.UNSPECIFIED.,.F.,
  .F.,(2,2),(-0.,1.E-03),.PIECEWISE_BEZIER_KNOTS.);
#7700 = CARTESIAN_POINT('',(1.033867873741,-1.39238075722,0.5510001));
#7701 = CARTESIAN_POINT('',(1.033867873741,-1.39238075722,0.5500001));
#7702 = ORIENTED_EDGE('',*,*,#7703,.F.);
#7703 = EDGE_CURVE('',#7675,#7697,#7704,.T.);
#7704 = B_SPLINE_CURVE_WITH_KNOTS('',1,(#7705,#7706),.UNSPECIFIED.,.F.,
  .F.,(2,2),(-1.139574676288E-02,0.),.PIECEWISE_BEZIER_KNOTS.);
#7705 = CARTESIAN_POINT('',(1.033867873741,-1.403776503983,0.5510001));
#7706 = CARTESIAN_POINT('',(1.033867873741,-1.39238075722,0.5510001));
#7707 = ORIENTED_EDGE('',*,*,#7674,.T.);
#7708 = B_SPLINE_SURFACE_WITH_KNOTS('',1,1,(
    (#7709,#7710)
    ,(#7711,#7712
    )),.UNSPECIFIED.,.F.,.F.,.F.,(2,2),(2,2),(-2.22044604925E-16,
    1.139574676288E-02),(-1.E-03,0.),.PIECEWISE_BEZIER_KNOTS.);
#7709 = CARTESIAN_POINT('',(1.033867873741,-1.39238075722,0.5500001));
#7710 = CARTESIAN_POINT('',(1.033867873741,-1.39238075722,0.5510001));
#7711 = CARTESIAN_POINT('',(1.033867873741,-1.403776503983,0.5500001));
#7712 = CARTESIAN_POINT('',(1.033867873741,-1.403776503983,0.5510001));
#7713 = ADVANCED_FACE('',(#7714),#7730,.F.);
#7714 = FACE_BOUND('',#7715,.T.);
#7715 = EDGE_LOOP('',(#7716,#7717,#7724,#7729));
#7716 = ORIENTED_EDGE('',*,*,#146,.T.);
#7717 = ORIENTED_EDGE('',*,*,#7718,.F.);
#7718 = EDGE_CURVE('',#7719,#140,#7721,.T.);
#7719 = VERTEX_POINT('',#7720);
#7720 = CARTESIAN_POINT('',(0.975890972327,-1.415172250745,0.5510001));
#7721 = B_SPLINE_CURVE_WITH_KNOTS('',1,(#7722,#7723),.UNSPECIFIED.,.F.,
  .F.,(2,2),(-0.,1.E-03),.PIECEWISE_BEZIER_KNOTS.);
#7722 = CARTESIAN_POINT('',(0.975890972327,-1.415172250745,0.5510001));
#7723 = CARTESIAN_POINT('',(0.975890972327,-1.415172250745,0.5500001));
#7724 = ORIENTED_EDGE('',*,*,#7725,.F.);
#7725 = EDGE_CURVE('',#7697,#7719,#7726,.T.);
#7726 = B_SPLINE_CURVE_WITH_KNOTS('',1,(#7727,#7728),.UNSPECIFIED.,.F.,
  .F.,(2,2),(-6.229585278872E-02,-0.),.PIECEWISE_BEZIER_KNOTS.);
#7727 = CARTESIAN_POINT('',(1.033867873741,-1.39238075722,0.5510001));
#7728 = CARTESIAN_POINT('',(0.975890972327,-1.415172250745,0.5510001));
#7729 = ORIENTED_EDGE('',*,*,#7696,.T.);
#7730 = B_SPLINE_SURFACE_WITH_KNOTS('',1,1,(
    (#7731,#7732)
    ,(#7733,#7734
    )),.UNSPECIFIED.,.F.,.F.,.F.,(2,2),(2,2),(0.,6.229585278872E-02),(
    -1.E-03,0.),.PIECEWISE_BEZIER_KNOTS.);
#7731 = CARTESIAN_POINT('',(0.975890972327,-1.415172250745,0.5500001));
#7732 = CARTESIAN_POINT('',(0.975890972327,-1.415172250745,0.5510001));
#7733 = CARTESIAN_POINT('',(1.033867873741,-1.39238075722,0.5500001));
#7734 = CARTESIAN_POINT('',(1.033867873741,-1.39238075722,0.5510001));
#7735 = ADVANCED_FACE('',(#7736),#7752,.F.);
#7736 = FACE_BOUND('',#7737,.T.);
#7737 = EDGE_LOOP('',(#7738,#7739,#7746,#7751));
#7738 = ORIENTED_EDGE('',*,*,#139,.T.);
#7739 = ORIENTED_EDGE('',*,*,#7740,.F.);
#7740 = EDGE_CURVE('',#7741,#131,#7743,.T.);
#7741 = VERTEX_POINT('',#7742);
#7742 = CARTESIAN_POINT('',(0.965327031897,-1.410701291705,0.5510001));
#7743 = B_SPLINE_CURVE_WITH_KNOTS('',1,(#7744,#7745),.UNSPECIFIED.,.F.,
  .F.,(2,2),(-0.,9.999999999999E-04),.PIECEWISE_BEZIER_KNOTS.);
#7744 = CARTESIAN_POINT('',(0.965327031897,-1.410701291705,0.5510001));
#7745 = CARTESIAN_POINT('',(0.965327031897,-1.410701291705,0.5500001));
#7746 = ORIENTED_EDGE('',*,*,#7747,.F.);
#7747 = EDGE_CURVE('',#7719,#7741,#7748,.T.);
#7748 = B_SPLINE_CURVE_WITH_KNOTS('',1,(#7749,#7750),.UNSPECIFIED.,.F.,
  .F.,(2,2),(-1.147110771232E-02,0.),.PIECEWISE_BEZIER_KNOTS.);
#7749 = CARTESIAN_POINT('',(0.975890972327,-1.415172250745,0.5510001));
#7750 = CARTESIAN_POINT('',(0.965327031897,-1.410701291705,0.5510001));
#7751 = ORIENTED_EDGE('',*,*,#7718,.T.);
#7752 = B_SPLINE_SURFACE_WITH_KNOTS('',1,1,(
    (#7753,#7754)
    ,(#7755,#7756
    )),.UNSPECIFIED.,.F.,.F.,.F.,(2,2),(2,2),(0.,1.147110771232E-02),(
    -1.E-03,0.),.PIECEWISE_BEZIER_KNOTS.);
#7753 = CARTESIAN_POINT('',(0.965327031897,-1.410701291705,0.5500001));
#7754 = CARTESIAN_POINT('',(0.965327031897,-1.410701291705,0.5510001));
#7755 = CARTESIAN_POINT('',(0.975890972327,-1.415172250745,0.5500001));
#7756 = CARTESIAN_POINT('',(0.975890972327,-1.415172250745,0.5510001));
#7757 = ADVANCED_FACE('',(#7758),#7776,.F.);
#7758 = FACE_BOUND('',#7759,.F.);
#7759 = EDGE_LOOP('',(#7760,#7761,#7770,#7775));
#7760 = ORIENTED_EDGE('',*,*,#7740,.F.);
#7761 = ORIENTED_EDGE('',*,*,#7762,.T.);
#7762 = EDGE_CURVE('',#7741,#7763,#7765,.T.);
#7763 = VERTEX_POINT('',#7764);
#7764 = CARTESIAN_POINT('',(0.957133739516,-1.400262122225,0.5510001));
#7765 = B_SPLINE_CURVE_WITH_KNOTS('',3,(#7766,#7767,#7768,#7769),
  .UNSPECIFIED.,.F.,.F.,(4,4),(5.,6.),.PIECEWISE_BEZIER_KNOTS.);
#7766 = CARTESIAN_POINT('',(0.965327031897,-1.410701291705,0.5510001));
#7767 = CARTESIAN_POINT('',(0.959837110099,-1.408393029131,0.5510001));
#7768 = CARTESIAN_POINT('',(0.957133739516,-1.404920237691,0.5510001));
#7769 = CARTESIAN_POINT('',(0.957133739516,-1.400262122225,0.5510001));
#7770 = ORIENTED_EDGE('',*,*,#7771,.T.);
#7771 = EDGE_CURVE('',#7763,#122,#7772,.T.);
#7772 = B_SPLINE_CURVE_WITH_KNOTS('',1,(#7773,#7774),.UNSPECIFIED.,.F.,
  .F.,(2,2),(-0.,9.999999999999E-04),.PIECEWISE_BEZIER_KNOTS.);
#7773 = CARTESIAN_POINT('',(0.957133739516,-1.400262122225,0.5510001));
#7774 = CARTESIAN_POINT('',(0.957133739516,-1.400262122225,0.5500001));
#7775 = ORIENTED_EDGE('',*,*,#130,.F.);
#7776 = B_SPLINE_SURFACE_WITH_KNOTS('',3,1,(
    (#7777,#7778)
    ,(#7779,#7780)
    ,(#7781,#7782)
    ,(#7783,#7784
    )),.UNSPECIFIED.,.F.,.F.,.F.,(4,4),(2,2),(5.,6.),(0.,1.),
  .PIECEWISE_BEZIER_KNOTS.);
#7777 = CARTESIAN_POINT('',(0.965327031897,-1.410701291705,0.5510001));
#7778 = CARTESIAN_POINT('',(0.965327031897,-1.410701291705,0.5500001));
#7779 = CARTESIAN_POINT('',(0.959837110099,-1.408393029131,0.5510001));
#7780 = CARTESIAN_POINT('',(0.959837110099,-1.408393029131,0.5500001));
#7781 = CARTESIAN_POINT('',(0.957133739516,-1.404920237691,0.5510001));
#7782 = CARTESIAN_POINT('',(0.957133739516,-1.404920237691,0.5500001));
#7783 = CARTESIAN_POINT('',(0.957133739516,-1.400262122225,0.5510001));
#7784 = CARTESIAN_POINT('',(0.957133739516,-1.400262122225,0.5500001));
#7785 = ADVANCED_FACE('',(#7786),#7804,.F.);
#7786 = FACE_BOUND('',#7787,.F.);
#7787 = EDGE_LOOP('',(#7788,#7789,#7798,#7803));
#7788 = ORIENTED_EDGE('',*,*,#7771,.F.);
#7789 = ORIENTED_EDGE('',*,*,#7790,.T.);
#7790 = EDGE_CURVE('',#7763,#7791,#7793,.T.);
#7791 = VERTEX_POINT('',#7792);
#7792 = CARTESIAN_POINT('',(0.958298268383,-1.394481068211,0.5510001));
#7793 = B_SPLINE_CURVE_WITH_KNOTS('',3,(#7794,#7795,#7796,#7797),
  .UNSPECIFIED.,.F.,.F.,(4,4),(4.,5.),.PIECEWISE_BEZIER_KNOTS.);
#7794 = CARTESIAN_POINT('',(0.957133739516,-1.400262122225,0.5510001));
#7795 = CARTESIAN_POINT('',(0.957133739516,-1.398390557976,0.5510001));
#7796 = CARTESIAN_POINT('',(0.957508052366,-1.39647740341,0.5510001));
#7797 = CARTESIAN_POINT('',(0.958298268383,-1.394481068211,0.5510001));
#7798 = ORIENTED_EDGE('',*,*,#7799,.T.);
#7799 = EDGE_CURVE('',#7791,#115,#7800,.T.);
#7800 = B_SPLINE_CURVE_WITH_KNOTS('',1,(#7801,#7802),.UNSPECIFIED.,.F.,
  .F.,(2,2),(-0.,1.E-03),.PIECEWISE_BEZIER_KNOTS.);
#7801 = CARTESIAN_POINT('',(0.958298268383,-1.394481068211,0.5510001));
#7802 = CARTESIAN_POINT('',(0.958298268383,-1.394481068211,0.5500001));
#7803 = ORIENTED_EDGE('',*,*,#121,.F.);
#7804 = B_SPLINE_SURFACE_WITH_KNOTS('',3,1,(
    (#7805,#7806)
    ,(#7807,#7808)
    ,(#7809,#7810)
    ,(#7811,#7812
    )),.UNSPECIFIED.,.F.,.F.,.F.,(4,4),(2,2),(4.,5.),(0.,1.),
  .PIECEWISE_BEZIER_KNOTS.);
#7805 = CARTESIAN_POINT('',(0.957133739516,-1.400262122225,0.5510001));
#7806 = CARTESIAN_POINT('',(0.957133739516,-1.400262122225,0.5500001));
#7807 = CARTESIAN_POINT('',(0.957133739516,-1.398390557976,0.5510001));
#7808 = CARTESIAN_POINT('',(0.957133739516,-1.398390557976,0.5500001));
#7809 = CARTESIAN_POINT('',(0.957508052366,-1.39647740341,0.5510001));
#7810 = CARTESIAN_POINT('',(0.957508052366,-1.39647740341,0.5500001));
#7811 = CARTESIAN_POINT('',(0.958298268383,-1.394481068211,0.5510001));
#7812 = CARTESIAN_POINT('',(0.958298268383,-1.394481068211,0.5500001));
#7813 = ADVANCED_FACE('',(#7814),#7830,.F.);
#7814 = FACE_BOUND('',#7815,.T.);
#7815 = EDGE_LOOP('',(#7816,#7817,#7824,#7829));
#7816 = ORIENTED_EDGE('',*,*,#114,.T.);
#7817 = ORIENTED_EDGE('',*,*,#7818,.F.);
#7818 = EDGE_CURVE('',#7819,#106,#7821,.T.);
#7819 = VERTEX_POINT('',#7820);
#7820 = CARTESIAN_POINT('',(0.949231579352,-1.394481068211,0.5510001));
#7821 = B_SPLINE_CURVE_WITH_KNOTS('',1,(#7822,#7823),.UNSPECIFIED.,.F.,
  .F.,(2,2),(-0.,9.999999999999E-04),.PIECEWISE_BEZIER_KNOTS.);
#7822 = CARTESIAN_POINT('',(0.949231579352,-1.394481068211,0.5510001));
#7823 = CARTESIAN_POINT('',(0.949231579352,-1.394481068211,0.5500001));
#7824 = ORIENTED_EDGE('',*,*,#7825,.F.);
#7825 = EDGE_CURVE('',#7791,#7819,#7826,.T.);
#7826 = B_SPLINE_CURVE_WITH_KNOTS('',1,(#7827,#7828),.UNSPECIFIED.,.F.,
  .F.,(2,2),(-9.066689030487E-03,0.),.PIECEWISE_BEZIER_KNOTS.);
#7827 = CARTESIAN_POINT('',(0.958298268383,-1.394481068211,0.5510001));
#7828 = CARTESIAN_POINT('',(0.949231579352,-1.394481068211,0.5510001));
#7829 = ORIENTED_EDGE('',*,*,#7799,.T.);
#7830 = B_SPLINE_SURFACE_WITH_KNOTS('',1,1,(
    (#7831,#7832)
    ,(#7833,#7834
    )),.UNSPECIFIED.,.F.,.F.,.F.,(2,2),(2,2),(0.,1.E-03),(0.,
    9.066689030487E-03),.PIECEWISE_BEZIER_KNOTS.);
#7831 = CARTESIAN_POINT('',(0.949231579352,-1.394481068211,0.5510001));
#7832 = CARTESIAN_POINT('',(0.958298268383,-1.394481068211,0.5510001));
#7833 = CARTESIAN_POINT('',(0.949231579352,-1.394481068211,0.5500001));
#7834 = CARTESIAN_POINT('',(0.958298268383,-1.394481068211,0.5500001));
#7835 = ADVANCED_FACE('',(#7836),#7854,.F.);
#7836 = FACE_BOUND('',#7837,.F.);
#7837 = EDGE_LOOP('',(#7838,#7839,#7848,#7853));
#7838 = ORIENTED_EDGE('',*,*,#7818,.F.);
#7839 = ORIENTED_EDGE('',*,*,#7840,.T.);
#7840 = EDGE_CURVE('',#7819,#7841,#7843,.T.);
#7841 = VERTEX_POINT('',#7842);
#7842 = CARTESIAN_POINT('',(0.948399773019,-1.401052338242,0.5510001));
#7843 = B_SPLINE_CURVE_WITH_KNOTS('',3,(#7844,#7845,#7846,#7847),
  .UNSPECIFIED.,.F.,.F.,(4,4),(2.,3.),.PIECEWISE_BEZIER_KNOTS.);
#7844 = CARTESIAN_POINT('',(0.949231579352,-1.394481068211,0.5510001));
#7845 = CARTESIAN_POINT('',(0.948690905236,-1.396290246985,0.5510001));
#7846 = CARTESIAN_POINT('',(0.948399773019,-1.398494533768,0.5510001));
#7847 = CARTESIAN_POINT('',(0.948399773019,-1.401052338242,0.5510001));
#7848 = ORIENTED_EDGE('',*,*,#7849,.T.);
#7849 = EDGE_CURVE('',#7841,#97,#7850,.T.);
#7850 = B_SPLINE_CURVE_WITH_KNOTS('',1,(#7851,#7852),.UNSPECIFIED.,.F.,
  .F.,(2,2),(-0.,9.999999999999E-04),.PIECEWISE_BEZIER_KNOTS.);
#7851 = CARTESIAN_POINT('',(0.948399773019,-1.401052338242,0.5510001));
#7852 = CARTESIAN_POINT('',(0.948399773019,-1.401052338242,0.5500001));
#7853 = ORIENTED_EDGE('',*,*,#105,.F.);
#7854 = B_SPLINE_SURFACE_WITH_KNOTS('',3,1,(
    (#7855,#7856)
    ,(#7857,#7858)
    ,(#7859,#7860)
    ,(#7861,#7862
    )),.UNSPECIFIED.,.F.,.F.,.F.,(4,4),(2,2),(2.,3.),(0.,1.),
  .PIECEWISE_BEZIER_KNOTS.);
#7855 = CARTESIAN_POINT('',(0.949231579352,-1.394481068211,0.5510001));
#7856 = CARTESIAN_POINT('',(0.949231579352,-1.394481068211,0.5500001));
#7857 = CARTESIAN_POINT('',(0.948690905236,-1.396290246985,0.5510001));
#7858 = CARTESIAN_POINT('',(0.948690905236,-1.396290246985,0.5500001));
#7859 = CARTESIAN_POINT('',(0.948399773019,-1.398494533768,0.5510001));
#7860 = CARTESIAN_POINT('',(0.948399773019,-1.398494533768,0.5500001));
#7861 = CARTESIAN_POINT('',(0.948399773019,-1.401052338242,0.5510001));
#7862 = CARTESIAN_POINT('',(0.948399773019,-1.401052338242,0.5500001));
#7863 = ADVANCED_FACE('',(#7864),#7882,.F.);
#7864 = FACE_BOUND('',#7865,.F.);
#7865 = EDGE_LOOP('',(#7866,#7867,#7876,#7881));
#7866 = ORIENTED_EDGE('',*,*,#7849,.F.);
#7867 = ORIENTED_EDGE('',*,*,#7868,.T.);
#7868 = EDGE_CURVE('',#7841,#7869,#7871,.T.);
#7869 = VERTEX_POINT('',#7870);
#7870 = CARTESIAN_POINT('',(0.966990644563,-1.421785111093,0.5510001));
#7871 = B_SPLINE_CURVE_WITH_KNOTS('',3,(#7872,#7873,#7874,#7875),
  .UNSPECIFIED.,.F.,.F.,(4,4),(1.,2.),.PIECEWISE_BEZIER_KNOTS.);
#7872 = CARTESIAN_POINT('',(0.948399773019,-1.401052338242,0.5510001));
#7873 = CARTESIAN_POINT('',(0.948399773019,-1.409973461164,0.5510001));
#7874 = CARTESIAN_POINT('',(0.9545967302,-1.416877453728,0.5510001));
#7875 = CARTESIAN_POINT('',(0.966990644563,-1.421785111093,0.5510001));
#7876 = ORIENTED_EDGE('',*,*,#7877,.T.);
#7877 = EDGE_CURVE('',#7869,#90,#7878,.T.);
#7878 = B_SPLINE_CURVE_WITH_KNOTS('',1,(#7879,#7880),.UNSPECIFIED.,.F.,
  .F.,(2,2),(-0.,1.E-03),.PIECEWISE_BEZIER_KNOTS.);
#7879 = CARTESIAN_POINT('',(0.966990644563,-1.421785111093,0.5510001));
#7880 = CARTESIAN_POINT('',(0.966990644563,-1.421785111093,0.5500001));
#7881 = ORIENTED_EDGE('',*,*,#96,.F.);
#7882 = B_SPLINE_SURFACE_WITH_KNOTS('',3,1,(
    (#7883,#7884)
    ,(#7885,#7886)
    ,(#7887,#7888)
    ,(#7889,#7890
    )),.UNSPECIFIED.,.F.,.F.,.F.,(4,4),(2,2),(1.,2.),(0.,1.),
  .PIECEWISE_BEZIER_KNOTS.);
#7883 = CARTESIAN_POINT('',(0.948399773019,-1.401052338242,0.5510001));
#7884 = CARTESIAN_POINT('',(0.948399773019,-1.401052338242,0.5500001));
#7885 = CARTESIAN_POINT('',(0.948399773019,-1.409973461164,0.5510001));
#7886 = CARTESIAN_POINT('',(0.948399773019,-1.409973461164,0.5500001));
#7887 = CARTESIAN_POINT('',(0.9545967302,-1.416877453728,0.5510001));
#7888 = CARTESIAN_POINT('',(0.9545967302,-1.416877453728,0.5500001));
#7889 = CARTESIAN_POINT('',(0.966990644563,-1.421785111093,0.5510001));
#7890 = CARTESIAN_POINT('',(0.966990644563,-1.421785111093,0.5500001));
#7891 = ADVANCED_FACE('',(#7892),#7902,.F.);
#7892 = FACE_BOUND('',#7893,.T.);
#7893 = EDGE_LOOP('',(#7894,#7895,#7896,#7901));
#7894 = ORIENTED_EDGE('',*,*,#89,.T.);
#7895 = ORIENTED_EDGE('',*,*,#7566,.F.);
#7896 = ORIENTED_EDGE('',*,*,#7897,.F.);
#7897 = EDGE_CURVE('',#7869,#7560,#7898,.T.);
#7898 = B_SPLINE_CURVE_WITH_KNOTS('',1,(#7899,#7900),.UNSPECIFIED.,.F.,
  .F.,(2,2),(-7.188775248826E-02,0.),.PIECEWISE_BEZIER_KNOTS.);
#7899 = CARTESIAN_POINT('',(0.966990644563,-1.421785111093,0.5510001));
#7900 = CARTESIAN_POINT('',(1.033867873741,-1.448153371851,0.5510001));
#7901 = ORIENTED_EDGE('',*,*,#7877,.T.);
#7902 = B_SPLINE_SURFACE_WITH_KNOTS('',1,1,(
    (#7903,#7904)
    ,(#7905,#7906
    )),.UNSPECIFIED.,.F.,.F.,.F.,(2,2),(2,2),(0.,7.188775248826E-02),(
    -1.E-03,0.),.PIECEWISE_BEZIER_KNOTS.);
#7903 = CARTESIAN_POINT('',(1.033867873741,-1.448153371851,0.5500001));
#7904 = CARTESIAN_POINT('',(1.033867873741,-1.448153371851,0.5510001));
#7905 = CARTESIAN_POINT('',(0.966990644563,-1.421785111093,0.5500001));
#7906 = CARTESIAN_POINT('',(0.966990644563,-1.421785111093,0.5510001));
#7907 = ADVANCED_FACE('',(#7908),#7925,.T.);
#7908 = FACE_BOUND('',#7909,.T.);
#7909 = EDGE_LOOP('',(#7910,#7911,#7912,#7913,#7914,#7915,#7916,#7917,
    #7918,#7919,#7920,#7921,#7922,#7923,#7924));
#7910 = ORIENTED_EDGE('',*,*,#7559,.T.);
#7911 = ORIENTED_EDGE('',*,*,#7587,.T.);
#7912 = ORIENTED_EDGE('',*,*,#7602,.T.);
#7913 = ORIENTED_EDGE('',*,*,#7637,.T.);
#7914 = ORIENTED_EDGE('',*,*,#7659,.T.);
#7915 = ORIENTED_EDGE('',*,*,#7681,.T.);
#7916 = ORIENTED_EDGE('',*,*,#7703,.T.);
#7917 = ORIENTED_EDGE('',*,*,#7725,.T.);
#7918 = ORIENTED_EDGE('',*,*,#7747,.T.);
#7919 = ORIENTED_EDGE('',*,*,#7762,.T.);
#7920 = ORIENTED_EDGE('',*,*,#7790,.T.);
#7921 = ORIENTED_EDGE('',*,*,#7825,.T.);
#7922 = ORIENTED_EDGE('',*,*,#7840,.T.);
#7923 = ORIENTED_EDGE('',*,*,#7868,.T.);
#7924 = ORIENTED_EDGE('',*,*,#7897,.T.);
#7925 = B_SPLINE_SURFACE_WITH_KNOTS('',1,1,(
    (#7926,#7927)
    ,(#7928,#7929
    )),.UNSPECIFIED.,.F.,.F.,.F.,(2,2),(2,2),(-4.647717886047E-03,
    8.08203828354E-02),(-3.522959759952E-02,2.054301703165E-02),
  .PIECEWISE_BEZIER_KNOTS.);
#7926 = CARTESIAN_POINT('',(0.948399773019,-1.448153371851,0.5510001));
#7927 = CARTESIAN_POINT('',(0.948399773019,-1.39238075722,0.5510001));
#7928 = CARTESIAN_POINT('',(1.033867873741,-1.448153371851,0.5510001));
#7929 = CARTESIAN_POINT('',(1.033867873741,-1.39238075722,0.5510001));
#7930 = ADVANCED_FACE('',(#7931),#7953,.F.);
#7931 = FACE_BOUND('',#7932,.T.);
#7932 = EDGE_LOOP('',(#7933,#7934,#7941,#7948));
#7933 = ORIENTED_EDGE('',*,*,#987,.T.);
#7934 = ORIENTED_EDGE('',*,*,#7935,.F.);
#7935 = EDGE_CURVE('',#7936,#990,#7938,.T.);
#7936 = VERTEX_POINT('',#7937);
#7937 = CARTESIAN_POINT('',(0.98504084199,-1.502886228566,0.5510001));
#7938 = B_SPLINE_CURVE_WITH_KNOTS('',1,(#7939,#7940),.UNSPECIFIED.,.F.,
  .F.,(2,2),(-0.,1.E-03),.PIECEWISE_BEZIER_KNOTS.);
#7939 = CARTESIAN_POINT('',(0.98504084199,-1.502886228566,0.5510001));
#7940 = CARTESIAN_POINT('',(0.98504084199,-1.502886228566,0.5500001));
#7941 = ORIENTED_EDGE('',*,*,#7942,.F.);
#7942 = EDGE_CURVE('',#7943,#7936,#7945,.T.);
#7943 = VERTEX_POINT('',#7944);
#7944 = CARTESIAN_POINT('',(0.975766201377,-1.502886228566,0.5510001));
#7945 = B_SPLINE_CURVE_WITH_KNOTS('',1,(#7946,#7947),.UNSPECIFIED.,.F.,
  .F.,(2,2),(-9.274640613515E-03,0.),.PIECEWISE_BEZIER_KNOTS.);
#7946 = CARTESIAN_POINT('',(0.975766201377,-1.502886228566,0.5510001));
#7947 = CARTESIAN_POINT('',(0.98504084199,-1.502886228566,0.5510001));
#7948 = ORIENTED_EDGE('',*,*,#7949,.T.);
#7949 = EDGE_CURVE('',#7943,#988,#7950,.T.);
#7950 = B_SPLINE_CURVE_WITH_KNOTS('',1,(#7951,#7952),.UNSPECIFIED.,.F.,
  .F.,(2,2),(-0.,1.E-03),.PIECEWISE_BEZIER_KNOTS.);
#7951 = CARTESIAN_POINT('',(0.975766201377,-1.502886228566,0.5510001));
#7952 = CARTESIAN_POINT('',(0.975766201377,-1.502886228566,0.5500001));
#7953 = B_SPLINE_SURFACE_WITH_KNOTS('',1,1,(
    (#7954,#7955)
    ,(#7956,#7957
    )),.UNSPECIFIED.,.F.,.F.,.F.,(2,2),(2,2),(-0.,9.274640613515E-03),(
    -1.E-03,0.),.PIECEWISE_BEZIER_KNOTS.);
#7954 = CARTESIAN_POINT('',(0.98504084199,-1.502886228566,0.5500001));
#7955 = CARTESIAN_POINT('',(0.98504084199,-1.502886228566,0.5510001));
#7956 = CARTESIAN_POINT('',(0.975766201377,-1.502886228566,0.5500001));
#7957 = CARTESIAN_POINT('',(0.975766201377,-1.502886228566,0.5510001));
#7958 = ADVANCED_FACE('',(#7959),#7975,.F.);
#7959 = FACE_BOUND('',#7960,.T.);
#7960 = EDGE_LOOP('',(#7961,#7962,#7969,#7974));
#7961 = ORIENTED_EDGE('',*,*,#1066,.T.);
#7962 = ORIENTED_EDGE('',*,*,#7963,.F.);
#7963 = EDGE_CURVE('',#7964,#1060,#7966,.T.);
#7964 = VERTEX_POINT('',#7965);
#7965 = CARTESIAN_POINT('',(0.98504084199,-1.469634770402,0.5510001));
#7966 = B_SPLINE_CURVE_WITH_KNOTS('',1,(#7967,#7968),.UNSPECIFIED.,.F.,
  .F.,(2,2),(-0.,1.E-03),.PIECEWISE_BEZIER_KNOTS.);
#7967 = CARTESIAN_POINT('',(0.98504084199,-1.469634770402,0.5510001));
#7968 = CARTESIAN_POINT('',(0.98504084199,-1.469634770402,0.5500001));
#7969 = ORIENTED_EDGE('',*,*,#7970,.F.);
#7970 = EDGE_CURVE('',#7936,#7964,#7971,.T.);
#7971 = B_SPLINE_CURVE_WITH_KNOTS('',1,(#7972,#7973),.UNSPECIFIED.,.F.,
  .F.,(2,2),(-3.325145816363E-02,0.),.PIECEWISE_BEZIER_KNOTS.);
#7972 = CARTESIAN_POINT('',(0.98504084199,-1.502886228566,0.5510001));
#7973 = CARTESIAN_POINT('',(0.98504084199,-1.469634770402,0.5510001));
#7974 = ORIENTED_EDGE('',*,*,#7935,.T.);
#7975 = B_SPLINE_SURFACE_WITH_KNOTS('',1,1,(
    (#7976,#7977)
    ,(#7978,#7979
    )),.UNSPECIFIED.,.F.,.F.,.F.,(2,2),(2,2),(0.,3.325145816363E-02),(
    -1.E-03,0.),.PIECEWISE_BEZIER_KNOTS.);
#7976 = CARTESIAN_POINT('',(0.98504084199,-1.469634770402,0.5500001));
#7977 = CARTESIAN_POINT('',(0.98504084199,-1.469634770402,0.5510001));
#7978 = CARTESIAN_POINT('',(0.98504084199,-1.502886228566,0.5500001));
#7979 = CARTESIAN_POINT('',(0.98504084199,-1.502886228566,0.5510001));
#7980 = ADVANCED_FACE('',(#7981),#7997,.F.);
#7981 = FACE_BOUND('',#7982,.T.);
#7982 = EDGE_LOOP('',(#7983,#7984,#7991,#7996));
#7983 = ORIENTED_EDGE('',*,*,#1059,.T.);
#7984 = ORIENTED_EDGE('',*,*,#7985,.F.);
#7985 = EDGE_CURVE('',#7986,#1053,#7988,.T.);
#7986 = VERTEX_POINT('',#7987);
#7987 = CARTESIAN_POINT('',(1.012407270348,-1.469634770402,0.5510001));
#7988 = B_SPLINE_CURVE_WITH_KNOTS('',1,(#7989,#7990),.UNSPECIFIED.,.F.,
  .F.,(2,2),(-0.,1.E-03),.PIECEWISE_BEZIER_KNOTS.);
#7989 = CARTESIAN_POINT('',(1.012407270348,-1.469634770402,0.5510001));
#7990 = CARTESIAN_POINT('',(1.012407270348,-1.469634770402,0.5500001));
#7991 = ORIENTED_EDGE('',*,*,#7992,.F.);
#7992 = EDGE_CURVE('',#7964,#7986,#7993,.T.);
#7993 = B_SPLINE_CURVE_WITH_KNOTS('',1,(#7994,#7995),.UNSPECIFIED.,.F.,
  .F.,(2,2),(-2.736642835733E-02,0.),.PIECEWISE_BEZIER_KNOTS.);
#7994 = CARTESIAN_POINT('',(0.98504084199,-1.469634770402,0.5510001));
#7995 = CARTESIAN_POINT('',(1.012407270348,-1.469634770402,0.5510001));
#7996 = ORIENTED_EDGE('',*,*,#7963,.T.);
#7997 = B_SPLINE_SURFACE_WITH_KNOTS('',1,1,(
    (#7998,#7999)
    ,(#8000,#8001
    )),.UNSPECIFIED.,.F.,.F.,.F.,(2,2),(2,2),(-0.,2.736642835733E-02),(
    -1.E-03,0.),.PIECEWISE_BEZIER_KNOTS.);
#7998 = CARTESIAN_POINT('',(1.012407270348,-1.469634770402,0.5500001));
#7999 = CARTESIAN_POINT('',(1.012407270348,-1.469634770402,0.5510001));
#8000 = CARTESIAN_POINT('',(0.98504084199,-1.469634770402,0.5500001));
#8001 = CARTESIAN_POINT('',(0.98504084199,-1.469634770402,0.5510001));
#8002 = ADVANCED_FACE('',(#8003),#8019,.F.);
#8003 = FACE_BOUND('',#8004,.T.);
#8004 = EDGE_LOOP('',(#8005,#8006,#8013,#8018));
#8005 = ORIENTED_EDGE('',*,*,#1052,.T.);
#8006 = ORIENTED_EDGE('',*,*,#8007,.F.);
#8007 = EDGE_CURVE('',#8008,#1046,#8010,.T.);
#8008 = VERTEX_POINT('',#8009);
#8009 = CARTESIAN_POINT('',(1.012407270348,-1.498727196901,0.5510001));
#8010 = B_SPLINE_CURVE_WITH_KNOTS('',1,(#8011,#8012),.UNSPECIFIED.,.F.,
  .F.,(2,2),(-0.,1.E-03),.PIECEWISE_BEZIER_KNOTS.);
#8011 = CARTESIAN_POINT('',(1.012407270348,-1.498727196901,0.5510001));
#8012 = CARTESIAN_POINT('',(1.012407270348,-1.498727196901,0.5500001));
#8013 = ORIENTED_EDGE('',*,*,#8014,.F.);
#8014 = EDGE_CURVE('',#7986,#8008,#8015,.T.);
#8015 = B_SPLINE_CURVE_WITH_KNOTS('',1,(#8016,#8017),.UNSPECIFIED.,.F.,
  .F.,(2,2),(-2.909242649811E-02,0.),.PIECEWISE_BEZIER_KNOTS.);
#8016 = CARTESIAN_POINT('',(1.012407270348,-1.469634770402,0.5510001));
#8017 = CARTESIAN_POINT('',(1.012407270348,-1.498727196901,0.5510001));
#8018 = ORIENTED_EDGE('',*,*,#7985,.T.);
#8019 = B_SPLINE_SURFACE_WITH_KNOTS('',1,1,(
    (#8020,#8021)
    ,(#8022,#8023
    )),.UNSPECIFIED.,.F.,.F.,.F.,(2,2),(2,2),(0.,2.909242649811E-02),(
    -1.E-03,0.),.PIECEWISE_BEZIER_KNOTS.);
#8020 = CARTESIAN_POINT('',(1.012407270348,-1.498727196901,0.5500001));
#8021 = CARTESIAN_POINT('',(1.012407270348,-1.498727196901,0.5510001));
#8022 = CARTESIAN_POINT('',(1.012407270348,-1.469634770402,0.5500001));
#8023 = CARTESIAN_POINT('',(1.012407270348,-1.469634770402,0.5510001));
#8024 = ADVANCED_FACE('',(#8025),#8041,.F.);
#8025 = FACE_BOUND('',#8026,.T.);
#8026 = EDGE_LOOP('',(#8027,#8028,#8035,#8040));
#8027 = ORIENTED_EDGE('',*,*,#1045,.T.);
#8028 = ORIENTED_EDGE('',*,*,#8029,.F.);
#8029 = EDGE_CURVE('',#8030,#1039,#8032,.T.);
#8030 = VERTEX_POINT('',#8031);
#8031 = CARTESIAN_POINT('',(1.021723501278,-1.498727196901,0.5510001));
#8032 = B_SPLINE_CURVE_WITH_KNOTS('',1,(#8033,#8034),.UNSPECIFIED.,.F.,
  .F.,(2,2),(-0.,1.E-03),.PIECEWISE_BEZIER_KNOTS.);
#8033 = CARTESIAN_POINT('',(1.021723501278,-1.498727196901,0.5510001));
#8034 = CARTESIAN_POINT('',(1.021723501278,-1.498727196901,0.5500001));
#8035 = ORIENTED_EDGE('',*,*,#8036,.F.);
#8036 = EDGE_CURVE('',#8008,#8030,#8037,.T.);
#8037 = B_SPLINE_CURVE_WITH_KNOTS('',1,(#8038,#8039),.UNSPECIFIED.,.F.,
  .F.,(2,2),(-9.316230930119E-03,0.),.PIECEWISE_BEZIER_KNOTS.);
#8038 = CARTESIAN_POINT('',(1.012407270348,-1.498727196901,0.5510001));
#8039 = CARTESIAN_POINT('',(1.021723501278,-1.498727196901,0.5510001));
#8040 = ORIENTED_EDGE('',*,*,#8007,.T.);
#8041 = B_SPLINE_SURFACE_WITH_KNOTS('',1,1,(
    (#8042,#8043)
    ,(#8044,#8045
    )),.UNSPECIFIED.,.F.,.F.,.F.,(2,2),(2,2),(-0.,9.316230930119E-03),(
    -1.E-03,0.),.PIECEWISE_BEZIER_KNOTS.);
#8042 = CARTESIAN_POINT('',(1.021723501278,-1.498727196901,0.5500001));
#8043 = CARTESIAN_POINT('',(1.021723501278,-1.498727196901,0.5510001));
#8044 = CARTESIAN_POINT('',(1.012407270348,-1.498727196901,0.5500001));
#8045 = CARTESIAN_POINT('',(1.012407270348,-1.498727196901,0.5510001));
#8046 = ADVANCED_FACE('',(#8047),#8063,.F.);
#8047 = FACE_BOUND('',#8048,.T.);
#8048 = EDGE_LOOP('',(#8049,#8050,#8057,#8062));
#8049 = ORIENTED_EDGE('',*,*,#1038,.T.);
#8050 = ORIENTED_EDGE('',*,*,#8051,.F.);
#8051 = EDGE_CURVE('',#8052,#1032,#8054,.T.);
#8052 = VERTEX_POINT('',#8053);
#8053 = CARTESIAN_POINT('',(1.021723501278,-1.469634770402,0.5510001));
#8054 = B_SPLINE_CURVE_WITH_KNOTS('',1,(#8055,#8056),.UNSPECIFIED.,.F.,
  .F.,(2,2),(-0.,1.E-03),.PIECEWISE_BEZIER_KNOTS.);
#8055 = CARTESIAN_POINT('',(1.021723501278,-1.469634770402,0.5510001));
#8056 = CARTESIAN_POINT('',(1.021723501278,-1.469634770402,0.5500001));
#8057 = ORIENTED_EDGE('',*,*,#8058,.F.);
#8058 = EDGE_CURVE('',#8030,#8052,#8059,.T.);
#8059 = B_SPLINE_CURVE_WITH_KNOTS('',1,(#8060,#8061),.UNSPECIFIED.,.F.,
  .F.,(2,2),(-2.909242649811E-02,0.),.PIECEWISE_BEZIER_KNOTS.);
#8060 = CARTESIAN_POINT('',(1.021723501278,-1.498727196901,0.5510001));
#8061 = CARTESIAN_POINT('',(1.021723501278,-1.469634770402,0.5510001));
#8062 = ORIENTED_EDGE('',*,*,#8029,.T.);
#8063 = B_SPLINE_SURFACE_WITH_KNOTS('',1,1,(
    (#8064,#8065)
    ,(#8066,#8067
    )),.UNSPECIFIED.,.F.,.F.,.F.,(2,2),(2,2),(0.,2.909242649811E-02),(
    -1.E-03,0.),.PIECEWISE_BEZIER_KNOTS.);
#8064 = CARTESIAN_POINT('',(1.021723501278,-1.469634770402,0.5500001));
#8065 = CARTESIAN_POINT('',(1.021723501278,-1.469634770402,0.5510001));
#8066 = CARTESIAN_POINT('',(1.021723501278,-1.498727196901,0.5500001));
#8067 = CARTESIAN_POINT('',(1.021723501278,-1.498727196901,0.5510001));
#8068 = ADVANCED_FACE('',(#8069),#8085,.F.);
#8069 = FACE_BOUND('',#8070,.T.);
#8070 = EDGE_LOOP('',(#8071,#8072,#8079,#8084));
#8071 = ORIENTED_EDGE('',*,*,#1031,.T.);
#8072 = ORIENTED_EDGE('',*,*,#8073,.F.);
#8073 = EDGE_CURVE('',#8074,#1025,#8076,.T.);
#8074 = VERTEX_POINT('',#8075);
#8075 = CARTESIAN_POINT('',(1.047759039503,-1.469634770402,0.5510001));
#8076 = B_SPLINE_CURVE_WITH_KNOTS('',1,(#8077,#8078),.UNSPECIFIED.,.F.,
  .F.,(2,2),(-0.,1.E-03),.PIECEWISE_BEZIER_KNOTS.);
#8077 = CARTESIAN_POINT('',(1.047759039503,-1.469634770402,0.5510001));
#8078 = CARTESIAN_POINT('',(1.047759039503,-1.469634770402,0.5500001));
#8079 = ORIENTED_EDGE('',*,*,#8080,.F.);
#8080 = EDGE_CURVE('',#8052,#8074,#8081,.T.);
#8081 = B_SPLINE_CURVE_WITH_KNOTS('',1,(#8082,#8083),.UNSPECIFIED.,.F.,
  .F.,(2,2),(-2.603553822485E-02,0.),.PIECEWISE_BEZIER_KNOTS.);
#8082 = CARTESIAN_POINT('',(1.021723501278,-1.469634770402,0.5510001));
#8083 = CARTESIAN_POINT('',(1.047759039503,-1.469634770402,0.5510001));
#8084 = ORIENTED_EDGE('',*,*,#8051,.T.);
#8085 = B_SPLINE_SURFACE_WITH_KNOTS('',1,1,(
    (#8086,#8087)
    ,(#8088,#8089
    )),.UNSPECIFIED.,.F.,.F.,.F.,(2,2),(2,2),(-0.,2.603553822485E-02),(
    -1.E-03,0.),.PIECEWISE_BEZIER_KNOTS.);
#8086 = CARTESIAN_POINT('',(1.047759039503,-1.469634770402,0.5500001));
#8087 = CARTESIAN_POINT('',(1.047759039503,-1.469634770402,0.5510001));
#8088 = CARTESIAN_POINT('',(1.021723501278,-1.469634770402,0.5500001));
#8089 = CARTESIAN_POINT('',(1.021723501278,-1.469634770402,0.5510001));
#8090 = ADVANCED_FACE('',(#8091),#8107,.F.);
#8091 = FACE_BOUND('',#8092,.T.);
#8092 = EDGE_LOOP('',(#8093,#8094,#8101,#8106));
#8093 = ORIENTED_EDGE('',*,*,#1024,.T.);
#8094 = ORIENTED_EDGE('',*,*,#8095,.F.);
#8095 = EDGE_CURVE('',#8096,#1018,#8098,.T.);
#8096 = VERTEX_POINT('',#8097);
#8097 = CARTESIAN_POINT('',(1.047759039503,-1.501035459475,0.5510001));
#8098 = B_SPLINE_CURVE_WITH_KNOTS('',1,(#8099,#8100),.UNSPECIFIED.,.F.,
  .F.,(2,2),(-0.,1.E-03),.PIECEWISE_BEZIER_KNOTS.);
#8099 = CARTESIAN_POINT('',(1.047759039503,-1.501035459475,0.5510001));
#8100 = CARTESIAN_POINT('',(1.047759039503,-1.501035459475,0.5500001));
#8101 = ORIENTED_EDGE('',*,*,#8102,.F.);
#8102 = EDGE_CURVE('',#8074,#8096,#8103,.T.);
#8103 = B_SPLINE_CURVE_WITH_KNOTS('',1,(#8104,#8105),.UNSPECIFIED.,.F.,
  .F.,(2,2),(-3.140068907248E-02,0.),.PIECEWISE_BEZIER_KNOTS.);
#8104 = CARTESIAN_POINT('',(1.047759039503,-1.469634770402,0.5510001));
#8105 = CARTESIAN_POINT('',(1.047759039503,-1.501035459475,0.5510001));
#8106 = ORIENTED_EDGE('',*,*,#8073,.T.);
#8107 = B_SPLINE_SURFACE_WITH_KNOTS('',1,1,(
    (#8108,#8109)
    ,(#8110,#8111
    )),.UNSPECIFIED.,.F.,.F.,.F.,(2,2),(2,2),(0.,3.140068907248E-02),(
    -1.E-03,0.),.PIECEWISE_BEZIER_KNOTS.);
#8108 = CARTESIAN_POINT('',(1.047759039503,-1.501035459475,0.5500001));
#8109 = CARTESIAN_POINT('',(1.047759039503,-1.501035459475,0.5510001));
#8110 = CARTESIAN_POINT('',(1.047759039503,-1.469634770402,0.5500001));
#8111 = CARTESIAN_POINT('',(1.047759039503,-1.469634770402,0.5510001));
#8112 = ADVANCED_FACE('',(#8113),#8129,.F.);
#8113 = FACE_BOUND('',#8114,.T.);
#8114 = EDGE_LOOP('',(#8115,#8116,#8123,#8128));
#8115 = ORIENTED_EDGE('',*,*,#1017,.T.);
#8116 = ORIENTED_EDGE('',*,*,#8117,.F.);
#8117 = EDGE_CURVE('',#8118,#1011,#8120,.T.);
#8118 = VERTEX_POINT('',#8119);
#8119 = CARTESIAN_POINT('',(1.05711686075,-1.501035459475,0.5510001));
#8120 = B_SPLINE_CURVE_WITH_KNOTS('',1,(#8121,#8122),.UNSPECIFIED.,.F.,
  .F.,(2,2),(-0.,1.E-03),.PIECEWISE_BEZIER_KNOTS.);
#8121 = CARTESIAN_POINT('',(1.05711686075,-1.501035459475,0.5510001));
#8122 = CARTESIAN_POINT('',(1.05711686075,-1.501035459475,0.5500001));
#8123 = ORIENTED_EDGE('',*,*,#8124,.F.);
#8124 = EDGE_CURVE('',#8096,#8118,#8125,.T.);
#8125 = B_SPLINE_CURVE_WITH_KNOTS('',1,(#8126,#8127),.UNSPECIFIED.,.F.,
  .F.,(2,2),(-9.357821246723E-03,0.),.PIECEWISE_BEZIER_KNOTS.);
#8126 = CARTESIAN_POINT('',(1.047759039503,-1.501035459475,0.5510001));
#8127 = CARTESIAN_POINT('',(1.05711686075,-1.501035459475,0.5510001));
#8128 = ORIENTED_EDGE('',*,*,#8095,.T.);
#8129 = B_SPLINE_SURFACE_WITH_KNOTS('',1,1,(
    (#8130,#8131)
    ,(#8132,#8133)),.UNSPECIFIED.,.F.,.F.,.F.,(2,2),(2,2),(-1.E-03,0.),(
    -9.357821246723E-03,0.),.PIECEWISE_BEZIER_KNOTS.);
#8130 = CARTESIAN_POINT('',(1.047759039503,-1.501035459475,0.5500001));
#8131 = CARTESIAN_POINT('',(1.05711686075,-1.501035459475,0.5500001));
#8132 = CARTESIAN_POINT('',(1.047759039503,-1.501035459475,0.5510001));
#8133 = CARTESIAN_POINT('',(1.05711686075,-1.501035459475,0.5510001));
#8134 = ADVANCED_FACE('',(#8135),#8151,.F.);
#8135 = FACE_BOUND('',#8136,.T.);
#8136 = EDGE_LOOP('',(#8137,#8138,#8145,#8150));
#8137 = ORIENTED_EDGE('',*,*,#1010,.T.);
#8138 = ORIENTED_EDGE('',*,*,#8139,.F.);
#8139 = EDGE_CURVE('',#8140,#1004,#8142,.T.);
#8140 = VERTEX_POINT('',#8141);
#8141 = CARTESIAN_POINT('',(1.05711686075,-1.459133215447,0.5510001));
#8142 = B_SPLINE_CURVE_WITH_KNOTS('',1,(#8143,#8144),.UNSPECIFIED.,.F.,
  .F.,(2,2),(-0.,1.E-03),.PIECEWISE_BEZIER_KNOTS.);
#8143 = CARTESIAN_POINT('',(1.05711686075,-1.459133215447,0.5510001));
#8144 = CARTESIAN_POINT('',(1.05711686075,-1.459133215447,0.5500001));
#8145 = ORIENTED_EDGE('',*,*,#8146,.F.);
#8146 = EDGE_CURVE('',#8118,#8140,#8147,.T.);
#8147 = B_SPLINE_CURVE_WITH_KNOTS('',1,(#8148,#8149),.UNSPECIFIED.,.F.,
  .F.,(2,2),(-4.190224402751E-02,0.),.PIECEWISE_BEZIER_KNOTS.);
#8148 = CARTESIAN_POINT('',(1.05711686075,-1.501035459475,0.5510001));
#8149 = CARTESIAN_POINT('',(1.05711686075,-1.459133215447,0.5510001));
#8150 = ORIENTED_EDGE('',*,*,#8117,.T.);
#8151 = B_SPLINE_SURFACE_WITH_KNOTS('',1,1,(
    (#8152,#8153)
    ,(#8154,#8155
    )),.UNSPECIFIED.,.F.,.F.,.F.,(2,2),(2,2),(0.,4.190224402751E-02),(
    -1.E-03,0.),.PIECEWISE_BEZIER_KNOTS.);
#8152 = CARTESIAN_POINT('',(1.05711686075,-1.459133215447,0.5500001));
#8153 = CARTESIAN_POINT('',(1.05711686075,-1.459133215447,0.5510001));
#8154 = CARTESIAN_POINT('',(1.05711686075,-1.501035459475,0.5500001));
#8155 = CARTESIAN_POINT('',(1.05711686075,-1.501035459475,0.5510001));
#8156 = ADVANCED_FACE('',(#8157),#8173,.F.);
#8157 = FACE_BOUND('',#8158,.T.);
#8158 = EDGE_LOOP('',(#8159,#8160,#8167,#8172));
#8159 = ORIENTED_EDGE('',*,*,#1003,.T.);
#8160 = ORIENTED_EDGE('',*,*,#8161,.F.);
#8161 = EDGE_CURVE('',#8162,#997,#8164,.T.);
#8162 = VERTEX_POINT('',#8163);
#8163 = CARTESIAN_POINT('',(0.975766201377,-1.459133215447,0.5510001));
#8164 = B_SPLINE_CURVE_WITH_KNOTS('',1,(#8165,#8166),.UNSPECIFIED.,.F.,
  .F.,(2,2),(-0.,1.E-03),.PIECEWISE_BEZIER_KNOTS.);
#8165 = CARTESIAN_POINT('',(0.975766201377,-1.459133215447,0.5510001));
#8166 = CARTESIAN_POINT('',(0.975766201377,-1.459133215447,0.5500001));
#8167 = ORIENTED_EDGE('',*,*,#8168,.F.);
#8168 = EDGE_CURVE('',#8140,#8162,#8169,.T.);
#8169 = B_SPLINE_CURVE_WITH_KNOTS('',1,(#8170,#8171),.UNSPECIFIED.,.F.,
  .F.,(2,2),(-8.135065937253E-02,-0.),.PIECEWISE_BEZIER_KNOTS.);
#8170 = CARTESIAN_POINT('',(1.05711686075,-1.459133215447,0.5510001));
#8171 = CARTESIAN_POINT('',(0.975766201377,-1.459133215447,0.5510001));
#8172 = ORIENTED_EDGE('',*,*,#8139,.T.);
#8173 = B_SPLINE_SURFACE_WITH_KNOTS('',1,1,(
    (#8174,#8175)
    ,(#8176,#8177
    )),.UNSPECIFIED.,.F.,.F.,.F.,(2,2),(2,2),(0.,8.135065937253E-02),(
    -1.E-03,0.),.PIECEWISE_BEZIER_KNOTS.);
#8174 = CARTESIAN_POINT('',(0.975766201377,-1.459133215447,0.5500001));
#8175 = CARTESIAN_POINT('',(0.975766201377,-1.459133215447,0.5510001));
#8176 = CARTESIAN_POINT('',(1.05711686075,-1.459133215447,0.5500001));
#8177 = CARTESIAN_POINT('',(1.05711686075,-1.459133215447,0.5510001));
#8178 = ADVANCED_FACE('',(#8179),#8189,.F.);
#8179 = FACE_BOUND('',#8180,.T.);
#8180 = EDGE_LOOP('',(#8181,#8182,#8183,#8188));
#8181 = ORIENTED_EDGE('',*,*,#996,.T.);
#8182 = ORIENTED_EDGE('',*,*,#7949,.F.);
#8183 = ORIENTED_EDGE('',*,*,#8184,.F.);
#8184 = EDGE_CURVE('',#8162,#7943,#8185,.T.);
#8185 = B_SPLINE_CURVE_WITH_KNOTS('',1,(#8186,#8187),.UNSPECIFIED.,.F.,
  .F.,(2,2),(-4.375301311866E-02,0.),.PIECEWISE_BEZIER_KNOTS.);
#8186 = CARTESIAN_POINT('',(0.975766201377,-1.459133215447,0.5510001));
#8187 = CARTESIAN_POINT('',(0.975766201377,-1.502886228566,0.5510001));
#8188 = ORIENTED_EDGE('',*,*,#8161,.T.);
#8189 = B_SPLINE_SURFACE_WITH_KNOTS('',1,1,(
    (#8190,#8191)
    ,(#8192,#8193
    )),.UNSPECIFIED.,.F.,.F.,.F.,(2,2),(2,2),(0.,4.375301311866E-02),(
    -1.E-03,0.),.PIECEWISE_BEZIER_KNOTS.);
#8190 = CARTESIAN_POINT('',(0.975766201377,-1.502886228566,0.5500001));
#8191 = CARTESIAN_POINT('',(0.975766201377,-1.502886228566,0.5510001));
#8192 = CARTESIAN_POINT('',(0.975766201377,-1.459133215447,0.5500001));
#8193 = CARTESIAN_POINT('',(0.975766201377,-1.459133215447,0.5510001));
#8194 = ADVANCED_FACE('',(#8195),#8209,.F.);
#8195 = FACE_BOUND('',#8196,.T.);
#8196 = EDGE_LOOP('',(#8197,#8198,#8199,#8200,#8201,#8202,#8203,#8204,
    #8205,#8206,#8207,#8208));
#8197 = ORIENTED_EDGE('',*,*,#7942,.T.);
#8198 = ORIENTED_EDGE('',*,*,#7970,.T.);
#8199 = ORIENTED_EDGE('',*,*,#7992,.T.);
#8200 = ORIENTED_EDGE('',*,*,#8014,.T.);
#8201 = ORIENTED_EDGE('',*,*,#8036,.T.);
#8202 = ORIENTED_EDGE('',*,*,#8058,.T.);
#8203 = ORIENTED_EDGE('',*,*,#8080,.T.);
#8204 = ORIENTED_EDGE('',*,*,#8102,.T.);
#8205 = ORIENTED_EDGE('',*,*,#8124,.T.);
#8206 = ORIENTED_EDGE('',*,*,#8146,.T.);
#8207 = ORIENTED_EDGE('',*,*,#8168,.T.);
#8208 = ORIENTED_EDGE('',*,*,#8184,.T.);
#8209 = B_SPLINE_SURFACE_WITH_KNOTS('',1,1,(
    (#8210,#8211)
    ,(#8212,#8213
    )),.UNSPECIFIED.,.F.,.F.,.F.,(2,2),(2,2),(-1.05711686075,
    -0.975766201377),(-1.502886228566,-1.459133215447),
  .PIECEWISE_BEZIER_KNOTS.);
#8210 = CARTESIAN_POINT('',(1.05711686075,-1.502886228566,0.5510001));
#8211 = CARTESIAN_POINT('',(1.05711686075,-1.459133215447,0.5510001));
#8212 = CARTESIAN_POINT('',(0.975766201377,-1.502886228566,0.5510001));
#8213 = CARTESIAN_POINT('',(0.975766201377,-1.459133215447,0.5510001));
#8214 = ADVANCED_FACE('',(#8215,#8274),#8333,.T.);
#8215 = FACE_BOUND('',#8216,.T.);
#8216 = EDGE_LOOP('',(#8217,#8226,#8235,#8244,#8253,#8262,#8269));
#8217 = ORIENTED_EDGE('',*,*,#8218,.T.);
#8218 = EDGE_CURVE('',#8219,#8221,#8223,.T.);
#8219 = VERTEX_POINT('',#8220);
#8220 = CARTESIAN_POINT('',(0.975766201377,-1.518253850569,0.5510001));
#8221 = VERTEX_POINT('',#8222);
#8222 = CARTESIAN_POINT('',(0.975766201377,-1.540629440929,0.5510001));
#8223 = B_SPLINE_CURVE_WITH_KNOTS('',1,(#8224,#8225),.UNSPECIFIED.,.F.,
  .F.,(2,2),(-2.237559035915E-02,1.07591012878E-30),
  .PIECEWISE_BEZIER_KNOTS.);
#8224 = CARTESIAN_POINT('',(0.975766201377,-1.518253850569,0.5510001));
#8225 = CARTESIAN_POINT('',(0.975766201377,-1.540629440929,0.5510001));
#8226 = ORIENTED_EDGE('',*,*,#8227,.T.);
#8227 = EDGE_CURVE('',#8221,#8228,#8230,.T.);
#8228 = VERTEX_POINT('',#8229);
#8229 = CARTESIAN_POINT('',(0.98716194814,-1.572217286426,0.5510001));
#8230 = B_SPLINE_CURVE_WITH_KNOTS('',3,(#8231,#8232,#8233,#8234),
  .UNSPECIFIED.,.F.,.F.,(4,4),(5.,6.),.PIECEWISE_BEZIER_KNOTS.);
#8231 = CARTESIAN_POINT('',(0.975766201377,-1.540629440929,0.5510001));
#8232 = CARTESIAN_POINT('',(0.975766201377,-1.553501643932,0.5510001));
#8233 = CARTESIAN_POINT('',(0.979550920192,-1.564044789204,0.5510001));
#8234 = CARTESIAN_POINT('',(0.98716194814,-1.572217286426,0.5510001));
#8235 = ORIENTED_EDGE('',*,*,#8236,.T.);
#8236 = EDGE_CURVE('',#8228,#8237,#8239,.T.);
#8237 = VERTEX_POINT('',#8238);
#8238 = CARTESIAN_POINT('',(1.017481288979,-1.584486429839,0.5510001));
#8239 = B_SPLINE_CURVE_WITH_KNOTS('',3,(#8240,#8241,#8242,#8243),
  .UNSPECIFIED.,.F.,.F.,(4,4),(4.,5.),.PIECEWISE_BEZIER_KNOTS.);
#8240 = CARTESIAN_POINT('',(0.98716194814,-1.572217286426,0.5510001));
#8241 = CARTESIAN_POINT('',(0.994772976087,-1.580389783648,0.5510001));
#8242 = CARTESIAN_POINT('',(1.004879423033,-1.584486429839,0.5510001));
#8243 = CARTESIAN_POINT('',(1.017481288979,-1.584486429839,0.5510001));
#8244 = ORIENTED_EDGE('',*,*,#8245,.T.);
#8245 = EDGE_CURVE('',#8237,#8246,#8248,.T.);
#8246 = VERTEX_POINT('',#8247);
#8247 = CARTESIAN_POINT('',(1.046344968737,-1.572217286426,0.5510001));
#8248 = B_SPLINE_CURVE_WITH_KNOTS('',3,(#8249,#8250,#8251,#8252),
  .UNSPECIFIED.,.F.,.F.,(4,4),(3.,4.),.PIECEWISE_BEZIER_KNOTS.);
#8249 = CARTESIAN_POINT('',(1.017481288979,-1.584486429839,0.5510001));
#8250 = CARTESIAN_POINT('',(1.029542480809,-1.584486429839,0.5510001));
#8251 = CARTESIAN_POINT('',(1.039149843956,-1.580389783648,0.5510001));
#8252 = CARTESIAN_POINT('',(1.046344968737,-1.572217286426,0.5510001));
#8253 = ORIENTED_EDGE('',*,*,#8254,.T.);
#8254 = EDGE_CURVE('',#8246,#8255,#8257,.T.);
#8255 = VERTEX_POINT('',#8256);
#8256 = CARTESIAN_POINT('',(1.05711686075,-1.541461247261,0.5510001));
#8257 = B_SPLINE_CURVE_WITH_KNOTS('',3,(#8258,#8259,#8260,#8261),
  .UNSPECIFIED.,.F.,.F.,(4,4),(2.,3.),.PIECEWISE_BEZIER_KNOTS.);
#8258 = CARTESIAN_POINT('',(1.046344968737,-1.572217286426,0.5510001));
#8259 = CARTESIAN_POINT('',(1.053540093517,-1.564044789204,0.5510001));
#8260 = CARTESIAN_POINT('',(1.05711686075,-1.553792776149,0.5510001));
#8261 = CARTESIAN_POINT('',(1.05711686075,-1.541461247261,0.5510001));
#8262 = ORIENTED_EDGE('',*,*,#8263,.T.);
#8263 = EDGE_CURVE('',#8255,#8264,#8266,.T.);
#8264 = VERTEX_POINT('',#8265);
#8265 = CARTESIAN_POINT('',(1.05711686075,-1.518253850569,0.5510001));
#8266 = B_SPLINE_CURVE_WITH_KNOTS('',1,(#8267,#8268),.UNSPECIFIED.,.F.,
  .F.,(2,2),(-2.320739669181E-02,0.),.PIECEWISE_BEZIER_KNOTS.);
#8267 = CARTESIAN_POINT('',(1.05711686075,-1.541461247261,0.5510001));
#8268 = CARTESIAN_POINT('',(1.05711686075,-1.518253850569,0.5510001));
#8269 = ORIENTED_EDGE('',*,*,#8270,.T.);
#8270 = EDGE_CURVE('',#8264,#8219,#8271,.T.);
#8271 = B_SPLINE_CURVE_WITH_KNOTS('',1,(#8272,#8273),.UNSPECIFIED.,.F.,
  .F.,(2,2),(-8.135065937253E-02,-0.),.PIECEWISE_BEZIER_KNOTS.);
#8272 = CARTESIAN_POINT('',(1.05711686075,-1.518253850569,0.5510001));
#8273 = CARTESIAN_POINT('',(0.975766201377,-1.518253850569,0.5510001));
#8274 = FACE_BOUND('',#8275,.T.);
#8275 = EDGE_LOOP('',(#8276,#8285,#8292,#8301,#8310,#8319,#8328));
#8276 = ORIENTED_EDGE('',*,*,#8277,.F.);
#8277 = EDGE_CURVE('',#8278,#8280,#8282,.T.);
#8278 = VERTEX_POINT('',#8279);
#8279 = CARTESIAN_POINT('',(1.047759039503,-1.528755405524,0.5510001));
#8280 = VERTEX_POINT('',#8281);
#8281 = CARTESIAN_POINT('',(0.98504084199,-1.528755405524,0.5510001));
#8282 = B_SPLINE_CURVE_WITH_KNOTS('',1,(#8283,#8284),.UNSPECIFIED.,.F.,
  .F.,(2,2),(0.,6.271819751229E-02),.PIECEWISE_BEZIER_KNOTS.);
#8283 = CARTESIAN_POINT('',(1.047759039503,-1.528755405524,0.5510001));
#8284 = CARTESIAN_POINT('',(0.98504084199,-1.528755405524,0.5510001));
#8285 = ORIENTED_EDGE('',*,*,#8286,.F.);
#8286 = EDGE_CURVE('',#8287,#8278,#8289,.T.);
#8287 = VERTEX_POINT('',#8288);
#8288 = CARTESIAN_POINT('',(1.047759039503,-1.541045344095,0.5510001));
#8289 = B_SPLINE_CURVE_WITH_KNOTS('',1,(#8290,#8291),.UNSPECIFIED.,.F.,
  .F.,(2,2),(-2.22044604925E-16,1.228993857072E-02),
  .PIECEWISE_BEZIER_KNOTS.);
#8290 = CARTESIAN_POINT('',(1.047759039503,-1.541045344095,0.5510001));
#8291 = CARTESIAN_POINT('',(1.047759039503,-1.528755405524,0.5510001));
#8292 = ORIENTED_EDGE('',*,*,#8293,.F.);
#8293 = EDGE_CURVE('',#8294,#8287,#8296,.T.);
#8294 = VERTEX_POINT('',#8295);
#8295 = CARTESIAN_POINT('',(1.040106421239,-1.564523077845,0.5510001));
#8296 = B_SPLINE_CURVE_WITH_KNOTS('',3,(#8297,#8298,#8299,#8300),
  .UNSPECIFIED.,.F.,.F.,(4,4),(5.,6.),.PIECEWISE_BEZIER_KNOTS.);
#8297 = CARTESIAN_POINT('',(1.040106421239,-1.564523077845,0.5510001));
#8298 = CARTESIAN_POINT('',(1.045222030187,-1.558575662564,0.5510001));
#8299 = CARTESIAN_POINT('',(1.047759039503,-1.550735887875,0.5510001));
#8300 = CARTESIAN_POINT('',(1.047759039503,-1.541045344095,0.5510001));
#8301 = ORIENTED_EDGE('',*,*,#8302,.F.);
#8302 = EDGE_CURVE('',#8303,#8294,#8305,.T.);
#8303 = VERTEX_POINT('',#8304);
#8304 = CARTESIAN_POINT('',(1.017190156763,-1.573444200767,0.5510001));
#8305 = B_SPLINE_CURVE_WITH_KNOTS('',3,(#8306,#8307,#8308,#8309),
  .UNSPECIFIED.,.F.,.F.,(4,4),(4.,5.),.PIECEWISE_BEZIER_KNOTS.);
#8306 = CARTESIAN_POINT('',(1.017190156763,-1.573444200767,0.5510001));
#8307 = CARTESIAN_POINT('',(1.027338194026,-1.573444200767,0.5510001));
#8308 = CARTESIAN_POINT('',(1.03499081229,-1.570470493126,0.5510001));
#8309 = CARTESIAN_POINT('',(1.040106421239,-1.564523077845,0.5510001));
#8310 = ORIENTED_EDGE('',*,*,#8311,.F.);
#8311 = EDGE_CURVE('',#8312,#8303,#8314,.T.);
#8312 = VERTEX_POINT('',#8313);
#8313 = CARTESIAN_POINT('',(0.993525266587,-1.564751824587,0.5510001));
#8314 = B_SPLINE_CURVE_WITH_KNOTS('',3,(#8315,#8316,#8317,#8318),
  .UNSPECIFIED.,.F.,.F.,(4,4),(3.,4.),.PIECEWISE_BEZIER_KNOTS.);
#8315 = CARTESIAN_POINT('',(0.993525266587,-1.564751824587,0.5510001));
#8316 = CARTESIAN_POINT('',(0.999139959336,-1.57055367376,0.5510001));
#8317 = CARTESIAN_POINT('',(1.0070421195,-1.573444200767,0.5510001));
#8318 = CARTESIAN_POINT('',(1.017190156763,-1.573444200767,0.5510001));
#8319 = ORIENTED_EDGE('',*,*,#8320,.F.);
#8320 = EDGE_CURVE('',#8321,#8312,#8323,.T.);
#8321 = VERTEX_POINT('',#8322);
#8322 = CARTESIAN_POINT('',(0.98504084199,-1.540567055453,0.5510001));
#8323 = B_SPLINE_CURVE_WITH_KNOTS('',3,(#8324,#8325,#8326,#8327),
  .UNSPECIFIED.,.F.,.F.,(4,4),(2.,3.),.PIECEWISE_BEZIER_KNOTS.);
#8324 = CARTESIAN_POINT('',(0.98504084199,-1.540567055453,0.5510001));
#8325 = CARTESIAN_POINT('',(0.98504084199,-1.550902249141,0.5510001));
#8326 = CARTESIAN_POINT('',(0.987868983522,-1.558970770572,0.5510001));
#8327 = CARTESIAN_POINT('',(0.993525266587,-1.564751824587,0.5510001));
#8328 = ORIENTED_EDGE('',*,*,#8329,.F.);
#8329 = EDGE_CURVE('',#8280,#8321,#8330,.T.);
#8330 = B_SPLINE_CURVE_WITH_KNOTS('',1,(#8331,#8332),.UNSPECIFIED.,.F.,
  .F.,(2,2),(0.,1.181164992921E-02),.PIECEWISE_BEZIER_KNOTS.);
#8331 = CARTESIAN_POINT('',(0.98504084199,-1.528755405524,0.5510001));
#8332 = CARTESIAN_POINT('',(0.98504084199,-1.540567055453,0.5510001));
#8333 = B_SPLINE_SURFACE_WITH_KNOTS('',1,1,(
    (#8334,#8335)
    ,(#8336,#8337
    )),.UNSPECIFIED.,.F.,.F.,.F.,(2,2),(2,2),(-7.866288515873E-02,
    2.687774213805E-03),(-2.608752612068E-02,4.014505314865E-02),
  .PIECEWISE_BEZIER_KNOTS.);
#8334 = CARTESIAN_POINT('',(0.975766201377,-1.584486429839,0.5510001));
#8335 = CARTESIAN_POINT('',(0.975766201377,-1.518253850569,0.5510001));
#8336 = CARTESIAN_POINT('',(1.05711686075,-1.584486429839,0.5510001));
#8337 = CARTESIAN_POINT('',(1.05711686075,-1.518253850569,0.5510001));
#8338 = ADVANCED_FACE('',(#8339),#8353,.F.);
#8339 = FACE_BOUND('',#8340,.T.);
#8340 = EDGE_LOOP('',(#8341,#8342,#8347,#8348));
#8341 = ORIENTED_EDGE('',*,*,#1073,.T.);
#8342 = ORIENTED_EDGE('',*,*,#8343,.F.);
#8343 = EDGE_CURVE('',#8221,#1076,#8344,.T.);
#8344 = B_SPLINE_CURVE_WITH_KNOTS('',1,(#8345,#8346),.UNSPECIFIED.,.F.,
  .F.,(2,2),(-0.,9.999999999999E-04),.PIECEWISE_BEZIER_KNOTS.);
#8345 = CARTESIAN_POINT('',(0.975766201377,-1.540629440929,0.5510001));
#8346 = CARTESIAN_POINT('',(0.975766201377,-1.540629440929,0.5500001));
#8347 = ORIENTED_EDGE('',*,*,#8218,.F.);
#8348 = ORIENTED_EDGE('',*,*,#8349,.T.);
#8349 = EDGE_CURVE('',#8219,#1074,#8350,.T.);
#8350 = B_SPLINE_CURVE_WITH_KNOTS('',1,(#8351,#8352),.UNSPECIFIED.,.F.,
  .F.,(2,2),(-0.,1.E-03),.PIECEWISE_BEZIER_KNOTS.);
#8351 = CARTESIAN_POINT('',(0.975766201377,-1.518253850569,0.5510001));
#8352 = CARTESIAN_POINT('',(0.975766201377,-1.518253850569,0.5500001));
#8353 = B_SPLINE_SURFACE_WITH_KNOTS('',1,1,(
    (#8354,#8355)
    ,(#8356,#8357
    )),.UNSPECIFIED.,.F.,.F.,.F.,(2,2),(2,2),(-1.07591012878E-30,
    2.237559035915E-02),(-1.E-03,0.),.PIECEWISE_BEZIER_KNOTS.);
#8354 = CARTESIAN_POINT('',(0.975766201377,-1.540629440929,0.5500001));
#8355 = CARTESIAN_POINT('',(0.975766201377,-1.540629440929,0.5510001));
#8356 = CARTESIAN_POINT('',(0.975766201377,-1.518253850569,0.5500001));
#8357 = CARTESIAN_POINT('',(0.975766201377,-1.518253850569,0.5510001));
#8358 = ADVANCED_FACE('',(#8359),#8369,.F.);
#8359 = FACE_BOUND('',#8360,.F.);
#8360 = EDGE_LOOP('',(#8361,#8362,#8363,#8368));
#8361 = ORIENTED_EDGE('',*,*,#8343,.F.);
#8362 = ORIENTED_EDGE('',*,*,#8227,.T.);
#8363 = ORIENTED_EDGE('',*,*,#8364,.T.);
#8364 = EDGE_CURVE('',#8228,#1115,#8365,.T.);
#8365 = B_SPLINE_CURVE_WITH_KNOTS('',1,(#8366,#8367),.UNSPECIFIED.,.F.,
  .F.,(2,2),(-0.,9.999999999999E-04),.PIECEWISE_BEZIER_KNOTS.);
#8366 = CARTESIAN_POINT('',(0.98716194814,-1.572217286426,0.5510001));
#8367 = CARTESIAN_POINT('',(0.98716194814,-1.572217286426,0.5500001));
#8368 = ORIENTED_EDGE('',*,*,#1123,.F.);
#8369 = B_SPLINE_SURFACE_WITH_KNOTS('',3,1,(
    (#8370,#8371)
    ,(#8372,#8373)
    ,(#8374,#8375)
    ,(#8376,#8377
    )),.UNSPECIFIED.,.F.,.F.,.F.,(4,4),(2,2),(5.,6.),(0.,1.),
  .PIECEWISE_BEZIER_KNOTS.);
#8370 = CARTESIAN_POINT('',(0.975766201377,-1.540629440929,0.5510001));
#8371 = CARTESIAN_POINT('',(0.975766201377,-1.540629440929,0.5500001));
#8372 = CARTESIAN_POINT('',(0.975766201377,-1.553501643932,0.5510001));
#8373 = CARTESIAN_POINT('',(0.975766201377,-1.553501643932,0.5500001));
#8374 = CARTESIAN_POINT('',(0.979550920192,-1.564044789204,0.5510001));
#8375 = CARTESIAN_POINT('',(0.979550920192,-1.564044789204,0.5500001));
#8376 = CARTESIAN_POINT('',(0.98716194814,-1.572217286426,0.5510001));
#8377 = CARTESIAN_POINT('',(0.98716194814,-1.572217286426,0.5500001));
#8378 = ADVANCED_FACE('',(#8379),#8389,.F.);
#8379 = FACE_BOUND('',#8380,.F.);
#8380 = EDGE_LOOP('',(#8381,#8382,#8383,#8388));
#8381 = ORIENTED_EDGE('',*,*,#8364,.F.);
#8382 = ORIENTED_EDGE('',*,*,#8236,.T.);
#8383 = ORIENTED_EDGE('',*,*,#8384,.T.);
#8384 = EDGE_CURVE('',#8237,#1106,#8385,.T.);
#8385 = B_SPLINE_CURVE_WITH_KNOTS('',1,(#8386,#8387),.UNSPECIFIED.,.F.,
  .F.,(2,2),(-0.,9.999999999999E-04),.PIECEWISE_BEZIER_KNOTS.);
#8386 = CARTESIAN_POINT('',(1.017481288979,-1.584486429839,0.5510001));
#8387 = CARTESIAN_POINT('',(1.017481288979,-1.584486429839,0.5500001));
#8388 = ORIENTED_EDGE('',*,*,#1114,.F.);
#8389 = B_SPLINE_SURFACE_WITH_KNOTS('',3,1,(
    (#8390,#8391)
    ,(#8392,#8393)
    ,(#8394,#8395)
    ,(#8396,#8397
    )),.UNSPECIFIED.,.F.,.F.,.F.,(4,4),(2,2),(4.,5.),(0.,1.),
  .PIECEWISE_BEZIER_KNOTS.);
#8390 = CARTESIAN_POINT('',(0.98716194814,-1.572217286426,0.5510001));
#8391 = CARTESIAN_POINT('',(0.98716194814,-1.572217286426,0.5500001));
#8392 = CARTESIAN_POINT('',(0.994772976087,-1.580389783648,0.5510001));
#8393 = CARTESIAN_POINT('',(0.994772976087,-1.580389783648,0.5500001));
#8394 = CARTESIAN_POINT('',(1.004879423033,-1.584486429839,0.5510001));
#8395 = CARTESIAN_POINT('',(1.004879423033,-1.584486429839,0.5500001));
#8396 = CARTESIAN_POINT('',(1.017481288979,-1.584486429839,0.5510001));
#8397 = CARTESIAN_POINT('',(1.017481288979,-1.584486429839,0.5500001));
#8398 = ADVANCED_FACE('',(#8399),#8409,.F.);
#8399 = FACE_BOUND('',#8400,.F.);
#8400 = EDGE_LOOP('',(#8401,#8402,#8403,#8408));
#8401 = ORIENTED_EDGE('',*,*,#8384,.F.);
#8402 = ORIENTED_EDGE('',*,*,#8245,.T.);
#8403 = ORIENTED_EDGE('',*,*,#8404,.T.);
#8404 = EDGE_CURVE('',#8246,#1097,#8405,.T.);
#8405 = B_SPLINE_CURVE_WITH_KNOTS('',1,(#8406,#8407),.UNSPECIFIED.,.F.,
  .F.,(2,2),(-0.,9.999999999999E-04),.PIECEWISE_BEZIER_KNOTS.);
#8406 = CARTESIAN_POINT('',(1.046344968737,-1.572217286426,0.5510001));
#8407 = CARTESIAN_POINT('',(1.046344968737,-1.572217286426,0.5500001));
#8408 = ORIENTED_EDGE('',*,*,#1105,.F.);
#8409 = B_SPLINE_SURFACE_WITH_KNOTS('',3,1,(
    (#8410,#8411)
    ,(#8412,#8413)
    ,(#8414,#8415)
    ,(#8416,#8417
    )),.UNSPECIFIED.,.F.,.F.,.F.,(4,4),(2,2),(3.,4.),(0.,1.),
  .PIECEWISE_BEZIER_KNOTS.);
#8410 = CARTESIAN_POINT('',(1.017481288979,-1.584486429839,0.5510001));
#8411 = CARTESIAN_POINT('',(1.017481288979,-1.584486429839,0.5500001));
#8412 = CARTESIAN_POINT('',(1.029542480809,-1.584486429839,0.5510001));
#8413 = CARTESIAN_POINT('',(1.029542480809,-1.584486429839,0.5500001));
#8414 = CARTESIAN_POINT('',(1.039149843956,-1.580389783648,0.5510001));
#8415 = CARTESIAN_POINT('',(1.039149843956,-1.580389783648,0.5500001));
#8416 = CARTESIAN_POINT('',(1.046344968737,-1.572217286426,0.5510001));
#8417 = CARTESIAN_POINT('',(1.046344968737,-1.572217286426,0.5500001));
#8418 = ADVANCED_FACE('',(#8419),#8429,.F.);
#8419 = FACE_BOUND('',#8420,.F.);
#8420 = EDGE_LOOP('',(#8421,#8422,#8423,#8428));
#8421 = ORIENTED_EDGE('',*,*,#8404,.F.);
#8422 = ORIENTED_EDGE('',*,*,#8254,.T.);
#8423 = ORIENTED_EDGE('',*,*,#8424,.T.);
#8424 = EDGE_CURVE('',#8255,#1090,#8425,.T.);
#8425 = B_SPLINE_CURVE_WITH_KNOTS('',1,(#8426,#8427),.UNSPECIFIED.,.F.,
  .F.,(2,2),(-0.,1.E-03),.PIECEWISE_BEZIER_KNOTS.);
#8426 = CARTESIAN_POINT('',(1.05711686075,-1.541461247261,0.5510001));
#8427 = CARTESIAN_POINT('',(1.05711686075,-1.541461247261,0.5500001));
#8428 = ORIENTED_EDGE('',*,*,#1096,.F.);
#8429 = B_SPLINE_SURFACE_WITH_KNOTS('',3,1,(
    (#8430,#8431)
    ,(#8432,#8433)
    ,(#8434,#8435)
    ,(#8436,#8437
    )),.UNSPECIFIED.,.F.,.F.,.F.,(4,4),(2,2),(2.,3.),(0.,1.),
  .PIECEWISE_BEZIER_KNOTS.);
#8430 = CARTESIAN_POINT('',(1.046344968737,-1.572217286426,0.5510001));
#8431 = CARTESIAN_POINT('',(1.046344968737,-1.572217286426,0.5500001));
#8432 = CARTESIAN_POINT('',(1.053540093517,-1.564044789204,0.5510001));
#8433 = CARTESIAN_POINT('',(1.053540093517,-1.564044789204,0.5500001));
#8434 = CARTESIAN_POINT('',(1.05711686075,-1.553792776149,0.5510001));
#8435 = CARTESIAN_POINT('',(1.05711686075,-1.553792776149,0.5500001));
#8436 = CARTESIAN_POINT('',(1.05711686075,-1.541461247261,0.5510001));
#8437 = CARTESIAN_POINT('',(1.05711686075,-1.541461247261,0.5500001));
#8438 = ADVANCED_FACE('',(#8439),#8449,.F.);
#8439 = FACE_BOUND('',#8440,.T.);
#8440 = EDGE_LOOP('',(#8441,#8442,#8447,#8448));
#8441 = ORIENTED_EDGE('',*,*,#1089,.T.);
#8442 = ORIENTED_EDGE('',*,*,#8443,.F.);
#8443 = EDGE_CURVE('',#8264,#1083,#8444,.T.);
#8444 = B_SPLINE_CURVE_WITH_KNOTS('',1,(#8445,#8446),.UNSPECIFIED.,.F.,
  .F.,(2,2),(-0.,1.E-03),.PIECEWISE_BEZIER_KNOTS.);
#8445 = CARTESIAN_POINT('',(1.05711686075,-1.518253850569,0.5510001));
#8446 = CARTESIAN_POINT('',(1.05711686075,-1.518253850569,0.5500001));
#8447 = ORIENTED_EDGE('',*,*,#8263,.F.);
#8448 = ORIENTED_EDGE('',*,*,#8424,.T.);
#8449 = B_SPLINE_SURFACE_WITH_KNOTS('',1,1,(
    (#8450,#8451)
    ,(#8452,#8453
    )),.UNSPECIFIED.,.F.,.F.,.F.,(2,2),(2,2),(0.,2.320739669181E-02),(
    -1.E-03,0.),.PIECEWISE_BEZIER_KNOTS.);
#8450 = CARTESIAN_POINT('',(1.05711686075,-1.518253850569,0.5500001));
#8451 = CARTESIAN_POINT('',(1.05711686075,-1.518253850569,0.5510001));
#8452 = CARTESIAN_POINT('',(1.05711686075,-1.541461247261,0.5500001));
#8453 = CARTESIAN_POINT('',(1.05711686075,-1.541461247261,0.5510001));
#8454 = ADVANCED_FACE('',(#8455),#8461,.F.);
#8455 = FACE_BOUND('',#8456,.T.);
#8456 = EDGE_LOOP('',(#8457,#8458,#8459,#8460));
#8457 = ORIENTED_EDGE('',*,*,#1082,.T.);
#8458 = ORIENTED_EDGE('',*,*,#8349,.F.);
#8459 = ORIENTED_EDGE('',*,*,#8270,.F.);
#8460 = ORIENTED_EDGE('',*,*,#8443,.T.);
#8461 = B_SPLINE_SURFACE_WITH_KNOTS('',1,1,(
    (#8462,#8463)
    ,(#8464,#8465
    )),.UNSPECIFIED.,.F.,.F.,.F.,(2,2),(2,2),(0.,8.135065937253E-02),(
    -1.E-03,0.),.PIECEWISE_BEZIER_KNOTS.);
#8462 = CARTESIAN_POINT('',(0.975766201377,-1.518253850569,0.5500001));
#8463 = CARTESIAN_POINT('',(0.975766201377,-1.518253850569,0.5510001));
#8464 = CARTESIAN_POINT('',(1.05711686075,-1.518253850569,0.5500001));
#8465 = CARTESIAN_POINT('',(1.05711686075,-1.518253850569,0.5510001));
#8466 = ADVANCED_FACE('',(#8467),#8489,.T.);
#8467 = FACE_BOUND('',#8468,.T.);
#8468 = EDGE_LOOP('',(#8469,#8478,#8483,#8484));
#8469 = ORIENTED_EDGE('',*,*,#8470,.F.);
#8470 = EDGE_CURVE('',#8471,#8473,#8475,.T.);
#8471 = VERTEX_POINT('',#8472);
#8472 = CARTESIAN_POINT('',(1.047759039503,-1.541045344095,0.5500001));
#8473 = VERTEX_POINT('',#8474);
#8474 = CARTESIAN_POINT('',(1.047759039503,-1.528755405524,0.5500001));
#8475 = B_SPLINE_CURVE_WITH_KNOTS('',1,(#8476,#8477),.UNSPECIFIED.,.F.,
  .F.,(2,2),(-2.22044604925E-16,1.228993857072E-02),
  .PIECEWISE_BEZIER_KNOTS.);
#8476 = CARTESIAN_POINT('',(1.047759039503,-1.541045344095,0.5500001));
#8477 = CARTESIAN_POINT('',(1.047759039503,-1.528755405524,0.5500001));
#8478 = ORIENTED_EDGE('',*,*,#8479,.F.);
#8479 = EDGE_CURVE('',#8287,#8471,#8480,.T.);
#8480 = B_SPLINE_CURVE_WITH_KNOTS('',1,(#8481,#8482),.UNSPECIFIED.,.F.,
  .F.,(2,2),(-0.,9.999999999999E-04),.PIECEWISE_BEZIER_KNOTS.);
#8481 = CARTESIAN_POINT('',(1.047759039503,-1.541045344095,0.5510001));
#8482 = CARTESIAN_POINT('',(1.047759039503,-1.541045344095,0.5500001));
#8483 = ORIENTED_EDGE('',*,*,#8286,.T.);
#8484 = ORIENTED_EDGE('',*,*,#8485,.T.);
#8485 = EDGE_CURVE('',#8278,#8473,#8486,.T.);
#8486 = B_SPLINE_CURVE_WITH_KNOTS('',1,(#8487,#8488),.UNSPECIFIED.,.F.,
  .F.,(2,2),(-0.,1.E-03),.PIECEWISE_BEZIER_KNOTS.);
#8487 = CARTESIAN_POINT('',(1.047759039503,-1.528755405524,0.5510001));
#8488 = CARTESIAN_POINT('',(1.047759039503,-1.528755405524,0.5500001));
#8489 = B_SPLINE_SURFACE_WITH_KNOTS('',1,1,(
    (#8490,#8491)
    ,(#8492,#8493
    )),.UNSPECIFIED.,.F.,.F.,.F.,(2,2),(2,2),(-1.228993857072E-02,
    2.22044604925E-16),(-1.E-03,0.),.PIECEWISE_BEZIER_KNOTS.);
#8490 = CARTESIAN_POINT('',(1.047759039503,-1.528755405524,0.5500001));
#8491 = CARTESIAN_POINT('',(1.047759039503,-1.528755405524,0.5510001));
#8492 = CARTESIAN_POINT('',(1.047759039503,-1.541045344095,0.5500001));
#8493 = CARTESIAN_POINT('',(1.047759039503,-1.541045344095,0.5510001));
#8494 = ADVANCED_FACE('',(#8495),#8511,.T.);
#8495 = FACE_BOUND('',#8496,.T.);
#8496 = EDGE_LOOP('',(#8497,#8504,#8505,#8506));
#8497 = ORIENTED_EDGE('',*,*,#8498,.F.);
#8498 = EDGE_CURVE('',#8473,#8499,#8501,.T.);
#8499 = VERTEX_POINT('',#8500);
#8500 = CARTESIAN_POINT('',(0.98504084199,-1.528755405524,0.5500001));
#8501 = B_SPLINE_CURVE_WITH_KNOTS('',1,(#8502,#8503),.UNSPECIFIED.,.F.,
  .F.,(2,2),(0.,6.271819751229E-02),.PIECEWISE_BEZIER_KNOTS.);
#8502 = CARTESIAN_POINT('',(1.047759039503,-1.528755405524,0.5500001));
#8503 = CARTESIAN_POINT('',(0.98504084199,-1.528755405524,0.5500001));
#8504 = ORIENTED_EDGE('',*,*,#8485,.F.);
#8505 = ORIENTED_EDGE('',*,*,#8277,.T.);
#8506 = ORIENTED_EDGE('',*,*,#8507,.T.);
#8507 = EDGE_CURVE('',#8280,#8499,#8508,.T.);
#8508 = B_SPLINE_CURVE_WITH_KNOTS('',1,(#8509,#8510),.UNSPECIFIED.,.F.,
  .F.,(2,2),(-0.,1.E-03),.PIECEWISE_BEZIER_KNOTS.);
#8509 = CARTESIAN_POINT('',(0.98504084199,-1.528755405524,0.5510001));
#8510 = CARTESIAN_POINT('',(0.98504084199,-1.528755405524,0.5500001));
#8511 = B_SPLINE_SURFACE_WITH_KNOTS('',1,1,(
    (#8512,#8513)
    ,(#8514,#8515
    )),.UNSPECIFIED.,.F.,.F.,.F.,(2,2),(2,2),(-6.271819751229E-02,0.),(
    -1.E-03,0.),.PIECEWISE_BEZIER_KNOTS.);
#8512 = CARTESIAN_POINT('',(0.98504084199,-1.528755405524,0.5500001));
#8513 = CARTESIAN_POINT('',(0.98504084199,-1.528755405524,0.5510001));
#8514 = CARTESIAN_POINT('',(1.047759039503,-1.528755405524,0.5500001));
#8515 = CARTESIAN_POINT('',(1.047759039503,-1.528755405524,0.5510001));
#8516 = ADVANCED_FACE('',(#8517),#8533,.T.);
#8517 = FACE_BOUND('',#8518,.T.);
#8518 = EDGE_LOOP('',(#8519,#8526,#8527,#8528));
#8519 = ORIENTED_EDGE('',*,*,#8520,.F.);
#8520 = EDGE_CURVE('',#8499,#8521,#8523,.T.);
#8521 = VERTEX_POINT('',#8522);
#8522 = CARTESIAN_POINT('',(0.98504084199,-1.540567055453,0.5500001));
#8523 = B_SPLINE_CURVE_WITH_KNOTS('',1,(#8524,#8525),.UNSPECIFIED.,.F.,
  .F.,(2,2),(0.,1.181164992921E-02),.PIECEWISE_BEZIER_KNOTS.);
#8524 = CARTESIAN_POINT('',(0.98504084199,-1.528755405524,0.5500001));
#8525 = CARTESIAN_POINT('',(0.98504084199,-1.540567055453,0.5500001));
#8526 = ORIENTED_EDGE('',*,*,#8507,.F.);
#8527 = ORIENTED_EDGE('',*,*,#8329,.T.);
#8528 = ORIENTED_EDGE('',*,*,#8529,.T.);
#8529 = EDGE_CURVE('',#8321,#8521,#8530,.T.);
#8530 = B_SPLINE_CURVE_WITH_KNOTS('',1,(#8531,#8532),.UNSPECIFIED.,.F.,
  .F.,(2,2),(-0.,1.E-03),.PIECEWISE_BEZIER_KNOTS.);
#8531 = CARTESIAN_POINT('',(0.98504084199,-1.540567055453,0.5510001));
#8532 = CARTESIAN_POINT('',(0.98504084199,-1.540567055453,0.5500001));
#8533 = B_SPLINE_SURFACE_WITH_KNOTS('',1,1,(
    (#8534,#8535)
    ,(#8536,#8537
    )),.UNSPECIFIED.,.F.,.F.,.F.,(2,2),(2,2),(-1.181164992921E-02,0.),(
    -1.E-03,0.),.PIECEWISE_BEZIER_KNOTS.);
#8534 = CARTESIAN_POINT('',(0.98504084199,-1.540567055453,0.5500001));
#8535 = CARTESIAN_POINT('',(0.98504084199,-1.540567055453,0.5510001));
#8536 = CARTESIAN_POINT('',(0.98504084199,-1.528755405524,0.5500001));
#8537 = CARTESIAN_POINT('',(0.98504084199,-1.528755405524,0.5510001));
#8538 = ADVANCED_FACE('',(#8539),#8557,.T.);
#8539 = FACE_BOUND('',#8540,.T.);
#8540 = EDGE_LOOP('',(#8541,#8550,#8551,#8552));
#8541 = ORIENTED_EDGE('',*,*,#8542,.F.);
#8542 = EDGE_CURVE('',#8521,#8543,#8545,.T.);
#8543 = VERTEX_POINT('',#8544);
#8544 = CARTESIAN_POINT('',(0.993525266587,-1.564751824587,0.5500001));
#8545 = B_SPLINE_CURVE_WITH_KNOTS('',3,(#8546,#8547,#8548,#8549),
  .UNSPECIFIED.,.F.,.F.,(4,4),(2.,3.),.PIECEWISE_BEZIER_KNOTS.);
#8546 = CARTESIAN_POINT('',(0.98504084199,-1.540567055453,0.5500001));
#8547 = CARTESIAN_POINT('',(0.98504084199,-1.550902249141,0.5500001));
#8548 = CARTESIAN_POINT('',(0.987868983522,-1.558970770572,0.5500001));
#8549 = CARTESIAN_POINT('',(0.993525266587,-1.564751824587,0.5500001));
#8550 = ORIENTED_EDGE('',*,*,#8529,.F.);
#8551 = ORIENTED_EDGE('',*,*,#8320,.T.);
#8552 = ORIENTED_EDGE('',*,*,#8553,.T.);
#8553 = EDGE_CURVE('',#8312,#8543,#8554,.T.);
#8554 = B_SPLINE_CURVE_WITH_KNOTS('',1,(#8555,#8556),.UNSPECIFIED.,.F.,
  .F.,(2,2),(-0.,1.E-03),.PIECEWISE_BEZIER_KNOTS.);
#8555 = CARTESIAN_POINT('',(0.993525266587,-1.564751824587,0.5510001));
#8556 = CARTESIAN_POINT('',(0.993525266587,-1.564751824587,0.5500001));
#8557 = B_SPLINE_SURFACE_WITH_KNOTS('',3,1,(
    (#8558,#8559)
    ,(#8560,#8561)
    ,(#8562,#8563)
    ,(#8564,#8565
    )),.UNSPECIFIED.,.F.,.F.,.F.,(4,4),(2,2),(2.,3.),(0.,1.),
  .PIECEWISE_BEZIER_KNOTS.);
#8558 = CARTESIAN_POINT('',(0.98504084199,-1.540567055453,0.5510001));
#8559 = CARTESIAN_POINT('',(0.98504084199,-1.540567055453,0.5500001));
#8560 = CARTESIAN_POINT('',(0.98504084199,-1.550902249141,0.5510001));
#8561 = CARTESIAN_POINT('',(0.98504084199,-1.550902249141,0.5500001));
#8562 = CARTESIAN_POINT('',(0.987868983522,-1.558970770572,0.5510001));
#8563 = CARTESIAN_POINT('',(0.987868983522,-1.558970770572,0.5500001));
#8564 = CARTESIAN_POINT('',(0.993525266587,-1.564751824587,0.5510001));
#8565 = CARTESIAN_POINT('',(0.993525266587,-1.564751824587,0.5500001));
#8566 = ADVANCED_FACE('',(#8567),#8585,.T.);
#8567 = FACE_BOUND('',#8568,.T.);
#8568 = EDGE_LOOP('',(#8569,#8578,#8579,#8580));
#8569 = ORIENTED_EDGE('',*,*,#8570,.F.);
#8570 = EDGE_CURVE('',#8543,#8571,#8573,.T.);
#8571 = VERTEX_POINT('',#8572);
#8572 = CARTESIAN_POINT('',(1.017190156763,-1.573444200767,0.5500001));
#8573 = B_SPLINE_CURVE_WITH_KNOTS('',3,(#8574,#8575,#8576,#8577),
  .UNSPECIFIED.,.F.,.F.,(4,4),(3.,4.),.PIECEWISE_BEZIER_KNOTS.);
#8574 = CARTESIAN_POINT('',(0.993525266587,-1.564751824587,0.5500001));
#8575 = CARTESIAN_POINT('',(0.999139959336,-1.57055367376,0.5500001));
#8576 = CARTESIAN_POINT('',(1.0070421195,-1.573444200767,0.5500001));
#8577 = CARTESIAN_POINT('',(1.017190156763,-1.573444200767,0.5500001));
#8578 = ORIENTED_EDGE('',*,*,#8553,.F.);
#8579 = ORIENTED_EDGE('',*,*,#8311,.T.);
#8580 = ORIENTED_EDGE('',*,*,#8581,.T.);
#8581 = EDGE_CURVE('',#8303,#8571,#8582,.T.);
#8582 = B_SPLINE_CURVE_WITH_KNOTS('',1,(#8583,#8584),.UNSPECIFIED.,.F.,
  .F.,(2,2),(-0.,1.E-03),.PIECEWISE_BEZIER_KNOTS.);
#8583 = CARTESIAN_POINT('',(1.017190156763,-1.573444200767,0.5510001));
#8584 = CARTESIAN_POINT('',(1.017190156763,-1.573444200767,0.5500001));
#8585 = B_SPLINE_SURFACE_WITH_KNOTS('',3,1,(
    (#8586,#8587)
    ,(#8588,#8589)
    ,(#8590,#8591)
    ,(#8592,#8593
    )),.UNSPECIFIED.,.F.,.F.,.F.,(4,4),(2,2),(3.,4.),(0.,1.),
  .PIECEWISE_BEZIER_KNOTS.);
#8586 = CARTESIAN_POINT('',(0.993525266587,-1.564751824587,0.5510001));
#8587 = CARTESIAN_POINT('',(0.993525266587,-1.564751824587,0.5500001));
#8588 = CARTESIAN_POINT('',(0.999139959336,-1.57055367376,0.5510001));
#8589 = CARTESIAN_POINT('',(0.999139959336,-1.57055367376,0.5500001));
#8590 = CARTESIAN_POINT('',(1.0070421195,-1.573444200767,0.5510001));
#8591 = CARTESIAN_POINT('',(1.0070421195,-1.573444200767,0.5500001));
#8592 = CARTESIAN_POINT('',(1.017190156763,-1.573444200767,0.5510001));
#8593 = CARTESIAN_POINT('',(1.017190156763,-1.573444200767,0.5500001));
#8594 = ADVANCED_FACE('',(#8595),#8613,.T.);
#8595 = FACE_BOUND('',#8596,.T.);
#8596 = EDGE_LOOP('',(#8597,#8606,#8607,#8608));
#8597 = ORIENTED_EDGE('',*,*,#8598,.F.);
#8598 = EDGE_CURVE('',#8571,#8599,#8601,.T.);
#8599 = VERTEX_POINT('',#8600);
#8600 = CARTESIAN_POINT('',(1.040106421239,-1.564523077845,0.5500001));
#8601 = B_SPLINE_CURVE_WITH_KNOTS('',3,(#8602,#8603,#8604,#8605),
  .UNSPECIFIED.,.F.,.F.,(4,4),(4.,5.),.PIECEWISE_BEZIER_KNOTS.);
#8602 = CARTESIAN_POINT('',(1.017190156763,-1.573444200767,0.5500001));
#8603 = CARTESIAN_POINT('',(1.027338194026,-1.573444200767,0.5500001));
#8604 = CARTESIAN_POINT('',(1.03499081229,-1.570470493126,0.5500001));
#8605 = CARTESIAN_POINT('',(1.040106421239,-1.564523077845,0.5500001));
#8606 = ORIENTED_EDGE('',*,*,#8581,.F.);
#8607 = ORIENTED_EDGE('',*,*,#8302,.T.);
#8608 = ORIENTED_EDGE('',*,*,#8609,.T.);
#8609 = EDGE_CURVE('',#8294,#8599,#8610,.T.);
#8610 = B_SPLINE_CURVE_WITH_KNOTS('',1,(#8611,#8612),.UNSPECIFIED.,.F.,
  .F.,(2,2),(-0.,1.E-03),.PIECEWISE_BEZIER_KNOTS.);
#8611 = CARTESIAN_POINT('',(1.040106421239,-1.564523077845,0.5510001));
#8612 = CARTESIAN_POINT('',(1.040106421239,-1.564523077845,0.5500001));
#8613 = B_SPLINE_SURFACE_WITH_KNOTS('',3,1,(
    (#8614,#8615)
    ,(#8616,#8617)
    ,(#8618,#8619)
    ,(#8620,#8621
    )),.UNSPECIFIED.,.F.,.F.,.F.,(4,4),(2,2),(4.,5.),(0.,1.),
  .PIECEWISE_BEZIER_KNOTS.);
#8614 = CARTESIAN_POINT('',(1.017190156763,-1.573444200767,0.5510001));
#8615 = CARTESIAN_POINT('',(1.017190156763,-1.573444200767,0.5500001));
#8616 = CARTESIAN_POINT('',(1.027338194026,-1.573444200767,0.5510001));
#8617 = CARTESIAN_POINT('',(1.027338194026,-1.573444200767,0.5500001));
#8618 = CARTESIAN_POINT('',(1.03499081229,-1.570470493126,0.5510001));
#8619 = CARTESIAN_POINT('',(1.03499081229,-1.570470493126,0.5500001));
#8620 = CARTESIAN_POINT('',(1.040106421239,-1.564523077845,0.5510001));
#8621 = CARTESIAN_POINT('',(1.040106421239,-1.564523077845,0.5500001));
#8622 = ADVANCED_FACE('',(#8623),#8635,.T.);
#8623 = FACE_BOUND('',#8624,.T.);
#8624 = EDGE_LOOP('',(#8625,#8632,#8633,#8634));
#8625 = ORIENTED_EDGE('',*,*,#8626,.F.);
#8626 = EDGE_CURVE('',#8599,#8471,#8627,.T.);
#8627 = B_SPLINE_CURVE_WITH_KNOTS('',3,(#8628,#8629,#8630,#8631),
  .UNSPECIFIED.,.F.,.F.,(4,4),(5.,6.),.PIECEWISE_BEZIER_KNOTS.);
#8628 = CARTESIAN_POINT('',(1.040106421239,-1.564523077845,0.5500001));
#8629 = CARTESIAN_POINT('',(1.045222030187,-1.558575662564,0.5500001));
#8630 = CARTESIAN_POINT('',(1.047759039503,-1.550735887875,0.5500001));
#8631 = CARTESIAN_POINT('',(1.047759039503,-1.541045344095,0.5500001));
#8632 = ORIENTED_EDGE('',*,*,#8609,.F.);
#8633 = ORIENTED_EDGE('',*,*,#8293,.T.);
#8634 = ORIENTED_EDGE('',*,*,#8479,.T.);
#8635 = B_SPLINE_SURFACE_WITH_KNOTS('',3,1,(
    (#8636,#8637)
    ,(#8638,#8639)
    ,(#8640,#8641)
    ,(#8642,#8643
    )),.UNSPECIFIED.,.F.,.F.,.F.,(4,4),(2,2),(5.,6.),(0.,1.),
  .PIECEWISE_BEZIER_KNOTS.);
#8636 = CARTESIAN_POINT('',(1.040106421239,-1.564523077845,0.5510001));
#8637 = CARTESIAN_POINT('',(1.040106421239,-1.564523077845,0.5500001));
#8638 = CARTESIAN_POINT('',(1.045222030187,-1.558575662564,0.5510001));
#8639 = CARTESIAN_POINT('',(1.045222030187,-1.558575662564,0.5500001));
#8640 = CARTESIAN_POINT('',(1.047759039503,-1.550735887875,0.5510001));
#8641 = CARTESIAN_POINT('',(1.047759039503,-1.550735887875,0.5500001));
#8642 = CARTESIAN_POINT('',(1.047759039503,-1.541045344095,0.5510001));
#8643 = CARTESIAN_POINT('',(1.047759039503,-1.541045344095,0.5500001));
#8644 = ADVANCED_FACE('',(#8645),#8654,.F.);
#8645 = FACE_BOUND('',#8646,.T.);
#8646 = EDGE_LOOP('',(#8647,#8648,#8649,#8650,#8651,#8652,#8653));
#8647 = ORIENTED_EDGE('',*,*,#8626,.T.);
#8648 = ORIENTED_EDGE('',*,*,#8470,.T.);
#8649 = ORIENTED_EDGE('',*,*,#8498,.T.);
#8650 = ORIENTED_EDGE('',*,*,#8520,.T.);
#8651 = ORIENTED_EDGE('',*,*,#8542,.T.);
#8652 = ORIENTED_EDGE('',*,*,#8570,.T.);
#8653 = ORIENTED_EDGE('',*,*,#8598,.T.);
#8654 = B_SPLINE_SURFACE_WITH_KNOTS('',1,1,(
    (#8655,#8656)
    ,(#8657,#8658
    )),.UNSPECIFIED.,.F.,.F.,.F.,(2,2),(2,2),(-1.047759039503,
    -0.98504084199),(-1.573444200767,-1.528755405524),
  .PIECEWISE_BEZIER_KNOTS.);
#8655 = CARTESIAN_POINT('',(1.047759039503,-1.573444200767,0.5500001));
#8656 = CARTESIAN_POINT('',(1.047759039503,-1.528755405524,0.5500001));
#8657 = CARTESIAN_POINT('',(0.98504084199,-1.573444200767,0.5500001));
#8658 = CARTESIAN_POINT('',(0.98504084199,-1.528755405524,0.5500001));
#8659 = ADVANCED_FACE('',(#8660,#8718),#8766,.F.);
#8660 = FACE_BOUND('',#8661,.T.);
#8661 = EDGE_LOOP('',(#8662,#8671,#8678,#8685,#8692,#8699,#8706,#8713));
#8662 = ORIENTED_EDGE('',*,*,#8663,.T.);
#8663 = EDGE_CURVE('',#8664,#8666,#8668,.T.);
#8664 = VERTEX_POINT('',#8665);
#8665 = CARTESIAN_POINT('',(0.975766201377,-1.662197936504,0.5510001));
#8666 = VERTEX_POINT('',#8667);
#8667 = CARTESIAN_POINT('',(1.05711686075,-1.631213150598,0.5510001));
#8668 = B_SPLINE_CURVE_WITH_KNOTS('',1,(#8669,#8670),.UNSPECIFIED.,.F.,
  .F.,(2,2),(-8.705163259801E-02,0.),.PIECEWISE_BEZIER_KNOTS.);
#8669 = CARTESIAN_POINT('',(0.975766201377,-1.662197936504,0.5510001));
#8670 = CARTESIAN_POINT('',(1.05711686075,-1.631213150598,0.5510001));
#8671 = ORIENTED_EDGE('',*,*,#8672,.T.);
#8672 = EDGE_CURVE('',#8666,#8673,#8675,.T.);
#8673 = VERTEX_POINT('',#8674);
#8674 = CARTESIAN_POINT('',(1.05711686075,-1.619983765101,0.5510001));
#8675 = B_SPLINE_CURVE_WITH_KNOTS('',1,(#8676,#8677),.UNSPECIFIED.,.F.,
  .F.,(2,2),(-1.122938549674E-02,0.),.PIECEWISE_BEZIER_KNOTS.);
#8676 = CARTESIAN_POINT('',(1.05711686075,-1.631213150598,0.5510001));
#8677 = CARTESIAN_POINT('',(1.05711686075,-1.619983765101,0.5510001));
#8678 = ORIENTED_EDGE('',*,*,#8679,.T.);
#8679 = EDGE_CURVE('',#8673,#8680,#8682,.T.);
#8680 = VERTEX_POINT('',#8681);
#8681 = CARTESIAN_POINT('',(0.975766201377,-1.588998979195,0.5510001));
#8682 = B_SPLINE_CURVE_WITH_KNOTS('',1,(#8683,#8684),.UNSPECIFIED.,.F.,
  .F.,(2,2),(-8.70516325982E-02,0.),.PIECEWISE_BEZIER_KNOTS.);
#8683 = CARTESIAN_POINT('',(1.05711686075,-1.619983765101,0.5510001));
#8684 = CARTESIAN_POINT('',(0.975766201377,-1.588998979195,0.5510001));
#8685 = ORIENTED_EDGE('',*,*,#8686,.T.);
#8686 = EDGE_CURVE('',#8680,#8687,#8689,.T.);
#8687 = VERTEX_POINT('',#8688);
#8688 = CARTESIAN_POINT('',(0.975766201377,-1.600602677541,0.5510001));
#8689 = B_SPLINE_CURVE_WITH_KNOTS('',1,(#8690,#8691),.UNSPECIFIED.,.F.,
  .F.,(2,2),(-1.160369834618E-02,0.),.PIECEWISE_BEZIER_KNOTS.);
#8690 = CARTESIAN_POINT('',(0.975766201377,-1.588998979195,0.5510001));
#8691 = CARTESIAN_POINT('',(0.975766201377,-1.600602677541,0.5510001));
#8692 = ORIENTED_EDGE('',*,*,#8693,.T.);
#8693 = EDGE_CURVE('',#8687,#8694,#8696,.T.);
#8694 = VERTEX_POINT('',#8695);
#8695 = CARTESIAN_POINT('',(0.998017020786,-1.608421657072,0.5510001));
#8696 = B_SPLINE_CURVE_WITH_KNOTS('',1,(#8697,#8698),.UNSPECIFIED.,.F.,
  .F.,(2,2),(-2.358464342031E-02,0.),.PIECEWISE_BEZIER_KNOTS.);
#8697 = CARTESIAN_POINT('',(0.975766201377,-1.600602677541,0.5510001));
#8698 = CARTESIAN_POINT('',(0.998017020786,-1.608421657072,0.5510001));
#8699 = ORIENTED_EDGE('',*,*,#8700,.T.);
#8700 = EDGE_CURVE('',#8694,#8701,#8703,.T.);
#8701 = VERTEX_POINT('',#8702);
#8702 = CARTESIAN_POINT('',(0.998017020786,-1.642296969986,0.5510001));
#8703 = B_SPLINE_CURVE_WITH_KNOTS('',1,(#8704,#8705),.UNSPECIFIED.,.F.,
  .F.,(2,2),(-3.387531291382E-02,0.),.PIECEWISE_BEZIER_KNOTS.);
#8704 = CARTESIAN_POINT('',(0.998017020786,-1.608421657072,0.5510001));
#8705 = CARTESIAN_POINT('',(0.998017020786,-1.642296969986,0.5510001));
#8706 = ORIENTED_EDGE('',*,*,#8707,.T.);
#8707 = EDGE_CURVE('',#8701,#8708,#8710,.T.);
#8708 = VERTEX_POINT('',#8709);
#8709 = CARTESIAN_POINT('',(0.975766201377,-1.650594238158,0.5510001));
#8710 = B_SPLINE_CURVE_WITH_KNOTS('',1,(#8711,#8712),.UNSPECIFIED.,.F.,
  .F.,(2,2),(-2.374749720481E-02,-0.),.PIECEWISE_BEZIER_KNOTS.);
#8711 = CARTESIAN_POINT('',(0.998017020786,-1.642296969986,0.5510001));
#8712 = CARTESIAN_POINT('',(0.975766201377,-1.650594238158,0.5510001));
#8713 = ORIENTED_EDGE('',*,*,#8714,.T.);
#8714 = EDGE_CURVE('',#8708,#8664,#8715,.T.);
#8715 = B_SPLINE_CURVE_WITH_KNOTS('',1,(#8716,#8717),.UNSPECIFIED.,.F.,
  .F.,(2,2),(-1.160369834563E-02,0.),.PIECEWISE_BEZIER_KNOTS.);
#8716 = CARTESIAN_POINT('',(0.975766201377,-1.650594238158,0.5510001));
#8717 = CARTESIAN_POINT('',(0.975766201377,-1.662197936504,0.5510001));
#8718 = FACE_BOUND('',#8719,.T.);
#8719 = EDGE_LOOP('',(#8720,#8729,#8736,#8745,#8752,#8761));
#8720 = ORIENTED_EDGE('',*,*,#8721,.F.);
#8721 = EDGE_CURVE('',#8722,#8724,#8726,.T.);
#8722 = VERTEX_POINT('',#8723);
#8723 = CARTESIAN_POINT('',(1.007208480766,-1.611748882405,0.5510001));
#8724 = VERTEX_POINT('',#8725);
#8725 = CARTESIAN_POINT('',(1.007208480766,-1.639052925287,0.5510001));
#8726 = B_SPLINE_CURVE_WITH_KNOTS('',1,(#8727,#8728),.UNSPECIFIED.,.F.,
  .F.,(2,2),(0.,2.730404288242E-02),.PIECEWISE_BEZIER_KNOTS.);
#8727 = CARTESIAN_POINT('',(1.007208480766,-1.611748882405,0.5510001));
#8728 = CARTESIAN_POINT('',(1.007208480766,-1.639052925287,0.5510001));
#8729 = ORIENTED_EDGE('',*,*,#8730,.F.);
#8730 = EDGE_CURVE('',#8731,#8722,#8733,.T.);
#8731 = VERTEX_POINT('',#8732);
#8732 = CARTESIAN_POINT('',(1.041021408205,-1.623914050025,0.5510001));
#8733 = B_SPLINE_CURVE_WITH_KNOTS('',1,(#8734,#8735),.UNSPECIFIED.,.F.,
  .F.,(2,2),(0.,3.593473758385E-02),.PIECEWISE_BEZIER_KNOTS.);
#8734 = CARTESIAN_POINT('',(1.041021408205,-1.623914050025,0.5510001));
#8735 = CARTESIAN_POINT('',(1.007208480766,-1.611748882405,0.5510001));
#8736 = ORIENTED_EDGE('',*,*,#8737,.F.);
#8737 = EDGE_CURVE('',#8738,#8731,#8740,.T.);
#8738 = VERTEX_POINT('',#8739);
#8739 = CARTESIAN_POINT('',(1.046719281586,-1.625244940158,0.5510001));
#8740 = B_SPLINE_CURVE_WITH_KNOTS('',3,(#8741,#8742,#8743,#8744),
  .UNSPECIFIED.,.F.,.F.,(4,4),(3.,4.),.PIECEWISE_BEZIER_KNOTS.);
#8741 = CARTESIAN_POINT('',(1.046719281586,-1.625244940158,0.5510001));
#8742 = CARTESIAN_POINT('',(1.044265452904,-1.62484983215,0.5510001));
#8743 = CARTESIAN_POINT('',(1.042352298337,-1.624413133825,0.5510001));
#8744 = CARTESIAN_POINT('',(1.041021408205,-1.623914050025,0.5510001));
#8745 = ORIENTED_EDGE('',*,*,#8746,.F.);
#8746 = EDGE_CURVE('',#8747,#8738,#8749,.T.);
#8747 = VERTEX_POINT('',#8748);
#8748 = CARTESIAN_POINT('',(1.046719281586,-1.625494482058,0.5510001));
#8749 = B_SPLINE_CURVE_WITH_KNOTS('',1,(#8750,#8751),.UNSPECIFIED.,.F.,
  .F.,(2,2),(-2.22044604925E-16,2.495419001864E-04),
  .PIECEWISE_BEZIER_KNOTS.);
#8750 = CARTESIAN_POINT('',(1.046719281586,-1.625494482058,0.5510001));
#8751 = CARTESIAN_POINT('',(1.046719281586,-1.625244940158,0.5510001));
#8752 = ORIENTED_EDGE('',*,*,#8753,.F.);
#8753 = EDGE_CURVE('',#8754,#8747,#8756,.T.);
#8754 = VERTEX_POINT('',#8755);
#8755 = CARTESIAN_POINT('',(1.041021408205,-1.626762986716,0.5510001));
#8756 = B_SPLINE_CURVE_WITH_KNOTS('',3,(#8757,#8758,#8759,#8760),
  .UNSPECIFIED.,.F.,.F.,(4,4),(1.,2.),.PIECEWISE_BEZIER_KNOTS.);
#8757 = CARTESIAN_POINT('',(1.041021408205,-1.626762986716,0.5510001));
#8758 = CARTESIAN_POINT('',(1.042144346754,-1.626367878708,0.5510001));
#8759 = CARTESIAN_POINT('',(1.044015911004,-1.625951975541,0.5510001));
#8760 = CARTESIAN_POINT('',(1.046719281586,-1.625494482058,0.5510001));
#8761 = ORIENTED_EDGE('',*,*,#8762,.F.);
#8762 = EDGE_CURVE('',#8724,#8754,#8763,.T.);
#8763 = B_SPLINE_CURVE_WITH_KNOTS('',1,(#8764,#8765),.UNSPECIFIED.,.F.,
  .F.,(2,2),(0.,3.597716848329E-02),.PIECEWISE_BEZIER_KNOTS.);
#8764 = CARTESIAN_POINT('',(1.007208480766,-1.639052925287,0.5510001));
#8765 = CARTESIAN_POINT('',(1.041021408205,-1.626762986716,0.5510001));
#8766 = B_SPLINE_SURFACE_WITH_KNOTS('',1,1,(
    (#8767,#8768)
    ,(#8769,#8770
    )),.UNSPECIFIED.,.F.,.F.,.F.,(2,2),(2,2),(-1.05711686075,
    -0.975766201377),(-1.662197936504,-1.588998979195),
  .PIECEWISE_BEZIER_KNOTS.);
#8767 = CARTESIAN_POINT('',(1.05711686075,-1.662197936504,0.5510001));
#8768 = CARTESIAN_POINT('',(1.05711686075,-1.588998979195,0.5510001));
#8769 = CARTESIAN_POINT('',(0.975766201377,-1.662197936504,0.5510001));
#8770 = CARTESIAN_POINT('',(0.975766201377,-1.588998979195,0.5510001));
#8771 = ADVANCED_FACE('',(#8772),#8786,.F.);
#8772 = FACE_BOUND('',#8773,.T.);
#8773 = EDGE_LOOP('',(#8774,#8775,#8780,#8781));
#8774 = ORIENTED_EDGE('',*,*,#1132,.T.);
#8775 = ORIENTED_EDGE('',*,*,#8776,.F.);
#8776 = EDGE_CURVE('',#8666,#1135,#8777,.T.);
#8777 = B_SPLINE_CURVE_WITH_KNOTS('',1,(#8778,#8779),.UNSPECIFIED.,.F.,
  .F.,(2,2),(-0.,1.E-03),.PIECEWISE_BEZIER_KNOTS.);
#8778 = CARTESIAN_POINT('',(1.05711686075,-1.631213150598,0.5510001));
#8779 = CARTESIAN_POINT('',(1.05711686075,-1.631213150598,0.5500001));
#8780 = ORIENTED_EDGE('',*,*,#8663,.F.);
#8781 = ORIENTED_EDGE('',*,*,#8782,.T.);
#8782 = EDGE_CURVE('',#8664,#1133,#8783,.T.);
#8783 = B_SPLINE_CURVE_WITH_KNOTS('',1,(#8784,#8785),.UNSPECIFIED.,.F.,
  .F.,(2,2),(-0.,1.E-03),.PIECEWISE_BEZIER_KNOTS.);
#8784 = CARTESIAN_POINT('',(0.975766201377,-1.662197936504,0.5510001));
#8785 = CARTESIAN_POINT('',(0.975766201377,-1.662197936504,0.5500001));
#8786 = B_SPLINE_SURFACE_WITH_KNOTS('',1,1,(
    (#8787,#8788)
    ,(#8789,#8790
    )),.UNSPECIFIED.,.F.,.F.,.F.,(2,2),(2,2),(-0.,8.705163259801E-02),(
    -1.E-03,0.),.PIECEWISE_BEZIER_KNOTS.);
#8787 = CARTESIAN_POINT('',(1.05711686075,-1.631213150598,0.5500001));
#8788 = CARTESIAN_POINT('',(1.05711686075,-1.631213150598,0.5510001));
#8789 = CARTESIAN_POINT('',(0.975766201377,-1.662197936504,0.5500001));
#8790 = CARTESIAN_POINT('',(0.975766201377,-1.662197936504,0.5510001));
#8791 = ADVANCED_FACE('',(#8792),#8802,.F.);
#8792 = FACE_BOUND('',#8793,.T.);
#8793 = EDGE_LOOP('',(#8794,#8795,#8800,#8801));
#8794 = ORIENTED_EDGE('',*,*,#1183,.T.);
#8795 = ORIENTED_EDGE('',*,*,#8796,.F.);
#8796 = EDGE_CURVE('',#8673,#1177,#8797,.T.);
#8797 = B_SPLINE_CURVE_WITH_KNOTS('',1,(#8798,#8799),.UNSPECIFIED.,.F.,
  .F.,(2,2),(-0.,1.E-03),.PIECEWISE_BEZIER_KNOTS.);
#8798 = CARTESIAN_POINT('',(1.05711686075,-1.619983765101,0.5510001));
#8799 = CARTESIAN_POINT('',(1.05711686075,-1.619983765101,0.5500001));
#8800 = ORIENTED_EDGE('',*,*,#8672,.F.);
#8801 = ORIENTED_EDGE('',*,*,#8776,.T.);
#8802 = B_SPLINE_SURFACE_WITH_KNOTS('',1,1,(
    (#8803,#8804)
    ,(#8805,#8806
    )),.UNSPECIFIED.,.F.,.F.,.F.,(2,2),(2,2),(-2.22044604925E-16,
    1.122938549674E-02),(-1.E-03,0.),.PIECEWISE_BEZIER_KNOTS.);
#8803 = CARTESIAN_POINT('',(1.05711686075,-1.619983765101,0.5500001));
#8804 = CARTESIAN_POINT('',(1.05711686075,-1.619983765101,0.5510001));
#8805 = CARTESIAN_POINT('',(1.05711686075,-1.631213150598,0.5500001));
#8806 = CARTESIAN_POINT('',(1.05711686075,-1.631213150598,0.5510001));
#8807 = ADVANCED_FACE('',(#8808),#8818,.F.);
#8808 = FACE_BOUND('',#8809,.T.);
#8809 = EDGE_LOOP('',(#8810,#8811,#8816,#8817));
#8810 = ORIENTED_EDGE('',*,*,#1176,.T.);
#8811 = ORIENTED_EDGE('',*,*,#8812,.F.);
#8812 = EDGE_CURVE('',#8680,#1170,#8813,.T.);
#8813 = B_SPLINE_CURVE_WITH_KNOTS('',1,(#8814,#8815),.UNSPECIFIED.,.F.,
  .F.,(2,2),(-0.,1.E-03),.PIECEWISE_BEZIER_KNOTS.);
#8814 = CARTESIAN_POINT('',(0.975766201377,-1.588998979195,0.5510001));
#8815 = CARTESIAN_POINT('',(0.975766201377,-1.588998979195,0.5500001));
#8816 = ORIENTED_EDGE('',*,*,#8679,.F.);
#8817 = ORIENTED_EDGE('',*,*,#8796,.T.);
#8818 = B_SPLINE_SURFACE_WITH_KNOTS('',1,1,(
    (#8819,#8820)
    ,(#8821,#8822
    )),.UNSPECIFIED.,.F.,.F.,.F.,(2,2),(2,2),(0.,8.70516325982E-02),(
    -1.E-03,0.),.PIECEWISE_BEZIER_KNOTS.);
#8819 = CARTESIAN_POINT('',(0.975766201377,-1.588998979195,0.5500001));
#8820 = CARTESIAN_POINT('',(0.975766201377,-1.588998979195,0.5510001));
#8821 = CARTESIAN_POINT('',(1.05711686075,-1.619983765101,0.5500001));
#8822 = CARTESIAN_POINT('',(1.05711686075,-1.619983765101,0.5510001));
#8823 = ADVANCED_FACE('',(#8824),#8834,.F.);
#8824 = FACE_BOUND('',#8825,.T.);
#8825 = EDGE_LOOP('',(#8826,#8827,#8832,#8833));
#8826 = ORIENTED_EDGE('',*,*,#1169,.T.);
#8827 = ORIENTED_EDGE('',*,*,#8828,.F.);
#8828 = EDGE_CURVE('',#8687,#1163,#8829,.T.);
#8829 = B_SPLINE_CURVE_WITH_KNOTS('',1,(#8830,#8831),.UNSPECIFIED.,.F.,
  .F.,(2,2),(-0.,1.E-03),.PIECEWISE_BEZIER_KNOTS.);
#8830 = CARTESIAN_POINT('',(0.975766201377,-1.600602677541,0.5510001));
#8831 = CARTESIAN_POINT('',(0.975766201377,-1.600602677541,0.5500001));
#8832 = ORIENTED_EDGE('',*,*,#8686,.F.);
#8833 = ORIENTED_EDGE('',*,*,#8812,.T.);
#8834 = B_SPLINE_SURFACE_WITH_KNOTS('',1,1,(
    (#8835,#8836)
    ,(#8837,#8838
    )),.UNSPECIFIED.,.F.,.F.,.F.,(2,2),(2,2),(-2.22044604925E-16,
    1.160369834618E-02),(-1.E-03,0.),.PIECEWISE_BEZIER_KNOTS.);
#8835 = CARTESIAN_POINT('',(0.975766201377,-1.600602677541,0.5500001));
#8836 = CARTESIAN_POINT('',(0.975766201377,-1.600602677541,0.5510001));
#8837 = CARTESIAN_POINT('',(0.975766201377,-1.588998979195,0.5500001));
#8838 = CARTESIAN_POINT('',(0.975766201377,-1.588998979195,0.5510001));
#8839 = ADVANCED_FACE('',(#8840),#8850,.F.);
#8840 = FACE_BOUND('',#8841,.T.);
#8841 = EDGE_LOOP('',(#8842,#8843,#8848,#8849));
#8842 = ORIENTED_EDGE('',*,*,#1162,.T.);
#8843 = ORIENTED_EDGE('',*,*,#8844,.F.);
#8844 = EDGE_CURVE('',#8694,#1156,#8845,.T.);
#8845 = B_SPLINE_CURVE_WITH_KNOTS('',1,(#8846,#8847),.UNSPECIFIED.,.F.,
  .F.,(2,2),(-0.,1.E-03),.PIECEWISE_BEZIER_KNOTS.);
#8846 = CARTESIAN_POINT('',(0.998017020786,-1.608421657072,0.5510001));
#8847 = CARTESIAN_POINT('',(0.998017020786,-1.608421657072,0.5500001));
#8848 = ORIENTED_EDGE('',*,*,#8693,.F.);
#8849 = ORIENTED_EDGE('',*,*,#8828,.T.);
#8850 = B_SPLINE_SURFACE_WITH_KNOTS('',1,1,(
    (#8851,#8852)
    ,(#8853,#8854
    )),.UNSPECIFIED.,.F.,.F.,.F.,(2,2),(2,2),(0.,2.358464342031E-02),(
    -1.E-03,0.),.PIECEWISE_BEZIER_KNOTS.);
#8851 = CARTESIAN_POINT('',(0.998017020786,-1.608421657072,0.5500001));
#8852 = CARTESIAN_POINT('',(0.998017020786,-1.608421657072,0.5510001));
#8853 = CARTESIAN_POINT('',(0.975766201377,-1.600602677541,0.5500001));
#8854 = CARTESIAN_POINT('',(0.975766201377,-1.600602677541,0.5510001));
#8855 = ADVANCED_FACE('',(#8856),#8866,.F.);
#8856 = FACE_BOUND('',#8857,.T.);
#8857 = EDGE_LOOP('',(#8858,#8859,#8864,#8865));
#8858 = ORIENTED_EDGE('',*,*,#1155,.T.);
#8859 = ORIENTED_EDGE('',*,*,#8860,.F.);
#8860 = EDGE_CURVE('',#8701,#1149,#8861,.T.);
#8861 = B_SPLINE_CURVE_WITH_KNOTS('',1,(#8862,#8863),.UNSPECIFIED.,.F.,
  .F.,(2,2),(-0.,1.E-03),.PIECEWISE_BEZIER_KNOTS.);
#8862 = CARTESIAN_POINT('',(0.998017020786,-1.642296969986,0.5510001));
#8863 = CARTESIAN_POINT('',(0.998017020786,-1.642296969986,0.5500001));
#8864 = ORIENTED_EDGE('',*,*,#8700,.F.);
#8865 = ORIENTED_EDGE('',*,*,#8844,.T.);
#8866 = B_SPLINE_SURFACE_WITH_KNOTS('',1,1,(
    (#8867,#8868)
    ,(#8869,#8870
    )),.UNSPECIFIED.,.F.,.F.,.F.,(2,2),(2,2),(0.,3.387531291382E-02),(
    -1.E-03,0.),.PIECEWISE_BEZIER_KNOTS.);
#8867 = CARTESIAN_POINT('',(0.998017020786,-1.642296969986,0.5500001));
#8868 = CARTESIAN_POINT('',(0.998017020786,-1.642296969986,0.5510001));
#8869 = CARTESIAN_POINT('',(0.998017020786,-1.608421657072,0.5500001));
#8870 = CARTESIAN_POINT('',(0.998017020786,-1.608421657072,0.5510001));
#8871 = ADVANCED_FACE('',(#8872),#8882,.F.);
#8872 = FACE_BOUND('',#8873,.T.);
#8873 = EDGE_LOOP('',(#8874,#8875,#8880,#8881));
#8874 = ORIENTED_EDGE('',*,*,#1148,.T.);
#8875 = ORIENTED_EDGE('',*,*,#8876,.F.);
#8876 = EDGE_CURVE('',#8708,#1142,#8877,.T.);
#8877 = B_SPLINE_CURVE_WITH_KNOTS('',1,(#8878,#8879),.UNSPECIFIED.,.F.,
  .F.,(2,2),(-0.,1.E-03),.PIECEWISE_BEZIER_KNOTS.);
#8878 = CARTESIAN_POINT('',(0.975766201377,-1.650594238158,0.5510001));
#8879 = CARTESIAN_POINT('',(0.975766201377,-1.650594238158,0.5500001));
#8880 = ORIENTED_EDGE('',*,*,#8707,.F.);
#8881 = ORIENTED_EDGE('',*,*,#8860,.T.);
#8882 = B_SPLINE_SURFACE_WITH_KNOTS('',1,1,(
    (#8883,#8884)
    ,(#8885,#8886
    )),.UNSPECIFIED.,.F.,.F.,.F.,(2,2),(2,2),(0.,2.374749720481E-02),(
    -1.E-03,0.),.PIECEWISE_BEZIER_KNOTS.);
#8883 = CARTESIAN_POINT('',(0.975766201377,-1.650594238158,0.5500001));
#8884 = CARTESIAN_POINT('',(0.975766201377,-1.650594238158,0.5510001));
#8885 = CARTESIAN_POINT('',(0.998017020786,-1.642296969986,0.5500001));
#8886 = CARTESIAN_POINT('',(0.998017020786,-1.642296969986,0.5510001));
#8887 = ADVANCED_FACE('',(#8888),#8894,.F.);
#8888 = FACE_BOUND('',#8889,.T.);
#8889 = EDGE_LOOP('',(#8890,#8891,#8892,#8893));
#8890 = ORIENTED_EDGE('',*,*,#1141,.T.);
#8891 = ORIENTED_EDGE('',*,*,#8782,.F.);
#8892 = ORIENTED_EDGE('',*,*,#8714,.F.);
#8893 = ORIENTED_EDGE('',*,*,#8876,.T.);
#8894 = B_SPLINE_SURFACE_WITH_KNOTS('',1,1,(
    (#8895,#8896)
    ,(#8897,#8898
    )),.UNSPECIFIED.,.F.,.F.,.F.,(2,2),(2,2),(0.,1.160369834563E-02),(
    -1.E-03,0.),.PIECEWISE_BEZIER_KNOTS.);
#8895 = CARTESIAN_POINT('',(0.975766201377,-1.662197936504,0.5500001));
#8896 = CARTESIAN_POINT('',(0.975766201377,-1.662197936504,0.5510001));
#8897 = CARTESIAN_POINT('',(0.975766201377,-1.650594238158,0.5500001));
#8898 = CARTESIAN_POINT('',(0.975766201377,-1.650594238158,0.5510001));
#8899 = ADVANCED_FACE('',(#8900),#8922,.T.);
#8900 = FACE_BOUND('',#8901,.T.);
#8901 = EDGE_LOOP('',(#8902,#8911,#8916,#8917));
#8902 = ORIENTED_EDGE('',*,*,#8903,.F.);
#8903 = EDGE_CURVE('',#8904,#8906,#8908,.T.);
#8904 = VERTEX_POINT('',#8905);
#8905 = CARTESIAN_POINT('',(1.007208480766,-1.611748882405,0.5500001));
#8906 = VERTEX_POINT('',#8907);
#8907 = CARTESIAN_POINT('',(1.007208480766,-1.639052925287,0.5500001));
#8908 = B_SPLINE_CURVE_WITH_KNOTS('',1,(#8909,#8910),.UNSPECIFIED.,.F.,
  .F.,(2,2),(0.,2.730404288242E-02),.PIECEWISE_BEZIER_KNOTS.);
#8909 = CARTESIAN_POINT('',(1.007208480766,-1.611748882405,0.5500001));
#8910 = CARTESIAN_POINT('',(1.007208480766,-1.639052925287,0.5500001));
#8911 = ORIENTED_EDGE('',*,*,#8912,.F.);
#8912 = EDGE_CURVE('',#8722,#8904,#8913,.T.);
#8913 = B_SPLINE_CURVE_WITH_KNOTS('',1,(#8914,#8915),.UNSPECIFIED.,.F.,
  .F.,(2,2),(-0.,1.E-03),.PIECEWISE_BEZIER_KNOTS.);
#8914 = CARTESIAN_POINT('',(1.007208480766,-1.611748882405,0.5510001));
#8915 = CARTESIAN_POINT('',(1.007208480766,-1.611748882405,0.5500001));
#8916 = ORIENTED_EDGE('',*,*,#8721,.T.);
#8917 = ORIENTED_EDGE('',*,*,#8918,.T.);
#8918 = EDGE_CURVE('',#8724,#8906,#8919,.T.);
#8919 = B_SPLINE_CURVE_WITH_KNOTS('',1,(#8920,#8921),.UNSPECIFIED.,.F.,
  .F.,(2,2),(-0.,1.E-03),.PIECEWISE_BEZIER_KNOTS.);
#8920 = CARTESIAN_POINT('',(1.007208480766,-1.639052925287,0.5510001));
#8921 = CARTESIAN_POINT('',(1.007208480766,-1.639052925287,0.5500001));
#8922 = B_SPLINE_SURFACE_WITH_KNOTS('',1,1,(
    (#8923,#8924)
    ,(#8925,#8926
    )),.UNSPECIFIED.,.F.,.F.,.F.,(2,2),(2,2),(-2.730404288242E-02,0.),(
    -1.E-03,0.),.PIECEWISE_BEZIER_KNOTS.);
#8923 = CARTESIAN_POINT('',(1.007208480766,-1.639052925287,0.5500001));
#8924 = CARTESIAN_POINT('',(1.007208480766,-1.639052925287,0.5510001));
#8925 = CARTESIAN_POINT('',(1.007208480766,-1.611748882405,0.5500001));
#8926 = CARTESIAN_POINT('',(1.007208480766,-1.611748882405,0.5510001));
#8927 = ADVANCED_FACE('',(#8928),#8944,.T.);
#8928 = FACE_BOUND('',#8929,.T.);
#8929 = EDGE_LOOP('',(#8930,#8937,#8938,#8939));
#8930 = ORIENTED_EDGE('',*,*,#8931,.F.);
#8931 = EDGE_CURVE('',#8906,#8932,#8934,.T.);
#8932 = VERTEX_POINT('',#8933);
#8933 = CARTESIAN_POINT('',(1.041021408205,-1.626762986716,0.5500001));
#8934 = B_SPLINE_CURVE_WITH_KNOTS('',1,(#8935,#8936),.UNSPECIFIED.,.F.,
  .F.,(2,2),(0.,3.597716848329E-02),.PIECEWISE_BEZIER_KNOTS.);
#8935 = CARTESIAN_POINT('',(1.007208480766,-1.639052925287,0.5500001));
#8936 = CARTESIAN_POINT('',(1.041021408205,-1.626762986716,0.5500001));
#8937 = ORIENTED_EDGE('',*,*,#8918,.F.);
#8938 = ORIENTED_EDGE('',*,*,#8762,.T.);
#8939 = ORIENTED_EDGE('',*,*,#8940,.T.);
#8940 = EDGE_CURVE('',#8754,#8932,#8941,.T.);
#8941 = B_SPLINE_CURVE_WITH_KNOTS('',1,(#8942,#8943),.UNSPECIFIED.,.F.,
  .F.,(2,2),(-0.,1.E-03),.PIECEWISE_BEZIER_KNOTS.);
#8942 = CARTESIAN_POINT('',(1.041021408205,-1.626762986716,0.5510001));
#8943 = CARTESIAN_POINT('',(1.041021408205,-1.626762986716,0.5500001));
#8944 = B_SPLINE_SURFACE_WITH_KNOTS('',1,1,(
    (#8945,#8946)
    ,(#8947,#8948
    )),.UNSPECIFIED.,.F.,.F.,.F.,(2,2),(2,2),(-3.597716848329E-02,0.),(
    -1.E-03,0.),.PIECEWISE_BEZIER_KNOTS.);
#8945 = CARTESIAN_POINT('',(1.041021408205,-1.626762986716,0.5500001));
#8946 = CARTESIAN_POINT('',(1.041021408205,-1.626762986716,0.5510001));
#8947 = CARTESIAN_POINT('',(1.007208480766,-1.639052925287,0.5500001));
#8948 = CARTESIAN_POINT('',(1.007208480766,-1.639052925287,0.5510001));
#8949 = ADVANCED_FACE('',(#8950),#8968,.T.);
#8950 = FACE_BOUND('',#8951,.T.);
#8951 = EDGE_LOOP('',(#8952,#8961,#8962,#8963));
#8952 = ORIENTED_EDGE('',*,*,#8953,.F.);
#8953 = EDGE_CURVE('',#8932,#8954,#8956,.T.);
#8954 = VERTEX_POINT('',#8955);
#8955 = CARTESIAN_POINT('',(1.046719281586,-1.625494482058,0.5500001));
#8956 = B_SPLINE_CURVE_WITH_KNOTS('',3,(#8957,#8958,#8959,#8960),
  .UNSPECIFIED.,.F.,.F.,(4,4),(1.,2.),.PIECEWISE_BEZIER_KNOTS.);
#8957 = CARTESIAN_POINT('',(1.041021408205,-1.626762986716,0.5500001));
#8958 = CARTESIAN_POINT('',(1.042144346754,-1.626367878708,0.5500001));
#8959 = CARTESIAN_POINT('',(1.044015911004,-1.625951975541,0.5500001));
#8960 = CARTESIAN_POINT('',(1.046719281586,-1.625494482058,0.5500001));
#8961 = ORIENTED_EDGE('',*,*,#8940,.F.);
#8962 = ORIENTED_EDGE('',*,*,#8753,.T.);
#8963 = ORIENTED_EDGE('',*,*,#8964,.T.);
#8964 = EDGE_CURVE('',#8747,#8954,#8965,.T.);
#8965 = B_SPLINE_CURVE_WITH_KNOTS('',1,(#8966,#8967),.UNSPECIFIED.,.F.,
  .F.,(2,2),(-0.,1.E-03),.PIECEWISE_BEZIER_KNOTS.);
#8966 = CARTESIAN_POINT('',(1.046719281586,-1.625494482058,0.5510001));
#8967 = CARTESIAN_POINT('',(1.046719281586,-1.625494482058,0.5500001));
#8968 = B_SPLINE_SURFACE_WITH_KNOTS('',3,1,(
    (#8969,#8970)
    ,(#8971,#8972)
    ,(#8973,#8974)
    ,(#8975,#8976
    )),.UNSPECIFIED.,.F.,.F.,.F.,(4,4),(2,2),(1.,2.),(0.,1.),
  .PIECEWISE_BEZIER_KNOTS.);
#8969 = CARTESIAN_POINT('',(1.041021408205,-1.626762986716,0.5510001));
#8970 = CARTESIAN_POINT('',(1.041021408205,-1.626762986716,0.5500001));
#8971 = CARTESIAN_POINT('',(1.042144346754,-1.626367878708,0.5510001));
#8972 = CARTESIAN_POINT('',(1.042144346754,-1.626367878708,0.5500001));
#8973 = CARTESIAN_POINT('',(1.044015911004,-1.625951975541,0.5510001));
#8974 = CARTESIAN_POINT('',(1.044015911004,-1.625951975541,0.5500001));
#8975 = CARTESIAN_POINT('',(1.046719281586,-1.625494482058,0.5510001));
#8976 = CARTESIAN_POINT('',(1.046719281586,-1.625494482058,0.5500001));
#8977 = ADVANCED_FACE('',(#8978),#8994,.T.);
#8978 = FACE_BOUND('',#8979,.T.);
#8979 = EDGE_LOOP('',(#8980,#8987,#8988,#8989));
#8980 = ORIENTED_EDGE('',*,*,#8981,.F.);
#8981 = EDGE_CURVE('',#8954,#8982,#8984,.T.);
#8982 = VERTEX_POINT('',#8983);
#8983 = CARTESIAN_POINT('',(1.046719281586,-1.625244940158,0.5500001));
#8984 = B_SPLINE_CURVE_WITH_KNOTS('',1,(#8985,#8986),.UNSPECIFIED.,.F.,
  .F.,(2,2),(-2.22044604925E-16,2.495419001864E-04),
  .PIECEWISE_BEZIER_KNOTS.);
#8985 = CARTESIAN_POINT('',(1.046719281586,-1.625494482058,0.5500001));
#8986 = CARTESIAN_POINT('',(1.046719281586,-1.625244940158,0.5500001));
#8987 = ORIENTED_EDGE('',*,*,#8964,.F.);
#8988 = ORIENTED_EDGE('',*,*,#8746,.T.);
#8989 = ORIENTED_EDGE('',*,*,#8990,.T.);
#8990 = EDGE_CURVE('',#8738,#8982,#8991,.T.);
#8991 = B_SPLINE_CURVE_WITH_KNOTS('',1,(#8992,#8993),.UNSPECIFIED.,.F.,
  .F.,(2,2),(-0.,1.E-03),.PIECEWISE_BEZIER_KNOTS.);
#8992 = CARTESIAN_POINT('',(1.046719281586,-1.625244940158,0.5510001));
#8993 = CARTESIAN_POINT('',(1.046719281586,-1.625244940158,0.5500001));
#8994 = B_SPLINE_SURFACE_WITH_KNOTS('',1,1,(
    (#8995,#8996)
    ,(#8997,#8998)),.UNSPECIFIED.,.F.,.F.,.F.,(2,2),(2,2),(-1.E-03,0.),(
    -2.22044604925E-16,2.495419001864E-04),.PIECEWISE_BEZIER_KNOTS.);
#8995 = CARTESIAN_POINT('',(1.046719281586,-1.625494482058,0.5500001));
#8996 = CARTESIAN_POINT('',(1.046719281586,-1.625244940158,0.5500001));
#8997 = CARTESIAN_POINT('',(1.046719281586,-1.625494482058,0.5510001));
#8998 = CARTESIAN_POINT('',(1.046719281586,-1.625244940158,0.5510001));
#8999 = ADVANCED_FACE('',(#9000),#9018,.T.);
#9000 = FACE_BOUND('',#9001,.T.);
#9001 = EDGE_LOOP('',(#9002,#9011,#9012,#9013));
#9002 = ORIENTED_EDGE('',*,*,#9003,.F.);
#9003 = EDGE_CURVE('',#8982,#9004,#9006,.T.);
#9004 = VERTEX_POINT('',#9005);
#9005 = CARTESIAN_POINT('',(1.041021408205,-1.623914050025,0.5500001));
#9006 = B_SPLINE_CURVE_WITH_KNOTS('',3,(#9007,#9008,#9009,#9010),
  .UNSPECIFIED.,.F.,.F.,(4,4),(3.,4.),.PIECEWISE_BEZIER_KNOTS.);
#9007 = CARTESIAN_POINT('',(1.046719281586,-1.625244940158,0.5500001));
#9008 = CARTESIAN_POINT('',(1.044265452904,-1.62484983215,0.5500001));
#9009 = CARTESIAN_POINT('',(1.042352298337,-1.624413133825,0.5500001));
#9010 = CARTESIAN_POINT('',(1.041021408205,-1.623914050025,0.5500001));
#9011 = ORIENTED_EDGE('',*,*,#8990,.F.);
#9012 = ORIENTED_EDGE('',*,*,#8737,.T.);
#9013 = ORIENTED_EDGE('',*,*,#9014,.T.);
#9014 = EDGE_CURVE('',#8731,#9004,#9015,.T.);
#9015 = B_SPLINE_CURVE_WITH_KNOTS('',1,(#9016,#9017),.UNSPECIFIED.,.F.,
  .F.,(2,2),(-1.110223024625E-16,1.E-03),.PIECEWISE_BEZIER_KNOTS.);
#9016 = CARTESIAN_POINT('',(1.041021408205,-1.623914050025,0.5510001));
#9017 = CARTESIAN_POINT('',(1.041021408205,-1.623914050025,0.5500001));
#9018 = B_SPLINE_SURFACE_WITH_KNOTS('',3,1,(
    (#9019,#9020)
    ,(#9021,#9022)
    ,(#9023,#9024)
    ,(#9025,#9026
    )),.UNSPECIFIED.,.F.,.F.,.F.,(4,4),(2,2),(3.,4.),(0.,1.),
  .PIECEWISE_BEZIER_KNOTS.);
#9019 = CARTESIAN_POINT('',(1.046719281586,-1.625244940158,0.5510001));
#9020 = CARTESIAN_POINT('',(1.046719281586,-1.625244940158,0.5500001));
#9021 = CARTESIAN_POINT('',(1.044265452904,-1.62484983215,0.5510001));
#9022 = CARTESIAN_POINT('',(1.044265452904,-1.62484983215,0.5500001));
#9023 = CARTESIAN_POINT('',(1.042352298337,-1.624413133825,0.5510001));
#9024 = CARTESIAN_POINT('',(1.042352298337,-1.624413133825,0.5500001));
#9025 = CARTESIAN_POINT('',(1.041021408205,-1.623914050025,0.5510001));
#9026 = CARTESIAN_POINT('',(1.041021408205,-1.623914050025,0.5500001));
#9027 = ADVANCED_FACE('',(#9028),#9038,.T.);
#9028 = FACE_BOUND('',#9029,.T.);
#9029 = EDGE_LOOP('',(#9030,#9035,#9036,#9037));
#9030 = ORIENTED_EDGE('',*,*,#9031,.F.);
#9031 = EDGE_CURVE('',#9004,#8904,#9032,.T.);
#9032 = B_SPLINE_CURVE_WITH_KNOTS('',1,(#9033,#9034),.UNSPECIFIED.,.F.,
  .F.,(2,2),(0.,3.593473758385E-02),.PIECEWISE_BEZIER_KNOTS.);
#9033 = CARTESIAN_POINT('',(1.041021408205,-1.623914050025,0.5500001));
#9034 = CARTESIAN_POINT('',(1.007208480766,-1.611748882405,0.5500001));
#9035 = ORIENTED_EDGE('',*,*,#9014,.F.);
#9036 = ORIENTED_EDGE('',*,*,#8730,.T.);
#9037 = ORIENTED_EDGE('',*,*,#8912,.T.);
#9038 = B_SPLINE_SURFACE_WITH_KNOTS('',1,1,(
    (#9039,#9040)
    ,(#9041,#9042
    )),.UNSPECIFIED.,.F.,.F.,.F.,(2,2),(2,2),(-3.593473758385E-02,0.),(
    -1.E-03,0.),.PIECEWISE_BEZIER_KNOTS.);
#9039 = CARTESIAN_POINT('',(1.007208480766,-1.611748882405,0.5500001));
#9040 = CARTESIAN_POINT('',(1.007208480766,-1.611748882405,0.5510001));
#9041 = CARTESIAN_POINT('',(1.041021408205,-1.623914050025,0.5500001));
#9042 = CARTESIAN_POINT('',(1.041021408205,-1.623914050025,0.5510001));
#9043 = ADVANCED_FACE('',(#9044),#9052,.F.);
#9044 = FACE_BOUND('',#9045,.T.);
#9045 = EDGE_LOOP('',(#9046,#9047,#9048,#9049,#9050,#9051));
#9046 = ORIENTED_EDGE('',*,*,#9031,.T.);
#9047 = ORIENTED_EDGE('',*,*,#8903,.T.);
#9048 = ORIENTED_EDGE('',*,*,#8931,.T.);
#9049 = ORIENTED_EDGE('',*,*,#8953,.T.);
#9050 = ORIENTED_EDGE('',*,*,#8981,.T.);
#9051 = ORIENTED_EDGE('',*,*,#9003,.T.);
#9052 = B_SPLINE_SURFACE_WITH_KNOTS('',1,1,(
    (#9053,#9054)
    ,(#9055,#9056
    )),.UNSPECIFIED.,.F.,.F.,.F.,(2,2),(2,2),(-1.046719281586,
    -1.007208480766),(-1.639052925287,-1.611748882405),
  .PIECEWISE_BEZIER_KNOTS.);
#9053 = CARTESIAN_POINT('',(1.046719281586,-1.639052925287,0.5500001));
#9054 = CARTESIAN_POINT('',(1.046719281586,-1.611748882405,0.5500001));
#9055 = CARTESIAN_POINT('',(1.007208480766,-1.639052925287,0.5500001));
#9056 = CARTESIAN_POINT('',(1.007208480766,-1.611748882405,0.5500001));
#9057 = ADVANCED_FACE('',(#9058,#9347),#9372,.F.);
#9058 = FACE_BOUND('',#9059,.T.);
#9059 = EDGE_LOOP('',(#9060,#9071,#9080,#9089,#9098,#9107,#9116,#9125,
    #9134,#9143,#9152,#9161,#9170,#9179,#9186,#9193,#9200,#9209,#9218,
    #9227,#9236,#9245,#9254,#9263,#9272,#9281,#9290,#9297,#9306,#9315,
    #9324,#9331,#9340));
#9060 = ORIENTED_EDGE('',*,*,#9061,.T.);
#9061 = EDGE_CURVE('',#9062,#9064,#9066,.T.);
#9062 = VERTEX_POINT('',#9063);
#9063 = CARTESIAN_POINT('',(1.056459345552,-1.167213858022,0.5510001));
#9064 = VERTEX_POINT('',#9065);
#9065 = CARTESIAN_POINT('',(1.132229053433,-1.109952779305,0.5510001));
#9066 = B_SPLINE_CURVE_WITH_KNOTS('',3,(#9067,#9068,#9069,#9070),
  .UNSPECIFIED.,.F.,.F.,(4,4),(35.,36.),.PIECEWISE_BEZIER_KNOTS.);
#9067 = CARTESIAN_POINT('',(1.056459345552,-1.167213858022,0.5510001));
#9068 = CARTESIAN_POINT('',(1.091163015582,-1.166635471979,0.5510001));
#9069 = CARTESIAN_POINT('',(1.121817950217,-1.142921269143,0.5510001));
#9070 = CARTESIAN_POINT('',(1.132229053433,-1.109952779305,0.5510001));
#9071 = ORIENTED_EDGE('',*,*,#9072,.T.);
#9072 = EDGE_CURVE('',#9064,#9073,#9075,.T.);
#9073 = VERTEX_POINT('',#9074);
#9074 = CARTESIAN_POINT('',(1.177922248574,-1.078719447595,0.5510001));
#9075 = B_SPLINE_CURVE_WITH_KNOTS('',3,(#9076,#9077,#9078,#9079),
  .UNSPECIFIED.,.F.,.F.,(4,4),(0.,1.),.PIECEWISE_BEZIER_KNOTS.);
#9076 = CARTESIAN_POINT('',(1.132229053433,-1.109952779305,0.5510001));
#9077 = CARTESIAN_POINT('',(1.149580899479,-1.103590444581,0.5510001));
#9078 = CARTESIAN_POINT('',(1.165197559819,-1.092600933259,0.5510001));
#9079 = CARTESIAN_POINT('',(1.177922248574,-1.078719447595,0.5510001));
#9080 = ORIENTED_EDGE('',*,*,#9081,.T.);
#9081 = EDGE_CURVE('',#9073,#9082,#9084,.T.);
#9082 = VERTEX_POINT('',#9083);
#9083 = CARTESIAN_POINT('',(1.207998783377,-1.000057754342,0.5510001));
#9084 = B_SPLINE_CURVE_WITH_KNOTS('',3,(#9085,#9086,#9087,#9088),
  .UNSPECIFIED.,.F.,.F.,(4,4),(1.,2.),.PIECEWISE_BEZIER_KNOTS.);
#9085 = CARTESIAN_POINT('',(1.177922248574,-1.078719447595,0.5510001));
#9086 = CARTESIAN_POINT('',(1.197009281019,-1.056740447015,0.5510001));
#9087 = CARTESIAN_POINT('',(1.207998783377,-1.028977497753,0.5510001));
#9088 = CARTESIAN_POINT('',(1.207998783377,-1.000057754342,0.5510001));
#9089 = ORIENTED_EDGE('',*,*,#9090,.T.);
#9090 = EDGE_CURVE('',#9082,#9091,#9093,.T.);
#9091 = VERTEX_POINT('',#9092);
#9092 = CARTESIAN_POINT('',(1.185441382964,-0.930650370154,0.5510001));
#9093 = B_SPLINE_CURVE_WITH_KNOTS('',3,(#9094,#9095,#9096,#9097),
  .UNSPECIFIED.,.F.,.F.,(4,4),(2.,3.),.PIECEWISE_BEZIER_KNOTS.);
#9094 = CARTESIAN_POINT('',(1.207998783377,-1.000057754342,0.5510001));
#9095 = CARTESIAN_POINT('',(1.207998783377,-0.974608382346,0.5510001));
#9096 = CARTESIAN_POINT('',(1.19990125536,-0.950894190542,0.5510001));
#9097 = CARTESIAN_POINT('',(1.185441382964,-0.930650370154,0.5510001));
#9098 = ORIENTED_EDGE('',*,*,#9099,.T.);
#9099 = EDGE_CURVE('',#9091,#9100,#9102,.T.);
#9100 = VERTEX_POINT('',#9101);
#9101 = CARTESIAN_POINT('',(1.159992008211,-0.905200998159,0.5510001));
#9102 = B_SPLINE_CURVE_WITH_KNOTS('',3,(#9103,#9104,#9105,#9106),
  .UNSPECIFIED.,.F.,.F.,(4,4),(3.,4.),.PIECEWISE_BEZIER_KNOTS.);
#9103 = CARTESIAN_POINT('',(1.185441382964,-0.930650370154,0.5510001));
#9104 = CARTESIAN_POINT('',(1.178500642891,-0.920817652981,0.5510001));
#9105 = CARTESIAN_POINT('',(1.169824719868,-0.912720127033,0.5510001));
#9106 = CARTESIAN_POINT('',(1.159992008211,-0.905200998159,0.5510001));
#9107 = ORIENTED_EDGE('',*,*,#9108,.T.);
#9108 = EDGE_CURVE('',#9100,#9109,#9111,.T.);
#9109 = VERTEX_POINT('',#9110);
#9110 = CARTESIAN_POINT('',(1.161148796844,-0.891897920602,0.5510001));
#9111 = B_SPLINE_CURVE_WITH_KNOTS('',3,(#9112,#9113,#9114,#9115),
  .UNSPECIFIED.,.F.,.F.,(4,4),(4.,5.),.PIECEWISE_BEZIER_KNOTS.);
#9112 = CARTESIAN_POINT('',(1.159992008211,-0.905200998159,0.5510001));
#9113 = CARTESIAN_POINT('',(1.160570405286,-0.900573843625,0.5510001));
#9114 = CARTESIAN_POINT('',(1.161148796844,-0.896525075135,0.5510001));
#9115 = CARTESIAN_POINT('',(1.161148796844,-0.891897920602,0.5510001));
#9116 = ORIENTED_EDGE('',*,*,#9117,.T.);
#9117 = EDGE_CURVE('',#9109,#9118,#9120,.T.);
#9118 = VERTEX_POINT('',#9119);
#9119 = CARTESIAN_POINT('',(1.133385842066,-0.825382510756,0.5510001));
#9120 = B_SPLINE_CURVE_WITH_KNOTS('',3,(#9121,#9122,#9123,#9124),
  .UNSPECIFIED.,.F.,.F.,(4,4),(5.,6.),.PIECEWISE_BEZIER_KNOTS.);
#9121 = CARTESIAN_POINT('',(1.161148796844,-0.891897920602,0.5510001));
#9122 = CARTESIAN_POINT('',(1.161148796844,-0.867026940165,0.5510001));
#9123 = CARTESIAN_POINT('',(1.151316085188,-0.843312753877,0.5510001));
#9124 = CARTESIAN_POINT('',(1.133385842066,-0.825382510756,0.5510001));
#9125 = ORIENTED_EDGE('',*,*,#9126,.T.);
#9126 = EDGE_CURVE('',#9118,#9127,#9129,.T.);
#9127 = VERTEX_POINT('',#9128);
#9128 = CARTESIAN_POINT('',(1.067448834811,-0.798197936504,0.5510001));
#9129 = B_SPLINE_CURVE_WITH_KNOTS('',3,(#9130,#9131,#9132,#9133),
  .UNSPECIFIED.,.F.,.F.,(4,4),(6.,7.),.PIECEWISE_BEZIER_KNOTS.);
#9130 = CARTESIAN_POINT('',(1.133385842066,-0.825382510756,0.5510001));
#9131 = CARTESIAN_POINT('',(1.116034001535,-0.80803064954,0.5510001));
#9132 = CARTESIAN_POINT('',(1.092319809731,-0.798197936504,0.5510001));
#9133 = CARTESIAN_POINT('',(1.067448834811,-0.798197936504,0.5510001));
#9134 = ORIENTED_EDGE('',*,*,#9135,.T.);
#9135 = EDGE_CURVE('',#9127,#9136,#9138,.T.);
#9136 = VERTEX_POINT('',#9137);
#9137 = CARTESIAN_POINT('',(1.004403807412,-0.822490519867,0.5510001));
#9138 = B_SPLINE_CURVE_WITH_KNOTS('',3,(#9139,#9140,#9141,#9142),
  .UNSPECIFIED.,.F.,.F.,(4,4),(7.,8.),.PIECEWISE_BEZIER_KNOTS.);
#9139 = CARTESIAN_POINT('',(1.067448834811,-0.798197936504,0.5510001));
#9140 = CARTESIAN_POINT('',(1.044313040081,-0.798197936504,0.5510001));
#9141 = CARTESIAN_POINT('',(1.021755631395,-0.806873859527,0.5510001));
#9142 = CARTESIAN_POINT('',(1.004403807412,-0.822490519867,0.5510001));
#9143 = ORIENTED_EDGE('',*,*,#9144,.T.);
#9144 = EDGE_CURVE('',#9136,#9145,#9147,.T.);
#9145 = VERTEX_POINT('',#9146);
#9146 = CARTESIAN_POINT('',(0.97664085815,-0.868762109325,0.5510001));
#9147 = B_SPLINE_CURVE_WITH_KNOTS('',3,(#9148,#9149,#9150,#9151),
  .UNSPECIFIED.,.F.,.F.,(4,4),(8.,9.),.PIECEWISE_BEZIER_KNOTS.);
#9148 = CARTESIAN_POINT('',(1.004403807412,-0.822490519867,0.5510001));
#9149 = CARTESIAN_POINT('',(0.990522321748,-0.835215205864,0.5510001));
#9150 = CARTESIAN_POINT('',(0.981268012683,-0.850831871719,0.5510001));
#9151 = CARTESIAN_POINT('',(0.97664085815,-0.868762109325,0.5510001));
#9152 = ORIENTED_EDGE('',*,*,#9153,.T.);
#9153 = EDGE_CURVE('',#9145,#9154,#9156,.T.);
#9154 = VERTEX_POINT('',#9155);
#9155 = CARTESIAN_POINT('',(0.937310011523,-0.923709627323,0.5510001));
#9156 = B_SPLINE_CURVE_WITH_KNOTS('',3,(#9157,#9158,#9159,#9160),
  .UNSPECIFIED.,.F.,.F.,(4,4),(9.,10.),.PIECEWISE_BEZIER_KNOTS.);
#9157 = CARTESIAN_POINT('',(0.97664085815,-0.868762109325,0.5510001));
#9158 = CARTESIAN_POINT('',(0.95350506342,-0.876281243715,0.5510001));
#9159 = CARTESIAN_POINT('',(0.937310011523,-0.898260244295,0.5510001));
#9160 = CARTESIAN_POINT('',(0.937310011523,-0.923709627323,0.5510001));
#9161 = ORIENTED_EDGE('',*,*,#9162,.T.);
#9162 = EDGE_CURVE('',#9154,#9163,#9165,.T.);
#9163 = VERTEX_POINT('',#9164);
#9164 = CARTESIAN_POINT('',(0.995149498345,-0.981549114146,0.5510001));
#9165 = B_SPLINE_CURVE_WITH_KNOTS('',3,(#9166,#9167,#9168,#9169),
  .UNSPECIFIED.,.F.,.F.,(4,4),(10.,11.),.PIECEWISE_BEZIER_KNOTS.);
#9166 = CARTESIAN_POINT('',(0.937310011523,-0.923709627323,0.5510001));
#9167 = CARTESIAN_POINT('',(0.937310011523,-0.955521345075,0.5510001));
#9168 = CARTESIAN_POINT('',(0.963337780593,-0.981549114146,0.5510001));
#9169 = CARTESIAN_POINT('',(0.995149498345,-0.981549114146,0.5510001));
#9170 = ORIENTED_EDGE('',*,*,#9171,.T.);
#9171 = EDGE_CURVE('',#9163,#9172,#9174,.T.);
#9172 = VERTEX_POINT('',#9173);
#9173 = CARTESIAN_POINT('',(1.000933447028,-0.981549114146,0.5510001));
#9174 = B_SPLINE_CURVE_WITH_KNOTS('',3,(#9175,#9176,#9177,#9178),
  .UNSPECIFIED.,.F.,.F.,(4,4),(11.,12.),.PIECEWISE_BEZIER_KNOTS.);
#9175 = CARTESIAN_POINT('',(0.995149498345,-0.981549114146,0.5510001));
#9176 = CARTESIAN_POINT('',(0.996884678537,-0.981549114146,0.5510001));
#9177 = CARTESIAN_POINT('',(0.99861985873,-0.981549114146,0.5510001));
#9178 = CARTESIAN_POINT('',(1.000933447028,-0.981549114146,0.5510001));
#9179 = ORIENTED_EDGE('',*,*,#9180,.T.);
#9180 = EDGE_CURVE('',#9172,#9181,#9183,.T.);
#9181 = VERTEX_POINT('',#9182);
#9182 = CARTESIAN_POINT('',(1.043734665071,-1.062524395698,0.5510001));
#9183 = B_SPLINE_CURVE_WITH_KNOTS('',1,(#9184,#9185),.UNSPECIFIED.,.F.,
  .F.,(2,2),(0.,9.159115944431E-02),.PIECEWISE_BEZIER_KNOTS.);
#9184 = CARTESIAN_POINT('',(1.000933447028,-0.981549114146,0.5510001));
#9185 = CARTESIAN_POINT('',(1.043734665071,-1.062524395698,0.5510001));
#9186 = ORIENTED_EDGE('',*,*,#9187,.T.);
#9187 = EDGE_CURVE('',#9181,#9188,#9190,.T.);
#9188 = VERTEX_POINT('',#9189);
#9189 = CARTESIAN_POINT('',(1.074389599706,-1.044594163608,0.5510001));
#9190 = B_SPLINE_CURVE_WITH_KNOTS('',1,(#9191,#9192),.UNSPECIFIED.,.F.,
  .F.,(2,2),(0.,3.551363456865E-02),.PIECEWISE_BEZIER_KNOTS.);
#9191 = CARTESIAN_POINT('',(1.043734665071,-1.062524395698,0.5510001));
#9192 = CARTESIAN_POINT('',(1.074389599706,-1.044594163608,0.5510001));
#9193 = ORIENTED_EDGE('',*,*,#9194,.T.);
#9194 = EDGE_CURVE('',#9188,#9195,#9197,.T.);
#9195 = VERTEX_POINT('',#9196);
#9196 = CARTESIAN_POINT('',(1.03390195893,-0.967089253472,0.5510001));
#9197 = B_SPLINE_CURVE_WITH_KNOTS('',1,(#9198,#9199),.UNSPECIFIED.,.F.,
  .F.,(2,2),(0.,8.744289651436E-02),.PIECEWISE_BEZIER_KNOTS.);
#9198 = CARTESIAN_POINT('',(1.074389599706,-1.044594163608,0.5510001));
#9199 = CARTESIAN_POINT('',(1.03390195893,-0.967089253472,0.5510001));
#9200 = ORIENTED_EDGE('',*,*,#9201,.T.);
#9201 = EDGE_CURVE('',#9195,#9202,#9204,.T.);
#9202 = VERTEX_POINT('',#9203);
#9203 = CARTESIAN_POINT('',(1.053567382243,-0.923709638355,0.5510001));
#9204 = B_SPLINE_CURVE_WITH_KNOTS('',3,(#9205,#9206,#9207,#9208),
  .UNSPECIFIED.,.F.,.F.,(4,4),(15.,16.),.PIECEWISE_BEZIER_KNOTS.);
#9205 = CARTESIAN_POINT('',(1.03390195893,-0.967089253472,0.5510001));
#9206 = CARTESIAN_POINT('',(1.046048253369,-0.956678150256,0.5510001));
#9207 = CARTESIAN_POINT('',(1.053567382243,-0.941061484402,0.5510001));
#9208 = CARTESIAN_POINT('',(1.053567382243,-0.923709638355,0.5510001));
#9209 = ORIENTED_EDGE('',*,*,#9210,.T.);
#9210 = EDGE_CURVE('',#9202,#9211,#9213,.T.);
#9211 = VERTEX_POINT('',#9212);
#9212 = CARTESIAN_POINT('',(1.015393318734,-0.869340522948,0.5510001));
#9213 = B_SPLINE_CURVE_WITH_KNOTS('',3,(#9214,#9215,#9216,#9217),
  .UNSPECIFIED.,.F.,.F.,(4,4),(16.,17.),.PIECEWISE_BEZIER_KNOTS.);
#9214 = CARTESIAN_POINT('',(1.053567382243,-0.923709638355,0.5510001));
#9215 = CARTESIAN_POINT('',(1.053567382243,-0.898838652402,0.5510001));
#9216 = CARTESIAN_POINT('',(1.037372330346,-0.877438048896,0.5510001));
#9217 = CARTESIAN_POINT('',(1.015393318734,-0.869340522948,0.5510001));
#9218 = ORIENTED_EDGE('',*,*,#9219,.T.);
#9219 = EDGE_CURVE('',#9211,#9220,#9222,.T.);
#9220 = VERTEX_POINT('',#9221);
#9221 = CARTESIAN_POINT('',(1.068605651024,-0.834636830854,0.5510001));
#9222 = B_SPLINE_CURVE_WITH_KNOTS('',3,(#9223,#9224,#9225,#9226),
  .UNSPECIFIED.,.F.,.F.,(4,4),(17.,18.),.PIECEWISE_BEZIER_KNOTS.);
#9223 = CARTESIAN_POINT('',(1.015393318734,-0.869340522948,0.5510001));
#9224 = CARTESIAN_POINT('',(1.024647638832,-0.84909670256,0.5510001));
#9225 = CARTESIAN_POINT('',(1.04489145922,-0.834636830854,0.5510001));
#9226 = CARTESIAN_POINT('',(1.068605651024,-0.834636830854,0.5510001));
#9227 = ORIENTED_EDGE('',*,*,#9228,.T.);
#9228 = EDGE_CURVE('',#9220,#9229,#9231,.T.);
#9229 = VERTEX_POINT('',#9230);
#9230 = CARTESIAN_POINT('',(1.126445137846,-0.892476317677,0.5510001));
#9231 = B_SPLINE_CURVE_WITH_KNOTS('',3,(#9232,#9233,#9234,#9235),
  .UNSPECIFIED.,.F.,.F.,(4,4),(18.,19.),.PIECEWISE_BEZIER_KNOTS.);
#9232 = CARTESIAN_POINT('',(1.068605651024,-0.834636830854,0.5510001));
#9233 = CARTESIAN_POINT('',(1.100417368776,-0.834636830854,0.5510001));
#9234 = CARTESIAN_POINT('',(1.126445137846,-0.860664599924,0.5510001));
#9235 = CARTESIAN_POINT('',(1.126445137846,-0.892476317677,0.5510001));
#9236 = ORIENTED_EDGE('',*,*,#9237,.T.);
#9237 = EDGE_CURVE('',#9229,#9238,#9240,.T.);
#9238 = VERTEX_POINT('',#9239);
#9239 = CARTESIAN_POINT('',(1.117769214823,-0.92313124128,0.5510001));
#9240 = B_SPLINE_CURVE_WITH_KNOTS('',3,(#9241,#9242,#9243,#9244),
  .UNSPECIFIED.,.F.,.F.,(4,4),(19.,20.),.PIECEWISE_BEZIER_KNOTS.);
#9241 = CARTESIAN_POINT('',(1.126445137846,-0.892476317677,0.5510001));
#9242 = CARTESIAN_POINT('',(1.126445137846,-0.903465817967,0.5510001));
#9243 = CARTESIAN_POINT('',(1.122974766431,-0.914455318257,0.5510001));
#9244 = CARTESIAN_POINT('',(1.117769214823,-0.92313124128,0.5510001));
#9245 = ORIENTED_EDGE('',*,*,#9246,.T.);
#9246 = EDGE_CURVE('',#9238,#9247,#9249,.T.);
#9247 = VERTEX_POINT('',#9248);
#9248 = CARTESIAN_POINT('',(1.173295091283,-1.000636140384,0.5510001));
#9249 = B_SPLINE_CURVE_WITH_KNOTS('',3,(#9250,#9251,#9252,#9253),
  .UNSPECIFIED.,.F.,.F.,(4,4),(20.,21.),.PIECEWISE_BEZIER_KNOTS.);
#9250 = CARTESIAN_POINT('',(1.117769214823,-0.92313124128,0.5510001));
#9251 = CARTESIAN_POINT('',(1.150159296554,-0.934120730538,0.5510001));
#9252 = CARTESIAN_POINT('',(1.173295091283,-0.964197268099,0.5510001));
#9253 = CARTESIAN_POINT('',(1.173295091283,-1.000636140384,0.5510001));
#9254 = ORIENTED_EDGE('',*,*,#9255,.T.);
#9255 = EDGE_CURVE('',#9247,#9256,#9258,.T.);
#9256 = VERTEX_POINT('',#9257);
#9257 = CARTESIAN_POINT('',(1.100995732755,-1.081611421937,0.5510001));
#9258 = B_SPLINE_CURVE_WITH_KNOTS('',3,(#9259,#9260,#9261,#9262),
  .UNSPECIFIED.,.F.,.F.,(4,4),(21.,22.),.PIECEWISE_BEZIER_KNOTS.);
#9259 = CARTESIAN_POINT('',(1.173295091283,-1.000636140384,0.5510001));
#9260 = CARTESIAN_POINT('',(1.173295091283,-1.04228057531,0.5510001));
#9261 = CARTESIAN_POINT('',(1.141483373531,-1.076984267403,0.5510001));
#9262 = CARTESIAN_POINT('',(1.100995732755,-1.081611421937,0.5510001));
#9263 = ORIENTED_EDGE('',*,*,#9264,.T.);
#9264 = EDGE_CURVE('',#9256,#9265,#9267,.T.);
#9265 = VERTEX_POINT('',#9266);
#9266 = CARTESIAN_POINT('',(1.100995732755,-1.08623857647,0.5510001));
#9267 = B_SPLINE_CURVE_WITH_KNOTS('',3,(#9268,#9269,#9270,#9271),
  .UNSPECIFIED.,.F.,.F.,(4,4),(22.,23.),.PIECEWISE_BEZIER_KNOTS.);
#9268 = CARTESIAN_POINT('',(1.100995732755,-1.081611421937,0.5510001));
#9269 = CARTESIAN_POINT('',(1.100995732755,-1.083346602128,0.5510001));
#9270 = CARTESIAN_POINT('',(1.100995732755,-1.084503396278,0.5510001));
#9271 = CARTESIAN_POINT('',(1.100995732755,-1.08623857647,0.5510001));
#9272 = ORIENTED_EDGE('',*,*,#9273,.T.);
#9273 = EDGE_CURVE('',#9265,#9274,#9276,.T.);
#9274 = VERTEX_POINT('',#9275);
#9275 = CARTESIAN_POINT('',(1.055880937446,-1.131353371779,0.5510001));
#9276 = B_SPLINE_CURVE_WITH_KNOTS('',3,(#9277,#9278,#9279,#9280),
  .UNSPECIFIED.,.F.,.F.,(4,4),(23.,24.),.PIECEWISE_BEZIER_KNOTS.);
#9277 = CARTESIAN_POINT('',(1.100995732755,-1.08623857647,0.5510001));
#9278 = CARTESIAN_POINT('',(1.100995732755,-1.111109551391,0.5510001));
#9279 = CARTESIAN_POINT('',(1.080751912367,-1.131353371779,0.5510001));
#9280 = CARTESIAN_POINT('',(1.055880937446,-1.131353371779,0.5510001));
#9281 = ORIENTED_EDGE('',*,*,#9282,.T.);
#9282 = EDGE_CURVE('',#9274,#9283,#9285,.T.);
#9283 = VERTEX_POINT('',#9284);
#9284 = CARTESIAN_POINT('',(1.010766142137,-1.089708936853,0.5510001));
#9285 = B_SPLINE_CURVE_WITH_KNOTS('',3,(#9286,#9287,#9288,#9289),
  .UNSPECIFIED.,.F.,.F.,(4,4),(24.,25.),.PIECEWISE_BEZIER_KNOTS.);
#9286 = CARTESIAN_POINT('',(1.055880937446,-1.131353371779,0.5510001));
#9287 = CARTESIAN_POINT('',(1.032166745642,-1.131353371779,0.5510001));
#9288 = CARTESIAN_POINT('',(1.012501322329,-1.113423139689,0.5510001));
#9289 = CARTESIAN_POINT('',(1.010766142137,-1.089708936853,0.5510001));
#9290 = ORIENTED_EDGE('',*,*,#9291,.T.);
#9291 = EDGE_CURVE('',#9283,#9292,#9294,.T.);
#9292 = VERTEX_POINT('',#9293);
#9293 = CARTESIAN_POINT('',(1.010766142137,-1.063681167783,0.5510001));
#9294 = B_SPLINE_CURVE_WITH_KNOTS('',1,(#9295,#9296),.UNSPECIFIED.,.F.,
  .F.,(2,2),(0.,2.602776907033E-02),.PIECEWISE_BEZIER_KNOTS.);
#9295 = CARTESIAN_POINT('',(1.010766142137,-1.089708936853,0.5510001));
#9296 = CARTESIAN_POINT('',(1.010766142137,-1.063681167783,0.5510001));
#9297 = ORIENTED_EDGE('',*,*,#9298,.T.);
#9298 = EDGE_CURVE('',#9292,#9299,#9301,.T.);
#9299 = VERTEX_POINT('',#9300);
#9300 = CARTESIAN_POINT('',(1.011344528179,-1.060210807399,0.5510001));
#9301 = B_SPLINE_CURVE_WITH_KNOTS('',3,(#9302,#9303,#9304,#9305),
  .UNSPECIFIED.,.F.,.F.,(4,4),(26.,27.),.PIECEWISE_BEZIER_KNOTS.);
#9302 = CARTESIAN_POINT('',(1.010766142137,-1.063681167783,0.5510001));
#9303 = CARTESIAN_POINT('',(1.010766142137,-1.062524373634,0.5510001));
#9304 = CARTESIAN_POINT('',(1.011344528179,-1.061367579485,0.5510001));
#9305 = CARTESIAN_POINT('',(1.011344528179,-1.060210807399,0.5510001));
#9306 = ORIENTED_EDGE('',*,*,#9307,.T.);
#9307 = EDGE_CURVE('',#9299,#9308,#9310,.T.);
#9308 = VERTEX_POINT('',#9309);
#9309 = CARTESIAN_POINT('',(0.99341429609,-1.04228057531,0.5510001));
#9310 = B_SPLINE_CURVE_WITH_KNOTS('',3,(#9311,#9312,#9313,#9314),
  .UNSPECIFIED.,.F.,.F.,(4,4),(27.,28.),.PIECEWISE_BEZIER_KNOTS.);
#9311 = CARTESIAN_POINT('',(1.011344528179,-1.060210807399,0.5510001));
#9312 = CARTESIAN_POINT('',(1.011344528179,-1.050378090227,0.5510001));
#9313 = CARTESIAN_POINT('',(1.003246991199,-1.04228057531,0.5510001));
#9314 = CARTESIAN_POINT('',(0.99341429609,-1.04228057531,0.5510001));
#9315 = ORIENTED_EDGE('',*,*,#9316,.T.);
#9316 = EDGE_CURVE('',#9308,#9317,#9319,.T.);
#9317 = VERTEX_POINT('',#9318);
#9318 = CARTESIAN_POINT('',(0.975484064,-1.059054035314,0.5510001));
#9319 = B_SPLINE_CURVE_WITH_KNOTS('',3,(#9320,#9321,#9322,#9323),
  .UNSPECIFIED.,.F.,.F.,(4,4),(28.,29.),.PIECEWISE_BEZIER_KNOTS.);
#9320 = CARTESIAN_POINT('',(0.99341429609,-1.04228057531,0.5510001));
#9321 = CARTESIAN_POINT('',(0.984159987024,-1.04228057531,0.5510001));
#9322 = CARTESIAN_POINT('',(0.976062450042,-1.049799704184,0.5510001));
#9323 = CARTESIAN_POINT('',(0.975484064,-1.059054035314,0.5510001));
#9324 = ORIENTED_EDGE('',*,*,#9325,.T.);
#9325 = EDGE_CURVE('',#9317,#9326,#9328,.T.);
#9326 = VERTEX_POINT('',#9327);
#9327 = CARTESIAN_POINT('',(0.975484064,-1.093179319301,0.5510001));
#9328 = B_SPLINE_CURVE_WITH_KNOTS('',1,(#9329,#9330),.UNSPECIFIED.,.F.,
  .F.,(2,2),(1.177989771716E-30,3.412528398727E-02),
  .PIECEWISE_BEZIER_KNOTS.);
#9329 = CARTESIAN_POINT('',(0.975484064,-1.059054035314,0.5510001));
#9330 = CARTESIAN_POINT('',(0.975484064,-1.093179319301,0.5510001));
#9331 = ORIENTED_EDGE('',*,*,#9332,.T.);
#9332 = EDGE_CURVE('',#9326,#9333,#9335,.T.);
#9333 = VERTEX_POINT('',#9334);
#9334 = CARTESIAN_POINT('',(1.001511833071,-1.145813243484,0.5510001));
#9335 = B_SPLINE_CURVE_WITH_KNOTS('',3,(#9336,#9337,#9338,#9339),
  .UNSPECIFIED.,.F.,.F.,(4,4),(33.,34.),.PIECEWISE_BEZIER_KNOTS.);
#9336 = CARTESIAN_POINT('',(0.975484064,-1.093179319301,0.5510001));
#9337 = CARTESIAN_POINT('',(0.977219244192,-1.113423139689,0.5510001));
#9338 = CARTESIAN_POINT('',(0.986473575322,-1.131931779885,0.5510001));
#9339 = CARTESIAN_POINT('',(1.001511833071,-1.145813243484,0.5510001));
#9340 = ORIENTED_EDGE('',*,*,#9341,.T.);
#9341 = EDGE_CURVE('',#9333,#9062,#9342,.T.);
#9342 = B_SPLINE_CURVE_WITH_KNOTS('',3,(#9343,#9344,#9345,#9346),
  .UNSPECIFIED.,.F.,.F.,(4,4),(34.,35.),.PIECEWISE_BEZIER_KNOTS.);
#9343 = CARTESIAN_POINT('',(1.001511833071,-1.145813243484,0.5510001));
#9344 = CARTESIAN_POINT('',(1.016550090819,-1.159694729148,0.5510001));
#9345 = CARTESIAN_POINT('',(1.036215525164,-1.167213858022,0.5510001));
#9346 = CARTESIAN_POINT('',(1.056459345552,-1.167213858022,0.5510001));
#9347 = FACE_BOUND('',#9348,.T.);
#9348 = EDGE_LOOP('',(#9349,#9363));
#9349 = ORIENTED_EDGE('',*,*,#9350,.F.);
#9350 = EDGE_CURVE('',#9351,#9353,#9355,.T.);
#9351 = VERTEX_POINT('',#9352);
#9352 = CARTESIAN_POINT('',(0.972013659488,-0.923131230248,0.5510001));
#9353 = VERTEX_POINT('',#9354);
#9354 = CARTESIAN_POINT('',(1.017128476861,-0.923131230248,0.5510001));
#9355 = B_SPLINE_CURVE_WITH_KNOTS('',3,(#9356,#9357,#9358,#9359,#9360,
    #9361,#9362),.UNSPECIFIED.,.F.,.F.,(4,3,4),(0.,1.,2.),
  .PIECEWISE_BEZIER_KNOTS.);
#9356 = CARTESIAN_POINT('',(0.972013659488,-0.923131230248,0.5510001));
#9357 = CARTESIAN_POINT('',(0.972013659488,-0.93585591073,0.5510001));
#9358 = CARTESIAN_POINT('',(0.982424784768,-0.945688627902,0.5510001));
#9359 = CARTESIAN_POINT('',(0.994571068175,-0.945688627902,0.5510001));
#9360 = CARTESIAN_POINT('',(1.007295759689,-0.945688627902,0.5510001));
#9361 = CARTESIAN_POINT('',(1.017128476861,-0.935277524687,0.5510001));
#9362 = CARTESIAN_POINT('',(1.017128476861,-0.923131230248,0.5510001));
#9363 = ORIENTED_EDGE('',*,*,#9364,.F.);
#9364 = EDGE_CURVE('',#9353,#9351,#9365,.T.);
#9365 = B_SPLINE_CURVE_WITH_KNOTS('',3,(#9366,#9367,#9368,#9369,#9370,
    #9371),.UNSPECIFIED.,.F.,.F.,(4,2,4),(2.,3.,4.),.UNSPECIFIED.);
#9366 = CARTESIAN_POINT('',(1.017128476861,-0.923131230248,0.5510001));
#9367 = CARTESIAN_POINT('',(1.017128476861,-0.910984935809,0.5510001));
#9368 = CARTESIAN_POINT('',(1.007295759689,-0.900573832593,0.5510001));
#9369 = CARTESIAN_POINT('',(0.981846376661,-0.900573832593,0.5510001));
#9370 = CARTESIAN_POINT('',(0.972013659488,-0.910984935809,0.5510001));
#9371 = CARTESIAN_POINT('',(0.972013659488,-0.923131230248,0.5510001));
#9372 = B_SPLINE_SURFACE_WITH_KNOTS('',1,1,(
    (#9373,#9374)
    ,(#9375,#9376
    )),.UNSPECIFIED.,.F.,.F.,.F.,(2,2),(2,2),(-0.104544871329,
    0.166143900525),(-1.648425043503E-02,0.352531671082),
  .PIECEWISE_BEZIER_KNOTS.);
#9373 = CARTESIAN_POINT('',(1.207998783377,-1.167213858022,0.5510001));
#9374 = CARTESIAN_POINT('',(1.207998783377,-0.798197936504,0.5510001));
#9375 = CARTESIAN_POINT('',(0.937310011523,-1.167213858022,0.5510001));
#9376 = CARTESIAN_POINT('',(0.937310011523,-0.798197936504,0.5510001));
#9377 = ADVANCED_FACE('',(#9378),#9392,.F.);
#9378 = FACE_BOUND('',#9379,.F.);
#9379 = EDGE_LOOP('',(#9380,#9385,#9386,#9391));
#9380 = ORIENTED_EDGE('',*,*,#9381,.F.);
#9381 = EDGE_CURVE('',#9062,#1191,#9382,.T.);
#9382 = B_SPLINE_CURVE_WITH_KNOTS('',1,(#9383,#9384),.UNSPECIFIED.,.F.,
  .F.,(2,2),(-0.,1.E-03),.PIECEWISE_BEZIER_KNOTS.);
#9383 = CARTESIAN_POINT('',(1.056459345552,-1.167213858022,0.5510001));
#9384 = CARTESIAN_POINT('',(1.056459345552,-1.167213858022,0.5500001));
#9385 = ORIENTED_EDGE('',*,*,#9061,.T.);
#9386 = ORIENTED_EDGE('',*,*,#9387,.T.);
#9387 = EDGE_CURVE('',#9064,#1193,#9388,.T.);
#9388 = B_SPLINE_CURVE_WITH_KNOTS('',1,(#9389,#9390),.UNSPECIFIED.,.F.,
  .F.,(2,2),(-0.,9.999999999999E-04),.PIECEWISE_BEZIER_KNOTS.);
#9389 = CARTESIAN_POINT('',(1.132229053433,-1.109952779305,0.5510001));
#9390 = CARTESIAN_POINT('',(1.132229053433,-1.109952779305,0.5500001));
#9391 = ORIENTED_EDGE('',*,*,#1190,.F.);
#9392 = B_SPLINE_SURFACE_WITH_KNOTS('',3,1,(
    (#9393,#9394)
    ,(#9395,#9396)
    ,(#9397,#9398)
    ,(#9399,#9400
    )),.UNSPECIFIED.,.F.,.F.,.F.,(4,4),(2,2),(35.,36.),(0.,1.),
  .PIECEWISE_BEZIER_KNOTS.);
#9393 = CARTESIAN_POINT('',(1.056459345552,-1.167213858022,0.5510001));
#9394 = CARTESIAN_POINT('',(1.056459345552,-1.167213858022,0.5500001));
#9395 = CARTESIAN_POINT('',(1.091163015582,-1.166635471979,0.5510001));
#9396 = CARTESIAN_POINT('',(1.091163015582,-1.166635471979,0.5500001));
#9397 = CARTESIAN_POINT('',(1.121817950217,-1.142921269143,0.5510001));
#9398 = CARTESIAN_POINT('',(1.121817950217,-1.142921269143,0.5500001));
#9399 = CARTESIAN_POINT('',(1.132229053433,-1.109952779305,0.5510001));
#9400 = CARTESIAN_POINT('',(1.132229053433,-1.109952779305,0.5500001));
#9401 = ADVANCED_FACE('',(#9402),#9412,.F.);
#9402 = FACE_BOUND('',#9403,.F.);
#9403 = EDGE_LOOP('',(#9404,#9405,#9406,#9411));
#9404 = ORIENTED_EDGE('',*,*,#9387,.F.);
#9405 = ORIENTED_EDGE('',*,*,#9072,.T.);
#9406 = ORIENTED_EDGE('',*,*,#9407,.T.);
#9407 = EDGE_CURVE('',#9073,#1462,#9408,.T.);
#9408 = B_SPLINE_CURVE_WITH_KNOTS('',1,(#9409,#9410),.UNSPECIFIED.,.F.,
  .F.,(2,2),(-0.,9.999999999999E-04),.PIECEWISE_BEZIER_KNOTS.);
#9409 = CARTESIAN_POINT('',(1.177922248574,-1.078719447595,0.5510001));
#9410 = CARTESIAN_POINT('',(1.177922248574,-1.078719447595,0.5500001));
#9411 = ORIENTED_EDGE('',*,*,#1470,.F.);
#9412 = B_SPLINE_SURFACE_WITH_KNOTS('',3,1,(
    (#9413,#9414)
    ,(#9415,#9416)
    ,(#9417,#9418)
    ,(#9419,#9420
    )),.UNSPECIFIED.,.F.,.F.,.F.,(4,4),(2,2),(0.,1.),(0.,1.),
  .PIECEWISE_BEZIER_KNOTS.);
#9413 = CARTESIAN_POINT('',(1.132229053433,-1.109952779305,0.5510001));
#9414 = CARTESIAN_POINT('',(1.132229053433,-1.109952779305,0.5500001));
#9415 = CARTESIAN_POINT('',(1.149580899479,-1.103590444581,0.5510001));
#9416 = CARTESIAN_POINT('',(1.149580899479,-1.103590444581,0.5500001));
#9417 = CARTESIAN_POINT('',(1.165197559819,-1.092600933259,0.5510001));
#9418 = CARTESIAN_POINT('',(1.165197559819,-1.092600933259,0.5500001));
#9419 = CARTESIAN_POINT('',(1.177922248574,-1.078719447595,0.5510001));
#9420 = CARTESIAN_POINT('',(1.177922248574,-1.078719447595,0.5500001));
#9421 = ADVANCED_FACE('',(#9422),#9432,.F.);
#9422 = FACE_BOUND('',#9423,.F.);
#9423 = EDGE_LOOP('',(#9424,#9425,#9426,#9431));
#9424 = ORIENTED_EDGE('',*,*,#9407,.F.);
#9425 = ORIENTED_EDGE('',*,*,#9081,.T.);
#9426 = ORIENTED_EDGE('',*,*,#9427,.T.);
#9427 = EDGE_CURVE('',#9082,#1453,#9428,.T.);
#9428 = B_SPLINE_CURVE_WITH_KNOTS('',1,(#9429,#9430),.UNSPECIFIED.,.F.,
  .F.,(2,2),(-0.,9.999999999999E-04),.PIECEWISE_BEZIER_KNOTS.);
#9429 = CARTESIAN_POINT('',(1.207998783377,-1.000057754342,0.5510001));
#9430 = CARTESIAN_POINT('',(1.207998783377,-1.000057754342,0.5500001));
#9431 = ORIENTED_EDGE('',*,*,#1461,.F.);
#9432 = B_SPLINE_SURFACE_WITH_KNOTS('',3,1,(
    (#9433,#9434)
    ,(#9435,#9436)
    ,(#9437,#9438)
    ,(#9439,#9440
    )),.UNSPECIFIED.,.F.,.F.,.F.,(4,4),(2,2),(1.,2.),(0.,1.),
  .PIECEWISE_BEZIER_KNOTS.);
#9433 = CARTESIAN_POINT('',(1.177922248574,-1.078719447595,0.5510001));
#9434 = CARTESIAN_POINT('',(1.177922248574,-1.078719447595,0.5500001));
#9435 = CARTESIAN_POINT('',(1.197009281019,-1.056740447015,0.5510001));
#9436 = CARTESIAN_POINT('',(1.197009281019,-1.056740447015,0.5500001));
#9437 = CARTESIAN_POINT('',(1.207998783377,-1.028977497753,0.5510001));
#9438 = CARTESIAN_POINT('',(1.207998783377,-1.028977497753,0.5500001));
#9439 = CARTESIAN_POINT('',(1.207998783377,-1.000057754342,0.5510001));
#9440 = CARTESIAN_POINT('',(1.207998783377,-1.000057754342,0.5500001));
#9441 = ADVANCED_FACE('',(#9442),#9452,.F.);
#9442 = FACE_BOUND('',#9443,.F.);
#9443 = EDGE_LOOP('',(#9444,#9445,#9446,#9451));
#9444 = ORIENTED_EDGE('',*,*,#9427,.F.);
#9445 = ORIENTED_EDGE('',*,*,#9090,.T.);
#9446 = ORIENTED_EDGE('',*,*,#9447,.T.);
#9447 = EDGE_CURVE('',#9091,#1444,#9448,.T.);
#9448 = B_SPLINE_CURVE_WITH_KNOTS('',1,(#9449,#9450),.UNSPECIFIED.,.F.,
  .F.,(2,2),(-0.,9.999999999999E-04),.PIECEWISE_BEZIER_KNOTS.);
#9449 = CARTESIAN_POINT('',(1.185441382964,-0.930650370154,0.5510001));
#9450 = CARTESIAN_POINT('',(1.185441382964,-0.930650370154,0.5500001));
#9451 = ORIENTED_EDGE('',*,*,#1452,.F.);
#9452 = B_SPLINE_SURFACE_WITH_KNOTS('',3,1,(
    (#9453,#9454)
    ,(#9455,#9456)
    ,(#9457,#9458)
    ,(#9459,#9460
    )),.UNSPECIFIED.,.F.,.F.,.F.,(4,4),(2,2),(2.,3.),(0.,1.),
  .PIECEWISE_BEZIER_KNOTS.);
#9453 = CARTESIAN_POINT('',(1.207998783377,-1.000057754342,0.5510001));
#9454 = CARTESIAN_POINT('',(1.207998783377,-1.000057754342,0.5500001));
#9455 = CARTESIAN_POINT('',(1.207998783377,-0.974608382346,0.5510001));
#9456 = CARTESIAN_POINT('',(1.207998783377,-0.974608382346,0.5500001));
#9457 = CARTESIAN_POINT('',(1.19990125536,-0.950894190542,0.5510001));
#9458 = CARTESIAN_POINT('',(1.19990125536,-0.950894190542,0.5500001));
#9459 = CARTESIAN_POINT('',(1.185441382964,-0.930650370154,0.5510001));
#9460 = CARTESIAN_POINT('',(1.185441382964,-0.930650370154,0.5500001));
#9461 = ADVANCED_FACE('',(#9462),#9472,.F.);
#9462 = FACE_BOUND('',#9463,.F.);
#9463 = EDGE_LOOP('',(#9464,#9465,#9466,#9471));
#9464 = ORIENTED_EDGE('',*,*,#9447,.F.);
#9465 = ORIENTED_EDGE('',*,*,#9099,.T.);
#9466 = ORIENTED_EDGE('',*,*,#9467,.T.);
#9467 = EDGE_CURVE('',#9100,#1435,#9468,.T.);
#9468 = B_SPLINE_CURVE_WITH_KNOTS('',1,(#9469,#9470),.UNSPECIFIED.,.F.,
  .F.,(2,2),(-0.,9.999999999999E-04),.PIECEWISE_BEZIER_KNOTS.);
#9469 = CARTESIAN_POINT('',(1.159992008211,-0.905200998159,0.5510001));
#9470 = CARTESIAN_POINT('',(1.159992008211,-0.905200998159,0.5500001));
#9471 = ORIENTED_EDGE('',*,*,#1443,.F.);
#9472 = B_SPLINE_SURFACE_WITH_KNOTS('',3,1,(
    (#9473,#9474)
    ,(#9475,#9476)
    ,(#9477,#9478)
    ,(#9479,#9480
    )),.UNSPECIFIED.,.F.,.F.,.F.,(4,4),(2,2),(3.,4.),(0.,1.),
  .PIECEWISE_BEZIER_KNOTS.);
#9473 = CARTESIAN_POINT('',(1.185441382964,-0.930650370154,0.5510001));
#9474 = CARTESIAN_POINT('',(1.185441382964,-0.930650370154,0.5500001));
#9475 = CARTESIAN_POINT('',(1.178500642891,-0.920817652981,0.5510001));
#9476 = CARTESIAN_POINT('',(1.178500642891,-0.920817652981,0.5500001));
#9477 = CARTESIAN_POINT('',(1.169824719868,-0.912720127033,0.5510001));
#9478 = CARTESIAN_POINT('',(1.169824719868,-0.912720127033,0.5500001));
#9479 = CARTESIAN_POINT('',(1.159992008211,-0.905200998159,0.5510001));
#9480 = CARTESIAN_POINT('',(1.159992008211,-0.905200998159,0.5500001));
#9481 = ADVANCED_FACE('',(#9482),#9492,.F.);
#9482 = FACE_BOUND('',#9483,.F.);
#9483 = EDGE_LOOP('',(#9484,#9485,#9486,#9491));
#9484 = ORIENTED_EDGE('',*,*,#9467,.F.);
#9485 = ORIENTED_EDGE('',*,*,#9108,.T.);
#9486 = ORIENTED_EDGE('',*,*,#9487,.T.);
#9487 = EDGE_CURVE('',#9109,#1426,#9488,.T.);
#9488 = B_SPLINE_CURVE_WITH_KNOTS('',1,(#9489,#9490),.UNSPECIFIED.,.F.,
  .F.,(2,2),(-0.,9.999999999999E-04),.PIECEWISE_BEZIER_KNOTS.);
#9489 = CARTESIAN_POINT('',(1.161148796844,-0.891897920602,0.5510001));
#9490 = CARTESIAN_POINT('',(1.161148796844,-0.891897920602,0.5500001));
#9491 = ORIENTED_EDGE('',*,*,#1434,.F.);
#9492 = B_SPLINE_SURFACE_WITH_KNOTS('',3,1,(
    (#9493,#9494)
    ,(#9495,#9496)
    ,(#9497,#9498)
    ,(#9499,#9500
    )),.UNSPECIFIED.,.F.,.F.,.F.,(4,4),(2,2),(4.,5.),(0.,1.),
  .PIECEWISE_BEZIER_KNOTS.);
#9493 = CARTESIAN_POINT('',(1.159992008211,-0.905200998159,0.5510001));
#9494 = CARTESIAN_POINT('',(1.159992008211,-0.905200998159,0.5500001));
#9495 = CARTESIAN_POINT('',(1.160570405286,-0.900573843625,0.5510001));
#9496 = CARTESIAN_POINT('',(1.160570405286,-0.900573843625,0.5500001));
#9497 = CARTESIAN_POINT('',(1.161148796844,-0.896525075135,0.5510001));
#9498 = CARTESIAN_POINT('',(1.161148796844,-0.896525075135,0.5500001));
#9499 = CARTESIAN_POINT('',(1.161148796844,-0.891897920602,0.5510001));
#9500 = CARTESIAN_POINT('',(1.161148796844,-0.891897920602,0.5500001));
#9501 = ADVANCED_FACE('',(#9502),#9512,.F.);
#9502 = FACE_BOUND('',#9503,.F.);
#9503 = EDGE_LOOP('',(#9504,#9505,#9506,#9511));
#9504 = ORIENTED_EDGE('',*,*,#9487,.F.);
#9505 = ORIENTED_EDGE('',*,*,#9117,.T.);
#9506 = ORIENTED_EDGE('',*,*,#9507,.T.);
#9507 = EDGE_CURVE('',#9118,#1417,#9508,.T.);
#9508 = B_SPLINE_CURVE_WITH_KNOTS('',1,(#9509,#9510),.UNSPECIFIED.,.F.,
  .F.,(2,2),(-0.,9.999999999999E-04),.PIECEWISE_BEZIER_KNOTS.);
#9509 = CARTESIAN_POINT('',(1.133385842066,-0.825382510756,0.5510001));
#9510 = CARTESIAN_POINT('',(1.133385842066,-0.825382510756,0.5500001));
#9511 = ORIENTED_EDGE('',*,*,#1425,.F.);
#9512 = B_SPLINE_SURFACE_WITH_KNOTS('',3,1,(
    (#9513,#9514)
    ,(#9515,#9516)
    ,(#9517,#9518)
    ,(#9519,#9520
    )),.UNSPECIFIED.,.F.,.F.,.F.,(4,4),(2,2),(5.,6.),(0.,1.),
  .PIECEWISE_BEZIER_KNOTS.);
#9513 = CARTESIAN_POINT('',(1.161148796844,-0.891897920602,0.5510001));
#9514 = CARTESIAN_POINT('',(1.161148796844,-0.891897920602,0.5500001));
#9515 = CARTESIAN_POINT('',(1.161148796844,-0.867026940165,0.5510001));
#9516 = CARTESIAN_POINT('',(1.161148796844,-0.867026940165,0.5500001));
#9517 = CARTESIAN_POINT('',(1.151316085188,-0.843312753877,0.5510001));
#9518 = CARTESIAN_POINT('',(1.151316085188,-0.843312753877,0.5500001));
#9519 = CARTESIAN_POINT('',(1.133385842066,-0.825382510756,0.5510001));
#9520 = CARTESIAN_POINT('',(1.133385842066,-0.825382510756,0.5500001));
#9521 = ADVANCED_FACE('',(#9522),#9532,.F.);
#9522 = FACE_BOUND('',#9523,.F.);
#9523 = EDGE_LOOP('',(#9524,#9525,#9526,#9531));
#9524 = ORIENTED_EDGE('',*,*,#9507,.F.);
#9525 = ORIENTED_EDGE('',*,*,#9126,.T.);
#9526 = ORIENTED_EDGE('',*,*,#9527,.T.);
#9527 = EDGE_CURVE('',#9127,#1408,#9528,.T.);
#9528 = B_SPLINE_CURVE_WITH_KNOTS('',1,(#9529,#9530),.UNSPECIFIED.,.F.,
  .F.,(2,2),(-0.,9.999999999999E-04),.PIECEWISE_BEZIER_KNOTS.);
#9529 = CARTESIAN_POINT('',(1.067448834811,-0.798197936504,0.5510001));
#9530 = CARTESIAN_POINT('',(1.067448834811,-0.798197936504,0.5500001));
#9531 = ORIENTED_EDGE('',*,*,#1416,.F.);
#9532 = B_SPLINE_SURFACE_WITH_KNOTS('',3,1,(
    (#9533,#9534)
    ,(#9535,#9536)
    ,(#9537,#9538)
    ,(#9539,#9540
    )),.UNSPECIFIED.,.F.,.F.,.F.,(4,4),(2,2),(6.,7.),(0.,1.),
  .PIECEWISE_BEZIER_KNOTS.);
#9533 = CARTESIAN_POINT('',(1.133385842066,-0.825382510756,0.5510001));
#9534 = CARTESIAN_POINT('',(1.133385842066,-0.825382510756,0.5500001));
#9535 = CARTESIAN_POINT('',(1.116034001535,-0.80803064954,0.5510001));
#9536 = CARTESIAN_POINT('',(1.116034001535,-0.80803064954,0.5500001));
#9537 = CARTESIAN_POINT('',(1.092319809731,-0.798197936504,0.5510001));
#9538 = CARTESIAN_POINT('',(1.092319809731,-0.798197936504,0.5500001));
#9539 = CARTESIAN_POINT('',(1.067448834811,-0.798197936504,0.5510001));
#9540 = CARTESIAN_POINT('',(1.067448834811,-0.798197936504,0.5500001));
#9541 = ADVANCED_FACE('',(#9542),#9552,.F.);
#9542 = FACE_BOUND('',#9543,.F.);
#9543 = EDGE_LOOP('',(#9544,#9545,#9546,#9551));
#9544 = ORIENTED_EDGE('',*,*,#9527,.F.);
#9545 = ORIENTED_EDGE('',*,*,#9135,.T.);
#9546 = ORIENTED_EDGE('',*,*,#9547,.T.);
#9547 = EDGE_CURVE('',#9136,#1399,#9548,.T.);
#9548 = B_SPLINE_CURVE_WITH_KNOTS('',1,(#9549,#9550),.UNSPECIFIED.,.F.,
  .F.,(2,2),(-0.,9.999999999999E-04),.PIECEWISE_BEZIER_KNOTS.);
#9549 = CARTESIAN_POINT('',(1.004403807412,-0.822490519867,0.5510001));
#9550 = CARTESIAN_POINT('',(1.004403807412,-0.822490519867,0.5500001));
#9551 = ORIENTED_EDGE('',*,*,#1407,.F.);
#9552 = B_SPLINE_SURFACE_WITH_KNOTS('',3,1,(
    (#9553,#9554)
    ,(#9555,#9556)
    ,(#9557,#9558)
    ,(#9559,#9560
    )),.UNSPECIFIED.,.F.,.F.,.F.,(4,4),(2,2),(7.,8.),(0.,1.),
  .PIECEWISE_BEZIER_KNOTS.);
#9553 = CARTESIAN_POINT('',(1.067448834811,-0.798197936504,0.5510001));
#9554 = CARTESIAN_POINT('',(1.067448834811,-0.798197936504,0.5500001));
#9555 = CARTESIAN_POINT('',(1.044313040081,-0.798197936504,0.5510001));
#9556 = CARTESIAN_POINT('',(1.044313040081,-0.798197936504,0.5500001));
#9557 = CARTESIAN_POINT('',(1.021755631395,-0.806873859527,0.5510001));
#9558 = CARTESIAN_POINT('',(1.021755631395,-0.806873859527,0.5500001));
#9559 = CARTESIAN_POINT('',(1.004403807412,-0.822490519867,0.5510001));
#9560 = CARTESIAN_POINT('',(1.004403807412,-0.822490519867,0.5500001));
#9561 = ADVANCED_FACE('',(#9562),#9572,.F.);
#9562 = FACE_BOUND('',#9563,.F.);
#9563 = EDGE_LOOP('',(#9564,#9565,#9566,#9571));
#9564 = ORIENTED_EDGE('',*,*,#9547,.F.);
#9565 = ORIENTED_EDGE('',*,*,#9144,.T.);
#9566 = ORIENTED_EDGE('',*,*,#9567,.T.);
#9567 = EDGE_CURVE('',#9145,#1390,#9568,.T.);
#9568 = B_SPLINE_CURVE_WITH_KNOTS('',1,(#9569,#9570),.UNSPECIFIED.,.F.,
  .F.,(2,2),(-0.,9.999999999999E-04),.PIECEWISE_BEZIER_KNOTS.);
#9569 = CARTESIAN_POINT('',(0.97664085815,-0.868762109325,0.5510001));
#9570 = CARTESIAN_POINT('',(0.97664085815,-0.868762109325,0.5500001));
#9571 = ORIENTED_EDGE('',*,*,#1398,.F.);
#9572 = B_SPLINE_SURFACE_WITH_KNOTS('',3,1,(
    (#9573,#9574)
    ,(#9575,#9576)
    ,(#9577,#9578)
    ,(#9579,#9580
    )),.UNSPECIFIED.,.F.,.F.,.F.,(4,4),(2,2),(8.,9.),(0.,1.),
  .PIECEWISE_BEZIER_KNOTS.);
#9573 = CARTESIAN_POINT('',(1.004403807412,-0.822490519867,0.5510001));
#9574 = CARTESIAN_POINT('',(1.004403807412,-0.822490519867,0.5500001));
#9575 = CARTESIAN_POINT('',(0.990522321748,-0.835215205864,0.5510001));
#9576 = CARTESIAN_POINT('',(0.990522321748,-0.835215205864,0.5500001));
#9577 = CARTESIAN_POINT('',(0.981268012683,-0.850831871719,0.5510001));
#9578 = CARTESIAN_POINT('',(0.981268012683,-0.850831871719,0.5500001));
#9579 = CARTESIAN_POINT('',(0.97664085815,-0.868762109325,0.5510001));
#9580 = CARTESIAN_POINT('',(0.97664085815,-0.868762109325,0.5500001));
#9581 = ADVANCED_FACE('',(#9582),#9592,.F.);
#9582 = FACE_BOUND('',#9583,.F.);
#9583 = EDGE_LOOP('',(#9584,#9585,#9586,#9591));
#9584 = ORIENTED_EDGE('',*,*,#9567,.F.);
#9585 = ORIENTED_EDGE('',*,*,#9153,.T.);
#9586 = ORIENTED_EDGE('',*,*,#9587,.T.);
#9587 = EDGE_CURVE('',#9154,#1381,#9588,.T.);
#9588 = B_SPLINE_CURVE_WITH_KNOTS('',1,(#9589,#9590),.UNSPECIFIED.,.F.,
  .F.,(2,2),(-0.,9.999999999999E-04),.PIECEWISE_BEZIER_KNOTS.);
#9589 = CARTESIAN_POINT('',(0.937310011523,-0.923709627323,0.5510001));
#9590 = CARTESIAN_POINT('',(0.937310011523,-0.923709627323,0.5500001));
#9591 = ORIENTED_EDGE('',*,*,#1389,.F.);
#9592 = B_SPLINE_SURFACE_WITH_KNOTS('',3,1,(
    (#9593,#9594)
    ,(#9595,#9596)
    ,(#9597,#9598)
    ,(#9599,#9600
    )),.UNSPECIFIED.,.F.,.F.,.F.,(4,4),(2,2),(9.,10.),(0.,1.),
  .PIECEWISE_BEZIER_KNOTS.);
#9593 = CARTESIAN_POINT('',(0.97664085815,-0.868762109325,0.5510001));
#9594 = CARTESIAN_POINT('',(0.97664085815,-0.868762109325,0.5500001));
#9595 = CARTESIAN_POINT('',(0.95350506342,-0.876281243715,0.5510001));
#9596 = CARTESIAN_POINT('',(0.95350506342,-0.876281243715,0.5500001));
#9597 = CARTESIAN_POINT('',(0.937310011523,-0.898260244295,0.5510001));
#9598 = CARTESIAN_POINT('',(0.937310011523,-0.898260244295,0.5500001));
#9599 = CARTESIAN_POINT('',(0.937310011523,-0.923709627323,0.5510001));
#9600 = CARTESIAN_POINT('',(0.937310011523,-0.923709627323,0.5500001));
#9601 = ADVANCED_FACE('',(#9602),#9612,.F.);
#9602 = FACE_BOUND('',#9603,.F.);
#9603 = EDGE_LOOP('',(#9604,#9605,#9606,#9611));
#9604 = ORIENTED_EDGE('',*,*,#9587,.F.);
#9605 = ORIENTED_EDGE('',*,*,#9162,.T.);
#9606 = ORIENTED_EDGE('',*,*,#9607,.T.);
#9607 = EDGE_CURVE('',#9163,#1372,#9608,.T.);
#9608 = B_SPLINE_CURVE_WITH_KNOTS('',1,(#9609,#9610),.UNSPECIFIED.,.F.,
  .F.,(2,2),(-0.,9.999999999999E-04),.PIECEWISE_BEZIER_KNOTS.);
#9609 = CARTESIAN_POINT('',(0.995149498345,-0.981549114146,0.5510001));
#9610 = CARTESIAN_POINT('',(0.995149498345,-0.981549114146,0.5500001));
#9611 = ORIENTED_EDGE('',*,*,#1380,.F.);
#9612 = B_SPLINE_SURFACE_WITH_KNOTS('',3,1,(
    (#9613,#9614)
    ,(#9615,#9616)
    ,(#9617,#9618)
    ,(#9619,#9620
    )),.UNSPECIFIED.,.F.,.F.,.F.,(4,4),(2,2),(10.,11.),(0.,1.),
  .PIECEWISE_BEZIER_KNOTS.);
#9613 = CARTESIAN_POINT('',(0.937310011523,-0.923709627323,0.5510001));
#9614 = CARTESIAN_POINT('',(0.937310011523,-0.923709627323,0.5500001));
#9615 = CARTESIAN_POINT('',(0.937310011523,-0.955521345075,0.5510001));
#9616 = CARTESIAN_POINT('',(0.937310011523,-0.955521345075,0.5500001));
#9617 = CARTESIAN_POINT('',(0.963337780593,-0.981549114146,0.5510001));
#9618 = CARTESIAN_POINT('',(0.963337780593,-0.981549114146,0.5500001));
#9619 = CARTESIAN_POINT('',(0.995149498345,-0.981549114146,0.5510001));
#9620 = CARTESIAN_POINT('',(0.995149498345,-0.981549114146,0.5500001));
#9621 = ADVANCED_FACE('',(#9622),#9632,.F.);
#9622 = FACE_BOUND('',#9623,.T.);
#9623 = EDGE_LOOP('',(#9624,#9625,#9630,#9631));
#9624 = ORIENTED_EDGE('',*,*,#1371,.T.);
#9625 = ORIENTED_EDGE('',*,*,#9626,.F.);
#9626 = EDGE_CURVE('',#9172,#1365,#9627,.T.);
#9627 = B_SPLINE_CURVE_WITH_KNOTS('',1,(#9628,#9629),.UNSPECIFIED.,.F.,
  .F.,(2,2),(-0.,9.999999999999E-04),.PIECEWISE_BEZIER_KNOTS.);
#9628 = CARTESIAN_POINT('',(1.000933447028,-0.981549114146,0.5510001));
#9629 = CARTESIAN_POINT('',(1.000933447028,-0.981549114146,0.5500001));
#9630 = ORIENTED_EDGE('',*,*,#9171,.F.);
#9631 = ORIENTED_EDGE('',*,*,#9607,.T.);
#9632 = B_SPLINE_SURFACE_WITH_KNOTS('',1,1,(
    (#9633,#9634)
    ,(#9635,#9636
    )),.UNSPECIFIED.,.F.,.F.,.F.,(2,2),(2,2),(-1.E-03,0.),(0.,
    5.783948682666E-03),.PIECEWISE_BEZIER_KNOTS.);
#9633 = CARTESIAN_POINT('',(0.995149498345,-0.981549114146,0.5500001));
#9634 = CARTESIAN_POINT('',(1.000933447028,-0.981549114146,0.5500001));
#9635 = CARTESIAN_POINT('',(0.995149498345,-0.981549114146,0.5510001));
#9636 = CARTESIAN_POINT('',(1.000933447028,-0.981549114146,0.5510001));
#9637 = ADVANCED_FACE('',(#9638),#9648,.F.);
#9638 = FACE_BOUND('',#9639,.T.);
#9639 = EDGE_LOOP('',(#9640,#9641,#9646,#9647));
#9640 = ORIENTED_EDGE('',*,*,#1364,.T.);
#9641 = ORIENTED_EDGE('',*,*,#9642,.F.);
#9642 = EDGE_CURVE('',#9181,#1358,#9643,.T.);
#9643 = B_SPLINE_CURVE_WITH_KNOTS('',1,(#9644,#9645),.UNSPECIFIED.,.F.,
  .F.,(2,2),(-0.,1.E-03),.PIECEWISE_BEZIER_KNOTS.);
#9644 = CARTESIAN_POINT('',(1.043734665071,-1.062524395698,0.5510001));
#9645 = CARTESIAN_POINT('',(1.043734665071,-1.062524395698,0.5500001));
#9646 = ORIENTED_EDGE('',*,*,#9180,.F.);
#9647 = ORIENTED_EDGE('',*,*,#9626,.T.);
#9648 = B_SPLINE_SURFACE_WITH_KNOTS('',1,1,(
    (#9649,#9650)
    ,(#9651,#9652
    )),.UNSPECIFIED.,.F.,.F.,.F.,(2,2),(2,2),(-9.159115944431E-02,0.),(
    -1.E-03,0.),.PIECEWISE_BEZIER_KNOTS.);
#9649 = CARTESIAN_POINT('',(1.043734665071,-1.062524395698,0.5500001));
#9650 = CARTESIAN_POINT('',(1.043734665071,-1.062524395698,0.5510001));
#9651 = CARTESIAN_POINT('',(1.000933447028,-0.981549114146,0.5500001));
#9652 = CARTESIAN_POINT('',(1.000933447028,-0.981549114146,0.5510001));
#9653 = ADVANCED_FACE('',(#9654),#9664,.F.);
#9654 = FACE_BOUND('',#9655,.T.);
#9655 = EDGE_LOOP('',(#9656,#9657,#9662,#9663));
#9656 = ORIENTED_EDGE('',*,*,#1357,.T.);
#9657 = ORIENTED_EDGE('',*,*,#9658,.F.);
#9658 = EDGE_CURVE('',#9188,#1351,#9659,.T.);
#9659 = B_SPLINE_CURVE_WITH_KNOTS('',1,(#9660,#9661),.UNSPECIFIED.,.F.,
  .F.,(2,2),(-0.,1.E-03),.PIECEWISE_BEZIER_KNOTS.);
#9660 = CARTESIAN_POINT('',(1.074389599706,-1.044594163608,0.5510001));
#9661 = CARTESIAN_POINT('',(1.074389599706,-1.044594163608,0.5500001));
#9662 = ORIENTED_EDGE('',*,*,#9187,.F.);
#9663 = ORIENTED_EDGE('',*,*,#9642,.T.);
#9664 = B_SPLINE_SURFACE_WITH_KNOTS('',1,1,(
    (#9665,#9666)
    ,(#9667,#9668
    )),.UNSPECIFIED.,.F.,.F.,.F.,(2,2),(2,2),(-3.551363456865E-02,0.),(
    -1.E-03,0.),.PIECEWISE_BEZIER_KNOTS.);
#9665 = CARTESIAN_POINT('',(1.074389599706,-1.044594163608,0.5500001));
#9666 = CARTESIAN_POINT('',(1.074389599706,-1.044594163608,0.5510001));
#9667 = CARTESIAN_POINT('',(1.043734665071,-1.062524395698,0.5500001));
#9668 = CARTESIAN_POINT('',(1.043734665071,-1.062524395698,0.5510001));
#9669 = ADVANCED_FACE('',(#9670),#9680,.F.);
#9670 = FACE_BOUND('',#9671,.T.);
#9671 = EDGE_LOOP('',(#9672,#9673,#9678,#9679));
#9672 = ORIENTED_EDGE('',*,*,#1350,.T.);
#9673 = ORIENTED_EDGE('',*,*,#9674,.F.);
#9674 = EDGE_CURVE('',#9195,#1342,#9675,.T.);
#9675 = B_SPLINE_CURVE_WITH_KNOTS('',1,(#9676,#9677),.UNSPECIFIED.,.F.,
  .F.,(2,2),(-0.,1.E-03),.PIECEWISE_BEZIER_KNOTS.);
#9676 = CARTESIAN_POINT('',(1.03390195893,-0.967089253472,0.5510001));
#9677 = CARTESIAN_POINT('',(1.03390195893,-0.967089253472,0.5500001));
#9678 = ORIENTED_EDGE('',*,*,#9194,.F.);
#9679 = ORIENTED_EDGE('',*,*,#9658,.T.);
#9680 = B_SPLINE_SURFACE_WITH_KNOTS('',1,1,(
    (#9681,#9682)
    ,(#9683,#9684
    )),.UNSPECIFIED.,.F.,.F.,.F.,(2,2),(2,2),(-8.744289651436E-02,0.),(
    -1.E-03,0.),.PIECEWISE_BEZIER_KNOTS.);
#9681 = CARTESIAN_POINT('',(1.03390195893,-0.967089253472,0.5500001));
#9682 = CARTESIAN_POINT('',(1.03390195893,-0.967089253472,0.5510001));
#9683 = CARTESIAN_POINT('',(1.074389599706,-1.044594163608,0.5500001));
#9684 = CARTESIAN_POINT('',(1.074389599706,-1.044594163608,0.5510001));
#9685 = ADVANCED_FACE('',(#9686),#9696,.F.);
#9686 = FACE_BOUND('',#9687,.F.);
#9687 = EDGE_LOOP('',(#9688,#9689,#9690,#9695));
#9688 = ORIENTED_EDGE('',*,*,#9674,.F.);
#9689 = ORIENTED_EDGE('',*,*,#9201,.T.);
#9690 = ORIENTED_EDGE('',*,*,#9691,.T.);
#9691 = EDGE_CURVE('',#9202,#1333,#9692,.T.);
#9692 = B_SPLINE_CURVE_WITH_KNOTS('',1,(#9693,#9694),.UNSPECIFIED.,.F.,
  .F.,(2,2),(-0.,9.999999999999E-04),.PIECEWISE_BEZIER_KNOTS.);
#9693 = CARTESIAN_POINT('',(1.053567382243,-0.923709638355,0.5510001));
#9694 = CARTESIAN_POINT('',(1.053567382243,-0.923709638355,0.5500001));
#9695 = ORIENTED_EDGE('',*,*,#1341,.F.);
#9696 = B_SPLINE_SURFACE_WITH_KNOTS('',3,1,(
    (#9697,#9698)
    ,(#9699,#9700)
    ,(#9701,#9702)
    ,(#9703,#9704
    )),.UNSPECIFIED.,.F.,.F.,.F.,(4,4),(2,2),(15.,16.),(0.,1.),
  .PIECEWISE_BEZIER_KNOTS.);
#9697 = CARTESIAN_POINT('',(1.03390195893,-0.967089253472,0.5510001));
#9698 = CARTESIAN_POINT('',(1.03390195893,-0.967089253472,0.5500001));
#9699 = CARTESIAN_POINT('',(1.046048253369,-0.956678150256,0.5510001));
#9700 = CARTESIAN_POINT('',(1.046048253369,-0.956678150256,0.5500001));
#9701 = CARTESIAN_POINT('',(1.053567382243,-0.941061484402,0.5510001));
#9702 = CARTESIAN_POINT('',(1.053567382243,-0.941061484402,0.5500001));
#9703 = CARTESIAN_POINT('',(1.053567382243,-0.923709638355,0.5510001));
#9704 = CARTESIAN_POINT('',(1.053567382243,-0.923709638355,0.5500001));
#9705 = ADVANCED_FACE('',(#9706),#9716,.F.);
#9706 = FACE_BOUND('',#9707,.F.);
#9707 = EDGE_LOOP('',(#9708,#9709,#9710,#9715));
#9708 = ORIENTED_EDGE('',*,*,#9691,.F.);
#9709 = ORIENTED_EDGE('',*,*,#9210,.T.);
#9710 = ORIENTED_EDGE('',*,*,#9711,.T.);
#9711 = EDGE_CURVE('',#9211,#1324,#9712,.T.);
#9712 = B_SPLINE_CURVE_WITH_KNOTS('',1,(#9713,#9714),.UNSPECIFIED.,.F.,
  .F.,(2,2),(-0.,9.999999999999E-04),.PIECEWISE_BEZIER_KNOTS.);
#9713 = CARTESIAN_POINT('',(1.015393318734,-0.869340522948,0.5510001));
#9714 = CARTESIAN_POINT('',(1.015393318734,-0.869340522948,0.5500001));
#9715 = ORIENTED_EDGE('',*,*,#1332,.F.);
#9716 = B_SPLINE_SURFACE_WITH_KNOTS('',3,1,(
    (#9717,#9718)
    ,(#9719,#9720)
    ,(#9721,#9722)
    ,(#9723,#9724
    )),.UNSPECIFIED.,.F.,.F.,.F.,(4,4),(2,2),(16.,17.),(0.,1.),
  .PIECEWISE_BEZIER_KNOTS.);
#9717 = CARTESIAN_POINT('',(1.053567382243,-0.923709638355,0.5510001));
#9718 = CARTESIAN_POINT('',(1.053567382243,-0.923709638355,0.5500001));
#9719 = CARTESIAN_POINT('',(1.053567382243,-0.898838652402,0.5510001));
#9720 = CARTESIAN_POINT('',(1.053567382243,-0.898838652402,0.5500001));
#9721 = CARTESIAN_POINT('',(1.037372330346,-0.877438048896,0.5510001));
#9722 = CARTESIAN_POINT('',(1.037372330346,-0.877438048896,0.5500001));
#9723 = CARTESIAN_POINT('',(1.015393318734,-0.869340522948,0.5510001));
#9724 = CARTESIAN_POINT('',(1.015393318734,-0.869340522948,0.5500001));
#9725 = ADVANCED_FACE('',(#9726),#9736,.F.);
#9726 = FACE_BOUND('',#9727,.F.);
#9727 = EDGE_LOOP('',(#9728,#9729,#9730,#9735));
#9728 = ORIENTED_EDGE('',*,*,#9711,.F.);
#9729 = ORIENTED_EDGE('',*,*,#9219,.T.);
#9730 = ORIENTED_EDGE('',*,*,#9731,.T.);
#9731 = EDGE_CURVE('',#9220,#1315,#9732,.T.);
#9732 = B_SPLINE_CURVE_WITH_KNOTS('',1,(#9733,#9734),.UNSPECIFIED.,.F.,
  .F.,(2,2),(-0.,9.999999999999E-04),.PIECEWISE_BEZIER_KNOTS.);
#9733 = CARTESIAN_POINT('',(1.068605651024,-0.834636830854,0.5510001));
#9734 = CARTESIAN_POINT('',(1.068605651024,-0.834636830854,0.5500001));
#9735 = ORIENTED_EDGE('',*,*,#1323,.F.);
#9736 = B_SPLINE_SURFACE_WITH_KNOTS('',3,1,(
    (#9737,#9738)
    ,(#9739,#9740)
    ,(#9741,#9742)
    ,(#9743,#9744
    )),.UNSPECIFIED.,.F.,.F.,.F.,(4,4),(2,2),(17.,18.),(0.,1.),
  .PIECEWISE_BEZIER_KNOTS.);
#9737 = CARTESIAN_POINT('',(1.015393318734,-0.869340522948,0.5510001));
#9738 = CARTESIAN_POINT('',(1.015393318734,-0.869340522948,0.5500001));
#9739 = CARTESIAN_POINT('',(1.024647638832,-0.84909670256,0.5510001));
#9740 = CARTESIAN_POINT('',(1.024647638832,-0.84909670256,0.5500001));
#9741 = CARTESIAN_POINT('',(1.04489145922,-0.834636830854,0.5510001));
#9742 = CARTESIAN_POINT('',(1.04489145922,-0.834636830854,0.5500001));
#9743 = CARTESIAN_POINT('',(1.068605651024,-0.834636830854,0.5510001));
#9744 = CARTESIAN_POINT('',(1.068605651024,-0.834636830854,0.5500001));
#9745 = ADVANCED_FACE('',(#9746),#9756,.F.);
#9746 = FACE_BOUND('',#9747,.F.);
#9747 = EDGE_LOOP('',(#9748,#9749,#9750,#9755));
#9748 = ORIENTED_EDGE('',*,*,#9731,.F.);
#9749 = ORIENTED_EDGE('',*,*,#9228,.T.);
#9750 = ORIENTED_EDGE('',*,*,#9751,.T.);
#9751 = EDGE_CURVE('',#9229,#1306,#9752,.T.);
#9752 = B_SPLINE_CURVE_WITH_KNOTS('',1,(#9753,#9754),.UNSPECIFIED.,.F.,
  .F.,(2,2),(-0.,9.999999999999E-04),.PIECEWISE_BEZIER_KNOTS.);
#9753 = CARTESIAN_POINT('',(1.126445137846,-0.892476317677,0.5510001));
#9754 = CARTESIAN_POINT('',(1.126445137846,-0.892476317677,0.5500001));
#9755 = ORIENTED_EDGE('',*,*,#1314,.F.);
#9756 = B_SPLINE_SURFACE_WITH_KNOTS('',3,1,(
    (#9757,#9758)
    ,(#9759,#9760)
    ,(#9761,#9762)
    ,(#9763,#9764
    )),.UNSPECIFIED.,.F.,.F.,.F.,(4,4),(2,2),(18.,19.),(0.,1.),
  .PIECEWISE_BEZIER_KNOTS.);
#9757 = CARTESIAN_POINT('',(1.068605651024,-0.834636830854,0.5510001));
#9758 = CARTESIAN_POINT('',(1.068605651024,-0.834636830854,0.5500001));
#9759 = CARTESIAN_POINT('',(1.100417368776,-0.834636830854,0.5510001));
#9760 = CARTESIAN_POINT('',(1.100417368776,-0.834636830854,0.5500001));
#9761 = CARTESIAN_POINT('',(1.126445137846,-0.860664599924,0.5510001));
#9762 = CARTESIAN_POINT('',(1.126445137846,-0.860664599924,0.5500001));
#9763 = CARTESIAN_POINT('',(1.126445137846,-0.892476317677,0.5510001));
#9764 = CARTESIAN_POINT('',(1.126445137846,-0.892476317677,0.5500001));
#9765 = ADVANCED_FACE('',(#9766),#9776,.F.);
#9766 = FACE_BOUND('',#9767,.F.);
#9767 = EDGE_LOOP('',(#9768,#9769,#9770,#9775));
#9768 = ORIENTED_EDGE('',*,*,#9751,.F.);
#9769 = ORIENTED_EDGE('',*,*,#9237,.T.);
#9770 = ORIENTED_EDGE('',*,*,#9771,.T.);
#9771 = EDGE_CURVE('',#9238,#1297,#9772,.T.);
#9772 = B_SPLINE_CURVE_WITH_KNOTS('',1,(#9773,#9774),.UNSPECIFIED.,.F.,
  .F.,(2,2),(-0.,9.999999999999E-04),.PIECEWISE_BEZIER_KNOTS.);
#9773 = CARTESIAN_POINT('',(1.117769214823,-0.92313124128,0.5510001));
#9774 = CARTESIAN_POINT('',(1.117769214823,-0.92313124128,0.5500001));
#9775 = ORIENTED_EDGE('',*,*,#1305,.F.);
#9776 = B_SPLINE_SURFACE_WITH_KNOTS('',3,1,(
    (#9777,#9778)
    ,(#9779,#9780)
    ,(#9781,#9782)
    ,(#9783,#9784
    )),.UNSPECIFIED.,.F.,.F.,.F.,(4,4),(2,2),(19.,20.),(0.,1.),
  .PIECEWISE_BEZIER_KNOTS.);
#9777 = CARTESIAN_POINT('',(1.126445137846,-0.892476317677,0.5510001));
#9778 = CARTESIAN_POINT('',(1.126445137846,-0.892476317677,0.5500001));
#9779 = CARTESIAN_POINT('',(1.126445137846,-0.903465817967,0.5510001));
#9780 = CARTESIAN_POINT('',(1.126445137846,-0.903465817967,0.5500001));
#9781 = CARTESIAN_POINT('',(1.122974766431,-0.914455318257,0.5510001));
#9782 = CARTESIAN_POINT('',(1.122974766431,-0.914455318257,0.5500001));
#9783 = CARTESIAN_POINT('',(1.117769214823,-0.92313124128,0.5510001));
#9784 = CARTESIAN_POINT('',(1.117769214823,-0.92313124128,0.5500001));
#9785 = ADVANCED_FACE('',(#9786),#9796,.F.);
#9786 = FACE_BOUND('',#9787,.F.);
#9787 = EDGE_LOOP('',(#9788,#9789,#9790,#9795));
#9788 = ORIENTED_EDGE('',*,*,#9771,.F.);
#9789 = ORIENTED_EDGE('',*,*,#9246,.T.);
#9790 = ORIENTED_EDGE('',*,*,#9791,.T.);
#9791 = EDGE_CURVE('',#9247,#1288,#9792,.T.);
#9792 = B_SPLINE_CURVE_WITH_KNOTS('',1,(#9793,#9794),.UNSPECIFIED.,.F.,
  .F.,(2,2),(-0.,9.999999999999E-04),.PIECEWISE_BEZIER_KNOTS.);
#9793 = CARTESIAN_POINT('',(1.173295091283,-1.000636140384,0.5510001));
#9794 = CARTESIAN_POINT('',(1.173295091283,-1.000636140384,0.5500001));
#9795 = ORIENTED_EDGE('',*,*,#1296,.F.);
#9796 = B_SPLINE_SURFACE_WITH_KNOTS('',3,1,(
    (#9797,#9798)
    ,(#9799,#9800)
    ,(#9801,#9802)
    ,(#9803,#9804
    )),.UNSPECIFIED.,.F.,.F.,.F.,(4,4),(2,2),(20.,21.),(0.,1.),
  .PIECEWISE_BEZIER_KNOTS.);
#9797 = CARTESIAN_POINT('',(1.117769214823,-0.92313124128,0.5510001));
#9798 = CARTESIAN_POINT('',(1.117769214823,-0.92313124128,0.5500001));
#9799 = CARTESIAN_POINT('',(1.150159296554,-0.934120730538,0.5510001));
#9800 = CARTESIAN_POINT('',(1.150159296554,-0.934120730538,0.5500001));
#9801 = CARTESIAN_POINT('',(1.173295091283,-0.964197268099,0.5510001));
#9802 = CARTESIAN_POINT('',(1.173295091283,-0.964197268099,0.5500001));
#9803 = CARTESIAN_POINT('',(1.173295091283,-1.000636140384,0.5510001));
#9804 = CARTESIAN_POINT('',(1.173295091283,-1.000636140384,0.5500001));
#9805 = ADVANCED_FACE('',(#9806),#9816,.F.);
#9806 = FACE_BOUND('',#9807,.F.);
#9807 = EDGE_LOOP('',(#9808,#9809,#9810,#9815));
#9808 = ORIENTED_EDGE('',*,*,#9791,.F.);
#9809 = ORIENTED_EDGE('',*,*,#9255,.T.);
#9810 = ORIENTED_EDGE('',*,*,#9811,.T.);
#9811 = EDGE_CURVE('',#9256,#1279,#9812,.T.);
#9812 = B_SPLINE_CURVE_WITH_KNOTS('',1,(#9813,#9814),.UNSPECIFIED.,.F.,
  .F.,(2,2),(-0.,9.999999999999E-04),.PIECEWISE_BEZIER_KNOTS.);
#9813 = CARTESIAN_POINT('',(1.100995732755,-1.081611421937,0.5510001));
#9814 = CARTESIAN_POINT('',(1.100995732755,-1.081611421937,0.5500001));
#9815 = ORIENTED_EDGE('',*,*,#1287,.F.);
#9816 = B_SPLINE_SURFACE_WITH_KNOTS('',3,1,(
    (#9817,#9818)
    ,(#9819,#9820)
    ,(#9821,#9822)
    ,(#9823,#9824
    )),.UNSPECIFIED.,.F.,.F.,.F.,(4,4),(2,2),(21.,22.),(0.,1.),
  .PIECEWISE_BEZIER_KNOTS.);
#9817 = CARTESIAN_POINT('',(1.173295091283,-1.000636140384,0.5510001));
#9818 = CARTESIAN_POINT('',(1.173295091283,-1.000636140384,0.5500001));
#9819 = CARTESIAN_POINT('',(1.173295091283,-1.04228057531,0.5510001));
#9820 = CARTESIAN_POINT('',(1.173295091283,-1.04228057531,0.5500001));
#9821 = CARTESIAN_POINT('',(1.141483373531,-1.076984267403,0.5510001));
#9822 = CARTESIAN_POINT('',(1.141483373531,-1.076984267403,0.5500001));
#9823 = CARTESIAN_POINT('',(1.100995732755,-1.081611421937,0.5510001));
#9824 = CARTESIAN_POINT('',(1.100995732755,-1.081611421937,0.5500001));
#9825 = ADVANCED_FACE('',(#9826),#9836,.F.);
#9826 = FACE_BOUND('',#9827,.T.);
#9827 = EDGE_LOOP('',(#9828,#9829,#9834,#9835));
#9828 = ORIENTED_EDGE('',*,*,#1278,.T.);
#9829 = ORIENTED_EDGE('',*,*,#9830,.F.);
#9830 = EDGE_CURVE('',#9265,#1270,#9831,.T.);
#9831 = B_SPLINE_CURVE_WITH_KNOTS('',1,(#9832,#9833),.UNSPECIFIED.,.F.,
  .F.,(2,2),(-0.,9.999999999999E-04),.PIECEWISE_BEZIER_KNOTS.);
#9832 = CARTESIAN_POINT('',(1.100995732755,-1.08623857647,0.5510001));
#9833 = CARTESIAN_POINT('',(1.100995732755,-1.08623857647,0.5500001));
#9834 = ORIENTED_EDGE('',*,*,#9264,.F.);
#9835 = ORIENTED_EDGE('',*,*,#9811,.T.);
#9836 = B_SPLINE_SURFACE_WITH_KNOTS('',1,1,(
    (#9837,#9838)
    ,(#9839,#9840)),.UNSPECIFIED.,.F.,.F.,.F.,(2,2),(2,2),(-0.,1.E-03),(
    -4.627154533108E-03,0.),.PIECEWISE_BEZIER_KNOTS.);
#9837 = CARTESIAN_POINT('',(1.100995732755,-1.08623857647,0.5510001));
#9838 = CARTESIAN_POINT('',(1.100995732755,-1.081611421937,0.5510001));
#9839 = CARTESIAN_POINT('',(1.100995732755,-1.08623857647,0.5500001));
#9840 = CARTESIAN_POINT('',(1.100995732755,-1.081611421937,0.5500001));
#9841 = ADVANCED_FACE('',(#9842),#9852,.F.);
#9842 = FACE_BOUND('',#9843,.F.);
#9843 = EDGE_LOOP('',(#9844,#9845,#9846,#9851));
#9844 = ORIENTED_EDGE('',*,*,#9830,.F.);
#9845 = ORIENTED_EDGE('',*,*,#9273,.T.);
#9846 = ORIENTED_EDGE('',*,*,#9847,.T.);
#9847 = EDGE_CURVE('',#9274,#1261,#9848,.T.);
#9848 = B_SPLINE_CURVE_WITH_KNOTS('',1,(#9849,#9850),.UNSPECIFIED.,.F.,
  .F.,(2,2),(-0.,9.999999999999E-04),.PIECEWISE_BEZIER_KNOTS.);
#9849 = CARTESIAN_POINT('',(1.055880937446,-1.131353371779,0.5510001));
#9850 = CARTESIAN_POINT('',(1.055880937446,-1.131353371779,0.5500001));
#9851 = ORIENTED_EDGE('',*,*,#1269,.F.);
#9852 = B_SPLINE_SURFACE_WITH_KNOTS('',3,1,(
    (#9853,#9854)
    ,(#9855,#9856)
    ,(#9857,#9858)
    ,(#9859,#9860
    )),.UNSPECIFIED.,.F.,.F.,.F.,(4,4),(2,2),(23.,24.),(0.,1.),
  .PIECEWISE_BEZIER_KNOTS.);
#9853 = CARTESIAN_POINT('',(1.100995732755,-1.08623857647,0.5510001));
#9854 = CARTESIAN_POINT('',(1.100995732755,-1.08623857647,0.5500001));
#9855 = CARTESIAN_POINT('',(1.100995732755,-1.111109551391,0.5510001));
#9856 = CARTESIAN_POINT('',(1.100995732755,-1.111109551391,0.5500001));
#9857 = CARTESIAN_POINT('',(1.080751912367,-1.131353371779,0.5510001));
#9858 = CARTESIAN_POINT('',(1.080751912367,-1.131353371779,0.5500001));
#9859 = CARTESIAN_POINT('',(1.055880937446,-1.131353371779,0.5510001));
#9860 = CARTESIAN_POINT('',(1.055880937446,-1.131353371779,0.5500001));
#9861 = ADVANCED_FACE('',(#9862),#9872,.F.);
#9862 = FACE_BOUND('',#9863,.F.);
#9863 = EDGE_LOOP('',(#9864,#9865,#9866,#9871));
#9864 = ORIENTED_EDGE('',*,*,#9847,.F.);
#9865 = ORIENTED_EDGE('',*,*,#9282,.T.);
#9866 = ORIENTED_EDGE('',*,*,#9867,.T.);
#9867 = EDGE_CURVE('',#9283,#1254,#9868,.T.);
#9868 = B_SPLINE_CURVE_WITH_KNOTS('',1,(#9869,#9870),.UNSPECIFIED.,.F.,
  .F.,(2,2),(-0.,9.999999999999E-04),.PIECEWISE_BEZIER_KNOTS.);
#9869 = CARTESIAN_POINT('',(1.010766142137,-1.089708936853,0.5510001));
#9870 = CARTESIAN_POINT('',(1.010766142137,-1.089708936853,0.5500001));
#9871 = ORIENTED_EDGE('',*,*,#1260,.F.);
#9872 = B_SPLINE_SURFACE_WITH_KNOTS('',3,1,(
    (#9873,#9874)
    ,(#9875,#9876)
    ,(#9877,#9878)
    ,(#9879,#9880
    )),.UNSPECIFIED.,.F.,.F.,.F.,(4,4),(2,2),(24.,25.),(0.,1.),
  .PIECEWISE_BEZIER_KNOTS.);
#9873 = CARTESIAN_POINT('',(1.055880937446,-1.131353371779,0.5510001));
#9874 = CARTESIAN_POINT('',(1.055880937446,-1.131353371779,0.5500001));
#9875 = CARTESIAN_POINT('',(1.032166745642,-1.131353371779,0.5510001));
#9876 = CARTESIAN_POINT('',(1.032166745642,-1.131353371779,0.5500001));
#9877 = CARTESIAN_POINT('',(1.012501322329,-1.113423139689,0.5510001));
#9878 = CARTESIAN_POINT('',(1.012501322329,-1.113423139689,0.5500001));
#9879 = CARTESIAN_POINT('',(1.010766142137,-1.089708936853,0.5510001));
#9880 = CARTESIAN_POINT('',(1.010766142137,-1.089708936853,0.5500001));
#9881 = ADVANCED_FACE('',(#9882),#9892,.F.);
#9882 = FACE_BOUND('',#9883,.T.);
#9883 = EDGE_LOOP('',(#9884,#9885,#9890,#9891));
#9884 = ORIENTED_EDGE('',*,*,#1253,.T.);
#9885 = ORIENTED_EDGE('',*,*,#9886,.F.);
#9886 = EDGE_CURVE('',#9292,#1245,#9887,.T.);
#9887 = B_SPLINE_CURVE_WITH_KNOTS('',1,(#9888,#9889),.UNSPECIFIED.,.F.,
  .F.,(2,2),(-0.,1.E-03),.PIECEWISE_BEZIER_KNOTS.);
#9888 = CARTESIAN_POINT('',(1.010766142137,-1.063681167783,0.5510001));
#9889 = CARTESIAN_POINT('',(1.010766142137,-1.063681167783,0.5500001));
#9890 = ORIENTED_EDGE('',*,*,#9291,.F.);
#9891 = ORIENTED_EDGE('',*,*,#9867,.T.);
#9892 = B_SPLINE_SURFACE_WITH_KNOTS('',1,1,(
    (#9893,#9894)
    ,(#9895,#9896
    )),.UNSPECIFIED.,.F.,.F.,.F.,(2,2),(2,2),(-2.602776907033E-02,0.),(
    -1.E-03,0.),.PIECEWISE_BEZIER_KNOTS.);
#9893 = CARTESIAN_POINT('',(1.010766142137,-1.063681167783,0.5500001));
#9894 = CARTESIAN_POINT('',(1.010766142137,-1.063681167783,0.5510001));
#9895 = CARTESIAN_POINT('',(1.010766142137,-1.089708936853,0.5500001));
#9896 = CARTESIAN_POINT('',(1.010766142137,-1.089708936853,0.5510001));
#9897 = ADVANCED_FACE('',(#9898),#9908,.F.);
#9898 = FACE_BOUND('',#9899,.F.);
#9899 = EDGE_LOOP('',(#9900,#9901,#9902,#9907));
#9900 = ORIENTED_EDGE('',*,*,#9886,.F.);
#9901 = ORIENTED_EDGE('',*,*,#9298,.T.);
#9902 = ORIENTED_EDGE('',*,*,#9903,.T.);
#9903 = EDGE_CURVE('',#9299,#1236,#9904,.T.);
#9904 = B_SPLINE_CURVE_WITH_KNOTS('',1,(#9905,#9906),.UNSPECIFIED.,.F.,
  .F.,(2,2),(-0.,9.999999999999E-04),.PIECEWISE_BEZIER_KNOTS.);
#9905 = CARTESIAN_POINT('',(1.011344528179,-1.060210807399,0.5510001));
#9906 = CARTESIAN_POINT('',(1.011344528179,-1.060210807399,0.5500001));
#9907 = ORIENTED_EDGE('',*,*,#1244,.F.);
#9908 = B_SPLINE_SURFACE_WITH_KNOTS('',3,1,(
    (#9909,#9910)
    ,(#9911,#9912)
    ,(#9913,#9914)
    ,(#9915,#9916
    )),.UNSPECIFIED.,.F.,.F.,.F.,(4,4),(2,2),(26.,27.),(0.,1.),
  .PIECEWISE_BEZIER_KNOTS.);
#9909 = CARTESIAN_POINT('',(1.010766142137,-1.063681167783,0.5510001));
#9910 = CARTESIAN_POINT('',(1.010766142137,-1.063681167783,0.5500001));
#9911 = CARTESIAN_POINT('',(1.010766142137,-1.062524373634,0.5510001));
#9912 = CARTESIAN_POINT('',(1.010766142137,-1.062524373634,0.5500001));
#9913 = CARTESIAN_POINT('',(1.011344528179,-1.061367579485,0.5510001));
#9914 = CARTESIAN_POINT('',(1.011344528179,-1.061367579485,0.5500001));
#9915 = CARTESIAN_POINT('',(1.011344528179,-1.060210807399,0.5510001));
#9916 = CARTESIAN_POINT('',(1.011344528179,-1.060210807399,0.5500001));
#9917 = ADVANCED_FACE('',(#9918),#9928,.F.);
#9918 = FACE_BOUND('',#9919,.F.);
#9919 = EDGE_LOOP('',(#9920,#9921,#9922,#9927));
#9920 = ORIENTED_EDGE('',*,*,#9903,.F.);
#9921 = ORIENTED_EDGE('',*,*,#9307,.T.);
#9922 = ORIENTED_EDGE('',*,*,#9923,.T.);
#9923 = EDGE_CURVE('',#9308,#1227,#9924,.T.);
#9924 = B_SPLINE_CURVE_WITH_KNOTS('',1,(#9925,#9926),.UNSPECIFIED.,.F.,
  .F.,(2,2),(-0.,9.999999999999E-04),.PIECEWISE_BEZIER_KNOTS.);
#9925 = CARTESIAN_POINT('',(0.99341429609,-1.04228057531,0.5510001));
#9926 = CARTESIAN_POINT('',(0.99341429609,-1.04228057531,0.5500001));
#9927 = ORIENTED_EDGE('',*,*,#1235,.F.);
#9928 = B_SPLINE_SURFACE_WITH_KNOTS('',3,1,(
    (#9929,#9930)
    ,(#9931,#9932)
    ,(#9933,#9934)
    ,(#9935,#9936
    )),.UNSPECIFIED.,.F.,.F.,.F.,(4,4),(2,2),(27.,28.),(0.,1.),
  .PIECEWISE_BEZIER_KNOTS.);
#9929 = CARTESIAN_POINT('',(1.011344528179,-1.060210807399,0.5510001));
#9930 = CARTESIAN_POINT('',(1.011344528179,-1.060210807399,0.5500001));
#9931 = CARTESIAN_POINT('',(1.011344528179,-1.050378090227,0.5510001));
#9932 = CARTESIAN_POINT('',(1.011344528179,-1.050378090227,0.5500001));
#9933 = CARTESIAN_POINT('',(1.003246991199,-1.04228057531,0.5510001));
#9934 = CARTESIAN_POINT('',(1.003246991199,-1.04228057531,0.5500001));
#9935 = CARTESIAN_POINT('',(0.99341429609,-1.04228057531,0.5510001));
#9936 = CARTESIAN_POINT('',(0.99341429609,-1.04228057531,0.5500001));
#9937 = ADVANCED_FACE('',(#9938),#9948,.F.);
#9938 = FACE_BOUND('',#9939,.F.);
#9939 = EDGE_LOOP('',(#9940,#9941,#9942,#9947));
#9940 = ORIENTED_EDGE('',*,*,#9923,.F.);
#9941 = ORIENTED_EDGE('',*,*,#9316,.T.);
#9942 = ORIENTED_EDGE('',*,*,#9943,.T.);
#9943 = EDGE_CURVE('',#9317,#1220,#9944,.T.);
#9944 = B_SPLINE_CURVE_WITH_KNOTS('',1,(#9945,#9946),.UNSPECIFIED.,.F.,
  .F.,(2,2),(-0.,9.999999999999E-04),.PIECEWISE_BEZIER_KNOTS.);
#9945 = CARTESIAN_POINT('',(0.975484064,-1.059054035314,0.5510001));
#9946 = CARTESIAN_POINT('',(0.975484064,-1.059054035314,0.5500001));
#9947 = ORIENTED_EDGE('',*,*,#1226,.F.);
#9948 = B_SPLINE_SURFACE_WITH_KNOTS('',3,1,(
    (#9949,#9950)
    ,(#9951,#9952)
    ,(#9953,#9954)
    ,(#9955,#9956
    )),.UNSPECIFIED.,.F.,.F.,.F.,(4,4),(2,2),(28.,29.),(0.,1.),
  .PIECEWISE_BEZIER_KNOTS.);
#9949 = CARTESIAN_POINT('',(0.99341429609,-1.04228057531,0.5510001));
#9950 = CARTESIAN_POINT('',(0.99341429609,-1.04228057531,0.5500001));
#9951 = CARTESIAN_POINT('',(0.984159987024,-1.04228057531,0.5510001));
#9952 = CARTESIAN_POINT('',(0.984159987024,-1.04228057531,0.5500001));
#9953 = CARTESIAN_POINT('',(0.976062450042,-1.049799704184,0.5510001));
#9954 = CARTESIAN_POINT('',(0.976062450042,-1.049799704184,0.5500001));
#9955 = CARTESIAN_POINT('',(0.975484064,-1.059054035314,0.5510001));
#9956 = CARTESIAN_POINT('',(0.975484064,-1.059054035314,0.5500001));
#9957 = ADVANCED_FACE('',(#9958),#9968,.F.);
#9958 = FACE_BOUND('',#9959,.T.);
#9959 = EDGE_LOOP('',(#9960,#9961,#9966,#9967));
#9960 = ORIENTED_EDGE('',*,*,#1219,.T.);
#9961 = ORIENTED_EDGE('',*,*,#9962,.F.);
#9962 = EDGE_CURVE('',#9326,#1211,#9963,.T.);
#9963 = B_SPLINE_CURVE_WITH_KNOTS('',1,(#9964,#9965),.UNSPECIFIED.,.F.,
  .F.,(2,2),(-0.,1.E-03),.PIECEWISE_BEZIER_KNOTS.);
#9964 = CARTESIAN_POINT('',(0.975484064,-1.093179319301,0.5510001));
#9965 = CARTESIAN_POINT('',(0.975484064,-1.093179319301,0.5500001));
#9966 = ORIENTED_EDGE('',*,*,#9325,.F.);
#9967 = ORIENTED_EDGE('',*,*,#9943,.T.);
#9968 = B_SPLINE_SURFACE_WITH_KNOTS('',1,1,(
    (#9969,#9970)
    ,(#9971,#9972)),.UNSPECIFIED.,.F.,.F.,.F.,(2,2),(2,2),(-0.,1.E-03),(
    -1.735180192052E-03,3.239010379522E-02),.PIECEWISE_BEZIER_KNOTS.);
#9969 = CARTESIAN_POINT('',(0.975484064,-1.093179319301,0.5510001));
#9970 = CARTESIAN_POINT('',(0.975484064,-1.059054035314,0.5510001));
#9971 = CARTESIAN_POINT('',(0.975484064,-1.093179319301,0.5500001));
#9972 = CARTESIAN_POINT('',(0.975484064,-1.059054035314,0.5500001));
#9973 = ADVANCED_FACE('',(#9974),#9984,.F.);
#9974 = FACE_BOUND('',#9975,.F.);
#9975 = EDGE_LOOP('',(#9976,#9977,#9978,#9983));
#9976 = ORIENTED_EDGE('',*,*,#9962,.F.);
#9977 = ORIENTED_EDGE('',*,*,#9332,.T.);
#9978 = ORIENTED_EDGE('',*,*,#9979,.T.);
#9979 = EDGE_CURVE('',#9333,#1202,#9980,.T.);
#9980 = B_SPLINE_CURVE_WITH_KNOTS('',1,(#9981,#9982),.UNSPECIFIED.,.F.,
  .F.,(2,2),(-0.,9.999999999999E-04),.PIECEWISE_BEZIER_KNOTS.);
#9981 = CARTESIAN_POINT('',(1.001511833071,-1.145813243484,0.5510001));
#9982 = CARTESIAN_POINT('',(1.001511833071,-1.145813243484,0.5500001));
#9983 = ORIENTED_EDGE('',*,*,#1210,.F.);
#9984 = B_SPLINE_SURFACE_WITH_KNOTS('',3,1,(
    (#9985,#9986)
    ,(#9987,#9988)
    ,(#9989,#9990)
    ,(#9991,#9992
    )),.UNSPECIFIED.,.F.,.F.,.F.,(4,4),(2,2),(33.,34.),(0.,1.),
  .PIECEWISE_BEZIER_KNOTS.);
#9985 = CARTESIAN_POINT('',(0.975484064,-1.093179319301,0.5510001));
#9986 = CARTESIAN_POINT('',(0.975484064,-1.093179319301,0.5500001));
#9987 = CARTESIAN_POINT('',(0.977219244192,-1.113423139689,0.5510001));
#9988 = CARTESIAN_POINT('',(0.977219244192,-1.113423139689,0.5500001));
#9989 = CARTESIAN_POINT('',(0.986473575322,-1.131931779885,0.5510001));
#9990 = CARTESIAN_POINT('',(0.986473575322,-1.131931779885,0.5500001));
#9991 = CARTESIAN_POINT('',(1.001511833071,-1.145813243484,0.5510001));
#9992 = CARTESIAN_POINT('',(1.001511833071,-1.145813243484,0.5500001));
#9993 = ADVANCED_FACE('',(#9994),#10000,.F.);
#9994 = FACE_BOUND('',#9995,.F.);
#9995 = EDGE_LOOP('',(#9996,#9997,#9998,#9999));
#9996 = ORIENTED_EDGE('',*,*,#9979,.F.);
#9997 = ORIENTED_EDGE('',*,*,#9341,.T.);
#9998 = ORIENTED_EDGE('',*,*,#9381,.T.);
#9999 = ORIENTED_EDGE('',*,*,#1201,.F.);
#10000 = B_SPLINE_SURFACE_WITH_KNOTS('',3,1,(
    (#10001,#10002)
    ,(#10003,#10004)
    ,(#10005,#10006)
    ,(#10007,#10008
    )),.UNSPECIFIED.,.F.,.F.,.F.,(4,4),(2,2),(34.,35.),(0.,1.),
  .PIECEWISE_BEZIER_KNOTS.);
#10001 = CARTESIAN_POINT('',(1.001511833071,-1.145813243484,0.5510001));
#10002 = CARTESIAN_POINT('',(1.001511833071,-1.145813243484,0.5500001));
#10003 = CARTESIAN_POINT('',(1.016550090819,-1.159694729148,0.5510001));
#10004 = CARTESIAN_POINT('',(1.016550090819,-1.159694729148,0.5500001));
#10005 = CARTESIAN_POINT('',(1.036215525164,-1.167213858022,0.5510001));
#10006 = CARTESIAN_POINT('',(1.036215525164,-1.167213858022,0.5500001));
#10007 = CARTESIAN_POINT('',(1.056459345552,-1.167213858022,0.5510001));
#10008 = CARTESIAN_POINT('',(1.056459345552,-1.167213858022,0.5500001));
#10009 = ADVANCED_FACE('',(#10010),#10037,.T.);
#10010 = FACE_BOUND('',#10011,.T.);
#10011 = EDGE_LOOP('',(#10012,#10026,#10031,#10032));
#10012 = ORIENTED_EDGE('',*,*,#10013,.F.);
#10013 = EDGE_CURVE('',#10014,#10016,#10018,.T.);
#10014 = VERTEX_POINT('',#10015);
#10015 = CARTESIAN_POINT('',(0.972013659488,-0.923131230248,0.5500001));
#10016 = VERTEX_POINT('',#10017);
#10017 = CARTESIAN_POINT('',(1.017128476861,-0.923131230248,0.5500001));
#10018 = B_SPLINE_CURVE_WITH_KNOTS('',3,(#10019,#10020,#10021,#10022,
    #10023,#10024,#10025),.UNSPECIFIED.,.F.,.F.,(4,3,4),(0.,1.,2.),
  .PIECEWISE_BEZIER_KNOTS.);
#10019 = CARTESIAN_POINT('',(0.972013659488,-0.923131230248,0.5500001));
#10020 = CARTESIAN_POINT('',(0.972013659488,-0.93585591073,0.5500001));
#10021 = CARTESIAN_POINT('',(0.982424784768,-0.945688627902,0.5500001));
#10022 = CARTESIAN_POINT('',(0.994571068175,-0.945688627902,0.5500001));
#10023 = CARTESIAN_POINT('',(1.007295759689,-0.945688627902,0.5500001));
#10024 = CARTESIAN_POINT('',(1.017128476861,-0.935277524687,0.5500001));
#10025 = CARTESIAN_POINT('',(1.017128476861,-0.923131230248,0.5500001));
#10026 = ORIENTED_EDGE('',*,*,#10027,.F.);
#10027 = EDGE_CURVE('',#9351,#10014,#10028,.T.);
#10028 = B_SPLINE_CURVE_WITH_KNOTS('',1,(#10029,#10030),.UNSPECIFIED.,
  .F.,.F.,(2,2),(-0.,9.999999999999E-04),.PIECEWISE_BEZIER_KNOTS.);
#10029 = CARTESIAN_POINT('',(0.972013659488,-0.923131230248,0.5510001));
#10030 = CARTESIAN_POINT('',(0.972013659488,-0.923131230248,0.5500001));
#10031 = ORIENTED_EDGE('',*,*,#9350,.T.);
#10032 = ORIENTED_EDGE('',*,*,#10033,.T.);
#10033 = EDGE_CURVE('',#9353,#10016,#10034,.T.);
#10034 = B_SPLINE_CURVE_WITH_KNOTS('',1,(#10035,#10036),.UNSPECIFIED.,
  .F.,.F.,(2,2),(-0.,1.E-03),.PIECEWISE_BEZIER_KNOTS.);
#10035 = CARTESIAN_POINT('',(1.017128476861,-0.923131230248,0.5510001));
#10036 = CARTESIAN_POINT('',(1.017128476861,-0.923131230248,0.5500001));
#10037 = B_SPLINE_SURFACE_WITH_KNOTS('',3,1,(
    (#10038,#10039)
    ,(#10040,#10041)
    ,(#10042,#10043)
    ,(#10044,#10045)
    ,(#10046,#10047)
    ,(#10048,#10049)
    ,(#10050,#10051
  )),.UNSPECIFIED.,.F.,.F.,.F.,(4,3,4),(2,2),(0.,1.,2.),(0.,1.),
  .PIECEWISE_BEZIER_KNOTS.);
#10038 = CARTESIAN_POINT('',(0.972013659488,-0.923131230248,0.5510001));
#10039 = CARTESIAN_POINT('',(0.972013659488,-0.923131230248,0.5500001));
#10040 = CARTESIAN_POINT('',(0.972013659488,-0.93585591073,0.5510001));
#10041 = CARTESIAN_POINT('',(0.972013659488,-0.93585591073,0.5500001));
#10042 = CARTESIAN_POINT('',(0.982424784768,-0.945688627902,0.5510001));
#10043 = CARTESIAN_POINT('',(0.982424784768,-0.945688627902,0.5500001));
#10044 = CARTESIAN_POINT('',(0.994571068175,-0.945688627902,0.5510001));
#10045 = CARTESIAN_POINT('',(0.994571068175,-0.945688627902,0.5500001));
#10046 = CARTESIAN_POINT('',(1.007295759689,-0.945688627902,0.5510001));
#10047 = CARTESIAN_POINT('',(1.007295759689,-0.945688627902,0.5500001));
#10048 = CARTESIAN_POINT('',(1.017128476861,-0.935277524687,0.5510001));
#10049 = CARTESIAN_POINT('',(1.017128476861,-0.935277524687,0.5500001));
#10050 = CARTESIAN_POINT('',(1.017128476861,-0.923131230248,0.5510001));
#10051 = CARTESIAN_POINT('',(1.017128476861,-0.923131230248,0.5500001));
#10052 = ADVANCED_FACE('',(#10053),#10067,.T.);
#10053 = FACE_BOUND('',#10054,.T.);
#10054 = EDGE_LOOP('',(#10055,#10064,#10065,#10066));
#10055 = ORIENTED_EDGE('',*,*,#10056,.F.);
#10056 = EDGE_CURVE('',#10016,#10014,#10057,.T.);
#10057 = B_SPLINE_CURVE_WITH_KNOTS('',3,(#10058,#10059,#10060,#10061,
    #10062,#10063),.UNSPECIFIED.,.F.,.F.,(4,2,4),(2.,3.,4.),
  .UNSPECIFIED.);
#10058 = CARTESIAN_POINT('',(1.017128476861,-0.923131230248,0.5500001));
#10059 = CARTESIAN_POINT('',(1.017128476861,-0.910984935809,0.5500001));
#10060 = CARTESIAN_POINT('',(1.007295759689,-0.900573832593,0.5500001));
#10061 = CARTESIAN_POINT('',(0.981846376661,-0.900573832593,0.5500001));
#10062 = CARTESIAN_POINT('',(0.972013659488,-0.910984935809,0.5500001));
#10063 = CARTESIAN_POINT('',(0.972013659488,-0.923131230248,0.5500001));
#10064 = ORIENTED_EDGE('',*,*,#10033,.F.);
#10065 = ORIENTED_EDGE('',*,*,#9364,.T.);
#10066 = ORIENTED_EDGE('',*,*,#10027,.T.);
#10067 = B_SPLINE_SURFACE_WITH_KNOTS('',3,1,(
    (#10068,#10069)
    ,(#10070,#10071)
    ,(#10072,#10073)
    ,(#10074,#10075)
    ,(#10076,#10077)
    ,(#10078,#10079
  )),.UNSPECIFIED.,.F.,.F.,.F.,(4,2,4),(2,2),(2.,3.,4.),(0.,1.),
  .UNSPECIFIED.);
#10068 = CARTESIAN_POINT('',(1.017128476861,-0.923131230248,0.5510001));
#10069 = CARTESIAN_POINT('',(1.017128476861,-0.923131230248,0.5500001));
#10070 = CARTESIAN_POINT('',(1.017128476861,-0.910984935809,0.5510001));
#10071 = CARTESIAN_POINT('',(1.017128476861,-0.910984935809,0.5500001));
#10072 = CARTESIAN_POINT('',(1.007295759689,-0.900573832593,0.5510001));
#10073 = CARTESIAN_POINT('',(1.007295759689,-0.900573832593,0.5500001));
#10074 = CARTESIAN_POINT('',(0.981846376661,-0.900573832593,0.5510001));
#10075 = CARTESIAN_POINT('',(0.981846376661,-0.900573832593,0.5500001));
#10076 = CARTESIAN_POINT('',(0.972013659488,-0.910984935809,0.5510001));
#10077 = CARTESIAN_POINT('',(0.972013659488,-0.910984935809,0.5500001));
#10078 = CARTESIAN_POINT('',(0.972013659488,-0.923131230248,0.5510001));
#10079 = CARTESIAN_POINT('',(0.972013659488,-0.923131230248,0.5500001));
#10080 = ADVANCED_FACE('',(#10081),#10085,.F.);
#10081 = FACE_BOUND('',#10082,.T.);
#10082 = EDGE_LOOP('',(#10083,#10084));
#10083 = ORIENTED_EDGE('',*,*,#10056,.T.);
#10084 = ORIENTED_EDGE('',*,*,#10013,.T.);
#10085 = B_SPLINE_SURFACE_WITH_KNOTS('',1,1,(
    (#10086,#10087)
    ,(#10088,#10089
    )),.UNSPECIFIED.,.F.,.F.,.F.,(2,2),(2,2),(-1.017128476861,
    -0.972013659488),(-0.945688627902,-0.900573832593),
  .PIECEWISE_BEZIER_KNOTS.);
#10086 = CARTESIAN_POINT('',(1.017128476861,-0.945688627902,0.5500001));
#10087 = CARTESIAN_POINT('',(1.017128476861,-0.900573832593,0.5500001));
#10088 = CARTESIAN_POINT('',(0.972013659488,-0.945688627902,0.5500001));
#10089 = CARTESIAN_POINT('',(0.972013659488,-0.900573832593,0.5500001));
#10090 = ADVANCED_FACE('',(#10091),#10104,.T.);
#10091 = FACE_BOUND('',#10092,.T.);
#10092 = EDGE_LOOP('',(#10093,#10094,#10102,#10103));
#10093 = ORIENTED_EDGE('',*,*,#33,.F.);
#10094 = ORIENTED_EDGE('',*,*,#10095,.F.);
#10095 = EDGE_CURVE('',#24,#22,#10096,.T.);
#10096 = ( BOUNDED_CURVE() B_SPLINE_CURVE(2,(#10097,#10098,#10099,#10100
,#10101),.UNSPECIFIED.,.F.,.F.) B_SPLINE_CURVE_WITH_KNOTS((3,2,3),(
    3.14159265359,4.712388980385,6.28318530718),
.PIECEWISE_BEZIER_KNOTS.) CURVE() GEOMETRIC_REPRESENTATION_ITEM() 
RATIONAL_B_SPLINE_CURVE((1.,0.707106781187,1.,0.707106781187,1.)) 
REPRESENTATION_ITEM('') );
#10097 = CARTESIAN_POINT('',(-1.125991176396,1.395746936215,0.5510001));
#10098 = CARTESIAN_POINT('',(-1.125991176396,1.204478975403,0.5510001));
#10099 = CARTESIAN_POINT('',(-0.934723215584,1.204478975403,0.5510001));
#10100 = CARTESIAN_POINT('',(-0.743455254773,1.204478975403,0.5510001));
#10101 = CARTESIAN_POINT('',(-0.743455254773,1.395746936215,0.5510001));
#10102 = ORIENTED_EDGE('',*,*,#50,.T.);
#10103 = ORIENTED_EDGE('',*,*,#69,.T.);
#10104 = ( BOUNDED_SURFACE() B_SPLINE_SURFACE(2,1,(
    (#10105,#10106)
    ,(#10107,#10108)
    ,(#10109,#10110)
    ,(#10111,#10112)
    ,(#10113,#10114
)),.UNSPECIFIED.,.F.,.F.,.F.) B_SPLINE_SURFACE_WITH_KNOTS((3,2,3),(2,2),
  (3.14159265359,4.712388980385,6.28318530718),(0.,1.E-03),
.PIECEWISE_BEZIER_KNOTS.) GEOMETRIC_REPRESENTATION_ITEM() 
RATIONAL_B_SPLINE_SURFACE((
    (1.,1.)
    ,(0.707106781187,0.707106781187)
    ,(1.,1.)
    ,(0.707106781187,0.707106781187)
,(1.,1.))) REPRESENTATION_ITEM('') SURFACE() );
#10105 = CARTESIAN_POINT('',(-0.743455254773,1.395746936215,0.5510001));
#10106 = CARTESIAN_POINT('',(-0.743455254773,1.395746936215,0.5500001));
#10107 = CARTESIAN_POINT('',(-0.743455254773,1.204478975403,0.5510001));
#10108 = CARTESIAN_POINT('',(-0.743455254773,1.204478975403,0.5500001));
#10109 = CARTESIAN_POINT('',(-0.934723215584,1.204478975403,0.5510001));
#10110 = CARTESIAN_POINT('',(-0.934723215584,1.204478975403,0.5500001));
#10111 = CARTESIAN_POINT('',(-1.125991176396,1.204478975403,0.5510001));
#10112 = CARTESIAN_POINT('',(-1.125991176396,1.204478975403,0.5500001));
#10113 = CARTESIAN_POINT('',(-1.125991176396,1.395746936215,0.5510001));
#10114 = CARTESIAN_POINT('',(-1.125991176396,1.395746936215,0.5500001));
#10115 = ADVANCED_FACE('',(#10116),#10120,.T.);
#10116 = FACE_BOUND('',#10117,.T.);
#10117 = EDGE_LOOP('',(#10118,#10119));
#10118 = ORIENTED_EDGE('',*,*,#10095,.T.);
#10119 = ORIENTED_EDGE('',*,*,#21,.T.);
#10120 = B_SPLINE_SURFACE_WITH_KNOTS('',1,1,(
    (#10121,#10122)
    ,(#10123,#10124
    )),.UNSPECIFIED.,.F.,.F.,.F.,(2,2),(2,2),(-0.191267960811,
    0.191267960811),(-0.191267960811,0.191267960811),
  .PIECEWISE_BEZIER_KNOTS.);
#10121 = CARTESIAN_POINT('',(-1.125991176396,1.204478975403,0.5510001));
#10122 = CARTESIAN_POINT('',(-1.125991176396,1.587014897026,0.5510001));
#10123 = CARTESIAN_POINT('',(-0.743455254773,1.204478975403,0.5510001));
#10124 = CARTESIAN_POINT('',(-0.743455254773,1.587014897026,0.5510001));
#10125 = ( GEOMETRIC_REPRESENTATION_CONTEXT(3) 
GLOBAL_UNCERTAINTY_ASSIGNED_CONTEXT((#10129)) 
GLOBAL_UNIT_ASSIGNED_CONTEXT((#10126,#10127,#10128)) 
REPRESENTATION_CONTEXT('Context #1',
  '3D Context with UNIT and UNCERTAINTY') );
#10126 = ( LENGTH_UNIT() NAMED_UNIT(*) SI_UNIT(.MILLI.,.METRE.) );
#10127 = ( NAMED_UNIT(*) PLANE_ANGLE_UNIT() SI_UNIT($,.RADIAN.) );
#10128 = ( NAMED_UNIT(*) SI_UNIT($,.STERADIAN.) SOLID_ANGLE_UNIT() );
#10129 = UNCERTAINTY_MEASURE_WITH_UNIT(LENGTH_MEASURE(1.E-07),#10126,
  'distance_accuracy_value','confusion accuracy');
#10130 = PRODUCT_RELATED_PRODUCT_CATEGORY('part',$,(#7));
#10131 = MECHANICAL_DESIGN_GEOMETRIC_PRESENTATION_REPRESENTATION('',(
    #10132,#10142,#10150,#10158,#10165,#10172,#10179,#10186,#10193,
    #10201,#10208,#10215,#10222,#10229,#10236,#10243,#10250,#10257,
    #10264,#10271,#10278,#10285,#10292,#10299,#10306,#10313,#10320,
    #10327,#10334,#10341,#10348,#10355,#10362,#10369,#10376,#10383,
    #10390,#10397,#10404,#10411,#10418,#10425,#10432,#10439,#10446,
    #10453,#10460,#10467,#10474,#10481,#10488,#10495,#10502,#10509,
    #10516,#10523,#10530,#10537,#10544,#10551,#10558,#10565,#10572,
    #10579,#10586,#10593,#10600,#10607,#10614,#10621,#10628,#10635,
    #10642,#10649,#10656,#10663,#10670,#10677,#10684,#10691,#10698,
    #10705,#10712,#10719,#10726,#10733,#10740,#10747,#10754,#10761,
    #10768,#10775,#10782,#10789,#10796,#10803,#10810,#10817,#10824,
    #10831,#10838,#10845,#10852,#10859,#10866,#10873,#10880,#10887,
    #10894,#10901,#10908,#10915,#10922,#10929,#10936,#10943,#10950,
    #10957,#10964,#10971,#10978,#10985,#10992,#10999,#11006,#11013,
    #11020,#11027,#11034,#11041,#11048,#11055,#11062,#11069,#11076,
    #11083,#11090,#11097,#11104,#11111,#11118,#11125,#11132,#11139,
    #11146,#11153,#11160,#11167,#11174,#11181,#11188,#11195,#11202,
    #11209,#11216,#11223,#11230,#11237,#11244,#11251,#11258,#11265,
    #11272,#11279,#11286,#11293,#11300,#11307,#11314,#11321,#11328,
    #11335,#11342,#11349,#11356,#11363,#11370,#11377,#11384,#11391,
    #11398,#11405,#11412,#11419,#11426,#11433,#11440,#11447,#11454,
    #11461,#11468,#11475,#11482,#11489,#11496,#11503,#11510,#11517,
    #11524,#11531,#11538,#11545,#11552,#11559,#11566,#11573,#11580,
    #11587,#11594,#11601,#11608,#11615,#11622,#11629,#11636,#11643,
    #11650,#11657,#11664,#11671,#11678,#11685,#11692,#11699,#11706,
    #11713,#11720,#11727,#11734,#11741,#11748,#11755,#11762,#11769,
    #11776,#11783,#11790,#11797,#11804,#11811,#11818,#11825,#11832,
    #11839,#11846,#11853,#11860,#11867,#11874,#11881,#11888,#11895,
    #11902,#11909,#11916,#11923,#11930,#11937,#11944,#11951,#11958,
    #11965,#11972,#11979,#11986,#11993,#12000,#12007,#12014,#12021,
    #12028,#12035,#12042,#12049,#12056,#12063,#12070,#12077,#12084,
    #12091,#12098,#12105,#12112,#12119,#12126,#12133,#12140,#12147,
    #12154,#12161,#12168,#12175,#12182,#12189,#12196,#12203,#12210,
    #12217,#12224,#12231,#12238,#12245,#12252,#12259,#12266,#12273,
    #12280,#12287,#12294,#12301,#12308,#12315,#12322,#12329,#12336,
    #12343,#12350,#12357,#12364,#12371,#12378,#12385,#12392,#12399,
    #12406,#12413,#12420),#10125);
#10132 = STYLED_ITEM('color',(#10133),#15);
#10133 = PRESENTATION_STYLE_ASSIGNMENT((#10134,#10140));
#10134 = SURFACE_STYLE_USAGE(.BOTH.,#10135);
#10135 = SURFACE_SIDE_STYLE('',(#10136));
#10136 = SURFACE_STYLE_FILL_AREA(#10137);
#10137 = FILL_AREA_STYLE('',(#10138));
#10138 = FILL_AREA_STYLE_COLOUR('',#10139);
#10139 = COLOUR_RGB('',0.792156867455,0.819607826924,0.933333342953);
#10140 = CURVE_STYLE('',#10141,POSITIVE_LENGTH_MEASURE(0.1),#10139);
#10141 = DRAUGHTING_PRE_DEFINED_CURVE_FONT('continuous');
#10142 = OVER_RIDING_STYLED_ITEM('overriding color',(#10143),#17,#10132
  );
#10143 = PRESENTATION_STYLE_ASSIGNMENT((#10144));
#10144 = SURFACE_STYLE_USAGE(.BOTH.,#10145);
#10145 = SURFACE_SIDE_STYLE('',(#10146));
#10146 = SURFACE_STYLE_FILL_AREA(#10147);
#10147 = FILL_AREA_STYLE('',(#10148));
#10148 = FILL_AREA_STYLE_COLOUR('',#10149);
#10149 = DRAUGHTING_PRE_DEFINED_COLOUR('white');
#10150 = OVER_RIDING_STYLED_ITEM('overriding color',(#10151),#65,#10132
  );
#10151 = PRESENTATION_STYLE_ASSIGNMENT((#10152));
#10152 = SURFACE_STYLE_USAGE(.BOTH.,#10153);
#10153 = SURFACE_SIDE_STYLE('',(#10154));
#10154 = SURFACE_STYLE_FILL_AREA(#10155);
#10155 = FILL_AREA_STYLE('',(#10156));
#10156 = FILL_AREA_STYLE_COLOUR('',#10157);
#10157 = COLOUR_RGB('',0.223529416636,0.223529416636,0.223529416636);
#10158 = OVER_RIDING_STYLED_ITEM('overriding color',(#10159),#1481,
  #10132);
#10159 = PRESENTATION_STYLE_ASSIGNMENT((#10160));
#10160 = SURFACE_STYLE_USAGE(.BOTH.,#10161);
#10161 = SURFACE_SIDE_STYLE('',(#10162));
#10162 = SURFACE_STYLE_FILL_AREA(#10163);
#10163 = FILL_AREA_STYLE('',(#10164));
#10164 = FILL_AREA_STYLE_COLOUR('',#10157);
#10165 = OVER_RIDING_STYLED_ITEM('overriding color',(#10166),#1569,
  #10132);
#10166 = PRESENTATION_STYLE_ASSIGNMENT((#10167));
#10167 = SURFACE_STYLE_USAGE(.BOTH.,#10168);
#10168 = SURFACE_SIDE_STYLE('',(#10169));
#10169 = SURFACE_STYLE_FILL_AREA(#10170);
#10170 = FILL_AREA_STYLE('',(#10171));
#10171 = FILL_AREA_STYLE_COLOUR('',#10157);
#10172 = OVER_RIDING_STYLED_ITEM('overriding color',(#10173),#1657,
  #10132);
#10173 = PRESENTATION_STYLE_ASSIGNMENT((#10174));
#10174 = SURFACE_STYLE_USAGE(.BOTH.,#10175);
#10175 = SURFACE_SIDE_STYLE('',(#10176));
#10176 = SURFACE_STYLE_FILL_AREA(#10177);
#10177 = FILL_AREA_STYLE('',(#10178));
#10178 = FILL_AREA_STYLE_COLOUR('',#10157);
#10179 = OVER_RIDING_STYLED_ITEM('overriding color',(#10180),#2080,
  #10132);
#10180 = PRESENTATION_STYLE_ASSIGNMENT((#10181));
#10181 = SURFACE_STYLE_USAGE(.BOTH.,#10182);
#10182 = SURFACE_SIDE_STYLE('',(#10183));
#10183 = SURFACE_STYLE_FILL_AREA(#10184);
#10184 = FILL_AREA_STYLE('',(#10185));
#10185 = FILL_AREA_STYLE_COLOUR('',#10157);
#10186 = OVER_RIDING_STYLED_ITEM('overriding color',(#10187),#2172,
  #10132);
#10187 = PRESENTATION_STYLE_ASSIGNMENT((#10188));
#10188 = SURFACE_STYLE_USAGE(.BOTH.,#10189);
#10189 = SURFACE_SIDE_STYLE('',(#10190));
#10190 = SURFACE_STYLE_FILL_AREA(#10191);
#10191 = FILL_AREA_STYLE('',(#10192));
#10192 = FILL_AREA_STYLE_COLOUR('',#10157);
#10193 = OVER_RIDING_STYLED_ITEM('overriding color',(#10194),#2264,
  #10132);
#10194 = PRESENTATION_STYLE_ASSIGNMENT((#10195));
#10195 = SURFACE_STYLE_USAGE(.BOTH.,#10196);
#10196 = SURFACE_SIDE_STYLE('',(#10197));
#10197 = SURFACE_STYLE_FILL_AREA(#10198);
#10198 = FILL_AREA_STYLE('',(#10199));
#10199 = FILL_AREA_STYLE_COLOUR('',#10200);
#10200 = COLOUR_RGB('',0.537254897427,0.349019603632,0.337254907675);
#10201 = OVER_RIDING_STYLED_ITEM('overriding color',(#10202),#2292,
  #10132);
#10202 = PRESENTATION_STYLE_ASSIGNMENT((#10203));
#10203 = SURFACE_STYLE_USAGE(.BOTH.,#10204);
#10204 = SURFACE_SIDE_STYLE('',(#10205));
#10205 = SURFACE_STYLE_FILL_AREA(#10206);
#10206 = FILL_AREA_STYLE('',(#10207));
#10207 = FILL_AREA_STYLE_COLOUR('',#10200);
#10208 = OVER_RIDING_STYLED_ITEM('overriding color',(#10209),#2322,
  #10132);
#10209 = PRESENTATION_STYLE_ASSIGNMENT((#10210));
#10210 = SURFACE_STYLE_USAGE(.BOTH.,#10211);
#10211 = SURFACE_SIDE_STYLE('',(#10212));
#10212 = SURFACE_STYLE_FILL_AREA(#10213);
#10213 = FILL_AREA_STYLE('',(#10214));
#10214 = FILL_AREA_STYLE_COLOUR('',#10200);
#10215 = OVER_RIDING_STYLED_ITEM('overriding color',(#10216),#2352,
  #10132);
#10216 = PRESENTATION_STYLE_ASSIGNMENT((#10217));
#10217 = SURFACE_STYLE_USAGE(.BOTH.,#10218);
#10218 = SURFACE_SIDE_STYLE('',(#10219));
#10219 = SURFACE_STYLE_FILL_AREA(#10220);
#10220 = FILL_AREA_STYLE('',(#10221));
#10221 = FILL_AREA_STYLE_COLOUR('',#10200);
#10222 = OVER_RIDING_STYLED_ITEM('overriding color',(#10223),#2377,
  #10132);
#10223 = PRESENTATION_STYLE_ASSIGNMENT((#10224));
#10224 = SURFACE_STYLE_USAGE(.BOTH.,#10225);
#10225 = SURFACE_SIDE_STYLE('',(#10226));
#10226 = SURFACE_STYLE_FILL_AREA(#10227);
#10227 = FILL_AREA_STYLE('',(#10228));
#10228 = FILL_AREA_STYLE_COLOUR('',#10200);
#10229 = OVER_RIDING_STYLED_ITEM('overriding color',(#10230),#2393,
  #10132);
#10230 = PRESENTATION_STYLE_ASSIGNMENT((#10231));
#10231 = SURFACE_STYLE_USAGE(.BOTH.,#10232);
#10232 = SURFACE_SIDE_STYLE('',(#10233));
#10233 = SURFACE_STYLE_FILL_AREA(#10234);
#10234 = FILL_AREA_STYLE('',(#10235));
#10235 = FILL_AREA_STYLE_COLOUR('',#10200);
#10236 = OVER_RIDING_STYLED_ITEM('overriding color',(#10237),#2418,
  #10132);
#10237 = PRESENTATION_STYLE_ASSIGNMENT((#10238));
#10238 = SURFACE_STYLE_USAGE(.BOTH.,#10239);
#10239 = SURFACE_SIDE_STYLE('',(#10240));
#10240 = SURFACE_STYLE_FILL_AREA(#10241);
#10241 = FILL_AREA_STYLE('',(#10242));
#10242 = FILL_AREA_STYLE_COLOUR('',#10200);
#10243 = OVER_RIDING_STYLED_ITEM('overriding color',(#10244),#2434,
  #10132);
#10244 = PRESENTATION_STYLE_ASSIGNMENT((#10245));
#10245 = SURFACE_STYLE_USAGE(.BOTH.,#10246);
#10246 = SURFACE_SIDE_STYLE('',(#10247));
#10247 = SURFACE_STYLE_FILL_AREA(#10248);
#10248 = FILL_AREA_STYLE('',(#10249));
#10249 = FILL_AREA_STYLE_COLOUR('',#10200);
#10250 = OVER_RIDING_STYLED_ITEM('overriding color',(#10251),#2448,
  #10132);
#10251 = PRESENTATION_STYLE_ASSIGNMENT((#10252));
#10252 = SURFACE_STYLE_USAGE(.BOTH.,#10253);
#10253 = SURFACE_SIDE_STYLE('',(#10254));
#10254 = SURFACE_STYLE_FILL_AREA(#10255);
#10255 = FILL_AREA_STYLE('',(#10256));
#10256 = FILL_AREA_STYLE_COLOUR('',#10200);
#10257 = OVER_RIDING_STYLED_ITEM('overriding color',(#10258),#2476,
  #10132);
#10258 = PRESENTATION_STYLE_ASSIGNMENT((#10259));
#10259 = SURFACE_STYLE_USAGE(.BOTH.,#10260);
#10260 = SURFACE_SIDE_STYLE('',(#10261));
#10261 = SURFACE_STYLE_FILL_AREA(#10262);
#10262 = FILL_AREA_STYLE('',(#10263));
#10263 = FILL_AREA_STYLE_COLOUR('',#10200);
#10264 = OVER_RIDING_STYLED_ITEM('overriding color',(#10265),#2506,
  #10132);
#10265 = PRESENTATION_STYLE_ASSIGNMENT((#10266));
#10266 = SURFACE_STYLE_USAGE(.BOTH.,#10267);
#10267 = SURFACE_SIDE_STYLE('',(#10268));
#10268 = SURFACE_STYLE_FILL_AREA(#10269);
#10269 = FILL_AREA_STYLE('',(#10270));
#10270 = FILL_AREA_STYLE_COLOUR('',#10200);
#10271 = OVER_RIDING_STYLED_ITEM('overriding color',(#10272),#2536,
  #10132);
#10272 = PRESENTATION_STYLE_ASSIGNMENT((#10273));
#10273 = SURFACE_STYLE_USAGE(.BOTH.,#10274);
#10274 = SURFACE_SIDE_STYLE('',(#10275));
#10275 = SURFACE_STYLE_FILL_AREA(#10276);
#10276 = FILL_AREA_STYLE('',(#10277));
#10277 = FILL_AREA_STYLE_COLOUR('',#10200);
#10278 = OVER_RIDING_STYLED_ITEM('overriding color',(#10279),#2561,
  #10132);
#10279 = PRESENTATION_STYLE_ASSIGNMENT((#10280));
#10280 = SURFACE_STYLE_USAGE(.BOTH.,#10281);
#10281 = SURFACE_SIDE_STYLE('',(#10282));
#10282 = SURFACE_STYLE_FILL_AREA(#10283);
#10283 = FILL_AREA_STYLE('',(#10284));
#10284 = FILL_AREA_STYLE_COLOUR('',#10200);
#10285 = OVER_RIDING_STYLED_ITEM('overriding color',(#10286),#2577,
  #10132);
#10286 = PRESENTATION_STYLE_ASSIGNMENT((#10287));
#10287 = SURFACE_STYLE_USAGE(.BOTH.,#10288);
#10288 = SURFACE_SIDE_STYLE('',(#10289));
#10289 = SURFACE_STYLE_FILL_AREA(#10290);
#10290 = FILL_AREA_STYLE('',(#10291));
#10291 = FILL_AREA_STYLE_COLOUR('',#10200);
#10292 = OVER_RIDING_STYLED_ITEM('overriding color',(#10293),#2602,
  #10132);
#10293 = PRESENTATION_STYLE_ASSIGNMENT((#10294));
#10294 = SURFACE_STYLE_USAGE(.BOTH.,#10295);
#10295 = SURFACE_SIDE_STYLE('',(#10296));
#10296 = SURFACE_STYLE_FILL_AREA(#10297);
#10297 = FILL_AREA_STYLE('',(#10298));
#10298 = FILL_AREA_STYLE_COLOUR('',#10200);
#10299 = OVER_RIDING_STYLED_ITEM('overriding color',(#10300),#2618,
  #10132);
#10300 = PRESENTATION_STYLE_ASSIGNMENT((#10301));
#10301 = SURFACE_STYLE_USAGE(.BOTH.,#10302);
#10302 = SURFACE_SIDE_STYLE('',(#10303));
#10303 = SURFACE_STYLE_FILL_AREA(#10304);
#10304 = FILL_AREA_STYLE('',(#10305));
#10305 = FILL_AREA_STYLE_COLOUR('',#10200);
#10306 = OVER_RIDING_STYLED_ITEM('overriding color',(#10307),#2632,
  #10132);
#10307 = PRESENTATION_STYLE_ASSIGNMENT((#10308));
#10308 = SURFACE_STYLE_USAGE(.BOTH.,#10309);
#10309 = SURFACE_SIDE_STYLE('',(#10310));
#10310 = SURFACE_STYLE_FILL_AREA(#10311);
#10311 = FILL_AREA_STYLE('',(#10312));
#10312 = FILL_AREA_STYLE_COLOUR('',#10200);
#10313 = OVER_RIDING_STYLED_ITEM('overriding color',(#10314),#2660,
  #10132);
#10314 = PRESENTATION_STYLE_ASSIGNMENT((#10315));
#10315 = SURFACE_STYLE_USAGE(.BOTH.,#10316);
#10316 = SURFACE_SIDE_STYLE('',(#10317));
#10317 = SURFACE_STYLE_FILL_AREA(#10318);
#10318 = FILL_AREA_STYLE('',(#10319));
#10319 = FILL_AREA_STYLE_COLOUR('',#10200);
#10320 = OVER_RIDING_STYLED_ITEM('overriding color',(#10321),#2690,
  #10132);
#10321 = PRESENTATION_STYLE_ASSIGNMENT((#10322));
#10322 = SURFACE_STYLE_USAGE(.BOTH.,#10323);
#10323 = SURFACE_SIDE_STYLE('',(#10324));
#10324 = SURFACE_STYLE_FILL_AREA(#10325);
#10325 = FILL_AREA_STYLE('',(#10326));
#10326 = FILL_AREA_STYLE_COLOUR('',#10200);
#10327 = OVER_RIDING_STYLED_ITEM('overriding color',(#10328),#2720,
  #10132);
#10328 = PRESENTATION_STYLE_ASSIGNMENT((#10329));
#10329 = SURFACE_STYLE_USAGE(.BOTH.,#10330);
#10330 = SURFACE_SIDE_STYLE('',(#10331));
#10331 = SURFACE_STYLE_FILL_AREA(#10332);
#10332 = FILL_AREA_STYLE('',(#10333));
#10333 = FILL_AREA_STYLE_COLOUR('',#10200);
#10334 = OVER_RIDING_STYLED_ITEM('overriding color',(#10335),#2745,
  #10132);
#10335 = PRESENTATION_STYLE_ASSIGNMENT((#10336));
#10336 = SURFACE_STYLE_USAGE(.BOTH.,#10337);
#10337 = SURFACE_SIDE_STYLE('',(#10338));
#10338 = SURFACE_STYLE_FILL_AREA(#10339);
#10339 = FILL_AREA_STYLE('',(#10340));
#10340 = FILL_AREA_STYLE_COLOUR('',#10200);
#10341 = OVER_RIDING_STYLED_ITEM('overriding color',(#10342),#2761,
  #10132);
#10342 = PRESENTATION_STYLE_ASSIGNMENT((#10343));
#10343 = SURFACE_STYLE_USAGE(.BOTH.,#10344);
#10344 = SURFACE_SIDE_STYLE('',(#10345));
#10345 = SURFACE_STYLE_FILL_AREA(#10346);
#10346 = FILL_AREA_STYLE('',(#10347));
#10347 = FILL_AREA_STYLE_COLOUR('',#10200);
#10348 = OVER_RIDING_STYLED_ITEM('overriding color',(#10349),#2786,
  #10132);
#10349 = PRESENTATION_STYLE_ASSIGNMENT((#10350));
#10350 = SURFACE_STYLE_USAGE(.BOTH.,#10351);
#10351 = SURFACE_SIDE_STYLE('',(#10352));
#10352 = SURFACE_STYLE_FILL_AREA(#10353);
#10353 = FILL_AREA_STYLE('',(#10354));
#10354 = FILL_AREA_STYLE_COLOUR('',#10200);
#10355 = OVER_RIDING_STYLED_ITEM('overriding color',(#10356),#2802,
  #10132);
#10356 = PRESENTATION_STYLE_ASSIGNMENT((#10357));
#10357 = SURFACE_STYLE_USAGE(.BOTH.,#10358);
#10358 = SURFACE_SIDE_STYLE('',(#10359));
#10359 = SURFACE_STYLE_FILL_AREA(#10360);
#10360 = FILL_AREA_STYLE('',(#10361));
#10361 = FILL_AREA_STYLE_COLOUR('',#10200);
#10362 = OVER_RIDING_STYLED_ITEM('overriding color',(#10363),#2816,
  #10132);
#10363 = PRESENTATION_STYLE_ASSIGNMENT((#10364));
#10364 = SURFACE_STYLE_USAGE(.BOTH.,#10365);
#10365 = SURFACE_SIDE_STYLE('',(#10366));
#10366 = SURFACE_STYLE_FILL_AREA(#10367);
#10367 = FILL_AREA_STYLE('',(#10368));
#10368 = FILL_AREA_STYLE_COLOUR('',#10200);
#10369 = OVER_RIDING_STYLED_ITEM('overriding color',(#10370),#2844,
  #10132);
#10370 = PRESENTATION_STYLE_ASSIGNMENT((#10371));
#10371 = SURFACE_STYLE_USAGE(.BOTH.,#10372);
#10372 = SURFACE_SIDE_STYLE('',(#10373));
#10373 = SURFACE_STYLE_FILL_AREA(#10374);
#10374 = FILL_AREA_STYLE('',(#10375));
#10375 = FILL_AREA_STYLE_COLOUR('',#10200);
#10376 = OVER_RIDING_STYLED_ITEM('overriding color',(#10377),#2874,
  #10132);
#10377 = PRESENTATION_STYLE_ASSIGNMENT((#10378));
#10378 = SURFACE_STYLE_USAGE(.BOTH.,#10379);
#10379 = SURFACE_SIDE_STYLE('',(#10380));
#10380 = SURFACE_STYLE_FILL_AREA(#10381);
#10381 = FILL_AREA_STYLE('',(#10382));
#10382 = FILL_AREA_STYLE_COLOUR('',#10200);
#10383 = OVER_RIDING_STYLED_ITEM('overriding color',(#10384),#2904,
  #10132);
#10384 = PRESENTATION_STYLE_ASSIGNMENT((#10385));
#10385 = SURFACE_STYLE_USAGE(.BOTH.,#10386);
#10386 = SURFACE_SIDE_STYLE('',(#10387));
#10387 = SURFACE_STYLE_FILL_AREA(#10388);
#10388 = FILL_AREA_STYLE('',(#10389));
#10389 = FILL_AREA_STYLE_COLOUR('',#10200);
#10390 = OVER_RIDING_STYLED_ITEM('overriding color',(#10391),#2929,
  #10132);
#10391 = PRESENTATION_STYLE_ASSIGNMENT((#10392));
#10392 = SURFACE_STYLE_USAGE(.BOTH.,#10393);
#10393 = SURFACE_SIDE_STYLE('',(#10394));
#10394 = SURFACE_STYLE_FILL_AREA(#10395);
#10395 = FILL_AREA_STYLE('',(#10396));
#10396 = FILL_AREA_STYLE_COLOUR('',#10200);
#10397 = OVER_RIDING_STYLED_ITEM('overriding color',(#10398),#2945,
  #10132);
#10398 = PRESENTATION_STYLE_ASSIGNMENT((#10399));
#10399 = SURFACE_STYLE_USAGE(.BOTH.,#10400);
#10400 = SURFACE_SIDE_STYLE('',(#10401));
#10401 = SURFACE_STYLE_FILL_AREA(#10402);
#10402 = FILL_AREA_STYLE('',(#10403));
#10403 = FILL_AREA_STYLE_COLOUR('',#10200);
#10404 = OVER_RIDING_STYLED_ITEM('overriding color',(#10405),#2970,
  #10132);
#10405 = PRESENTATION_STYLE_ASSIGNMENT((#10406));
#10406 = SURFACE_STYLE_USAGE(.BOTH.,#10407);
#10407 = SURFACE_SIDE_STYLE('',(#10408));
#10408 = SURFACE_STYLE_FILL_AREA(#10409);
#10409 = FILL_AREA_STYLE('',(#10410));
#10410 = FILL_AREA_STYLE_COLOUR('',#10200);
#10411 = OVER_RIDING_STYLED_ITEM('overriding color',(#10412),#2986,
  #10132);
#10412 = PRESENTATION_STYLE_ASSIGNMENT((#10413));
#10413 = SURFACE_STYLE_USAGE(.BOTH.,#10414);
#10414 = SURFACE_SIDE_STYLE('',(#10415));
#10415 = SURFACE_STYLE_FILL_AREA(#10416);
#10416 = FILL_AREA_STYLE('',(#10417));
#10417 = FILL_AREA_STYLE_COLOUR('',#10200);
#10418 = OVER_RIDING_STYLED_ITEM('overriding color',(#10419),#3000,
  #10132);
#10419 = PRESENTATION_STYLE_ASSIGNMENT((#10420));
#10420 = SURFACE_STYLE_USAGE(.BOTH.,#10421);
#10421 = SURFACE_SIDE_STYLE('',(#10422));
#10422 = SURFACE_STYLE_FILL_AREA(#10423);
#10423 = FILL_AREA_STYLE('',(#10424));
#10424 = FILL_AREA_STYLE_COLOUR('',#10200);
#10425 = OVER_RIDING_STYLED_ITEM('overriding color',(#10426),#3028,
  #10132);
#10426 = PRESENTATION_STYLE_ASSIGNMENT((#10427));
#10427 = SURFACE_STYLE_USAGE(.BOTH.,#10428);
#10428 = SURFACE_SIDE_STYLE('',(#10429));
#10429 = SURFACE_STYLE_FILL_AREA(#10430);
#10430 = FILL_AREA_STYLE('',(#10431));
#10431 = FILL_AREA_STYLE_COLOUR('',#10200);
#10432 = OVER_RIDING_STYLED_ITEM('overriding color',(#10433),#3058,
  #10132);
#10433 = PRESENTATION_STYLE_ASSIGNMENT((#10434));
#10434 = SURFACE_STYLE_USAGE(.BOTH.,#10435);
#10435 = SURFACE_SIDE_STYLE('',(#10436));
#10436 = SURFACE_STYLE_FILL_AREA(#10437);
#10437 = FILL_AREA_STYLE('',(#10438));
#10438 = FILL_AREA_STYLE_COLOUR('',#10200);
#10439 = OVER_RIDING_STYLED_ITEM('overriding color',(#10440),#3088,
  #10132);
#10440 = PRESENTATION_STYLE_ASSIGNMENT((#10441));
#10441 = SURFACE_STYLE_USAGE(.BOTH.,#10442);
#10442 = SURFACE_SIDE_STYLE('',(#10443));
#10443 = SURFACE_STYLE_FILL_AREA(#10444);
#10444 = FILL_AREA_STYLE('',(#10445));
#10445 = FILL_AREA_STYLE_COLOUR('',#10200);
#10446 = OVER_RIDING_STYLED_ITEM('overriding color',(#10447),#3113,
  #10132);
#10447 = PRESENTATION_STYLE_ASSIGNMENT((#10448));
#10448 = SURFACE_STYLE_USAGE(.BOTH.,#10449);
#10449 = SURFACE_SIDE_STYLE('',(#10450));
#10450 = SURFACE_STYLE_FILL_AREA(#10451);
#10451 = FILL_AREA_STYLE('',(#10452));
#10452 = FILL_AREA_STYLE_COLOUR('',#10200);
#10453 = OVER_RIDING_STYLED_ITEM('overriding color',(#10454),#3129,
  #10132);
#10454 = PRESENTATION_STYLE_ASSIGNMENT((#10455));
#10455 = SURFACE_STYLE_USAGE(.BOTH.,#10456);
#10456 = SURFACE_SIDE_STYLE('',(#10457));
#10457 = SURFACE_STYLE_FILL_AREA(#10458);
#10458 = FILL_AREA_STYLE('',(#10459));
#10459 = FILL_AREA_STYLE_COLOUR('',#10200);
#10460 = OVER_RIDING_STYLED_ITEM('overriding color',(#10461),#3154,
  #10132);
#10461 = PRESENTATION_STYLE_ASSIGNMENT((#10462));
#10462 = SURFACE_STYLE_USAGE(.BOTH.,#10463);
#10463 = SURFACE_SIDE_STYLE('',(#10464));
#10464 = SURFACE_STYLE_FILL_AREA(#10465);
#10465 = FILL_AREA_STYLE('',(#10466));
#10466 = FILL_AREA_STYLE_COLOUR('',#10200);
#10467 = OVER_RIDING_STYLED_ITEM('overriding color',(#10468),#3170,
  #10132);
#10468 = PRESENTATION_STYLE_ASSIGNMENT((#10469));
#10469 = SURFACE_STYLE_USAGE(.BOTH.,#10470);
#10470 = SURFACE_SIDE_STYLE('',(#10471));
#10471 = SURFACE_STYLE_FILL_AREA(#10472);
#10472 = FILL_AREA_STYLE('',(#10473));
#10473 = FILL_AREA_STYLE_COLOUR('',#10200);
#10474 = OVER_RIDING_STYLED_ITEM('overriding color',(#10475),#3184,
  #10132);
#10475 = PRESENTATION_STYLE_ASSIGNMENT((#10476));
#10476 = SURFACE_STYLE_USAGE(.BOTH.,#10477);
#10477 = SURFACE_SIDE_STYLE('',(#10478));
#10478 = SURFACE_STYLE_FILL_AREA(#10479);
#10479 = FILL_AREA_STYLE('',(#10480));
#10480 = FILL_AREA_STYLE_COLOUR('',#10200);
#10481 = OVER_RIDING_STYLED_ITEM('overriding color',(#10482),#3212,
  #10132);
#10482 = PRESENTATION_STYLE_ASSIGNMENT((#10483));
#10483 = SURFACE_STYLE_USAGE(.BOTH.,#10484);
#10484 = SURFACE_SIDE_STYLE('',(#10485));
#10485 = SURFACE_STYLE_FILL_AREA(#10486);
#10486 = FILL_AREA_STYLE('',(#10487));
#10487 = FILL_AREA_STYLE_COLOUR('',#10200);
#10488 = OVER_RIDING_STYLED_ITEM('overriding color',(#10489),#3242,
  #10132);
#10489 = PRESENTATION_STYLE_ASSIGNMENT((#10490));
#10490 = SURFACE_STYLE_USAGE(.BOTH.,#10491);
#10491 = SURFACE_SIDE_STYLE('',(#10492));
#10492 = SURFACE_STYLE_FILL_AREA(#10493);
#10493 = FILL_AREA_STYLE('',(#10494));
#10494 = FILL_AREA_STYLE_COLOUR('',#10200);
#10495 = OVER_RIDING_STYLED_ITEM('overriding color',(#10496),#3272,
  #10132);
#10496 = PRESENTATION_STYLE_ASSIGNMENT((#10497));
#10497 = SURFACE_STYLE_USAGE(.BOTH.,#10498);
#10498 = SURFACE_SIDE_STYLE('',(#10499));
#10499 = SURFACE_STYLE_FILL_AREA(#10500);
#10500 = FILL_AREA_STYLE('',(#10501));
#10501 = FILL_AREA_STYLE_COLOUR('',#10200);
#10502 = OVER_RIDING_STYLED_ITEM('overriding color',(#10503),#3297,
  #10132);
#10503 = PRESENTATION_STYLE_ASSIGNMENT((#10504));
#10504 = SURFACE_STYLE_USAGE(.BOTH.,#10505);
#10505 = SURFACE_SIDE_STYLE('',(#10506));
#10506 = SURFACE_STYLE_FILL_AREA(#10507);
#10507 = FILL_AREA_STYLE('',(#10508));
#10508 = FILL_AREA_STYLE_COLOUR('',#10200);
#10509 = OVER_RIDING_STYLED_ITEM('overriding color',(#10510),#3313,
  #10132);
#10510 = PRESENTATION_STYLE_ASSIGNMENT((#10511));
#10511 = SURFACE_STYLE_USAGE(.BOTH.,#10512);
#10512 = SURFACE_SIDE_STYLE('',(#10513));
#10513 = SURFACE_STYLE_FILL_AREA(#10514);
#10514 = FILL_AREA_STYLE('',(#10515));
#10515 = FILL_AREA_STYLE_COLOUR('',#10200);
#10516 = OVER_RIDING_STYLED_ITEM('overriding color',(#10517),#3338,
  #10132);
#10517 = PRESENTATION_STYLE_ASSIGNMENT((#10518));
#10518 = SURFACE_STYLE_USAGE(.BOTH.,#10519);
#10519 = SURFACE_SIDE_STYLE('',(#10520));
#10520 = SURFACE_STYLE_FILL_AREA(#10521);
#10521 = FILL_AREA_STYLE('',(#10522));
#10522 = FILL_AREA_STYLE_COLOUR('',#10200);
#10523 = OVER_RIDING_STYLED_ITEM('overriding color',(#10524),#3354,
  #10132);
#10524 = PRESENTATION_STYLE_ASSIGNMENT((#10525));
#10525 = SURFACE_STYLE_USAGE(.BOTH.,#10526);
#10526 = SURFACE_SIDE_STYLE('',(#10527));
#10527 = SURFACE_STYLE_FILL_AREA(#10528);
#10528 = FILL_AREA_STYLE('',(#10529));
#10529 = FILL_AREA_STYLE_COLOUR('',#10200);
#10530 = OVER_RIDING_STYLED_ITEM('overriding color',(#10531),#3368,
  #10132);
#10531 = PRESENTATION_STYLE_ASSIGNMENT((#10532));
#10532 = SURFACE_STYLE_USAGE(.BOTH.,#10533);
#10533 = SURFACE_SIDE_STYLE('',(#10534));
#10534 = SURFACE_STYLE_FILL_AREA(#10535);
#10535 = FILL_AREA_STYLE('',(#10536));
#10536 = FILL_AREA_STYLE_COLOUR('',#10200);
#10537 = OVER_RIDING_STYLED_ITEM('overriding color',(#10538),#3396,
  #10132);
#10538 = PRESENTATION_STYLE_ASSIGNMENT((#10539));
#10539 = SURFACE_STYLE_USAGE(.BOTH.,#10540);
#10540 = SURFACE_SIDE_STYLE('',(#10541));
#10541 = SURFACE_STYLE_FILL_AREA(#10542);
#10542 = FILL_AREA_STYLE('',(#10543));
#10543 = FILL_AREA_STYLE_COLOUR('',#10200);
#10544 = OVER_RIDING_STYLED_ITEM('overriding color',(#10545),#3426,
  #10132);
#10545 = PRESENTATION_STYLE_ASSIGNMENT((#10546));
#10546 = SURFACE_STYLE_USAGE(.BOTH.,#10547);
#10547 = SURFACE_SIDE_STYLE('',(#10548));
#10548 = SURFACE_STYLE_FILL_AREA(#10549);
#10549 = FILL_AREA_STYLE('',(#10550));
#10550 = FILL_AREA_STYLE_COLOUR('',#10200);
#10551 = OVER_RIDING_STYLED_ITEM('overriding color',(#10552),#3456,
  #10132);
#10552 = PRESENTATION_STYLE_ASSIGNMENT((#10553));
#10553 = SURFACE_STYLE_USAGE(.BOTH.,#10554);
#10554 = SURFACE_SIDE_STYLE('',(#10555));
#10555 = SURFACE_STYLE_FILL_AREA(#10556);
#10556 = FILL_AREA_STYLE('',(#10557));
#10557 = FILL_AREA_STYLE_COLOUR('',#10200);
#10558 = OVER_RIDING_STYLED_ITEM('overriding color',(#10559),#3481,
  #10132);
#10559 = PRESENTATION_STYLE_ASSIGNMENT((#10560));
#10560 = SURFACE_STYLE_USAGE(.BOTH.,#10561);
#10561 = SURFACE_SIDE_STYLE('',(#10562));
#10562 = SURFACE_STYLE_FILL_AREA(#10563);
#10563 = FILL_AREA_STYLE('',(#10564));
#10564 = FILL_AREA_STYLE_COLOUR('',#10200);
#10565 = OVER_RIDING_STYLED_ITEM('overriding color',(#10566),#3497,
  #10132);
#10566 = PRESENTATION_STYLE_ASSIGNMENT((#10567));
#10567 = SURFACE_STYLE_USAGE(.BOTH.,#10568);
#10568 = SURFACE_SIDE_STYLE('',(#10569));
#10569 = SURFACE_STYLE_FILL_AREA(#10570);
#10570 = FILL_AREA_STYLE('',(#10571));
#10571 = FILL_AREA_STYLE_COLOUR('',#10200);
#10572 = OVER_RIDING_STYLED_ITEM('overriding color',(#10573),#3522,
  #10132);
#10573 = PRESENTATION_STYLE_ASSIGNMENT((#10574));
#10574 = SURFACE_STYLE_USAGE(.BOTH.,#10575);
#10575 = SURFACE_SIDE_STYLE('',(#10576));
#10576 = SURFACE_STYLE_FILL_AREA(#10577);
#10577 = FILL_AREA_STYLE('',(#10578));
#10578 = FILL_AREA_STYLE_COLOUR('',#10200);
#10579 = OVER_RIDING_STYLED_ITEM('overriding color',(#10580),#3538,
  #10132);
#10580 = PRESENTATION_STYLE_ASSIGNMENT((#10581));
#10581 = SURFACE_STYLE_USAGE(.BOTH.,#10582);
#10582 = SURFACE_SIDE_STYLE('',(#10583));
#10583 = SURFACE_STYLE_FILL_AREA(#10584);
#10584 = FILL_AREA_STYLE('',(#10585));
#10585 = FILL_AREA_STYLE_COLOUR('',#10200);
#10586 = OVER_RIDING_STYLED_ITEM('overriding color',(#10587),#3552,
  #10132);
#10587 = PRESENTATION_STYLE_ASSIGNMENT((#10588));
#10588 = SURFACE_STYLE_USAGE(.BOTH.,#10589);
#10589 = SURFACE_SIDE_STYLE('',(#10590));
#10590 = SURFACE_STYLE_FILL_AREA(#10591);
#10591 = FILL_AREA_STYLE('',(#10592));
#10592 = FILL_AREA_STYLE_COLOUR('',#10200);
#10593 = OVER_RIDING_STYLED_ITEM('overriding color',(#10594),#3580,
  #10132);
#10594 = PRESENTATION_STYLE_ASSIGNMENT((#10595));
#10595 = SURFACE_STYLE_USAGE(.BOTH.,#10596);
#10596 = SURFACE_SIDE_STYLE('',(#10597));
#10597 = SURFACE_STYLE_FILL_AREA(#10598);
#10598 = FILL_AREA_STYLE('',(#10599));
#10599 = FILL_AREA_STYLE_COLOUR('',#10200);
#10600 = OVER_RIDING_STYLED_ITEM('overriding color',(#10601),#3602,
  #10132);
#10601 = PRESENTATION_STYLE_ASSIGNMENT((#10602));
#10602 = SURFACE_STYLE_USAGE(.BOTH.,#10603);
#10603 = SURFACE_SIDE_STYLE('',(#10604));
#10604 = SURFACE_STYLE_FILL_AREA(#10605);
#10605 = FILL_AREA_STYLE('',(#10606));
#10606 = FILL_AREA_STYLE_COLOUR('',#10200);
#10607 = OVER_RIDING_STYLED_ITEM('overriding color',(#10608),#3624,
  #10132);
#10608 = PRESENTATION_STYLE_ASSIGNMENT((#10609));
#10609 = SURFACE_STYLE_USAGE(.BOTH.,#10610);
#10610 = SURFACE_SIDE_STYLE('',(#10611));
#10611 = SURFACE_STYLE_FILL_AREA(#10612);
#10612 = FILL_AREA_STYLE('',(#10613));
#10613 = FILL_AREA_STYLE_COLOUR('',#10200);
#10614 = OVER_RIDING_STYLED_ITEM('overriding color',(#10615),#3640,
  #10132);
#10615 = PRESENTATION_STYLE_ASSIGNMENT((#10616));
#10616 = SURFACE_STYLE_USAGE(.BOTH.,#10617);
#10617 = SURFACE_SIDE_STYLE('',(#10618));
#10618 = SURFACE_STYLE_FILL_AREA(#10619);
#10619 = FILL_AREA_STYLE('',(#10620));
#10620 = FILL_AREA_STYLE_COLOUR('',#10200);
#10621 = OVER_RIDING_STYLED_ITEM('overriding color',(#10622),#3652,
  #10132);
#10622 = PRESENTATION_STYLE_ASSIGNMENT((#10623));
#10623 = SURFACE_STYLE_USAGE(.BOTH.,#10624);
#10624 = SURFACE_SIDE_STYLE('',(#10625));
#10625 = SURFACE_STYLE_FILL_AREA(#10626);
#10626 = FILL_AREA_STYLE('',(#10627));
#10627 = FILL_AREA_STYLE_COLOUR('',#10200);
#10628 = OVER_RIDING_STYLED_ITEM('overriding color',(#10629),#3680,
  #10132);
#10629 = PRESENTATION_STYLE_ASSIGNMENT((#10630));
#10630 = SURFACE_STYLE_USAGE(.BOTH.,#10631);
#10631 = SURFACE_SIDE_STYLE('',(#10632));
#10632 = SURFACE_STYLE_FILL_AREA(#10633);
#10633 = FILL_AREA_STYLE('',(#10634));
#10634 = FILL_AREA_STYLE_COLOUR('',#10200);
#10635 = OVER_RIDING_STYLED_ITEM('overriding color',(#10636),#3702,
  #10132);
#10636 = PRESENTATION_STYLE_ASSIGNMENT((#10637));
#10637 = SURFACE_STYLE_USAGE(.BOTH.,#10638);
#10638 = SURFACE_SIDE_STYLE('',(#10639));
#10639 = SURFACE_STYLE_FILL_AREA(#10640);
#10640 = FILL_AREA_STYLE('',(#10641));
#10641 = FILL_AREA_STYLE_COLOUR('',#10200);
#10642 = OVER_RIDING_STYLED_ITEM('overriding color',(#10643),#3724,
  #10132);
#10643 = PRESENTATION_STYLE_ASSIGNMENT((#10644));
#10644 = SURFACE_STYLE_USAGE(.BOTH.,#10645);
#10645 = SURFACE_SIDE_STYLE('',(#10646));
#10646 = SURFACE_STYLE_FILL_AREA(#10647);
#10647 = FILL_AREA_STYLE('',(#10648));
#10648 = FILL_AREA_STYLE_COLOUR('',#10200);
#10649 = OVER_RIDING_STYLED_ITEM('overriding color',(#10650),#3746,
  #10132);
#10650 = PRESENTATION_STYLE_ASSIGNMENT((#10651));
#10651 = SURFACE_STYLE_USAGE(.BOTH.,#10652);
#10652 = SURFACE_SIDE_STYLE('',(#10653));
#10653 = SURFACE_STYLE_FILL_AREA(#10654);
#10654 = FILL_AREA_STYLE('',(#10655));
#10655 = FILL_AREA_STYLE_COLOUR('',#10200);
#10656 = OVER_RIDING_STYLED_ITEM('overriding color',(#10657),#3762,
  #10132);
#10657 = PRESENTATION_STYLE_ASSIGNMENT((#10658));
#10658 = SURFACE_STYLE_USAGE(.BOTH.,#10659);
#10659 = SURFACE_SIDE_STYLE('',(#10660));
#10660 = SURFACE_STYLE_FILL_AREA(#10661);
#10661 = FILL_AREA_STYLE('',(#10662));
#10662 = FILL_AREA_STYLE_COLOUR('',#10200);
#10663 = OVER_RIDING_STYLED_ITEM('overriding color',(#10664),#3775,
  #10132);
#10664 = PRESENTATION_STYLE_ASSIGNMENT((#10665));
#10665 = SURFACE_STYLE_USAGE(.BOTH.,#10666);
#10666 = SURFACE_SIDE_STYLE('',(#10667));
#10667 = SURFACE_STYLE_FILL_AREA(#10668);
#10668 = FILL_AREA_STYLE('',(#10669));
#10669 = FILL_AREA_STYLE_COLOUR('',#10200);
#10670 = OVER_RIDING_STYLED_ITEM('overriding color',(#10671),#3803,
  #10132);
#10671 = PRESENTATION_STYLE_ASSIGNMENT((#10672));
#10672 = SURFACE_STYLE_USAGE(.BOTH.,#10673);
#10673 = SURFACE_SIDE_STYLE('',(#10674));
#10674 = SURFACE_STYLE_FILL_AREA(#10675);
#10675 = FILL_AREA_STYLE('',(#10676));
#10676 = FILL_AREA_STYLE_COLOUR('',#10200);
#10677 = OVER_RIDING_STYLED_ITEM('overriding color',(#10678),#3831,
  #10132);
#10678 = PRESENTATION_STYLE_ASSIGNMENT((#10679));
#10679 = SURFACE_STYLE_USAGE(.BOTH.,#10680);
#10680 = SURFACE_SIDE_STYLE('',(#10681));
#10681 = SURFACE_STYLE_FILL_AREA(#10682);
#10682 = FILL_AREA_STYLE('',(#10683));
#10683 = FILL_AREA_STYLE_COLOUR('',#10200);
#10684 = OVER_RIDING_STYLED_ITEM('overriding color',(#10685),#3855,
  #10132);
#10685 = PRESENTATION_STYLE_ASSIGNMENT((#10686));
#10686 = SURFACE_STYLE_USAGE(.BOTH.,#10687);
#10687 = SURFACE_SIDE_STYLE('',(#10688));
#10688 = SURFACE_STYLE_FILL_AREA(#10689);
#10689 = FILL_AREA_STYLE('',(#10690));
#10690 = FILL_AREA_STYLE_COLOUR('',#10200);
#10691 = OVER_RIDING_STYLED_ITEM('overriding color',(#10692),#3877,
  #10132);
#10692 = PRESENTATION_STYLE_ASSIGNMENT((#10693));
#10693 = SURFACE_STYLE_USAGE(.BOTH.,#10694);
#10694 = SURFACE_SIDE_STYLE('',(#10695));
#10695 = SURFACE_STYLE_FILL_AREA(#10696);
#10696 = FILL_AREA_STYLE('',(#10697));
#10697 = FILL_AREA_STYLE_COLOUR('',#10200);
#10698 = OVER_RIDING_STYLED_ITEM('overriding color',(#10699),#3895,
  #10132);
#10699 = PRESENTATION_STYLE_ASSIGNMENT((#10700));
#10700 = SURFACE_STYLE_USAGE(.BOTH.,#10701);
#10701 = SURFACE_SIDE_STYLE('',(#10702));
#10702 = SURFACE_STYLE_FILL_AREA(#10703);
#10703 = FILL_AREA_STYLE('',(#10704));
#10704 = FILL_AREA_STYLE_COLOUR('',#10200);
#10705 = OVER_RIDING_STYLED_ITEM('overriding color',(#10706),#3907,
  #10132);
#10706 = PRESENTATION_STYLE_ASSIGNMENT((#10707));
#10707 = SURFACE_STYLE_USAGE(.BOTH.,#10708);
#10708 = SURFACE_SIDE_STYLE('',(#10709));
#10709 = SURFACE_STYLE_FILL_AREA(#10710);
#10710 = FILL_AREA_STYLE('',(#10711));
#10711 = FILL_AREA_STYLE_COLOUR('',#10200);
#10712 = OVER_RIDING_STYLED_ITEM('overriding color',(#10713),#3935,
  #10132);
#10713 = PRESENTATION_STYLE_ASSIGNMENT((#10714));
#10714 = SURFACE_STYLE_USAGE(.BOTH.,#10715);
#10715 = SURFACE_SIDE_STYLE('',(#10716));
#10716 = SURFACE_STYLE_FILL_AREA(#10717);
#10717 = FILL_AREA_STYLE('',(#10718));
#10718 = FILL_AREA_STYLE_COLOUR('',#10200);
#10719 = OVER_RIDING_STYLED_ITEM('overriding color',(#10720),#3963,
  #10132);
#10720 = PRESENTATION_STYLE_ASSIGNMENT((#10721));
#10721 = SURFACE_STYLE_USAGE(.BOTH.,#10722);
#10722 = SURFACE_SIDE_STYLE('',(#10723));
#10723 = SURFACE_STYLE_FILL_AREA(#10724);
#10724 = FILL_AREA_STYLE('',(#10725));
#10725 = FILL_AREA_STYLE_COLOUR('',#10200);
#10726 = OVER_RIDING_STYLED_ITEM('overriding color',(#10727),#3979,
  #10132);
#10727 = PRESENTATION_STYLE_ASSIGNMENT((#10728));
#10728 = SURFACE_STYLE_USAGE(.BOTH.,#10729);
#10729 = SURFACE_SIDE_STYLE('',(#10730));
#10730 = SURFACE_STYLE_FILL_AREA(#10731);
#10731 = FILL_AREA_STYLE('',(#10732));
#10732 = FILL_AREA_STYLE_COLOUR('',#10200);
#10733 = OVER_RIDING_STYLED_ITEM('overriding color',(#10734),#3995,
  #10132);
#10734 = PRESENTATION_STYLE_ASSIGNMENT((#10735));
#10735 = SURFACE_STYLE_USAGE(.BOTH.,#10736);
#10736 = SURFACE_SIDE_STYLE('',(#10737));
#10737 = SURFACE_STYLE_FILL_AREA(#10738);
#10738 = FILL_AREA_STYLE('',(#10739));
#10739 = FILL_AREA_STYLE_COLOUR('',#10200);
#10740 = OVER_RIDING_STYLED_ITEM('overriding color',(#10741),#4007,
  #10132);
#10741 = PRESENTATION_STYLE_ASSIGNMENT((#10742));
#10742 = SURFACE_STYLE_USAGE(.BOTH.,#10743);
#10743 = SURFACE_SIDE_STYLE('',(#10744));
#10744 = SURFACE_STYLE_FILL_AREA(#10745);
#10745 = FILL_AREA_STYLE('',(#10746));
#10746 = FILL_AREA_STYLE_COLOUR('',#10200);
#10747 = OVER_RIDING_STYLED_ITEM('overriding color',(#10748),#4035,
  #10132);
#10748 = PRESENTATION_STYLE_ASSIGNMENT((#10749));
#10749 = SURFACE_STYLE_USAGE(.BOTH.,#10750);
#10750 = SURFACE_SIDE_STYLE('',(#10751));
#10751 = SURFACE_STYLE_FILL_AREA(#10752);
#10752 = FILL_AREA_STYLE('',(#10753));
#10753 = FILL_AREA_STYLE_COLOUR('',#10200);
#10754 = OVER_RIDING_STYLED_ITEM('overriding color',(#10755),#4063,
  #10132);
#10755 = PRESENTATION_STYLE_ASSIGNMENT((#10756));
#10756 = SURFACE_STYLE_USAGE(.BOTH.,#10757);
#10757 = SURFACE_SIDE_STYLE('',(#10758));
#10758 = SURFACE_STYLE_FILL_AREA(#10759);
#10759 = FILL_AREA_STYLE('',(#10760));
#10760 = FILL_AREA_STYLE_COLOUR('',#10200);
#10761 = OVER_RIDING_STYLED_ITEM('overriding color',(#10762),#4079,
  #10132);
#10762 = PRESENTATION_STYLE_ASSIGNMENT((#10763));
#10763 = SURFACE_STYLE_USAGE(.BOTH.,#10764);
#10764 = SURFACE_SIDE_STYLE('',(#10765));
#10765 = SURFACE_STYLE_FILL_AREA(#10766);
#10766 = FILL_AREA_STYLE('',(#10767));
#10767 = FILL_AREA_STYLE_COLOUR('',#10200);
#10768 = OVER_RIDING_STYLED_ITEM('overriding color',(#10769),#4095,
  #10132);
#10769 = PRESENTATION_STYLE_ASSIGNMENT((#10770));
#10770 = SURFACE_STYLE_USAGE(.BOTH.,#10771);
#10771 = SURFACE_SIDE_STYLE('',(#10772));
#10772 = SURFACE_STYLE_FILL_AREA(#10773);
#10773 = FILL_AREA_STYLE('',(#10774));
#10774 = FILL_AREA_STYLE_COLOUR('',#10200);
#10775 = OVER_RIDING_STYLED_ITEM('overriding color',(#10776),#4107,
  #10132);
#10776 = PRESENTATION_STYLE_ASSIGNMENT((#10777));
#10777 = SURFACE_STYLE_USAGE(.BOTH.,#10778);
#10778 = SURFACE_SIDE_STYLE('',(#10779));
#10779 = SURFACE_STYLE_FILL_AREA(#10780);
#10780 = FILL_AREA_STYLE('',(#10781));
#10781 = FILL_AREA_STYLE_COLOUR('',#10200);
#10782 = OVER_RIDING_STYLED_ITEM('overriding color',(#10783),#4135,
  #10132);
#10783 = PRESENTATION_STYLE_ASSIGNMENT((#10784));
#10784 = SURFACE_STYLE_USAGE(.BOTH.,#10785);
#10785 = SURFACE_SIDE_STYLE('',(#10786));
#10786 = SURFACE_STYLE_FILL_AREA(#10787);
#10787 = FILL_AREA_STYLE('',(#10788));
#10788 = FILL_AREA_STYLE_COLOUR('',#10200);
#10789 = OVER_RIDING_STYLED_ITEM('overriding color',(#10790),#4163,
  #10132);
#10790 = PRESENTATION_STYLE_ASSIGNMENT((#10791));
#10791 = SURFACE_STYLE_USAGE(.BOTH.,#10792);
#10792 = SURFACE_SIDE_STYLE('',(#10793));
#10793 = SURFACE_STYLE_FILL_AREA(#10794);
#10794 = FILL_AREA_STYLE('',(#10795));
#10795 = FILL_AREA_STYLE_COLOUR('',#10200);
#10796 = OVER_RIDING_STYLED_ITEM('overriding color',(#10797),#4179,
  #10132);
#10797 = PRESENTATION_STYLE_ASSIGNMENT((#10798));
#10798 = SURFACE_STYLE_USAGE(.BOTH.,#10799);
#10799 = SURFACE_SIDE_STYLE('',(#10800));
#10800 = SURFACE_STYLE_FILL_AREA(#10801);
#10801 = FILL_AREA_STYLE('',(#10802));
#10802 = FILL_AREA_STYLE_COLOUR('',#10200);
#10803 = OVER_RIDING_STYLED_ITEM('overriding color',(#10804),#4195,
  #10132);
#10804 = PRESENTATION_STYLE_ASSIGNMENT((#10805));
#10805 = SURFACE_STYLE_USAGE(.BOTH.,#10806);
#10806 = SURFACE_SIDE_STYLE('',(#10807));
#10807 = SURFACE_STYLE_FILL_AREA(#10808);
#10808 = FILL_AREA_STYLE('',(#10809));
#10809 = FILL_AREA_STYLE_COLOUR('',#10200);
#10810 = OVER_RIDING_STYLED_ITEM('overriding color',(#10811),#4207,
  #10132);
#10811 = PRESENTATION_STYLE_ASSIGNMENT((#10812));
#10812 = SURFACE_STYLE_USAGE(.BOTH.,#10813);
#10813 = SURFACE_SIDE_STYLE('',(#10814));
#10814 = SURFACE_STYLE_FILL_AREA(#10815);
#10815 = FILL_AREA_STYLE('',(#10816));
#10816 = FILL_AREA_STYLE_COLOUR('',#10200);
#10817 = OVER_RIDING_STYLED_ITEM('overriding color',(#10818),#4235,
  #10132);
#10818 = PRESENTATION_STYLE_ASSIGNMENT((#10819));
#10819 = SURFACE_STYLE_USAGE(.BOTH.,#10820);
#10820 = SURFACE_SIDE_STYLE('',(#10821));
#10821 = SURFACE_STYLE_FILL_AREA(#10822);
#10822 = FILL_AREA_STYLE('',(#10823));
#10823 = FILL_AREA_STYLE_COLOUR('',#10200);
#10824 = OVER_RIDING_STYLED_ITEM('overriding color',(#10825),#4263,
  #10132);
#10825 = PRESENTATION_STYLE_ASSIGNMENT((#10826));
#10826 = SURFACE_STYLE_USAGE(.BOTH.,#10827);
#10827 = SURFACE_SIDE_STYLE('',(#10828));
#10828 = SURFACE_STYLE_FILL_AREA(#10829);
#10829 = FILL_AREA_STYLE('',(#10830));
#10830 = FILL_AREA_STYLE_COLOUR('',#10200);
#10831 = OVER_RIDING_STYLED_ITEM('overriding color',(#10832),#4279,
  #10132);
#10832 = PRESENTATION_STYLE_ASSIGNMENT((#10833));
#10833 = SURFACE_STYLE_USAGE(.BOTH.,#10834);
#10834 = SURFACE_SIDE_STYLE('',(#10835));
#10835 = SURFACE_STYLE_FILL_AREA(#10836);
#10836 = FILL_AREA_STYLE('',(#10837));
#10837 = FILL_AREA_STYLE_COLOUR('',#10200);
#10838 = OVER_RIDING_STYLED_ITEM('overriding color',(#10839),#4295,
  #10132);
#10839 = PRESENTATION_STYLE_ASSIGNMENT((#10840));
#10840 = SURFACE_STYLE_USAGE(.BOTH.,#10841);
#10841 = SURFACE_SIDE_STYLE('',(#10842));
#10842 = SURFACE_STYLE_FILL_AREA(#10843);
#10843 = FILL_AREA_STYLE('',(#10844));
#10844 = FILL_AREA_STYLE_COLOUR('',#10200);
#10845 = OVER_RIDING_STYLED_ITEM('overriding color',(#10846),#4307,
  #10132);
#10846 = PRESENTATION_STYLE_ASSIGNMENT((#10847));
#10847 = SURFACE_STYLE_USAGE(.BOTH.,#10848);
#10848 = SURFACE_SIDE_STYLE('',(#10849));
#10849 = SURFACE_STYLE_FILL_AREA(#10850);
#10850 = FILL_AREA_STYLE('',(#10851));
#10851 = FILL_AREA_STYLE_COLOUR('',#10149);
#10852 = OVER_RIDING_STYLED_ITEM('overriding color',(#10853),#4335,
  #10132);
#10853 = PRESENTATION_STYLE_ASSIGNMENT((#10854));
#10854 = SURFACE_STYLE_USAGE(.BOTH.,#10855);
#10855 = SURFACE_SIDE_STYLE('',(#10856));
#10856 = SURFACE_STYLE_FILL_AREA(#10857);
#10857 = FILL_AREA_STYLE('',(#10858));
#10858 = FILL_AREA_STYLE_COLOUR('',#10149);
#10859 = OVER_RIDING_STYLED_ITEM('overriding color',(#10860),#4357,
  #10132);
#10860 = PRESENTATION_STYLE_ASSIGNMENT((#10861));
#10861 = SURFACE_STYLE_USAGE(.BOTH.,#10862);
#10862 = SURFACE_SIDE_STYLE('',(#10863));
#10863 = SURFACE_STYLE_FILL_AREA(#10864);
#10864 = FILL_AREA_STYLE('',(#10865));
#10865 = FILL_AREA_STYLE_COLOUR('',#10149);
#10866 = OVER_RIDING_STYLED_ITEM('overriding color',(#10867),#4379,
  #10132);
#10867 = PRESENTATION_STYLE_ASSIGNMENT((#10868));
#10868 = SURFACE_STYLE_USAGE(.BOTH.,#10869);
#10869 = SURFACE_SIDE_STYLE('',(#10870));
#10870 = SURFACE_STYLE_FILL_AREA(#10871);
#10871 = FILL_AREA_STYLE('',(#10872));
#10872 = FILL_AREA_STYLE_COLOUR('',#10149);
#10873 = OVER_RIDING_STYLED_ITEM('overriding color',(#10874),#4401,
  #10132);
#10874 = PRESENTATION_STYLE_ASSIGNMENT((#10875));
#10875 = SURFACE_STYLE_USAGE(.BOTH.,#10876);
#10876 = SURFACE_SIDE_STYLE('',(#10877));
#10877 = SURFACE_STYLE_FILL_AREA(#10878);
#10878 = FILL_AREA_STYLE('',(#10879));
#10879 = FILL_AREA_STYLE_COLOUR('',#10149);
#10880 = OVER_RIDING_STYLED_ITEM('overriding color',(#10881),#4423,
  #10132);
#10881 = PRESENTATION_STYLE_ASSIGNMENT((#10882));
#10882 = SURFACE_STYLE_USAGE(.BOTH.,#10883);
#10883 = SURFACE_SIDE_STYLE('',(#10884));
#10884 = SURFACE_STYLE_FILL_AREA(#10885);
#10885 = FILL_AREA_STYLE('',(#10886));
#10886 = FILL_AREA_STYLE_COLOUR('',#10149);
#10887 = OVER_RIDING_STYLED_ITEM('overriding color',(#10888),#4439,
  #10132);
#10888 = PRESENTATION_STYLE_ASSIGNMENT((#10889));
#10889 = SURFACE_STYLE_USAGE(.BOTH.,#10890);
#10890 = SURFACE_SIDE_STYLE('',(#10891));
#10891 = SURFACE_STYLE_FILL_AREA(#10892);
#10892 = FILL_AREA_STYLE('',(#10893));
#10893 = FILL_AREA_STYLE_COLOUR('',#10149);
#10894 = OVER_RIDING_STYLED_ITEM('overriding color',(#10895),#4453,
  #10132);
#10895 = PRESENTATION_STYLE_ASSIGNMENT((#10896));
#10896 = SURFACE_STYLE_USAGE(.BOTH.,#10897);
#10897 = SURFACE_SIDE_STYLE('',(#10898));
#10898 = SURFACE_STYLE_FILL_AREA(#10899);
#10899 = FILL_AREA_STYLE('',(#10900));
#10900 = FILL_AREA_STYLE_COLOUR('',#10149);
#10901 = OVER_RIDING_STYLED_ITEM('overriding color',(#10902),#4487,
  #10132);
#10902 = PRESENTATION_STYLE_ASSIGNMENT((#10903));
#10903 = SURFACE_STYLE_USAGE(.BOTH.,#10904);
#10904 = SURFACE_SIDE_STYLE('',(#10905));
#10905 = SURFACE_STYLE_FILL_AREA(#10906);
#10906 = FILL_AREA_STYLE('',(#10907));
#10907 = FILL_AREA_STYLE_COLOUR('',#10149);
#10908 = OVER_RIDING_STYLED_ITEM('overriding color',(#10909),#4509,
  #10132);
#10909 = PRESENTATION_STYLE_ASSIGNMENT((#10910));
#10910 = SURFACE_STYLE_USAGE(.BOTH.,#10911);
#10911 = SURFACE_SIDE_STYLE('',(#10912));
#10912 = SURFACE_STYLE_FILL_AREA(#10913);
#10913 = FILL_AREA_STYLE('',(#10914));
#10914 = FILL_AREA_STYLE_COLOUR('',#10149);
#10915 = OVER_RIDING_STYLED_ITEM('overriding color',(#10916),#4537,
  #10132);
#10916 = PRESENTATION_STYLE_ASSIGNMENT((#10917));
#10917 = SURFACE_STYLE_USAGE(.BOTH.,#10918);
#10918 = SURFACE_SIDE_STYLE('',(#10919));
#10919 = SURFACE_STYLE_FILL_AREA(#10920);
#10920 = FILL_AREA_STYLE('',(#10921));
#10921 = FILL_AREA_STYLE_COLOUR('',#10149);
#10922 = OVER_RIDING_STYLED_ITEM('overriding color',(#10923),#4565,
  #10132);
#10923 = PRESENTATION_STYLE_ASSIGNMENT((#10924));
#10924 = SURFACE_STYLE_USAGE(.BOTH.,#10925);
#10925 = SURFACE_SIDE_STYLE('',(#10926));
#10926 = SURFACE_STYLE_FILL_AREA(#10927);
#10927 = FILL_AREA_STYLE('',(#10928));
#10928 = FILL_AREA_STYLE_COLOUR('',#10149);
#10929 = OVER_RIDING_STYLED_ITEM('overriding color',(#10930),#4593,
  #10132);
#10930 = PRESENTATION_STYLE_ASSIGNMENT((#10931));
#10931 = SURFACE_STYLE_USAGE(.BOTH.,#10932);
#10932 = SURFACE_SIDE_STYLE('',(#10933));
#10933 = SURFACE_STYLE_FILL_AREA(#10934);
#10934 = FILL_AREA_STYLE('',(#10935));
#10935 = FILL_AREA_STYLE_COLOUR('',#10149);
#10936 = OVER_RIDING_STYLED_ITEM('overriding color',(#10937),#4621,
  #10132);
#10937 = PRESENTATION_STYLE_ASSIGNMENT((#10938));
#10938 = SURFACE_STYLE_USAGE(.BOTH.,#10939);
#10939 = SURFACE_SIDE_STYLE('',(#10940));
#10940 = SURFACE_STYLE_FILL_AREA(#10941);
#10941 = FILL_AREA_STYLE('',(#10942));
#10942 = FILL_AREA_STYLE_COLOUR('',#10149);
#10943 = OVER_RIDING_STYLED_ITEM('overriding color',(#10944),#4649,
  #10132);
#10944 = PRESENTATION_STYLE_ASSIGNMENT((#10945));
#10945 = SURFACE_STYLE_USAGE(.BOTH.,#10946);
#10946 = SURFACE_SIDE_STYLE('',(#10947));
#10947 = SURFACE_STYLE_FILL_AREA(#10948);
#10948 = FILL_AREA_STYLE('',(#10949));
#10949 = FILL_AREA_STYLE_COLOUR('',#10149);
#10950 = OVER_RIDING_STYLED_ITEM('overriding color',(#10951),#4677,
  #10132);
#10951 = PRESENTATION_STYLE_ASSIGNMENT((#10952));
#10952 = SURFACE_STYLE_USAGE(.BOTH.,#10953);
#10953 = SURFACE_SIDE_STYLE('',(#10954));
#10954 = SURFACE_STYLE_FILL_AREA(#10955);
#10955 = FILL_AREA_STYLE('',(#10956));
#10956 = FILL_AREA_STYLE_COLOUR('',#10149);
#10957 = OVER_RIDING_STYLED_ITEM('overriding color',(#10958),#4699,
  #10132);
#10958 = PRESENTATION_STYLE_ASSIGNMENT((#10959));
#10959 = SURFACE_STYLE_USAGE(.BOTH.,#10960);
#10960 = SURFACE_SIDE_STYLE('',(#10961));
#10961 = SURFACE_STYLE_FILL_AREA(#10962);
#10962 = FILL_AREA_STYLE('',(#10963));
#10963 = FILL_AREA_STYLE_COLOUR('',#10149);
#10964 = OVER_RIDING_STYLED_ITEM('overriding color',(#10965),#4727,
  #10132);
#10965 = PRESENTATION_STYLE_ASSIGNMENT((#10966));
#10966 = SURFACE_STYLE_USAGE(.BOTH.,#10967);
#10967 = SURFACE_SIDE_STYLE('',(#10968));
#10968 = SURFACE_STYLE_FILL_AREA(#10969);
#10969 = FILL_AREA_STYLE('',(#10970));
#10970 = FILL_AREA_STYLE_COLOUR('',#10149);
#10971 = OVER_RIDING_STYLED_ITEM('overriding color',(#10972),#4755,
  #10132);
#10972 = PRESENTATION_STYLE_ASSIGNMENT((#10973));
#10973 = SURFACE_STYLE_USAGE(.BOTH.,#10974);
#10974 = SURFACE_SIDE_STYLE('',(#10975));
#10975 = SURFACE_STYLE_FILL_AREA(#10976);
#10976 = FILL_AREA_STYLE('',(#10977));
#10977 = FILL_AREA_STYLE_COLOUR('',#10149);
#10978 = OVER_RIDING_STYLED_ITEM('overriding color',(#10979),#4783,
  #10132);
#10979 = PRESENTATION_STYLE_ASSIGNMENT((#10980));
#10980 = SURFACE_STYLE_USAGE(.BOTH.,#10981);
#10981 = SURFACE_SIDE_STYLE('',(#10982));
#10982 = SURFACE_STYLE_FILL_AREA(#10983);
#10983 = FILL_AREA_STYLE('',(#10984));
#10984 = FILL_AREA_STYLE_COLOUR('',#10149);
#10985 = OVER_RIDING_STYLED_ITEM('overriding color',(#10986),#4811,
  #10132);
#10986 = PRESENTATION_STYLE_ASSIGNMENT((#10987));
#10987 = SURFACE_STYLE_USAGE(.BOTH.,#10988);
#10988 = SURFACE_SIDE_STYLE('',(#10989));
#10989 = SURFACE_STYLE_FILL_AREA(#10990);
#10990 = FILL_AREA_STYLE('',(#10991));
#10991 = FILL_AREA_STYLE_COLOUR('',#10149);
#10992 = OVER_RIDING_STYLED_ITEM('overriding color',(#10993),#4833,
  #10132);
#10993 = PRESENTATION_STYLE_ASSIGNMENT((#10994));
#10994 = SURFACE_STYLE_USAGE(.BOTH.,#10995);
#10995 = SURFACE_SIDE_STYLE('',(#10996));
#10996 = SURFACE_STYLE_FILL_AREA(#10997);
#10997 = FILL_AREA_STYLE('',(#10998));
#10998 = FILL_AREA_STYLE_COLOUR('',#10149);
#10999 = OVER_RIDING_STYLED_ITEM('overriding color',(#11000),#4855,
  #10132);
#11000 = PRESENTATION_STYLE_ASSIGNMENT((#11001));
#11001 = SURFACE_STYLE_USAGE(.BOTH.,#11002);
#11002 = SURFACE_SIDE_STYLE('',(#11003));
#11003 = SURFACE_STYLE_FILL_AREA(#11004);
#11004 = FILL_AREA_STYLE('',(#11005));
#11005 = FILL_AREA_STYLE_COLOUR('',#10149);
#11006 = OVER_RIDING_STYLED_ITEM('overriding color',(#11007),#4883,
  #10132);
#11007 = PRESENTATION_STYLE_ASSIGNMENT((#11008));
#11008 = SURFACE_STYLE_USAGE(.BOTH.,#11009);
#11009 = SURFACE_SIDE_STYLE('',(#11010));
#11010 = SURFACE_STYLE_FILL_AREA(#11011);
#11011 = FILL_AREA_STYLE('',(#11012));
#11012 = FILL_AREA_STYLE_COLOUR('',#10149);
#11013 = OVER_RIDING_STYLED_ITEM('overriding color',(#11014),#4905,
  #10132);
#11014 = PRESENTATION_STYLE_ASSIGNMENT((#11015));
#11015 = SURFACE_STYLE_USAGE(.BOTH.,#11016);
#11016 = SURFACE_SIDE_STYLE('',(#11017));
#11017 = SURFACE_STYLE_FILL_AREA(#11018);
#11018 = FILL_AREA_STYLE('',(#11019));
#11019 = FILL_AREA_STYLE_COLOUR('',#10149);
#11020 = OVER_RIDING_STYLED_ITEM('overriding color',(#11021),#4927,
  #10132);
#11021 = PRESENTATION_STYLE_ASSIGNMENT((#11022));
#11022 = SURFACE_STYLE_USAGE(.BOTH.,#11023);
#11023 = SURFACE_SIDE_STYLE('',(#11024));
#11024 = SURFACE_STYLE_FILL_AREA(#11025);
#11025 = FILL_AREA_STYLE('',(#11026));
#11026 = FILL_AREA_STYLE_COLOUR('',#10149);
#11027 = OVER_RIDING_STYLED_ITEM('overriding color',(#11028),#4949,
  #10132);
#11028 = PRESENTATION_STYLE_ASSIGNMENT((#11029));
#11029 = SURFACE_STYLE_USAGE(.BOTH.,#11030);
#11030 = SURFACE_SIDE_STYLE('',(#11031));
#11031 = SURFACE_STYLE_FILL_AREA(#11032);
#11032 = FILL_AREA_STYLE('',(#11033));
#11033 = FILL_AREA_STYLE_COLOUR('',#10149);
#11034 = OVER_RIDING_STYLED_ITEM('overriding color',(#11035),#4971,
  #10132);
#11035 = PRESENTATION_STYLE_ASSIGNMENT((#11036));
#11036 = SURFACE_STYLE_USAGE(.BOTH.,#11037);
#11037 = SURFACE_SIDE_STYLE('',(#11038));
#11038 = SURFACE_STYLE_FILL_AREA(#11039);
#11039 = FILL_AREA_STYLE('',(#11040));
#11040 = FILL_AREA_STYLE_COLOUR('',#10149);
#11041 = OVER_RIDING_STYLED_ITEM('overriding color',(#11042),#4993,
  #10132);
#11042 = PRESENTATION_STYLE_ASSIGNMENT((#11043));
#11043 = SURFACE_STYLE_USAGE(.BOTH.,#11044);
#11044 = SURFACE_SIDE_STYLE('',(#11045));
#11045 = SURFACE_STYLE_FILL_AREA(#11046);
#11046 = FILL_AREA_STYLE('',(#11047));
#11047 = FILL_AREA_STYLE_COLOUR('',#10149);
#11048 = OVER_RIDING_STYLED_ITEM('overriding color',(#11049),#5015,
  #10132);
#11049 = PRESENTATION_STYLE_ASSIGNMENT((#11050));
#11050 = SURFACE_STYLE_USAGE(.BOTH.,#11051);
#11051 = SURFACE_SIDE_STYLE('',(#11052));
#11052 = SURFACE_STYLE_FILL_AREA(#11053);
#11053 = FILL_AREA_STYLE('',(#11054));
#11054 = FILL_AREA_STYLE_COLOUR('',#10149);
#11055 = OVER_RIDING_STYLED_ITEM('overriding color',(#11056),#5037,
  #10132);
#11056 = PRESENTATION_STYLE_ASSIGNMENT((#11057));
#11057 = SURFACE_STYLE_USAGE(.BOTH.,#11058);
#11058 = SURFACE_SIDE_STYLE('',(#11059));
#11059 = SURFACE_STYLE_FILL_AREA(#11060);
#11060 = FILL_AREA_STYLE('',(#11061));
#11061 = FILL_AREA_STYLE_COLOUR('',#10149);
#11062 = OVER_RIDING_STYLED_ITEM('overriding color',(#11063),#5059,
  #10132);
#11063 = PRESENTATION_STYLE_ASSIGNMENT((#11064));
#11064 = SURFACE_STYLE_USAGE(.BOTH.,#11065);
#11065 = SURFACE_SIDE_STYLE('',(#11066));
#11066 = SURFACE_STYLE_FILL_AREA(#11067);
#11067 = FILL_AREA_STYLE('',(#11068));
#11068 = FILL_AREA_STYLE_COLOUR('',#10149);
#11069 = OVER_RIDING_STYLED_ITEM('overriding color',(#11070),#5081,
  #10132);
#11070 = PRESENTATION_STYLE_ASSIGNMENT((#11071));
#11071 = SURFACE_STYLE_USAGE(.BOTH.,#11072);
#11072 = SURFACE_SIDE_STYLE('',(#11073));
#11073 = SURFACE_STYLE_FILL_AREA(#11074);
#11074 = FILL_AREA_STYLE('',(#11075));
#11075 = FILL_AREA_STYLE_COLOUR('',#10149);
#11076 = OVER_RIDING_STYLED_ITEM('overriding color',(#11077),#5103,
  #10132);
#11077 = PRESENTATION_STYLE_ASSIGNMENT((#11078));
#11078 = SURFACE_STYLE_USAGE(.BOTH.,#11079);
#11079 = SURFACE_SIDE_STYLE('',(#11080));
#11080 = SURFACE_STYLE_FILL_AREA(#11081);
#11081 = FILL_AREA_STYLE('',(#11082));
#11082 = FILL_AREA_STYLE_COLOUR('',#10149);
#11083 = OVER_RIDING_STYLED_ITEM('overriding color',(#11084),#5119,
  #10132);
#11084 = PRESENTATION_STYLE_ASSIGNMENT((#11085));
#11085 = SURFACE_STYLE_USAGE(.BOTH.,#11086);
#11086 = SURFACE_SIDE_STYLE('',(#11087));
#11087 = SURFACE_STYLE_FILL_AREA(#11088);
#11088 = FILL_AREA_STYLE('',(#11089));
#11089 = FILL_AREA_STYLE_COLOUR('',#10149);
#11090 = OVER_RIDING_STYLED_ITEM('overriding color',(#11091),#5139,
  #10132);
#11091 = PRESENTATION_STYLE_ASSIGNMENT((#11092));
#11092 = SURFACE_STYLE_USAGE(.BOTH.,#11093);
#11093 = SURFACE_SIDE_STYLE('',(#11094));
#11094 = SURFACE_STYLE_FILL_AREA(#11095);
#11095 = FILL_AREA_STYLE('',(#11096));
#11096 = FILL_AREA_STYLE_COLOUR('',#10149);
#11097 = OVER_RIDING_STYLED_ITEM('overriding color',(#11098),#5263,
  #10132);
#11098 = PRESENTATION_STYLE_ASSIGNMENT((#11099));
#11099 = SURFACE_STYLE_USAGE(.BOTH.,#11100);
#11100 = SURFACE_SIDE_STYLE('',(#11101));
#11101 = SURFACE_STYLE_FILL_AREA(#11102);
#11102 = FILL_AREA_STYLE('',(#11103));
#11103 = FILL_AREA_STYLE_COLOUR('',#10149);
#11104 = OVER_RIDING_STYLED_ITEM('overriding color',(#11105),#5283,
  #10132);
#11105 = PRESENTATION_STYLE_ASSIGNMENT((#11106));
#11106 = SURFACE_STYLE_USAGE(.BOTH.,#11107);
#11107 = SURFACE_SIDE_STYLE('',(#11108));
#11108 = SURFACE_STYLE_FILL_AREA(#11109);
#11109 = FILL_AREA_STYLE('',(#11110));
#11110 = FILL_AREA_STYLE_COLOUR('',#10149);
#11111 = OVER_RIDING_STYLED_ITEM('overriding color',(#11112),#5303,
  #10132);
#11112 = PRESENTATION_STYLE_ASSIGNMENT((#11113));
#11113 = SURFACE_STYLE_USAGE(.BOTH.,#11114);
#11114 = SURFACE_SIDE_STYLE('',(#11115));
#11115 = SURFACE_STYLE_FILL_AREA(#11116);
#11116 = FILL_AREA_STYLE('',(#11117));
#11117 = FILL_AREA_STYLE_COLOUR('',#10149);
#11118 = OVER_RIDING_STYLED_ITEM('overriding color',(#11119),#5323,
  #10132);
#11119 = PRESENTATION_STYLE_ASSIGNMENT((#11120));
#11120 = SURFACE_STYLE_USAGE(.BOTH.,#11121);
#11121 = SURFACE_SIDE_STYLE('',(#11122));
#11122 = SURFACE_STYLE_FILL_AREA(#11123);
#11123 = FILL_AREA_STYLE('',(#11124));
#11124 = FILL_AREA_STYLE_COLOUR('',#10149);
#11125 = OVER_RIDING_STYLED_ITEM('overriding color',(#11126),#5343,
  #10132);
#11126 = PRESENTATION_STYLE_ASSIGNMENT((#11127));
#11127 = SURFACE_STYLE_USAGE(.BOTH.,#11128);
#11128 = SURFACE_SIDE_STYLE('',(#11129));
#11129 = SURFACE_STYLE_FILL_AREA(#11130);
#11130 = FILL_AREA_STYLE('',(#11131));
#11131 = FILL_AREA_STYLE_COLOUR('',#10149);
#11132 = OVER_RIDING_STYLED_ITEM('overriding color',(#11133),#5363,
  #10132);
#11133 = PRESENTATION_STYLE_ASSIGNMENT((#11134));
#11134 = SURFACE_STYLE_USAGE(.BOTH.,#11135);
#11135 = SURFACE_SIDE_STYLE('',(#11136));
#11136 = SURFACE_STYLE_FILL_AREA(#11137);
#11137 = FILL_AREA_STYLE('',(#11138));
#11138 = FILL_AREA_STYLE_COLOUR('',#10149);
#11139 = OVER_RIDING_STYLED_ITEM('overriding color',(#11140),#5379,
  #10132);
#11140 = PRESENTATION_STYLE_ASSIGNMENT((#11141));
#11141 = SURFACE_STYLE_USAGE(.BOTH.,#11142);
#11142 = SURFACE_SIDE_STYLE('',(#11143));
#11143 = SURFACE_STYLE_FILL_AREA(#11144);
#11144 = FILL_AREA_STYLE('',(#11145));
#11145 = FILL_AREA_STYLE_COLOUR('',#10149);
#11146 = OVER_RIDING_STYLED_ITEM('overriding color',(#11147),#5391,
  #10132);
#11147 = PRESENTATION_STYLE_ASSIGNMENT((#11148));
#11148 = SURFACE_STYLE_USAGE(.BOTH.,#11149);
#11149 = SURFACE_SIDE_STYLE('',(#11150));
#11150 = SURFACE_STYLE_FILL_AREA(#11151);
#11151 = FILL_AREA_STYLE('',(#11152));
#11152 = FILL_AREA_STYLE_COLOUR('',#10149);
#11153 = OVER_RIDING_STYLED_ITEM('overriding color',(#11154),#5419,
  #10132);
#11154 = PRESENTATION_STYLE_ASSIGNMENT((#11155));
#11155 = SURFACE_STYLE_USAGE(.BOTH.,#11156);
#11156 = SURFACE_SIDE_STYLE('',(#11157));
#11157 = SURFACE_STYLE_FILL_AREA(#11158);
#11158 = FILL_AREA_STYLE('',(#11159));
#11159 = FILL_AREA_STYLE_COLOUR('',#10149);
#11160 = OVER_RIDING_STYLED_ITEM('overriding color',(#11161),#5441,
  #10132);
#11161 = PRESENTATION_STYLE_ASSIGNMENT((#11162));
#11162 = SURFACE_STYLE_USAGE(.BOTH.,#11163);
#11163 = SURFACE_SIDE_STYLE('',(#11164));
#11164 = SURFACE_STYLE_FILL_AREA(#11165);
#11165 = FILL_AREA_STYLE('',(#11166));
#11166 = FILL_AREA_STYLE_COLOUR('',#10149);
#11167 = OVER_RIDING_STYLED_ITEM('overriding color',(#11168),#5463,
  #10132);
#11168 = PRESENTATION_STYLE_ASSIGNMENT((#11169));
#11169 = SURFACE_STYLE_USAGE(.BOTH.,#11170);
#11170 = SURFACE_SIDE_STYLE('',(#11171));
#11171 = SURFACE_STYLE_FILL_AREA(#11172);
#11172 = FILL_AREA_STYLE('',(#11173));
#11173 = FILL_AREA_STYLE_COLOUR('',#10149);
#11174 = OVER_RIDING_STYLED_ITEM('overriding color',(#11175),#5491,
  #10132);
#11175 = PRESENTATION_STYLE_ASSIGNMENT((#11176));
#11176 = SURFACE_STYLE_USAGE(.BOTH.,#11177);
#11177 = SURFACE_SIDE_STYLE('',(#11178));
#11178 = SURFACE_STYLE_FILL_AREA(#11179);
#11179 = FILL_AREA_STYLE('',(#11180));
#11180 = FILL_AREA_STYLE_COLOUR('',#10149);
#11181 = OVER_RIDING_STYLED_ITEM('overriding color',(#11182),#5519,
  #10132);
#11182 = PRESENTATION_STYLE_ASSIGNMENT((#11183));
#11183 = SURFACE_STYLE_USAGE(.BOTH.,#11184);
#11184 = SURFACE_SIDE_STYLE('',(#11185));
#11185 = SURFACE_STYLE_FILL_AREA(#11186);
#11186 = FILL_AREA_STYLE('',(#11187));
#11187 = FILL_AREA_STYLE_COLOUR('',#10149);
#11188 = OVER_RIDING_STYLED_ITEM('overriding color',(#11189),#5547,
  #10132);
#11189 = PRESENTATION_STYLE_ASSIGNMENT((#11190));
#11190 = SURFACE_STYLE_USAGE(.BOTH.,#11191);
#11191 = SURFACE_SIDE_STYLE('',(#11192));
#11192 = SURFACE_STYLE_FILL_AREA(#11193);
#11193 = FILL_AREA_STYLE('',(#11194));
#11194 = FILL_AREA_STYLE_COLOUR('',#10149);
#11195 = OVER_RIDING_STYLED_ITEM('overriding color',(#11196),#5569,
  #10132);
#11196 = PRESENTATION_STYLE_ASSIGNMENT((#11197));
#11197 = SURFACE_STYLE_USAGE(.BOTH.,#11198);
#11198 = SURFACE_SIDE_STYLE('',(#11199));
#11199 = SURFACE_STYLE_FILL_AREA(#11200);
#11200 = FILL_AREA_STYLE('',(#11201));
#11201 = FILL_AREA_STYLE_COLOUR('',#10157);
#11202 = OVER_RIDING_STYLED_ITEM('overriding color',(#11203),#5584,
  #10132);
#11203 = PRESENTATION_STYLE_ASSIGNMENT((#11204));
#11204 = SURFACE_STYLE_USAGE(.BOTH.,#11205);
#11205 = SURFACE_SIDE_STYLE('',(#11206));
#11206 = SURFACE_STYLE_FILL_AREA(#11207);
#11207 = FILL_AREA_STYLE('',(#11208));
#11208 = FILL_AREA_STYLE_COLOUR('',#10149);
#11209 = OVER_RIDING_STYLED_ITEM('overriding color',(#11210),#5696,
  #10132);
#11210 = PRESENTATION_STYLE_ASSIGNMENT((#11211));
#11211 = SURFACE_STYLE_USAGE(.BOTH.,#11212);
#11212 = SURFACE_SIDE_STYLE('',(#11213));
#11213 = SURFACE_STYLE_FILL_AREA(#11214);
#11214 = FILL_AREA_STYLE('',(#11215));
#11215 = FILL_AREA_STYLE_COLOUR('',#10149);
#11216 = OVER_RIDING_STYLED_ITEM('overriding color',(#11217),#5716,
  #10132);
#11217 = PRESENTATION_STYLE_ASSIGNMENT((#11218));
#11218 = SURFACE_STYLE_USAGE(.BOTH.,#11219);
#11219 = SURFACE_SIDE_STYLE('',(#11220));
#11220 = SURFACE_STYLE_FILL_AREA(#11221);
#11221 = FILL_AREA_STYLE('',(#11222));
#11222 = FILL_AREA_STYLE_COLOUR('',#10149);
#11223 = OVER_RIDING_STYLED_ITEM('overriding color',(#11224),#5732,
  #10132);
#11224 = PRESENTATION_STYLE_ASSIGNMENT((#11225));
#11225 = SURFACE_STYLE_USAGE(.BOTH.,#11226);
#11226 = SURFACE_SIDE_STYLE('',(#11227));
#11227 = SURFACE_STYLE_FILL_AREA(#11228);
#11228 = FILL_AREA_STYLE('',(#11229));
#11229 = FILL_AREA_STYLE_COLOUR('',#10149);
#11230 = OVER_RIDING_STYLED_ITEM('overriding color',(#11231),#5748,
  #10132);
#11231 = PRESENTATION_STYLE_ASSIGNMENT((#11232));
#11232 = SURFACE_STYLE_USAGE(.BOTH.,#11233);
#11233 = SURFACE_SIDE_STYLE('',(#11234));
#11234 = SURFACE_STYLE_FILL_AREA(#11235);
#11235 = FILL_AREA_STYLE('',(#11236));
#11236 = FILL_AREA_STYLE_COLOUR('',#10149);
#11237 = OVER_RIDING_STYLED_ITEM('overriding color',(#11238),#5764,
  #10132);
#11238 = PRESENTATION_STYLE_ASSIGNMENT((#11239));
#11239 = SURFACE_STYLE_USAGE(.BOTH.,#11240);
#11240 = SURFACE_SIDE_STYLE('',(#11241));
#11241 = SURFACE_STYLE_FILL_AREA(#11242);
#11242 = FILL_AREA_STYLE('',(#11243));
#11243 = FILL_AREA_STYLE_COLOUR('',#10149);
#11244 = OVER_RIDING_STYLED_ITEM('overriding color',(#11245),#5780,
  #10132);
#11245 = PRESENTATION_STYLE_ASSIGNMENT((#11246));
#11246 = SURFACE_STYLE_USAGE(.BOTH.,#11247);
#11247 = SURFACE_SIDE_STYLE('',(#11248));
#11248 = SURFACE_STYLE_FILL_AREA(#11249);
#11249 = FILL_AREA_STYLE('',(#11250));
#11250 = FILL_AREA_STYLE_COLOUR('',#10149);
#11251 = OVER_RIDING_STYLED_ITEM('overriding color',(#11252),#5796,
  #10132);
#11252 = PRESENTATION_STYLE_ASSIGNMENT((#11253));
#11253 = SURFACE_STYLE_USAGE(.BOTH.,#11254);
#11254 = SURFACE_SIDE_STYLE('',(#11255));
#11255 = SURFACE_STYLE_FILL_AREA(#11256);
#11256 = FILL_AREA_STYLE('',(#11257));
#11257 = FILL_AREA_STYLE_COLOUR('',#10149);
#11258 = OVER_RIDING_STYLED_ITEM('overriding color',(#11259),#5812,
  #10132);
#11259 = PRESENTATION_STYLE_ASSIGNMENT((#11260));
#11260 = SURFACE_STYLE_USAGE(.BOTH.,#11261);
#11261 = SURFACE_SIDE_STYLE('',(#11262));
#11262 = SURFACE_STYLE_FILL_AREA(#11263);
#11263 = FILL_AREA_STYLE('',(#11264));
#11264 = FILL_AREA_STYLE_COLOUR('',#10149);
#11265 = OVER_RIDING_STYLED_ITEM('overriding color',(#11266),#5824,
  #10132);
#11266 = PRESENTATION_STYLE_ASSIGNMENT((#11267));
#11267 = SURFACE_STYLE_USAGE(.BOTH.,#11268);
#11268 = SURFACE_SIDE_STYLE('',(#11269));
#11269 = SURFACE_STYLE_FILL_AREA(#11270);
#11270 = FILL_AREA_STYLE('',(#11271));
#11271 = FILL_AREA_STYLE_COLOUR('',#10149);
#11272 = OVER_RIDING_STYLED_ITEM('overriding color',(#11273),#5852,
  #10132);
#11273 = PRESENTATION_STYLE_ASSIGNMENT((#11274));
#11274 = SURFACE_STYLE_USAGE(.BOTH.,#11275);
#11275 = SURFACE_SIDE_STYLE('',(#11276));
#11276 = SURFACE_STYLE_FILL_AREA(#11277);
#11277 = FILL_AREA_STYLE('',(#11278));
#11278 = FILL_AREA_STYLE_COLOUR('',#10149);
#11279 = OVER_RIDING_STYLED_ITEM('overriding color',(#11280),#5874,
  #10132);
#11280 = PRESENTATION_STYLE_ASSIGNMENT((#11281));
#11281 = SURFACE_STYLE_USAGE(.BOTH.,#11282);
#11282 = SURFACE_SIDE_STYLE('',(#11283));
#11283 = SURFACE_STYLE_FILL_AREA(#11284);
#11284 = FILL_AREA_STYLE('',(#11285));
#11285 = FILL_AREA_STYLE_COLOUR('',#10149);
#11286 = OVER_RIDING_STYLED_ITEM('overriding color',(#11287),#5902,
  #10132);
#11287 = PRESENTATION_STYLE_ASSIGNMENT((#11288));
#11288 = SURFACE_STYLE_USAGE(.BOTH.,#11289);
#11289 = SURFACE_SIDE_STYLE('',(#11290));
#11290 = SURFACE_STYLE_FILL_AREA(#11291);
#11291 = FILL_AREA_STYLE('',(#11292));
#11292 = FILL_AREA_STYLE_COLOUR('',#10149);
#11293 = OVER_RIDING_STYLED_ITEM('overriding color',(#11294),#5924,
  #10132);
#11294 = PRESENTATION_STYLE_ASSIGNMENT((#11295));
#11295 = SURFACE_STYLE_USAGE(.BOTH.,#11296);
#11296 = SURFACE_SIDE_STYLE('',(#11297));
#11297 = SURFACE_STYLE_FILL_AREA(#11298);
#11298 = FILL_AREA_STYLE('',(#11299));
#11299 = FILL_AREA_STYLE_COLOUR('',#10149);
#11300 = OVER_RIDING_STYLED_ITEM('overriding color',(#11301),#5952,
  #10132);
#11301 = PRESENTATION_STYLE_ASSIGNMENT((#11302));
#11302 = SURFACE_STYLE_USAGE(.BOTH.,#11303);
#11303 = SURFACE_SIDE_STYLE('',(#11304));
#11304 = SURFACE_STYLE_FILL_AREA(#11305);
#11305 = FILL_AREA_STYLE('',(#11306));
#11306 = FILL_AREA_STYLE_COLOUR('',#10149);
#11307 = OVER_RIDING_STYLED_ITEM('overriding color',(#11308),#5968,
  #10132);
#11308 = PRESENTATION_STYLE_ASSIGNMENT((#11309));
#11309 = SURFACE_STYLE_USAGE(.BOTH.,#11310);
#11310 = SURFACE_SIDE_STYLE('',(#11311));
#11311 = SURFACE_STYLE_FILL_AREA(#11312);
#11312 = FILL_AREA_STYLE('',(#11313));
#11313 = FILL_AREA_STYLE_COLOUR('',#10157);
#11314 = OVER_RIDING_STYLED_ITEM('overriding color',(#11315),#5982,
  #10132);
#11315 = PRESENTATION_STYLE_ASSIGNMENT((#11316));
#11316 = SURFACE_STYLE_USAGE(.BOTH.,#11317);
#11317 = SURFACE_SIDE_STYLE('',(#11318));
#11318 = SURFACE_STYLE_FILL_AREA(#11319);
#11319 = FILL_AREA_STYLE('',(#11320));
#11320 = FILL_AREA_STYLE_COLOUR('',#10149);
#11321 = OVER_RIDING_STYLED_ITEM('overriding color',(#11322),#6010,
  #10132);
#11322 = PRESENTATION_STYLE_ASSIGNMENT((#11323));
#11323 = SURFACE_STYLE_USAGE(.BOTH.,#11324);
#11324 = SURFACE_SIDE_STYLE('',(#11325));
#11325 = SURFACE_STYLE_FILL_AREA(#11326);
#11326 = FILL_AREA_STYLE('',(#11327));
#11327 = FILL_AREA_STYLE_COLOUR('',#10149);
#11328 = OVER_RIDING_STYLED_ITEM('overriding color',(#11329),#6032,
  #10132);
#11329 = PRESENTATION_STYLE_ASSIGNMENT((#11330));
#11330 = SURFACE_STYLE_USAGE(.BOTH.,#11331);
#11331 = SURFACE_SIDE_STYLE('',(#11332));
#11332 = SURFACE_STYLE_FILL_AREA(#11333);
#11333 = FILL_AREA_STYLE('',(#11334));
#11334 = FILL_AREA_STYLE_COLOUR('',#10149);
#11335 = OVER_RIDING_STYLED_ITEM('overriding color',(#11336),#6054,
  #10132);
#11336 = PRESENTATION_STYLE_ASSIGNMENT((#11337));
#11337 = SURFACE_STYLE_USAGE(.BOTH.,#11338);
#11338 = SURFACE_SIDE_STYLE('',(#11339));
#11339 = SURFACE_STYLE_FILL_AREA(#11340);
#11340 = FILL_AREA_STYLE('',(#11341));
#11341 = FILL_AREA_STYLE_COLOUR('',#10149);
#11342 = OVER_RIDING_STYLED_ITEM('overriding color',(#11343),#6076,
  #10132);
#11343 = PRESENTATION_STYLE_ASSIGNMENT((#11344));
#11344 = SURFACE_STYLE_USAGE(.BOTH.,#11345);
#11345 = SURFACE_SIDE_STYLE('',(#11346));
#11346 = SURFACE_STYLE_FILL_AREA(#11347);
#11347 = FILL_AREA_STYLE('',(#11348));
#11348 = FILL_AREA_STYLE_COLOUR('',#10149);
#11349 = OVER_RIDING_STYLED_ITEM('overriding color',(#11350),#6098,
  #10132);
#11350 = PRESENTATION_STYLE_ASSIGNMENT((#11351));
#11351 = SURFACE_STYLE_USAGE(.BOTH.,#11352);
#11352 = SURFACE_SIDE_STYLE('',(#11353));
#11353 = SURFACE_STYLE_FILL_AREA(#11354);
#11354 = FILL_AREA_STYLE('',(#11355));
#11355 = FILL_AREA_STYLE_COLOUR('',#10149);
#11356 = OVER_RIDING_STYLED_ITEM('overriding color',(#11357),#6120,
  #10132);
#11357 = PRESENTATION_STYLE_ASSIGNMENT((#11358));
#11358 = SURFACE_STYLE_USAGE(.BOTH.,#11359);
#11359 = SURFACE_SIDE_STYLE('',(#11360));
#11360 = SURFACE_STYLE_FILL_AREA(#11361);
#11361 = FILL_AREA_STYLE('',(#11362));
#11362 = FILL_AREA_STYLE_COLOUR('',#10149);
#11363 = OVER_RIDING_STYLED_ITEM('overriding color',(#11364),#6142,
  #10132);
#11364 = PRESENTATION_STYLE_ASSIGNMENT((#11365));
#11365 = SURFACE_STYLE_USAGE(.BOTH.,#11366);
#11366 = SURFACE_SIDE_STYLE('',(#11367));
#11367 = SURFACE_STYLE_FILL_AREA(#11368);
#11368 = FILL_AREA_STYLE('',(#11369));
#11369 = FILL_AREA_STYLE_COLOUR('',#10149);
#11370 = OVER_RIDING_STYLED_ITEM('overriding color',(#11371),#6164,
  #10132);
#11371 = PRESENTATION_STYLE_ASSIGNMENT((#11372));
#11372 = SURFACE_STYLE_USAGE(.BOTH.,#11373);
#11373 = SURFACE_SIDE_STYLE('',(#11374));
#11374 = SURFACE_STYLE_FILL_AREA(#11375);
#11375 = FILL_AREA_STYLE('',(#11376));
#11376 = FILL_AREA_STYLE_COLOUR('',#10149);
#11377 = OVER_RIDING_STYLED_ITEM('overriding color',(#11378),#6186,
  #10132);
#11378 = PRESENTATION_STYLE_ASSIGNMENT((#11379));
#11379 = SURFACE_STYLE_USAGE(.BOTH.,#11380);
#11380 = SURFACE_SIDE_STYLE('',(#11381));
#11381 = SURFACE_STYLE_FILL_AREA(#11382);
#11382 = FILL_AREA_STYLE('',(#11383));
#11383 = FILL_AREA_STYLE_COLOUR('',#10149);
#11384 = OVER_RIDING_STYLED_ITEM('overriding color',(#11385),#6208,
  #10132);
#11385 = PRESENTATION_STYLE_ASSIGNMENT((#11386));
#11386 = SURFACE_STYLE_USAGE(.BOTH.,#11387);
#11387 = SURFACE_SIDE_STYLE('',(#11388));
#11388 = SURFACE_STYLE_FILL_AREA(#11389);
#11389 = FILL_AREA_STYLE('',(#11390));
#11390 = FILL_AREA_STYLE_COLOUR('',#10149);
#11391 = OVER_RIDING_STYLED_ITEM('overriding color',(#11392),#6230,
  #10132);
#11392 = PRESENTATION_STYLE_ASSIGNMENT((#11393));
#11393 = SURFACE_STYLE_USAGE(.BOTH.,#11394);
#11394 = SURFACE_SIDE_STYLE('',(#11395));
#11395 = SURFACE_STYLE_FILL_AREA(#11396);
#11396 = FILL_AREA_STYLE('',(#11397));
#11397 = FILL_AREA_STYLE_COLOUR('',#10149);
#11398 = OVER_RIDING_STYLED_ITEM('overriding color',(#11399),#6246,
  #10132);
#11399 = PRESENTATION_STYLE_ASSIGNMENT((#11400));
#11400 = SURFACE_STYLE_USAGE(.BOTH.,#11401);
#11401 = SURFACE_SIDE_STYLE('',(#11402));
#11402 = SURFACE_STYLE_FILL_AREA(#11403);
#11403 = FILL_AREA_STYLE('',(#11404));
#11404 = FILL_AREA_STYLE_COLOUR('',#10149);
#11405 = OVER_RIDING_STYLED_ITEM('overriding color',(#11406),#6266,
  #10132);
#11406 = PRESENTATION_STYLE_ASSIGNMENT((#11407));
#11407 = SURFACE_STYLE_USAGE(.BOTH.,#11408);
#11408 = SURFACE_SIDE_STYLE('',(#11409));
#11409 = SURFACE_STYLE_FILL_AREA(#11410);
#11410 = FILL_AREA_STYLE('',(#11411));
#11411 = FILL_AREA_STYLE_COLOUR('',#10149);
#11412 = OVER_RIDING_STYLED_ITEM('overriding color',(#11413),#6458,
  #10132);
#11413 = PRESENTATION_STYLE_ASSIGNMENT((#11414));
#11414 = SURFACE_STYLE_USAGE(.BOTH.,#11415);
#11415 = SURFACE_SIDE_STYLE('',(#11416));
#11416 = SURFACE_STYLE_FILL_AREA(#11417);
#11417 = FILL_AREA_STYLE('',(#11418));
#11418 = FILL_AREA_STYLE_COLOUR('',#10149);
#11419 = OVER_RIDING_STYLED_ITEM('overriding color',(#11420),#6482,
  #10132);
#11420 = PRESENTATION_STYLE_ASSIGNMENT((#11421));
#11421 = SURFACE_STYLE_USAGE(.BOTH.,#11422);
#11422 = SURFACE_SIDE_STYLE('',(#11423));
#11423 = SURFACE_STYLE_FILL_AREA(#11424);
#11424 = FILL_AREA_STYLE('',(#11425));
#11425 = FILL_AREA_STYLE_COLOUR('',#10149);
#11426 = OVER_RIDING_STYLED_ITEM('overriding color',(#11427),#6498,
  #10132);
#11427 = PRESENTATION_STYLE_ASSIGNMENT((#11428));
#11428 = SURFACE_STYLE_USAGE(.BOTH.,#11429);
#11429 = SURFACE_SIDE_STYLE('',(#11430));
#11430 = SURFACE_STYLE_FILL_AREA(#11431);
#11431 = FILL_AREA_STYLE('',(#11432));
#11432 = FILL_AREA_STYLE_COLOUR('',#10149);
#11433 = OVER_RIDING_STYLED_ITEM('overriding color',(#11434),#6518,
  #10132);
#11434 = PRESENTATION_STYLE_ASSIGNMENT((#11435));
#11435 = SURFACE_STYLE_USAGE(.BOTH.,#11436);
#11436 = SURFACE_SIDE_STYLE('',(#11437));
#11437 = SURFACE_STYLE_FILL_AREA(#11438);
#11438 = FILL_AREA_STYLE('',(#11439));
#11439 = FILL_AREA_STYLE_COLOUR('',#10149);
#11440 = OVER_RIDING_STYLED_ITEM('overriding color',(#11441),#6538,
  #10132);
#11441 = PRESENTATION_STYLE_ASSIGNMENT((#11442));
#11442 = SURFACE_STYLE_USAGE(.BOTH.,#11443);
#11443 = SURFACE_SIDE_STYLE('',(#11444));
#11444 = SURFACE_STYLE_FILL_AREA(#11445);
#11445 = FILL_AREA_STYLE('',(#11446));
#11446 = FILL_AREA_STYLE_COLOUR('',#10149);
#11447 = OVER_RIDING_STYLED_ITEM('overriding color',(#11448),#6554,
  #10132);
#11448 = PRESENTATION_STYLE_ASSIGNMENT((#11449));
#11449 = SURFACE_STYLE_USAGE(.BOTH.,#11450);
#11450 = SURFACE_SIDE_STYLE('',(#11451));
#11451 = SURFACE_STYLE_FILL_AREA(#11452);
#11452 = FILL_AREA_STYLE('',(#11453));
#11453 = FILL_AREA_STYLE_COLOUR('',#10149);
#11454 = OVER_RIDING_STYLED_ITEM('overriding color',(#11455),#6574,
  #10132);
#11455 = PRESENTATION_STYLE_ASSIGNMENT((#11456));
#11456 = SURFACE_STYLE_USAGE(.BOTH.,#11457);
#11457 = SURFACE_SIDE_STYLE('',(#11458));
#11458 = SURFACE_STYLE_FILL_AREA(#11459);
#11459 = FILL_AREA_STYLE('',(#11460));
#11460 = FILL_AREA_STYLE_COLOUR('',#10149);
#11461 = OVER_RIDING_STYLED_ITEM('overriding color',(#11462),#6594,
  #10132);
#11462 = PRESENTATION_STYLE_ASSIGNMENT((#11463));
#11463 = SURFACE_STYLE_USAGE(.BOTH.,#11464);
#11464 = SURFACE_SIDE_STYLE('',(#11465));
#11465 = SURFACE_STYLE_FILL_AREA(#11466);
#11466 = FILL_AREA_STYLE('',(#11467));
#11467 = FILL_AREA_STYLE_COLOUR('',#10149);
#11468 = OVER_RIDING_STYLED_ITEM('overriding color',(#11469),#6614,
  #10132);
#11469 = PRESENTATION_STYLE_ASSIGNMENT((#11470));
#11470 = SURFACE_STYLE_USAGE(.BOTH.,#11471);
#11471 = SURFACE_SIDE_STYLE('',(#11472));
#11472 = SURFACE_STYLE_FILL_AREA(#11473);
#11473 = FILL_AREA_STYLE('',(#11474));
#11474 = FILL_AREA_STYLE_COLOUR('',#10149);
#11475 = OVER_RIDING_STYLED_ITEM('overriding color',(#11476),#6634,
  #10132);
#11476 = PRESENTATION_STYLE_ASSIGNMENT((#11477));
#11477 = SURFACE_STYLE_USAGE(.BOTH.,#11478);
#11478 = SURFACE_SIDE_STYLE('',(#11479));
#11479 = SURFACE_STYLE_FILL_AREA(#11480);
#11480 = FILL_AREA_STYLE('',(#11481));
#11481 = FILL_AREA_STYLE_COLOUR('',#10149);
#11482 = OVER_RIDING_STYLED_ITEM('overriding color',(#11483),#6650,
  #10132);
#11483 = PRESENTATION_STYLE_ASSIGNMENT((#11484));
#11484 = SURFACE_STYLE_USAGE(.BOTH.,#11485);
#11485 = SURFACE_SIDE_STYLE('',(#11486));
#11486 = SURFACE_STYLE_FILL_AREA(#11487);
#11487 = FILL_AREA_STYLE('',(#11488));
#11488 = FILL_AREA_STYLE_COLOUR('',#10149);
#11489 = OVER_RIDING_STYLED_ITEM('overriding color',(#11490),#6666,
  #10132);
#11490 = PRESENTATION_STYLE_ASSIGNMENT((#11491));
#11491 = SURFACE_STYLE_USAGE(.BOTH.,#11492);
#11492 = SURFACE_SIDE_STYLE('',(#11493));
#11493 = SURFACE_STYLE_FILL_AREA(#11494);
#11494 = FILL_AREA_STYLE('',(#11495));
#11495 = FILL_AREA_STYLE_COLOUR('',#10149);
#11496 = OVER_RIDING_STYLED_ITEM('overriding color',(#11497),#6682,
  #10132);
#11497 = PRESENTATION_STYLE_ASSIGNMENT((#11498));
#11498 = SURFACE_STYLE_USAGE(.BOTH.,#11499);
#11499 = SURFACE_SIDE_STYLE('',(#11500));
#11500 = SURFACE_STYLE_FILL_AREA(#11501);
#11501 = FILL_AREA_STYLE('',(#11502));
#11502 = FILL_AREA_STYLE_COLOUR('',#10149);
#11503 = OVER_RIDING_STYLED_ITEM('overriding color',(#11504),#6698,
  #10132);
#11504 = PRESENTATION_STYLE_ASSIGNMENT((#11505));
#11505 = SURFACE_STYLE_USAGE(.BOTH.,#11506);
#11506 = SURFACE_SIDE_STYLE('',(#11507));
#11507 = SURFACE_STYLE_FILL_AREA(#11508);
#11508 = FILL_AREA_STYLE('',(#11509));
#11509 = FILL_AREA_STYLE_COLOUR('',#10149);
#11510 = OVER_RIDING_STYLED_ITEM('overriding color',(#11511),#6714,
  #10132);
#11511 = PRESENTATION_STYLE_ASSIGNMENT((#11512));
#11512 = SURFACE_STYLE_USAGE(.BOTH.,#11513);
#11513 = SURFACE_SIDE_STYLE('',(#11514));
#11514 = SURFACE_STYLE_FILL_AREA(#11515);
#11515 = FILL_AREA_STYLE('',(#11516));
#11516 = FILL_AREA_STYLE_COLOUR('',#10149);
#11517 = OVER_RIDING_STYLED_ITEM('overriding color',(#11518),#6748,
  #10132);
#11518 = PRESENTATION_STYLE_ASSIGNMENT((#11519));
#11519 = SURFACE_STYLE_USAGE(.BOTH.,#11520);
#11520 = SURFACE_SIDE_STYLE('',(#11521));
#11521 = SURFACE_STYLE_FILL_AREA(#11522);
#11522 = FILL_AREA_STYLE('',(#11523));
#11523 = FILL_AREA_STYLE_COLOUR('',#10149);
#11524 = OVER_RIDING_STYLED_ITEM('overriding color',(#11525),#6776,
  #10132);
#11525 = PRESENTATION_STYLE_ASSIGNMENT((#11526));
#11526 = SURFACE_STYLE_USAGE(.BOTH.,#11527);
#11527 = SURFACE_SIDE_STYLE('',(#11528));
#11528 = SURFACE_STYLE_FILL_AREA(#11529);
#11529 = FILL_AREA_STYLE('',(#11530));
#11530 = FILL_AREA_STYLE_COLOUR('',#10149);
#11531 = OVER_RIDING_STYLED_ITEM('overriding color',(#11532),#6804,
  #10132);
#11532 = PRESENTATION_STYLE_ASSIGNMENT((#11533));
#11533 = SURFACE_STYLE_USAGE(.BOTH.,#11534);
#11534 = SURFACE_SIDE_STYLE('',(#11535));
#11535 = SURFACE_STYLE_FILL_AREA(#11536);
#11536 = FILL_AREA_STYLE('',(#11537));
#11537 = FILL_AREA_STYLE_COLOUR('',#10149);
#11538 = OVER_RIDING_STYLED_ITEM('overriding color',(#11539),#6832,
  #10132);
#11539 = PRESENTATION_STYLE_ASSIGNMENT((#11540));
#11540 = SURFACE_STYLE_USAGE(.BOTH.,#11541);
#11541 = SURFACE_SIDE_STYLE('',(#11542));
#11542 = SURFACE_STYLE_FILL_AREA(#11543);
#11543 = FILL_AREA_STYLE('',(#11544));
#11544 = FILL_AREA_STYLE_COLOUR('',#10149);
#11545 = OVER_RIDING_STYLED_ITEM('overriding color',(#11546),#6860,
  #10132);
#11546 = PRESENTATION_STYLE_ASSIGNMENT((#11547));
#11547 = SURFACE_STYLE_USAGE(.BOTH.,#11548);
#11548 = SURFACE_SIDE_STYLE('',(#11549));
#11549 = SURFACE_STYLE_FILL_AREA(#11550);
#11550 = FILL_AREA_STYLE('',(#11551));
#11551 = FILL_AREA_STYLE_COLOUR('',#10149);
#11552 = OVER_RIDING_STYLED_ITEM('overriding color',(#11553),#6888,
  #10132);
#11553 = PRESENTATION_STYLE_ASSIGNMENT((#11554));
#11554 = SURFACE_STYLE_USAGE(.BOTH.,#11555);
#11555 = SURFACE_SIDE_STYLE('',(#11556));
#11556 = SURFACE_STYLE_FILL_AREA(#11557);
#11557 = FILL_AREA_STYLE('',(#11558));
#11558 = FILL_AREA_STYLE_COLOUR('',#10149);
#11559 = OVER_RIDING_STYLED_ITEM('overriding color',(#11560),#6910,
  #10132);
#11560 = PRESENTATION_STYLE_ASSIGNMENT((#11561));
#11561 = SURFACE_STYLE_USAGE(.BOTH.,#11562);
#11562 = SURFACE_SIDE_STYLE('',(#11563));
#11563 = SURFACE_STYLE_FILL_AREA(#11564);
#11564 = FILL_AREA_STYLE('',(#11565));
#11565 = FILL_AREA_STYLE_COLOUR('',#10149);
#11566 = OVER_RIDING_STYLED_ITEM('overriding color',(#11567),#6926,
  #10132);
#11567 = PRESENTATION_STYLE_ASSIGNMENT((#11568));
#11568 = SURFACE_STYLE_USAGE(.BOTH.,#11569);
#11569 = SURFACE_SIDE_STYLE('',(#11570));
#11570 = SURFACE_STYLE_FILL_AREA(#11571);
#11571 = FILL_AREA_STYLE('',(#11572));
#11572 = FILL_AREA_STYLE_COLOUR('',#10157);
#11573 = OVER_RIDING_STYLED_ITEM('overriding color',(#11574),#6942,
  #10132);
#11574 = PRESENTATION_STYLE_ASSIGNMENT((#11575));
#11575 = SURFACE_STYLE_USAGE(.BOTH.,#11576);
#11576 = SURFACE_SIDE_STYLE('',(#11577));
#11577 = SURFACE_STYLE_FILL_AREA(#11578);
#11578 = FILL_AREA_STYLE('',(#11579));
#11579 = FILL_AREA_STYLE_COLOUR('',#10149);
#11580 = OVER_RIDING_STYLED_ITEM('overriding color',(#11581),#6976,
  #10132);
#11581 = PRESENTATION_STYLE_ASSIGNMENT((#11582));
#11582 = SURFACE_STYLE_USAGE(.BOTH.,#11583);
#11583 = SURFACE_SIDE_STYLE('',(#11584));
#11584 = SURFACE_STYLE_FILL_AREA(#11585);
#11585 = FILL_AREA_STYLE('',(#11586));
#11586 = FILL_AREA_STYLE_COLOUR('',#10149);
#11587 = OVER_RIDING_STYLED_ITEM('overriding color',(#11588),#6998,
  #10132);
#11588 = PRESENTATION_STYLE_ASSIGNMENT((#11589));
#11589 = SURFACE_STYLE_USAGE(.BOTH.,#11590);
#11590 = SURFACE_SIDE_STYLE('',(#11591));
#11591 = SURFACE_STYLE_FILL_AREA(#11592);
#11592 = FILL_AREA_STYLE('',(#11593));
#11593 = FILL_AREA_STYLE_COLOUR('',#10149);
#11594 = OVER_RIDING_STYLED_ITEM('overriding color',(#11595),#7026,
  #10132);
#11595 = PRESENTATION_STYLE_ASSIGNMENT((#11596));
#11596 = SURFACE_STYLE_USAGE(.BOTH.,#11597);
#11597 = SURFACE_SIDE_STYLE('',(#11598));
#11598 = SURFACE_STYLE_FILL_AREA(#11599);
#11599 = FILL_AREA_STYLE('',(#11600));
#11600 = FILL_AREA_STYLE_COLOUR('',#10149);
#11601 = OVER_RIDING_STYLED_ITEM('overriding color',(#11602),#7054,
  #10132);
#11602 = PRESENTATION_STYLE_ASSIGNMENT((#11603));
#11603 = SURFACE_STYLE_USAGE(.BOTH.,#11604);
#11604 = SURFACE_SIDE_STYLE('',(#11605));
#11605 = SURFACE_STYLE_FILL_AREA(#11606);
#11606 = FILL_AREA_STYLE('',(#11607));
#11607 = FILL_AREA_STYLE_COLOUR('',#10149);
#11608 = OVER_RIDING_STYLED_ITEM('overriding color',(#11609),#7082,
  #10132);
#11609 = PRESENTATION_STYLE_ASSIGNMENT((#11610));
#11610 = SURFACE_STYLE_USAGE(.BOTH.,#11611);
#11611 = SURFACE_SIDE_STYLE('',(#11612));
#11612 = SURFACE_STYLE_FILL_AREA(#11613);
#11613 = FILL_AREA_STYLE('',(#11614));
#11614 = FILL_AREA_STYLE_COLOUR('',#10149);
#11615 = OVER_RIDING_STYLED_ITEM('overriding color',(#11616),#7110,
  #10132);
#11616 = PRESENTATION_STYLE_ASSIGNMENT((#11617));
#11617 = SURFACE_STYLE_USAGE(.BOTH.,#11618);
#11618 = SURFACE_SIDE_STYLE('',(#11619));
#11619 = SURFACE_STYLE_FILL_AREA(#11620);
#11620 = FILL_AREA_STYLE('',(#11621));
#11621 = FILL_AREA_STYLE_COLOUR('',#10149);
#11622 = OVER_RIDING_STYLED_ITEM('overriding color',(#11623),#7138,
  #10132);
#11623 = PRESENTATION_STYLE_ASSIGNMENT((#11624));
#11624 = SURFACE_STYLE_USAGE(.BOTH.,#11625);
#11625 = SURFACE_SIDE_STYLE('',(#11626));
#11626 = SURFACE_STYLE_FILL_AREA(#11627);
#11627 = FILL_AREA_STYLE('',(#11628));
#11628 = FILL_AREA_STYLE_COLOUR('',#10149);
#11629 = OVER_RIDING_STYLED_ITEM('overriding color',(#11630),#7166,
  #10132);
#11630 = PRESENTATION_STYLE_ASSIGNMENT((#11631));
#11631 = SURFACE_STYLE_USAGE(.BOTH.,#11632);
#11632 = SURFACE_SIDE_STYLE('',(#11633));
#11633 = SURFACE_STYLE_FILL_AREA(#11634);
#11634 = FILL_AREA_STYLE('',(#11635));
#11635 = FILL_AREA_STYLE_COLOUR('',#10149);
#11636 = OVER_RIDING_STYLED_ITEM('overriding color',(#11637),#7194,
  #10132);
#11637 = PRESENTATION_STYLE_ASSIGNMENT((#11638));
#11638 = SURFACE_STYLE_USAGE(.BOTH.,#11639);
#11639 = SURFACE_SIDE_STYLE('',(#11640));
#11640 = SURFACE_STYLE_FILL_AREA(#11641);
#11641 = FILL_AREA_STYLE('',(#11642));
#11642 = FILL_AREA_STYLE_COLOUR('',#10149);
#11643 = OVER_RIDING_STYLED_ITEM('overriding color',(#11644),#7222,
  #10132);
#11644 = PRESENTATION_STYLE_ASSIGNMENT((#11645));
#11645 = SURFACE_STYLE_USAGE(.BOTH.,#11646);
#11646 = SURFACE_SIDE_STYLE('',(#11647));
#11647 = SURFACE_STYLE_FILL_AREA(#11648);
#11648 = FILL_AREA_STYLE('',(#11649));
#11649 = FILL_AREA_STYLE_COLOUR('',#10149);
#11650 = OVER_RIDING_STYLED_ITEM('overriding color',(#11651),#7250,
  #10132);
#11651 = PRESENTATION_STYLE_ASSIGNMENT((#11652));
#11652 = SURFACE_STYLE_USAGE(.BOTH.,#11653);
#11653 = SURFACE_SIDE_STYLE('',(#11654));
#11654 = SURFACE_STYLE_FILL_AREA(#11655);
#11655 = FILL_AREA_STYLE('',(#11656));
#11656 = FILL_AREA_STYLE_COLOUR('',#10149);
#11657 = OVER_RIDING_STYLED_ITEM('overriding color',(#11658),#7278,
  #10132);
#11658 = PRESENTATION_STYLE_ASSIGNMENT((#11659));
#11659 = SURFACE_STYLE_USAGE(.BOTH.,#11660);
#11660 = SURFACE_SIDE_STYLE('',(#11661));
#11661 = SURFACE_STYLE_FILL_AREA(#11662);
#11662 = FILL_AREA_STYLE('',(#11663));
#11663 = FILL_AREA_STYLE_COLOUR('',#10149);
#11664 = OVER_RIDING_STYLED_ITEM('overriding color',(#11665),#7300,
  #10132);
#11665 = PRESENTATION_STYLE_ASSIGNMENT((#11666));
#11666 = SURFACE_STYLE_USAGE(.BOTH.,#11667);
#11667 = SURFACE_SIDE_STYLE('',(#11668));
#11668 = SURFACE_STYLE_FILL_AREA(#11669);
#11669 = FILL_AREA_STYLE('',(#11670));
#11670 = FILL_AREA_STYLE_COLOUR('',#10149);
#11671 = OVER_RIDING_STYLED_ITEM('overriding color',(#11672),#7328,
  #10132);
#11672 = PRESENTATION_STYLE_ASSIGNMENT((#11673));
#11673 = SURFACE_STYLE_USAGE(.BOTH.,#11674);
#11674 = SURFACE_SIDE_STYLE('',(#11675));
#11675 = SURFACE_STYLE_FILL_AREA(#11676);
#11676 = FILL_AREA_STYLE('',(#11677));
#11677 = FILL_AREA_STYLE_COLOUR('',#10149);
#11678 = OVER_RIDING_STYLED_ITEM('overriding color',(#11679),#7356,
  #10132);
#11679 = PRESENTATION_STYLE_ASSIGNMENT((#11680));
#11680 = SURFACE_STYLE_USAGE(.BOTH.,#11681);
#11681 = SURFACE_SIDE_STYLE('',(#11682));
#11682 = SURFACE_STYLE_FILL_AREA(#11683);
#11683 = FILL_AREA_STYLE('',(#11684));
#11684 = FILL_AREA_STYLE_COLOUR('',#10149);
#11685 = OVER_RIDING_STYLED_ITEM('overriding color',(#11686),#7384,
  #10132);
#11686 = PRESENTATION_STYLE_ASSIGNMENT((#11687));
#11687 = SURFACE_STYLE_USAGE(.BOTH.,#11688);
#11688 = SURFACE_SIDE_STYLE('',(#11689));
#11689 = SURFACE_STYLE_FILL_AREA(#11690);
#11690 = FILL_AREA_STYLE('',(#11691));
#11691 = FILL_AREA_STYLE_COLOUR('',#10149);
#11692 = OVER_RIDING_STYLED_ITEM('overriding color',(#11693),#7412,
  #10132);
#11693 = PRESENTATION_STYLE_ASSIGNMENT((#11694));
#11694 = SURFACE_STYLE_USAGE(.BOTH.,#11695);
#11695 = SURFACE_SIDE_STYLE('',(#11696));
#11696 = SURFACE_STYLE_FILL_AREA(#11697);
#11697 = FILL_AREA_STYLE('',(#11698));
#11698 = FILL_AREA_STYLE_COLOUR('',#10149);
#11699 = OVER_RIDING_STYLED_ITEM('overriding color',(#11700),#7440,
  #10132);
#11700 = PRESENTATION_STYLE_ASSIGNMENT((#11701));
#11701 = SURFACE_STYLE_USAGE(.BOTH.,#11702);
#11702 = SURFACE_SIDE_STYLE('',(#11703));
#11703 = SURFACE_STYLE_FILL_AREA(#11704);
#11704 = FILL_AREA_STYLE('',(#11705));
#11705 = FILL_AREA_STYLE_COLOUR('',#10149);
#11706 = OVER_RIDING_STYLED_ITEM('overriding color',(#11707),#7468,
  #10132);
#11707 = PRESENTATION_STYLE_ASSIGNMENT((#11708));
#11708 = SURFACE_STYLE_USAGE(.BOTH.,#11709);
#11709 = SURFACE_SIDE_STYLE('',(#11710));
#11710 = SURFACE_STYLE_FILL_AREA(#11711);
#11711 = FILL_AREA_STYLE('',(#11712));
#11712 = FILL_AREA_STYLE_COLOUR('',#10149);
#11713 = OVER_RIDING_STYLED_ITEM('overriding color',(#11714),#7496,
  #10132);
#11714 = PRESENTATION_STYLE_ASSIGNMENT((#11715));
#11715 = SURFACE_STYLE_USAGE(.BOTH.,#11716);
#11716 = SURFACE_SIDE_STYLE('',(#11717));
#11717 = SURFACE_STYLE_FILL_AREA(#11718);
#11718 = FILL_AREA_STYLE('',(#11719));
#11719 = FILL_AREA_STYLE_COLOUR('',#10149);
#11720 = OVER_RIDING_STYLED_ITEM('overriding color',(#11721),#7518,
  #10132);
#11721 = PRESENTATION_STYLE_ASSIGNMENT((#11722));
#11722 = SURFACE_STYLE_USAGE(.BOTH.,#11723);
#11723 = SURFACE_SIDE_STYLE('',(#11724));
#11724 = SURFACE_STYLE_FILL_AREA(#11725);
#11725 = FILL_AREA_STYLE('',(#11726));
#11726 = FILL_AREA_STYLE_COLOUR('',#10149);
#11727 = OVER_RIDING_STYLED_ITEM('overriding color',(#11728),#7547,
  #10132);
#11728 = PRESENTATION_STYLE_ASSIGNMENT((#11729));
#11729 = SURFACE_STYLE_USAGE(.BOTH.,#11730);
#11730 = SURFACE_SIDE_STYLE('',(#11731));
#11731 = SURFACE_STYLE_FILL_AREA(#11732);
#11732 = FILL_AREA_STYLE('',(#11733));
#11733 = FILL_AREA_STYLE_COLOUR('',#10149);
#11734 = OVER_RIDING_STYLED_ITEM('overriding color',(#11735),#7575,
  #10132);
#11735 = PRESENTATION_STYLE_ASSIGNMENT((#11736));
#11736 = SURFACE_STYLE_USAGE(.BOTH.,#11737);
#11737 = SURFACE_SIDE_STYLE('',(#11738));
#11738 = SURFACE_STYLE_FILL_AREA(#11739);
#11739 = FILL_AREA_STYLE('',(#11740));
#11740 = FILL_AREA_STYLE_COLOUR('',#10149);
#11741 = OVER_RIDING_STYLED_ITEM('overriding color',(#11742),#7597,
  #10132);
#11742 = PRESENTATION_STYLE_ASSIGNMENT((#11743));
#11743 = SURFACE_STYLE_USAGE(.BOTH.,#11744);
#11744 = SURFACE_SIDE_STYLE('',(#11745));
#11745 = SURFACE_STYLE_FILL_AREA(#11746);
#11746 = FILL_AREA_STYLE('',(#11747));
#11747 = FILL_AREA_STYLE_COLOUR('',#10149);
#11748 = OVER_RIDING_STYLED_ITEM('overriding color',(#11749),#7625,
  #10132);
#11749 = PRESENTATION_STYLE_ASSIGNMENT((#11750));
#11750 = SURFACE_STYLE_USAGE(.BOTH.,#11751);
#11751 = SURFACE_SIDE_STYLE('',(#11752));
#11752 = SURFACE_STYLE_FILL_AREA(#11753);
#11753 = FILL_AREA_STYLE('',(#11754));
#11754 = FILL_AREA_STYLE_COLOUR('',#10149);
#11755 = OVER_RIDING_STYLED_ITEM('overriding color',(#11756),#7647,
  #10132);
#11756 = PRESENTATION_STYLE_ASSIGNMENT((#11757));
#11757 = SURFACE_STYLE_USAGE(.BOTH.,#11758);
#11758 = SURFACE_SIDE_STYLE('',(#11759));
#11759 = SURFACE_STYLE_FILL_AREA(#11760);
#11760 = FILL_AREA_STYLE('',(#11761));
#11761 = FILL_AREA_STYLE_COLOUR('',#10149);
#11762 = OVER_RIDING_STYLED_ITEM('overriding color',(#11763),#7669,
  #10132);
#11763 = PRESENTATION_STYLE_ASSIGNMENT((#11764));
#11764 = SURFACE_STYLE_USAGE(.BOTH.,#11765);
#11765 = SURFACE_SIDE_STYLE('',(#11766));
#11766 = SURFACE_STYLE_FILL_AREA(#11767);
#11767 = FILL_AREA_STYLE('',(#11768));
#11768 = FILL_AREA_STYLE_COLOUR('',#10149);
#11769 = OVER_RIDING_STYLED_ITEM('overriding color',(#11770),#7691,
  #10132);
#11770 = PRESENTATION_STYLE_ASSIGNMENT((#11771));
#11771 = SURFACE_STYLE_USAGE(.BOTH.,#11772);
#11772 = SURFACE_SIDE_STYLE('',(#11773));
#11773 = SURFACE_STYLE_FILL_AREA(#11774);
#11774 = FILL_AREA_STYLE('',(#11775));
#11775 = FILL_AREA_STYLE_COLOUR('',#10149);
#11776 = OVER_RIDING_STYLED_ITEM('overriding color',(#11777),#7713,
  #10132);
#11777 = PRESENTATION_STYLE_ASSIGNMENT((#11778));
#11778 = SURFACE_STYLE_USAGE(.BOTH.,#11779);
#11779 = SURFACE_SIDE_STYLE('',(#11780));
#11780 = SURFACE_STYLE_FILL_AREA(#11781);
#11781 = FILL_AREA_STYLE('',(#11782));
#11782 = FILL_AREA_STYLE_COLOUR('',#10149);
#11783 = OVER_RIDING_STYLED_ITEM('overriding color',(#11784),#7735,
  #10132);
#11784 = PRESENTATION_STYLE_ASSIGNMENT((#11785));
#11785 = SURFACE_STYLE_USAGE(.BOTH.,#11786);
#11786 = SURFACE_SIDE_STYLE('',(#11787));
#11787 = SURFACE_STYLE_FILL_AREA(#11788);
#11788 = FILL_AREA_STYLE('',(#11789));
#11789 = FILL_AREA_STYLE_COLOUR('',#10149);
#11790 = OVER_RIDING_STYLED_ITEM('overriding color',(#11791),#7757,
  #10132);
#11791 = PRESENTATION_STYLE_ASSIGNMENT((#11792));
#11792 = SURFACE_STYLE_USAGE(.BOTH.,#11793);
#11793 = SURFACE_SIDE_STYLE('',(#11794));
#11794 = SURFACE_STYLE_FILL_AREA(#11795);
#11795 = FILL_AREA_STYLE('',(#11796));
#11796 = FILL_AREA_STYLE_COLOUR('',#10149);
#11797 = OVER_RIDING_STYLED_ITEM('overriding color',(#11798),#7785,
  #10132);
#11798 = PRESENTATION_STYLE_ASSIGNMENT((#11799));
#11799 = SURFACE_STYLE_USAGE(.BOTH.,#11800);
#11800 = SURFACE_SIDE_STYLE('',(#11801));
#11801 = SURFACE_STYLE_FILL_AREA(#11802);
#11802 = FILL_AREA_STYLE('',(#11803));
#11803 = FILL_AREA_STYLE_COLOUR('',#10149);
#11804 = OVER_RIDING_STYLED_ITEM('overriding color',(#11805),#7813,
  #10132);
#11805 = PRESENTATION_STYLE_ASSIGNMENT((#11806));
#11806 = SURFACE_STYLE_USAGE(.BOTH.,#11807);
#11807 = SURFACE_SIDE_STYLE('',(#11808));
#11808 = SURFACE_STYLE_FILL_AREA(#11809);
#11809 = FILL_AREA_STYLE('',(#11810));
#11810 = FILL_AREA_STYLE_COLOUR('',#10149);
#11811 = OVER_RIDING_STYLED_ITEM('overriding color',(#11812),#7835,
  #10132);
#11812 = PRESENTATION_STYLE_ASSIGNMENT((#11813));
#11813 = SURFACE_STYLE_USAGE(.BOTH.,#11814);
#11814 = SURFACE_SIDE_STYLE('',(#11815));
#11815 = SURFACE_STYLE_FILL_AREA(#11816);
#11816 = FILL_AREA_STYLE('',(#11817));
#11817 = FILL_AREA_STYLE_COLOUR('',#10149);
#11818 = OVER_RIDING_STYLED_ITEM('overriding color',(#11819),#7863,
  #10132);
#11819 = PRESENTATION_STYLE_ASSIGNMENT((#11820));
#11820 = SURFACE_STYLE_USAGE(.BOTH.,#11821);
#11821 = SURFACE_SIDE_STYLE('',(#11822));
#11822 = SURFACE_STYLE_FILL_AREA(#11823);
#11823 = FILL_AREA_STYLE('',(#11824));
#11824 = FILL_AREA_STYLE_COLOUR('',#10149);
#11825 = OVER_RIDING_STYLED_ITEM('overriding color',(#11826),#7891,
  #10132);
#11826 = PRESENTATION_STYLE_ASSIGNMENT((#11827));
#11827 = SURFACE_STYLE_USAGE(.BOTH.,#11828);
#11828 = SURFACE_SIDE_STYLE('',(#11829));
#11829 = SURFACE_STYLE_FILL_AREA(#11830);
#11830 = FILL_AREA_STYLE('',(#11831));
#11831 = FILL_AREA_STYLE_COLOUR('',#10149);
#11832 = OVER_RIDING_STYLED_ITEM('overriding color',(#11833),#7907,
  #10132);
#11833 = PRESENTATION_STYLE_ASSIGNMENT((#11834));
#11834 = SURFACE_STYLE_USAGE(.BOTH.,#11835);
#11835 = SURFACE_SIDE_STYLE('',(#11836));
#11836 = SURFACE_STYLE_FILL_AREA(#11837);
#11837 = FILL_AREA_STYLE('',(#11838));
#11838 = FILL_AREA_STYLE_COLOUR('',#10149);
#11839 = OVER_RIDING_STYLED_ITEM('overriding color',(#11840),#7930,
  #10132);
#11840 = PRESENTATION_STYLE_ASSIGNMENT((#11841));
#11841 = SURFACE_STYLE_USAGE(.BOTH.,#11842);
#11842 = SURFACE_SIDE_STYLE('',(#11843));
#11843 = SURFACE_STYLE_FILL_AREA(#11844);
#11844 = FILL_AREA_STYLE('',(#11845));
#11845 = FILL_AREA_STYLE_COLOUR('',#10149);
#11846 = OVER_RIDING_STYLED_ITEM('overriding color',(#11847),#7958,
  #10132);
#11847 = PRESENTATION_STYLE_ASSIGNMENT((#11848));
#11848 = SURFACE_STYLE_USAGE(.BOTH.,#11849);
#11849 = SURFACE_SIDE_STYLE('',(#11850));
#11850 = SURFACE_STYLE_FILL_AREA(#11851);
#11851 = FILL_AREA_STYLE('',(#11852));
#11852 = FILL_AREA_STYLE_COLOUR('',#10149);
#11853 = OVER_RIDING_STYLED_ITEM('overriding color',(#11854),#7980,
  #10132);
#11854 = PRESENTATION_STYLE_ASSIGNMENT((#11855));
#11855 = SURFACE_STYLE_USAGE(.BOTH.,#11856);
#11856 = SURFACE_SIDE_STYLE('',(#11857));
#11857 = SURFACE_STYLE_FILL_AREA(#11858);
#11858 = FILL_AREA_STYLE('',(#11859));
#11859 = FILL_AREA_STYLE_COLOUR('',#10149);
#11860 = OVER_RIDING_STYLED_ITEM('overriding color',(#11861),#8002,
  #10132);
#11861 = PRESENTATION_STYLE_ASSIGNMENT((#11862));
#11862 = SURFACE_STYLE_USAGE(.BOTH.,#11863);
#11863 = SURFACE_SIDE_STYLE('',(#11864));
#11864 = SURFACE_STYLE_FILL_AREA(#11865);
#11865 = FILL_AREA_STYLE('',(#11866));
#11866 = FILL_AREA_STYLE_COLOUR('',#10149);
#11867 = OVER_RIDING_STYLED_ITEM('overriding color',(#11868),#8024,
  #10132);
#11868 = PRESENTATION_STYLE_ASSIGNMENT((#11869));
#11869 = SURFACE_STYLE_USAGE(.BOTH.,#11870);
#11870 = SURFACE_SIDE_STYLE('',(#11871));
#11871 = SURFACE_STYLE_FILL_AREA(#11872);
#11872 = FILL_AREA_STYLE('',(#11873));
#11873 = FILL_AREA_STYLE_COLOUR('',#10149);
#11874 = OVER_RIDING_STYLED_ITEM('overriding color',(#11875),#8046,
  #10132);
#11875 = PRESENTATION_STYLE_ASSIGNMENT((#11876));
#11876 = SURFACE_STYLE_USAGE(.BOTH.,#11877);
#11877 = SURFACE_SIDE_STYLE('',(#11878));
#11878 = SURFACE_STYLE_FILL_AREA(#11879);
#11879 = FILL_AREA_STYLE('',(#11880));
#11880 = FILL_AREA_STYLE_COLOUR('',#10149);
#11881 = OVER_RIDING_STYLED_ITEM('overriding color',(#11882),#8068,
  #10132);
#11882 = PRESENTATION_STYLE_ASSIGNMENT((#11883));
#11883 = SURFACE_STYLE_USAGE(.BOTH.,#11884);
#11884 = SURFACE_SIDE_STYLE('',(#11885));
#11885 = SURFACE_STYLE_FILL_AREA(#11886);
#11886 = FILL_AREA_STYLE('',(#11887));
#11887 = FILL_AREA_STYLE_COLOUR('',#10149);
#11888 = OVER_RIDING_STYLED_ITEM('overriding color',(#11889),#8090,
  #10132);
#11889 = PRESENTATION_STYLE_ASSIGNMENT((#11890));
#11890 = SURFACE_STYLE_USAGE(.BOTH.,#11891);
#11891 = SURFACE_SIDE_STYLE('',(#11892));
#11892 = SURFACE_STYLE_FILL_AREA(#11893);
#11893 = FILL_AREA_STYLE('',(#11894));
#11894 = FILL_AREA_STYLE_COLOUR('',#10149);
#11895 = OVER_RIDING_STYLED_ITEM('overriding color',(#11896),#8112,
  #10132);
#11896 = PRESENTATION_STYLE_ASSIGNMENT((#11897));
#11897 = SURFACE_STYLE_USAGE(.BOTH.,#11898);
#11898 = SURFACE_SIDE_STYLE('',(#11899));
#11899 = SURFACE_STYLE_FILL_AREA(#11900);
#11900 = FILL_AREA_STYLE('',(#11901));
#11901 = FILL_AREA_STYLE_COLOUR('',#10149);
#11902 = OVER_RIDING_STYLED_ITEM('overriding color',(#11903),#8134,
  #10132);
#11903 = PRESENTATION_STYLE_ASSIGNMENT((#11904));
#11904 = SURFACE_STYLE_USAGE(.BOTH.,#11905);
#11905 = SURFACE_SIDE_STYLE('',(#11906));
#11906 = SURFACE_STYLE_FILL_AREA(#11907);
#11907 = FILL_AREA_STYLE('',(#11908));
#11908 = FILL_AREA_STYLE_COLOUR('',#10149);
#11909 = OVER_RIDING_STYLED_ITEM('overriding color',(#11910),#8156,
  #10132);
#11910 = PRESENTATION_STYLE_ASSIGNMENT((#11911));
#11911 = SURFACE_STYLE_USAGE(.BOTH.,#11912);
#11912 = SURFACE_SIDE_STYLE('',(#11913));
#11913 = SURFACE_STYLE_FILL_AREA(#11914);
#11914 = FILL_AREA_STYLE('',(#11915));
#11915 = FILL_AREA_STYLE_COLOUR('',#10149);
#11916 = OVER_RIDING_STYLED_ITEM('overriding color',(#11917),#8178,
  #10132);
#11917 = PRESENTATION_STYLE_ASSIGNMENT((#11918));
#11918 = SURFACE_STYLE_USAGE(.BOTH.,#11919);
#11919 = SURFACE_SIDE_STYLE('',(#11920));
#11920 = SURFACE_STYLE_FILL_AREA(#11921);
#11921 = FILL_AREA_STYLE('',(#11922));
#11922 = FILL_AREA_STYLE_COLOUR('',#10149);
#11923 = OVER_RIDING_STYLED_ITEM('overriding color',(#11924),#8194,
  #10132);
#11924 = PRESENTATION_STYLE_ASSIGNMENT((#11925));
#11925 = SURFACE_STYLE_USAGE(.BOTH.,#11926);
#11926 = SURFACE_SIDE_STYLE('',(#11927));
#11927 = SURFACE_STYLE_FILL_AREA(#11928);
#11928 = FILL_AREA_STYLE('',(#11929));
#11929 = FILL_AREA_STYLE_COLOUR('',#10149);
#11930 = OVER_RIDING_STYLED_ITEM('overriding color',(#11931),#8214,
  #10132);
#11931 = PRESENTATION_STYLE_ASSIGNMENT((#11932));
#11932 = SURFACE_STYLE_USAGE(.BOTH.,#11933);
#11933 = SURFACE_SIDE_STYLE('',(#11934));
#11934 = SURFACE_STYLE_FILL_AREA(#11935);
#11935 = FILL_AREA_STYLE('',(#11936));
#11936 = FILL_AREA_STYLE_COLOUR('',#10149);
#11937 = OVER_RIDING_STYLED_ITEM('overriding color',(#11938),#8338,
  #10132);
#11938 = PRESENTATION_STYLE_ASSIGNMENT((#11939));
#11939 = SURFACE_STYLE_USAGE(.BOTH.,#11940);
#11940 = SURFACE_SIDE_STYLE('',(#11941));
#11941 = SURFACE_STYLE_FILL_AREA(#11942);
#11942 = FILL_AREA_STYLE('',(#11943));
#11943 = FILL_AREA_STYLE_COLOUR('',#10149);
#11944 = OVER_RIDING_STYLED_ITEM('overriding color',(#11945),#8358,
  #10132);
#11945 = PRESENTATION_STYLE_ASSIGNMENT((#11946));
#11946 = SURFACE_STYLE_USAGE(.BOTH.,#11947);
#11947 = SURFACE_SIDE_STYLE('',(#11948));
#11948 = SURFACE_STYLE_FILL_AREA(#11949);
#11949 = FILL_AREA_STYLE('',(#11950));
#11950 = FILL_AREA_STYLE_COLOUR('',#10149);
#11951 = OVER_RIDING_STYLED_ITEM('overriding color',(#11952),#8378,
  #10132);
#11952 = PRESENTATION_STYLE_ASSIGNMENT((#11953));
#11953 = SURFACE_STYLE_USAGE(.BOTH.,#11954);
#11954 = SURFACE_SIDE_STYLE('',(#11955));
#11955 = SURFACE_STYLE_FILL_AREA(#11956);
#11956 = FILL_AREA_STYLE('',(#11957));
#11957 = FILL_AREA_STYLE_COLOUR('',#10149);
#11958 = OVER_RIDING_STYLED_ITEM('overriding color',(#11959),#8398,
  #10132);
#11959 = PRESENTATION_STYLE_ASSIGNMENT((#11960));
#11960 = SURFACE_STYLE_USAGE(.BOTH.,#11961);
#11961 = SURFACE_SIDE_STYLE('',(#11962));
#11962 = SURFACE_STYLE_FILL_AREA(#11963);
#11963 = FILL_AREA_STYLE('',(#11964));
#11964 = FILL_AREA_STYLE_COLOUR('',#10149);
#11965 = OVER_RIDING_STYLED_ITEM('overriding color',(#11966),#8418,
  #10132);
#11966 = PRESENTATION_STYLE_ASSIGNMENT((#11967));
#11967 = SURFACE_STYLE_USAGE(.BOTH.,#11968);
#11968 = SURFACE_SIDE_STYLE('',(#11969));
#11969 = SURFACE_STYLE_FILL_AREA(#11970);
#11970 = FILL_AREA_STYLE('',(#11971));
#11971 = FILL_AREA_STYLE_COLOUR('',#10149);
#11972 = OVER_RIDING_STYLED_ITEM('overriding color',(#11973),#8438,
  #10132);
#11973 = PRESENTATION_STYLE_ASSIGNMENT((#11974));
#11974 = SURFACE_STYLE_USAGE(.BOTH.,#11975);
#11975 = SURFACE_SIDE_STYLE('',(#11976));
#11976 = SURFACE_STYLE_FILL_AREA(#11977);
#11977 = FILL_AREA_STYLE('',(#11978));
#11978 = FILL_AREA_STYLE_COLOUR('',#10149);
#11979 = OVER_RIDING_STYLED_ITEM('overriding color',(#11980),#8454,
  #10132);
#11980 = PRESENTATION_STYLE_ASSIGNMENT((#11981));
#11981 = SURFACE_STYLE_USAGE(.BOTH.,#11982);
#11982 = SURFACE_SIDE_STYLE('',(#11983));
#11983 = SURFACE_STYLE_FILL_AREA(#11984);
#11984 = FILL_AREA_STYLE('',(#11985));
#11985 = FILL_AREA_STYLE_COLOUR('',#10149);
#11986 = OVER_RIDING_STYLED_ITEM('overriding color',(#11987),#8466,
  #10132);
#11987 = PRESENTATION_STYLE_ASSIGNMENT((#11988));
#11988 = SURFACE_STYLE_USAGE(.BOTH.,#11989);
#11989 = SURFACE_SIDE_STYLE('',(#11990));
#11990 = SURFACE_STYLE_FILL_AREA(#11991);
#11991 = FILL_AREA_STYLE('',(#11992));
#11992 = FILL_AREA_STYLE_COLOUR('',#10149);
#11993 = OVER_RIDING_STYLED_ITEM('overriding color',(#11994),#8494,
  #10132);
#11994 = PRESENTATION_STYLE_ASSIGNMENT((#11995));
#11995 = SURFACE_STYLE_USAGE(.BOTH.,#11996);
#11996 = SURFACE_SIDE_STYLE('',(#11997));
#11997 = SURFACE_STYLE_FILL_AREA(#11998);
#11998 = FILL_AREA_STYLE('',(#11999));
#11999 = FILL_AREA_STYLE_COLOUR('',#10149);
#12000 = OVER_RIDING_STYLED_ITEM('overriding color',(#12001),#8516,
  #10132);
#12001 = PRESENTATION_STYLE_ASSIGNMENT((#12002));
#12002 = SURFACE_STYLE_USAGE(.BOTH.,#12003);
#12003 = SURFACE_SIDE_STYLE('',(#12004));
#12004 = SURFACE_STYLE_FILL_AREA(#12005);
#12005 = FILL_AREA_STYLE('',(#12006));
#12006 = FILL_AREA_STYLE_COLOUR('',#10149);
#12007 = OVER_RIDING_STYLED_ITEM('overriding color',(#12008),#8538,
  #10132);
#12008 = PRESENTATION_STYLE_ASSIGNMENT((#12009));
#12009 = SURFACE_STYLE_USAGE(.BOTH.,#12010);
#12010 = SURFACE_SIDE_STYLE('',(#12011));
#12011 = SURFACE_STYLE_FILL_AREA(#12012);
#12012 = FILL_AREA_STYLE('',(#12013));
#12013 = FILL_AREA_STYLE_COLOUR('',#10149);
#12014 = OVER_RIDING_STYLED_ITEM('overriding color',(#12015),#8566,
  #10132);
#12015 = PRESENTATION_STYLE_ASSIGNMENT((#12016));
#12016 = SURFACE_STYLE_USAGE(.BOTH.,#12017);
#12017 = SURFACE_SIDE_STYLE('',(#12018));
#12018 = SURFACE_STYLE_FILL_AREA(#12019);
#12019 = FILL_AREA_STYLE('',(#12020));
#12020 = FILL_AREA_STYLE_COLOUR('',#10149);
#12021 = OVER_RIDING_STYLED_ITEM('overriding color',(#12022),#8594,
  #10132);
#12022 = PRESENTATION_STYLE_ASSIGNMENT((#12023));
#12023 = SURFACE_STYLE_USAGE(.BOTH.,#12024);
#12024 = SURFACE_SIDE_STYLE('',(#12025));
#12025 = SURFACE_STYLE_FILL_AREA(#12026);
#12026 = FILL_AREA_STYLE('',(#12027));
#12027 = FILL_AREA_STYLE_COLOUR('',#10149);
#12028 = OVER_RIDING_STYLED_ITEM('overriding color',(#12029),#8622,
  #10132);
#12029 = PRESENTATION_STYLE_ASSIGNMENT((#12030));
#12030 = SURFACE_STYLE_USAGE(.BOTH.,#12031);
#12031 = SURFACE_SIDE_STYLE('',(#12032));
#12032 = SURFACE_STYLE_FILL_AREA(#12033);
#12033 = FILL_AREA_STYLE('',(#12034));
#12034 = FILL_AREA_STYLE_COLOUR('',#10149);
#12035 = OVER_RIDING_STYLED_ITEM('overriding color',(#12036),#8644,
  #10132);
#12036 = PRESENTATION_STYLE_ASSIGNMENT((#12037));
#12037 = SURFACE_STYLE_USAGE(.BOTH.,#12038);
#12038 = SURFACE_SIDE_STYLE('',(#12039));
#12039 = SURFACE_STYLE_FILL_AREA(#12040);
#12040 = FILL_AREA_STYLE('',(#12041));
#12041 = FILL_AREA_STYLE_COLOUR('',#10157);
#12042 = OVER_RIDING_STYLED_ITEM('overriding color',(#12043),#8659,
  #10132);
#12043 = PRESENTATION_STYLE_ASSIGNMENT((#12044));
#12044 = SURFACE_STYLE_USAGE(.BOTH.,#12045);
#12045 = SURFACE_SIDE_STYLE('',(#12046));
#12046 = SURFACE_STYLE_FILL_AREA(#12047);
#12047 = FILL_AREA_STYLE('',(#12048));
#12048 = FILL_AREA_STYLE_COLOUR('',#10149);
#12049 = OVER_RIDING_STYLED_ITEM('overriding color',(#12050),#8771,
  #10132);
#12050 = PRESENTATION_STYLE_ASSIGNMENT((#12051));
#12051 = SURFACE_STYLE_USAGE(.BOTH.,#12052);
#12052 = SURFACE_SIDE_STYLE('',(#12053));
#12053 = SURFACE_STYLE_FILL_AREA(#12054);
#12054 = FILL_AREA_STYLE('',(#12055));
#12055 = FILL_AREA_STYLE_COLOUR('',#10149);
#12056 = OVER_RIDING_STYLED_ITEM('overriding color',(#12057),#8791,
  #10132);
#12057 = PRESENTATION_STYLE_ASSIGNMENT((#12058));
#12058 = SURFACE_STYLE_USAGE(.BOTH.,#12059);
#12059 = SURFACE_SIDE_STYLE('',(#12060));
#12060 = SURFACE_STYLE_FILL_AREA(#12061);
#12061 = FILL_AREA_STYLE('',(#12062));
#12062 = FILL_AREA_STYLE_COLOUR('',#10149);
#12063 = OVER_RIDING_STYLED_ITEM('overriding color',(#12064),#8807,
  #10132);
#12064 = PRESENTATION_STYLE_ASSIGNMENT((#12065));
#12065 = SURFACE_STYLE_USAGE(.BOTH.,#12066);
#12066 = SURFACE_SIDE_STYLE('',(#12067));
#12067 = SURFACE_STYLE_FILL_AREA(#12068);
#12068 = FILL_AREA_STYLE('',(#12069));
#12069 = FILL_AREA_STYLE_COLOUR('',#10149);
#12070 = OVER_RIDING_STYLED_ITEM('overriding color',(#12071),#8823,
  #10132);
#12071 = PRESENTATION_STYLE_ASSIGNMENT((#12072));
#12072 = SURFACE_STYLE_USAGE(.BOTH.,#12073);
#12073 = SURFACE_SIDE_STYLE('',(#12074));
#12074 = SURFACE_STYLE_FILL_AREA(#12075);
#12075 = FILL_AREA_STYLE('',(#12076));
#12076 = FILL_AREA_STYLE_COLOUR('',#10149);
#12077 = OVER_RIDING_STYLED_ITEM('overriding color',(#12078),#8839,
  #10132);
#12078 = PRESENTATION_STYLE_ASSIGNMENT((#12079));
#12079 = SURFACE_STYLE_USAGE(.BOTH.,#12080);
#12080 = SURFACE_SIDE_STYLE('',(#12081));
#12081 = SURFACE_STYLE_FILL_AREA(#12082);
#12082 = FILL_AREA_STYLE('',(#12083));
#12083 = FILL_AREA_STYLE_COLOUR('',#10149);
#12084 = OVER_RIDING_STYLED_ITEM('overriding color',(#12085),#8855,
  #10132);
#12085 = PRESENTATION_STYLE_ASSIGNMENT((#12086));
#12086 = SURFACE_STYLE_USAGE(.BOTH.,#12087);
#12087 = SURFACE_SIDE_STYLE('',(#12088));
#12088 = SURFACE_STYLE_FILL_AREA(#12089);
#12089 = FILL_AREA_STYLE('',(#12090));
#12090 = FILL_AREA_STYLE_COLOUR('',#10149);
#12091 = OVER_RIDING_STYLED_ITEM('overriding color',(#12092),#8871,
  #10132);
#12092 = PRESENTATION_STYLE_ASSIGNMENT((#12093));
#12093 = SURFACE_STYLE_USAGE(.BOTH.,#12094);
#12094 = SURFACE_SIDE_STYLE('',(#12095));
#12095 = SURFACE_STYLE_FILL_AREA(#12096);
#12096 = FILL_AREA_STYLE('',(#12097));
#12097 = FILL_AREA_STYLE_COLOUR('',#10149);
#12098 = OVER_RIDING_STYLED_ITEM('overriding color',(#12099),#8887,
  #10132);
#12099 = PRESENTATION_STYLE_ASSIGNMENT((#12100));
#12100 = SURFACE_STYLE_USAGE(.BOTH.,#12101);
#12101 = SURFACE_SIDE_STYLE('',(#12102));
#12102 = SURFACE_STYLE_FILL_AREA(#12103);
#12103 = FILL_AREA_STYLE('',(#12104));
#12104 = FILL_AREA_STYLE_COLOUR('',#10149);
#12105 = OVER_RIDING_STYLED_ITEM('overriding color',(#12106),#8899,
  #10132);
#12106 = PRESENTATION_STYLE_ASSIGNMENT((#12107));
#12107 = SURFACE_STYLE_USAGE(.BOTH.,#12108);
#12108 = SURFACE_SIDE_STYLE('',(#12109));
#12109 = SURFACE_STYLE_FILL_AREA(#12110);
#12110 = FILL_AREA_STYLE('',(#12111));
#12111 = FILL_AREA_STYLE_COLOUR('',#10149);
#12112 = OVER_RIDING_STYLED_ITEM('overriding color',(#12113),#8927,
  #10132);
#12113 = PRESENTATION_STYLE_ASSIGNMENT((#12114));
#12114 = SURFACE_STYLE_USAGE(.BOTH.,#12115);
#12115 = SURFACE_SIDE_STYLE('',(#12116));
#12116 = SURFACE_STYLE_FILL_AREA(#12117);
#12117 = FILL_AREA_STYLE('',(#12118));
#12118 = FILL_AREA_STYLE_COLOUR('',#10149);
#12119 = OVER_RIDING_STYLED_ITEM('overriding color',(#12120),#8949,
  #10132);
#12120 = PRESENTATION_STYLE_ASSIGNMENT((#12121));
#12121 = SURFACE_STYLE_USAGE(.BOTH.,#12122);
#12122 = SURFACE_SIDE_STYLE('',(#12123));
#12123 = SURFACE_STYLE_FILL_AREA(#12124);
#12124 = FILL_AREA_STYLE('',(#12125));
#12125 = FILL_AREA_STYLE_COLOUR('',#10149);
#12126 = OVER_RIDING_STYLED_ITEM('overriding color',(#12127),#8977,
  #10132);
#12127 = PRESENTATION_STYLE_ASSIGNMENT((#12128));
#12128 = SURFACE_STYLE_USAGE(.BOTH.,#12129);
#12129 = SURFACE_SIDE_STYLE('',(#12130));
#12130 = SURFACE_STYLE_FILL_AREA(#12131);
#12131 = FILL_AREA_STYLE('',(#12132));
#12132 = FILL_AREA_STYLE_COLOUR('',#10149);
#12133 = OVER_RIDING_STYLED_ITEM('overriding color',(#12134),#8999,
  #10132);
#12134 = PRESENTATION_STYLE_ASSIGNMENT((#12135));
#12135 = SURFACE_STYLE_USAGE(.BOTH.,#12136);
#12136 = SURFACE_SIDE_STYLE('',(#12137));
#12137 = SURFACE_STYLE_FILL_AREA(#12138);
#12138 = FILL_AREA_STYLE('',(#12139));
#12139 = FILL_AREA_STYLE_COLOUR('',#10149);
#12140 = OVER_RIDING_STYLED_ITEM('overriding color',(#12141),#9027,
  #10132);
#12141 = PRESENTATION_STYLE_ASSIGNMENT((#12142));
#12142 = SURFACE_STYLE_USAGE(.BOTH.,#12143);
#12143 = SURFACE_SIDE_STYLE('',(#12144));
#12144 = SURFACE_STYLE_FILL_AREA(#12145);
#12145 = FILL_AREA_STYLE('',(#12146));
#12146 = FILL_AREA_STYLE_COLOUR('',#10149);
#12147 = OVER_RIDING_STYLED_ITEM('overriding color',(#12148),#9043,
  #10132);
#12148 = PRESENTATION_STYLE_ASSIGNMENT((#12149));
#12149 = SURFACE_STYLE_USAGE(.BOTH.,#12150);
#12150 = SURFACE_SIDE_STYLE('',(#12151));
#12151 = SURFACE_STYLE_FILL_AREA(#12152);
#12152 = FILL_AREA_STYLE('',(#12153));
#12153 = FILL_AREA_STYLE_COLOUR('',#10157);
#12154 = OVER_RIDING_STYLED_ITEM('overriding color',(#12155),#9057,
  #10132);
#12155 = PRESENTATION_STYLE_ASSIGNMENT((#12156));
#12156 = SURFACE_STYLE_USAGE(.BOTH.,#12157);
#12157 = SURFACE_SIDE_STYLE('',(#12158));
#12158 = SURFACE_STYLE_FILL_AREA(#12159);
#12159 = FILL_AREA_STYLE('',(#12160));
#12160 = FILL_AREA_STYLE_COLOUR('',#10149);
#12161 = OVER_RIDING_STYLED_ITEM('overriding color',(#12162),#9377,
  #10132);
#12162 = PRESENTATION_STYLE_ASSIGNMENT((#12163));
#12163 = SURFACE_STYLE_USAGE(.BOTH.,#12164);
#12164 = SURFACE_SIDE_STYLE('',(#12165));
#12165 = SURFACE_STYLE_FILL_AREA(#12166);
#12166 = FILL_AREA_STYLE('',(#12167));
#12167 = FILL_AREA_STYLE_COLOUR('',#10149);
#12168 = OVER_RIDING_STYLED_ITEM('overriding color',(#12169),#9401,
  #10132);
#12169 = PRESENTATION_STYLE_ASSIGNMENT((#12170));
#12170 = SURFACE_STYLE_USAGE(.BOTH.,#12171);
#12171 = SURFACE_SIDE_STYLE('',(#12172));
#12172 = SURFACE_STYLE_FILL_AREA(#12173);
#12173 = FILL_AREA_STYLE('',(#12174));
#12174 = FILL_AREA_STYLE_COLOUR('',#10149);
#12175 = OVER_RIDING_STYLED_ITEM('overriding color',(#12176),#9421,
  #10132);
#12176 = PRESENTATION_STYLE_ASSIGNMENT((#12177));
#12177 = SURFACE_STYLE_USAGE(.BOTH.,#12178);
#12178 = SURFACE_SIDE_STYLE('',(#12179));
#12179 = SURFACE_STYLE_FILL_AREA(#12180);
#12180 = FILL_AREA_STYLE('',(#12181));
#12181 = FILL_AREA_STYLE_COLOUR('',#10149);
#12182 = OVER_RIDING_STYLED_ITEM('overriding color',(#12183),#9441,
  #10132);
#12183 = PRESENTATION_STYLE_ASSIGNMENT((#12184));
#12184 = SURFACE_STYLE_USAGE(.BOTH.,#12185);
#12185 = SURFACE_SIDE_STYLE('',(#12186));
#12186 = SURFACE_STYLE_FILL_AREA(#12187);
#12187 = FILL_AREA_STYLE('',(#12188));
#12188 = FILL_AREA_STYLE_COLOUR('',#10149);
#12189 = OVER_RIDING_STYLED_ITEM('overriding color',(#12190),#9461,
  #10132);
#12190 = PRESENTATION_STYLE_ASSIGNMENT((#12191));
#12191 = SURFACE_STYLE_USAGE(.BOTH.,#12192);
#12192 = SURFACE_SIDE_STYLE('',(#12193));
#12193 = SURFACE_STYLE_FILL_AREA(#12194);
#12194 = FILL_AREA_STYLE('',(#12195));
#12195 = FILL_AREA_STYLE_COLOUR('',#10149);
#12196 = OVER_RIDING_STYLED_ITEM('overriding color',(#12197),#9481,
  #10132);
#12197 = PRESENTATION_STYLE_ASSIGNMENT((#12198));
#12198 = SURFACE_STYLE_USAGE(.BOTH.,#12199);
#12199 = SURFACE_SIDE_STYLE('',(#12200));
#12200 = SURFACE_STYLE_FILL_AREA(#12201);
#12201 = FILL_AREA_STYLE('',(#12202));
#12202 = FILL_AREA_STYLE_COLOUR('',#10149);
#12203 = OVER_RIDING_STYLED_ITEM('overriding color',(#12204),#9501,
  #10132);
#12204 = PRESENTATION_STYLE_ASSIGNMENT((#12205));
#12205 = SURFACE_STYLE_USAGE(.BOTH.,#12206);
#12206 = SURFACE_SIDE_STYLE('',(#12207));
#12207 = SURFACE_STYLE_FILL_AREA(#12208);
#12208 = FILL_AREA_STYLE('',(#12209));
#12209 = FILL_AREA_STYLE_COLOUR('',#10149);
#12210 = OVER_RIDING_STYLED_ITEM('overriding color',(#12211),#9521,
  #10132);
#12211 = PRESENTATION_STYLE_ASSIGNMENT((#12212));
#12212 = SURFACE_STYLE_USAGE(.BOTH.,#12213);
#12213 = SURFACE_SIDE_STYLE('',(#12214));
#12214 = SURFACE_STYLE_FILL_AREA(#12215);
#12215 = FILL_AREA_STYLE('',(#12216));
#12216 = FILL_AREA_STYLE_COLOUR('',#10149);
#12217 = OVER_RIDING_STYLED_ITEM('overriding color',(#12218),#9541,
  #10132);
#12218 = PRESENTATION_STYLE_ASSIGNMENT((#12219));
#12219 = SURFACE_STYLE_USAGE(.BOTH.,#12220);
#12220 = SURFACE_SIDE_STYLE('',(#12221));
#12221 = SURFACE_STYLE_FILL_AREA(#12222);
#12222 = FILL_AREA_STYLE('',(#12223));
#12223 = FILL_AREA_STYLE_COLOUR('',#10149);
#12224 = OVER_RIDING_STYLED_ITEM('overriding color',(#12225),#9561,
  #10132);
#12225 = PRESENTATION_STYLE_ASSIGNMENT((#12226));
#12226 = SURFACE_STYLE_USAGE(.BOTH.,#12227);
#12227 = SURFACE_SIDE_STYLE('',(#12228));
#12228 = SURFACE_STYLE_FILL_AREA(#12229);
#12229 = FILL_AREA_STYLE('',(#12230));
#12230 = FILL_AREA_STYLE_COLOUR('',#10149);
#12231 = OVER_RIDING_STYLED_ITEM('overriding color',(#12232),#9581,
  #10132);
#12232 = PRESENTATION_STYLE_ASSIGNMENT((#12233));
#12233 = SURFACE_STYLE_USAGE(.BOTH.,#12234);
#12234 = SURFACE_SIDE_STYLE('',(#12235));
#12235 = SURFACE_STYLE_FILL_AREA(#12236);
#12236 = FILL_AREA_STYLE('',(#12237));
#12237 = FILL_AREA_STYLE_COLOUR('',#10149);
#12238 = OVER_RIDING_STYLED_ITEM('overriding color',(#12239),#9601,
  #10132);
#12239 = PRESENTATION_STYLE_ASSIGNMENT((#12240));
#12240 = SURFACE_STYLE_USAGE(.BOTH.,#12241);
#12241 = SURFACE_SIDE_STYLE('',(#12242));
#12242 = SURFACE_STYLE_FILL_AREA(#12243);
#12243 = FILL_AREA_STYLE('',(#12244));
#12244 = FILL_AREA_STYLE_COLOUR('',#10149);
#12245 = OVER_RIDING_STYLED_ITEM('overriding color',(#12246),#9621,
  #10132);
#12246 = PRESENTATION_STYLE_ASSIGNMENT((#12247));
#12247 = SURFACE_STYLE_USAGE(.BOTH.,#12248);
#12248 = SURFACE_SIDE_STYLE('',(#12249));
#12249 = SURFACE_STYLE_FILL_AREA(#12250);
#12250 = FILL_AREA_STYLE('',(#12251));
#12251 = FILL_AREA_STYLE_COLOUR('',#10149);
#12252 = OVER_RIDING_STYLED_ITEM('overriding color',(#12253),#9637,
  #10132);
#12253 = PRESENTATION_STYLE_ASSIGNMENT((#12254));
#12254 = SURFACE_STYLE_USAGE(.BOTH.,#12255);
#12255 = SURFACE_SIDE_STYLE('',(#12256));
#12256 = SURFACE_STYLE_FILL_AREA(#12257);
#12257 = FILL_AREA_STYLE('',(#12258));
#12258 = FILL_AREA_STYLE_COLOUR('',#10149);
#12259 = OVER_RIDING_STYLED_ITEM('overriding color',(#12260),#9653,
  #10132);
#12260 = PRESENTATION_STYLE_ASSIGNMENT((#12261));
#12261 = SURFACE_STYLE_USAGE(.BOTH.,#12262);
#12262 = SURFACE_SIDE_STYLE('',(#12263));
#12263 = SURFACE_STYLE_FILL_AREA(#12264);
#12264 = FILL_AREA_STYLE('',(#12265));
#12265 = FILL_AREA_STYLE_COLOUR('',#10149);
#12266 = OVER_RIDING_STYLED_ITEM('overriding color',(#12267),#9669,
  #10132);
#12267 = PRESENTATION_STYLE_ASSIGNMENT((#12268));
#12268 = SURFACE_STYLE_USAGE(.BOTH.,#12269);
#12269 = SURFACE_SIDE_STYLE('',(#12270));
#12270 = SURFACE_STYLE_FILL_AREA(#12271);
#12271 = FILL_AREA_STYLE('',(#12272));
#12272 = FILL_AREA_STYLE_COLOUR('',#10149);
#12273 = OVER_RIDING_STYLED_ITEM('overriding color',(#12274),#9685,
  #10132);
#12274 = PRESENTATION_STYLE_ASSIGNMENT((#12275));
#12275 = SURFACE_STYLE_USAGE(.BOTH.,#12276);
#12276 = SURFACE_SIDE_STYLE('',(#12277));
#12277 = SURFACE_STYLE_FILL_AREA(#12278);
#12278 = FILL_AREA_STYLE('',(#12279));
#12279 = FILL_AREA_STYLE_COLOUR('',#10149);
#12280 = OVER_RIDING_STYLED_ITEM('overriding color',(#12281),#9705,
  #10132);
#12281 = PRESENTATION_STYLE_ASSIGNMENT((#12282));
#12282 = SURFACE_STYLE_USAGE(.BOTH.,#12283);
#12283 = SURFACE_SIDE_STYLE('',(#12284));
#12284 = SURFACE_STYLE_FILL_AREA(#12285);
#12285 = FILL_AREA_STYLE('',(#12286));
#12286 = FILL_AREA_STYLE_COLOUR('',#10149);
#12287 = OVER_RIDING_STYLED_ITEM('overriding color',(#12288),#9725,
  #10132);
#12288 = PRESENTATION_STYLE_ASSIGNMENT((#12289));
#12289 = SURFACE_STYLE_USAGE(.BOTH.,#12290);
#12290 = SURFACE_SIDE_STYLE('',(#12291));
#12291 = SURFACE_STYLE_FILL_AREA(#12292);
#12292 = FILL_AREA_STYLE('',(#12293));
#12293 = FILL_AREA_STYLE_COLOUR('',#10149);
#12294 = OVER_RIDING_STYLED_ITEM('overriding color',(#12295),#9745,
  #10132);
#12295 = PRESENTATION_STYLE_ASSIGNMENT((#12296));
#12296 = SURFACE_STYLE_USAGE(.BOTH.,#12297);
#12297 = SURFACE_SIDE_STYLE('',(#12298));
#12298 = SURFACE_STYLE_FILL_AREA(#12299);
#12299 = FILL_AREA_STYLE('',(#12300));
#12300 = FILL_AREA_STYLE_COLOUR('',#10149);
#12301 = OVER_RIDING_STYLED_ITEM('overriding color',(#12302),#9765,
  #10132);
#12302 = PRESENTATION_STYLE_ASSIGNMENT((#12303));
#12303 = SURFACE_STYLE_USAGE(.BOTH.,#12304);
#12304 = SURFACE_SIDE_STYLE('',(#12305));
#12305 = SURFACE_STYLE_FILL_AREA(#12306);
#12306 = FILL_AREA_STYLE('',(#12307));
#12307 = FILL_AREA_STYLE_COLOUR('',#10149);
#12308 = OVER_RIDING_STYLED_ITEM('overriding color',(#12309),#9785,
  #10132);
#12309 = PRESENTATION_STYLE_ASSIGNMENT((#12310));
#12310 = SURFACE_STYLE_USAGE(.BOTH.,#12311);
#12311 = SURFACE_SIDE_STYLE('',(#12312));
#12312 = SURFACE_STYLE_FILL_AREA(#12313);
#12313 = FILL_AREA_STYLE('',(#12314));
#12314 = FILL_AREA_STYLE_COLOUR('',#10149);
#12315 = OVER_RIDING_STYLED_ITEM('overriding color',(#12316),#9805,
  #10132);
#12316 = PRESENTATION_STYLE_ASSIGNMENT((#12317));
#12317 = SURFACE_STYLE_USAGE(.BOTH.,#12318);
#12318 = SURFACE_SIDE_STYLE('',(#12319));
#12319 = SURFACE_STYLE_FILL_AREA(#12320);
#12320 = FILL_AREA_STYLE('',(#12321));
#12321 = FILL_AREA_STYLE_COLOUR('',#10149);
#12322 = OVER_RIDING_STYLED_ITEM('overriding color',(#12323),#9825,
  #10132);
#12323 = PRESENTATION_STYLE_ASSIGNMENT((#12324));
#12324 = SURFACE_STYLE_USAGE(.BOTH.,#12325);
#12325 = SURFACE_SIDE_STYLE('',(#12326));
#12326 = SURFACE_STYLE_FILL_AREA(#12327);
#12327 = FILL_AREA_STYLE('',(#12328));
#12328 = FILL_AREA_STYLE_COLOUR('',#10149);
#12329 = OVER_RIDING_STYLED_ITEM('overriding color',(#12330),#9841,
  #10132);
#12330 = PRESENTATION_STYLE_ASSIGNMENT((#12331));
#12331 = SURFACE_STYLE_USAGE(.BOTH.,#12332);
#12332 = SURFACE_SIDE_STYLE('',(#12333));
#12333 = SURFACE_STYLE_FILL_AREA(#12334);
#12334 = FILL_AREA_STYLE('',(#12335));
#12335 = FILL_AREA_STYLE_COLOUR('',#10149);
#12336 = OVER_RIDING_STYLED_ITEM('overriding color',(#12337),#9861,
  #10132);
#12337 = PRESENTATION_STYLE_ASSIGNMENT((#12338));
#12338 = SURFACE_STYLE_USAGE(.BOTH.,#12339);
#12339 = SURFACE_SIDE_STYLE('',(#12340));
#12340 = SURFACE_STYLE_FILL_AREA(#12341);
#12341 = FILL_AREA_STYLE('',(#12342));
#12342 = FILL_AREA_STYLE_COLOUR('',#10149);
#12343 = OVER_RIDING_STYLED_ITEM('overriding color',(#12344),#9881,
  #10132);
#12344 = PRESENTATION_STYLE_ASSIGNMENT((#12345));
#12345 = SURFACE_STYLE_USAGE(.BOTH.,#12346);
#12346 = SURFACE_SIDE_STYLE('',(#12347));
#12347 = SURFACE_STYLE_FILL_AREA(#12348);
#12348 = FILL_AREA_STYLE('',(#12349));
#12349 = FILL_AREA_STYLE_COLOUR('',#10149);
#12350 = OVER_RIDING_STYLED_ITEM('overriding color',(#12351),#9897,
  #10132);
#12351 = PRESENTATION_STYLE_ASSIGNMENT((#12352));
#12352 = SURFACE_STYLE_USAGE(.BOTH.,#12353);
#12353 = SURFACE_SIDE_STYLE('',(#12354));
#12354 = SURFACE_STYLE_FILL_AREA(#12355);
#12355 = FILL_AREA_STYLE('',(#12356));
#12356 = FILL_AREA_STYLE_COLOUR('',#10149);
#12357 = OVER_RIDING_STYLED_ITEM('overriding color',(#12358),#9917,
  #10132);
#12358 = PRESENTATION_STYLE_ASSIGNMENT((#12359));
#12359 = SURFACE_STYLE_USAGE(.BOTH.,#12360);
#12360 = SURFACE_SIDE_STYLE('',(#12361));
#12361 = SURFACE_STYLE_FILL_AREA(#12362);
#12362 = FILL_AREA_STYLE('',(#12363));
#12363 = FILL_AREA_STYLE_COLOUR('',#10149);
#12364 = OVER_RIDING_STYLED_ITEM('overriding color',(#12365),#9937,
  #10132);
#12365 = PRESENTATION_STYLE_ASSIGNMENT((#12366));
#12366 = SURFACE_STYLE_USAGE(.BOTH.,#12367);
#12367 = SURFACE_SIDE_STYLE('',(#12368));
#12368 = SURFACE_STYLE_FILL_AREA(#12369);
#12369 = FILL_AREA_STYLE('',(#12370));
#12370 = FILL_AREA_STYLE_COLOUR('',#10149);
#12371 = OVER_RIDING_STYLED_ITEM('overriding color',(#12372),#9957,
  #10132);
#12372 = PRESENTATION_STYLE_ASSIGNMENT((#12373));
#12373 = SURFACE_STYLE_USAGE(.BOTH.,#12374);
#12374 = SURFACE_SIDE_STYLE('',(#12375));
#12375 = SURFACE_STYLE_FILL_AREA(#12376);
#12376 = FILL_AREA_STYLE('',(#12377));
#12377 = FILL_AREA_STYLE_COLOUR('',#10149);
#12378 = OVER_RIDING_STYLED_ITEM('overriding color',(#12379),#9973,
  #10132);
#12379 = PRESENTATION_STYLE_ASSIGNMENT((#12380));
#12380 = SURFACE_STYLE_USAGE(.BOTH.,#12381);
#12381 = SURFACE_SIDE_STYLE('',(#12382));
#12382 = SURFACE_STYLE_FILL_AREA(#12383);
#12383 = FILL_AREA_STYLE('',(#12384));
#12384 = FILL_AREA_STYLE_COLOUR('',#10149);
#12385 = OVER_RIDING_STYLED_ITEM('overriding color',(#12386),#9993,
  #10132);
#12386 = PRESENTATION_STYLE_ASSIGNMENT((#12387));
#12387 = SURFACE_STYLE_USAGE(.BOTH.,#12388);
#12388 = SURFACE_SIDE_STYLE('',(#12389));
#12389 = SURFACE_STYLE_FILL_AREA(#12390);
#12390 = FILL_AREA_STYLE('',(#12391));
#12391 = FILL_AREA_STYLE_COLOUR('',#10149);
#12392 = OVER_RIDING_STYLED_ITEM('overriding color',(#12393),#10009,
  #10132);
#12393 = PRESENTATION_STYLE_ASSIGNMENT((#12394));
#12394 = SURFACE_STYLE_USAGE(.BOTH.,#12395);
#12395 = SURFACE_SIDE_STYLE('',(#12396));
#12396 = SURFACE_STYLE_FILL_AREA(#12397);
#12397 = FILL_AREA_STYLE('',(#12398));
#12398 = FILL_AREA_STYLE_COLOUR('',#10149);
#12399 = OVER_RIDING_STYLED_ITEM('overriding color',(#12400),#10052,
  #10132);
#12400 = PRESENTATION_STYLE_ASSIGNMENT((#12401));
#12401 = SURFACE_STYLE_USAGE(.BOTH.,#12402);
#12402 = SURFACE_SIDE_STYLE('',(#12403));
#12403 = SURFACE_STYLE_FILL_AREA(#12404);
#12404 = FILL_AREA_STYLE('',(#12405));
#12405 = FILL_AREA_STYLE_COLOUR('',#10149);
#12406 = OVER_RIDING_STYLED_ITEM('overriding color',(#12407),#10080,
  #10132);
#12407 = PRESENTATION_STYLE_ASSIGNMENT((#12408));
#12408 = SURFACE_STYLE_USAGE(.BOTH.,#12409);
#12409 = SURFACE_SIDE_STYLE('',(#12410));
#12410 = SURFACE_STYLE_FILL_AREA(#12411);
#12411 = FILL_AREA_STYLE('',(#12412));
#12412 = FILL_AREA_STYLE_COLOUR('',#10157);
#12413 = OVER_RIDING_STYLED_ITEM('overriding color',(#12414),#10090,
  #10132);
#12414 = PRESENTATION_STYLE_ASSIGNMENT((#12415));
#12415 = SURFACE_STYLE_USAGE(.BOTH.,#12416);
#12416 = SURFACE_SIDE_STYLE('',(#12417));
#12417 = SURFACE_STYLE_FILL_AREA(#12418);
#12418 = FILL_AREA_STYLE('',(#12419));
#12419 = FILL_AREA_STYLE_COLOUR('',#10149);
#12420 = OVER_RIDING_STYLED_ITEM('overriding color',(#12421),#10115,
  #10132);
#12421 = PRESENTATION_STYLE_ASSIGNMENT((#12422));
#12422 = SURFACE_STYLE_USAGE(.BOTH.,#12423);
#12423 = SURFACE_SIDE_STYLE('',(#12424));
#12424 = SURFACE_STYLE_FILL_AREA(#12425);
#12425 = FILL_AREA_STYLE('',(#12426));
#12426 = FILL_AREA_STYLE_COLOUR('',#10149);
ENDSEC;
END-ISO-10303-21;
